,state,area,old_year,new_year,old_number,new_number,perc_change
0,Mississippi,"Gulfport-Biloxi, MS",2007,2008,21.7,21.5,-0.009216589861751119
1,Mississippi,"Gulfport-Biloxi, MS",2008,2009,21.5,22.4,0.04186046511627901
2,Mississippi,"Gulfport-Biloxi, MS",2009,2010,22.4,20.5,-0.08482142857142852
3,Mississippi,"Gulfport-Biloxi, MS",2010,2011,20.5,19.1,-0.0682926829268292
4,Mississippi,"Gulfport-Biloxi, MS",2011,2012,19.1,19.0,-0.005235602094240912
5,Mississippi,"Gulfport-Biloxi, MS",2012,2013,19.0,19.8,0.04210526315789478
6,Mississippi,"Gulfport-Biloxi, MS",2013,2014,19.8,20.0,0.010101010101010065
7,Mississippi,"Gulfport-Biloxi, MS",2014,2015,20.0,19.3,-0.03499999999999996
8,Mississippi,"Gulfport-Biloxi, MS",2015,2016,19.3,18.8,-0.025906735751295335
9,Mississippi,"Gulfport-Biloxi, MS",2016,2017,18.8,18.6,-0.010638297872340387
10,Mississippi,"Gulfport-Biloxi, MS",2017,2018,18.6,17.9,-0.037634408602150685
11,Mississippi,"Gulfport-Biloxi, MS",2018,2019,17.9,18.3,0.02234636871508392
12,Mississippi,"Gulfport-Biloxi, MS",2019,2020,18.3,19.0,0.03825136612021854
13,Mississippi,"Gulfport-Biloxi, MS",2020,2021,19.0,19.0,0.0
14,Mississippi,"Gulfport-Biloxi, MS",2021,2022,19.0,18.5,-0.02631578947368421
15,Mississippi,"Gulfport-Biloxi, MS",2022,2023,18.5,19.1,0.03243243243243251
16,Mississippi,"Gulfport-Biloxi, MS",2023,2024,19.1,19.0,-0.005235602094240912
17,Pennsylvania,"Erie, PA",2007,2008,24.0,23.6,-0.016666666666666607
18,Pennsylvania,"Erie, PA",2008,2009,23.6,19.3,-0.1822033898305085
19,Pennsylvania,"Erie, PA",2009,2010,19.3,20.6,0.0673575129533679
20,Pennsylvania,"Erie, PA",2010,2011,20.6,22.1,0.07281553398058252
21,Pennsylvania,"Erie, PA",2011,2012,22.1,22.4,0.013574660633484033
22,Pennsylvania,"Erie, PA",2012,2013,22.4,21.9,-0.022321428571428572
23,Pennsylvania,"Erie, PA",2013,2014,21.9,22.4,0.022831050228310504
24,Pennsylvania,"Erie, PA",2014,2015,22.4,21.5,-0.04017857142857137
25,Pennsylvania,"Erie, PA",2015,2016,21.5,19.5,-0.09302325581395349
26,Pennsylvania,"Erie, PA",2016,2017,19.5,19.3,-0.01025641025641022
27,Pennsylvania,"Erie, PA",2017,2018,19.3,20.1,0.041450777202072575
28,Pennsylvania,"Erie, PA",2018,2019,20.1,19.6,-0.02487562189054726
29,Pennsylvania,"Erie, PA",2019,2020,19.6,18.0,-0.08163265306122455
30,Pennsylvania,"Erie, PA",2020,2021,18.0,18.3,0.016666666666666705
31,Pennsylvania,"Erie, PA",2021,2022,18.3,19.1,0.043715846994535554
32,Pennsylvania,"Erie, PA",2022,2023,19.1,19.2,0.005235602094240726
33,Pennsylvania,"Erie, PA",2023,2024,19.2,19.1,-0.005208333333333223
34,Oregon,"Medford, OR",2007,2008,7.6,6.5,-0.1447368421052631
35,Oregon,"Medford, OR",2008,2009,6.5,6.2,-0.04615384615384613
36,Oregon,"Medford, OR",2009,2010,6.2,6.1,-0.016129032258064602
37,Oregon,"Medford, OR",2010,2011,6.1,6.4,0.049180327868852576
38,Oregon,"Medford, OR",2011,2012,6.4,6.9,0.078125
39,Oregon,"Medford, OR",2012,2013,6.9,7.2,0.04347826086956519
40,Oregon,"Medford, OR",2013,2014,7.2,7.5,0.041666666666666644
41,Oregon,"Medford, OR",2014,2015,7.5,7.6,0.013333333333333286
42,Oregon,"Medford, OR",2015,2016,7.6,7.7,0.013157894736842176
43,Oregon,"Medford, OR",2016,2017,7.7,7.7,0.0
44,Oregon,"Medford, OR",2017,2018,7.7,7.9,0.025974025974025997
45,Oregon,"Medford, OR",2018,2019,7.9,8.0,0.01265822784810122
46,Oregon,"Medford, OR",2019,2020,8.0,7.7,-0.03749999999999998
47,Oregon,"Medford, OR",2020,2021,7.7,7.6,-0.012987012987013056
48,Oregon,"Medford, OR",2021,2022,7.6,7.2,-0.052631578947368356
49,Oregon,"Medford, OR",2022,2023,7.2,7.0,-0.0277777777777778
50,Oregon,"Medford, OR",2023,2024,7.0,6.8,-0.0285714285714286
51,Michigan,"Detroit-Warren-Dearborn, MI",2007,2008,244.3,214.2,-0.12320916905444135
52,Michigan,"Detroit-Warren-Dearborn, MI",2008,2009,214.2,174.3,-0.18627450980392146
53,Michigan,"Detroit-Warren-Dearborn, MI",2009,2010,174.3,185.5,0.06425702811244972
54,Michigan,"Detroit-Warren-Dearborn, MI",2010,2011,185.5,206.9,0.11536388140161728
55,Michigan,"Detroit-Warren-Dearborn, MI",2011,2012,206.9,216.7,0.04736587723537933
56,Michigan,"Detroit-Warren-Dearborn, MI",2012,2013,216.7,222.9,0.02861098292570382
57,Michigan,"Detroit-Warren-Dearborn, MI",2013,2014,222.9,240.4,0.07851054284432481
58,Michigan,"Detroit-Warren-Dearborn, MI",2014,2015,240.4,244.3,0.016222961730449275
59,Michigan,"Detroit-Warren-Dearborn, MI",2015,2016,244.3,251.8,0.030699959066721242
60,Michigan,"Detroit-Warren-Dearborn, MI",2016,2017,251.8,257.4,0.02223987291501178
61,Michigan,"Detroit-Warren-Dearborn, MI",2017,2018,257.4,264.7,0.02836052836052841
62,Michigan,"Detroit-Warren-Dearborn, MI",2018,2019,264.7,259.1,-0.021156025689459637
63,Michigan,"Detroit-Warren-Dearborn, MI",2019,2020,259.1,244.5,-0.05634890003859522
64,Michigan,"Detroit-Warren-Dearborn, MI",2020,2021,244.5,253.2,0.035582822085889525
65,Michigan,"Detroit-Warren-Dearborn, MI",2021,2022,253.2,259.0,0.02290679304897319
66,Michigan,"Detroit-Warren-Dearborn, MI",2022,2023,259.0,255.4,-0.013899613899613878
67,Michigan,"Detroit-Warren-Dearborn, MI",2023,2024,255.4,250.6,-0.018794048551292134
68,Tennessee,"Clarksville, TN-KY",2007,2008,13.6,11.8,-0.1323529411764705
69,Tennessee,"Clarksville, TN-KY",2008,2009,11.8,9.8,-0.1694915254237288
70,Tennessee,"Clarksville, TN-KY",2009,2010,9.8,9.9,0.010204081632653024
71,Tennessee,"Clarksville, TN-KY",2010,2011,9.9,10.6,0.07070707070707064
72,Tennessee,"Clarksville, TN-KY",2011,2012,10.6,10.4,-0.01886792452830182
73,Tennessee,"Clarksville, TN-KY",2012,2013,10.4,10.2,-0.019230769230769332
74,Tennessee,"Clarksville, TN-KY",2013,2014,10.2,10.8,0.05882352941176485
75,Tennessee,"Clarksville, TN-KY",2014,2015,10.8,11.3,0.046296296296296294
76,Tennessee,"Clarksville, TN-KY",2015,2016,11.3,11.9,0.05309734513274333
77,Tennessee,"Clarksville, TN-KY",2016,2017,11.9,12.7,0.06722689075630243
78,Tennessee,"Clarksville, TN-KY",2017,2018,12.7,13.4,0.05511811023622056
79,Tennessee,"Clarksville, TN-KY",2018,2019,13.4,13.3,-0.007462686567164152
80,Tennessee,"Clarksville, TN-KY",2019,2020,13.3,12.2,-0.08270676691729334
81,Tennessee,"Clarksville, TN-KY",2020,2021,12.2,12.4,0.016393442622950907
82,Tennessee,"Clarksville, TN-KY",2021,2022,12.4,12.8,0.03225806451612906
83,Tennessee,"Clarksville, TN-KY",2022,2023,12.8,13.7,0.07031249999999989
84,Tennessee,"Clarksville, TN-KY",2023,2024,13.7,14.1,0.02919708029197083
85,Texas,"Killeen-Temple, TX",2007,2008,8.4,8.3,-0.011904761904761862
86,Texas,"Killeen-Temple, TX",2008,2009,8.3,7.3,-0.12048192771084347
87,Texas,"Killeen-Temple, TX",2009,2010,7.3,7.3,0.0
88,Texas,"Killeen-Temple, TX",2010,2011,7.3,6.9,-0.05479452054794513
89,Texas,"Killeen-Temple, TX",2011,2012,6.9,7.2,0.04347826086956519
90,Texas,"Killeen-Temple, TX",2012,2013,7.2,7.4,0.0277777777777778
91,Texas,"Killeen-Temple, TX",2013,2014,7.4,7.5,0.013513513513513466
92,Texas,"Killeen-Temple, TX",2014,2015,7.5,7.3,-0.02666666666666669
93,Texas,"Killeen-Temple, TX",2015,2016,7.3,7.6,0.04109589041095888
94,Texas,"Killeen-Temple, TX",2016,2017,7.6,7.6,0.0
95,Texas,"Killeen-Temple, TX",2017,2018,7.6,7.6,0.0
96,Texas,"Killeen-Temple, TX",2018,2019,7.6,7.7,0.013157894736842176
97,Texas,"Killeen-Temple, TX",2019,2020,7.7,7.5,-0.025974025974025997
98,Texas,"Killeen-Temple, TX",2020,2021,7.5,7.9,0.05333333333333338
99,Texas,"Killeen-Temple, TX",2021,2022,7.9,8.1,0.02531645569620244
100,Texas,"Killeen-Temple, TX",2022,2023,8.1,8.3,0.024691358024691492
101,Texas,"Killeen-Temple, TX",2023,2024,8.3,8.1,-0.0240963855421688
102,Illinois,"Elgin, IL Metropolitan Division",2007,2008,45.8,42.6,-0.06986899563318769
103,Illinois,"Elgin, IL Metropolitan Division",2008,2009,42.6,36.3,-0.14788732394366208
104,Illinois,"Elgin, IL Metropolitan Division",2009,2010,36.3,38.3,0.05509641873278237
105,Illinois,"Elgin, IL Metropolitan Division",2010,2011,38.3,39.2,0.023498694516971428
106,Illinois,"Elgin, IL Metropolitan Division",2011,2012,39.2,39.1,-0.0025510204081633015
107,Illinois,"Elgin, IL Metropolitan Division",2012,2013,39.1,38.4,-0.01790281329923281
108,Illinois,"Elgin, IL Metropolitan Division",2013,2014,38.4,38.6,0.005208333333333408
109,Illinois,"Elgin, IL Metropolitan Division",2014,2015,38.6,39.0,0.010362694300518097
110,Illinois,"Elgin, IL Metropolitan Division",2015,2016,39.0,39.5,0.01282051282051282
111,Illinois,"Elgin, IL Metropolitan Division",2016,2017,39.5,40.3,0.020253164556961953
112,Illinois,"Elgin, IL Metropolitan Division",2017,2018,40.3,40.8,0.01240694789081886
113,Illinois,"Elgin, IL Metropolitan Division",2018,2019,40.8,39.1,-0.04166666666666657
114,Illinois,"Elgin, IL Metropolitan Division",2019,2020,39.1,37.5,-0.04092071611253201
115,Illinois,"Elgin, IL Metropolitan Division",2020,2021,37.5,37.6,0.0026666666666667047
116,Illinois,"Elgin, IL Metropolitan Division",2021,2022,37.6,38.5,0.02393617021276592
117,Illinois,"Elgin, IL Metropolitan Division",2022,2023,38.5,40.5,0.05194805194805195
118,Illinois,"Elgin, IL Metropolitan Division",2023,2024,40.5,40.3,-0.004938271604938342
119,Hawaii,"Kahului-Wailuku, HI",2007,2008,1.3,1.2,-0.07692307692307698
120,Hawaii,"Kahului-Wailuku, HI",2008,2009,1.2,1.0,-0.16666666666666663
121,Hawaii,"Kahului-Wailuku, HI",2009,2010,1.0,1.0,0.0
122,Hawaii,"Kahului-Wailuku, HI",2010,2011,1.0,1.0,0.0
123,Hawaii,"Kahului-Wailuku, HI",2011,2012,1.0,1.1,0.10000000000000009
124,Hawaii,"Kahului-Wailuku, HI",2012,2013,1.1,1.2,0.09090909090909079
125,Hawaii,"Kahului-Wailuku, HI",2013,2014,1.2,1.3,0.08333333333333341
126,Hawaii,"Kahului-Wailuku, HI",2014,2015,1.3,1.2,-0.07692307692307698
127,Hawaii,"Kahului-Wailuku, HI",2015,2016,1.2,1.2,0.0
128,Hawaii,"Kahului-Wailuku, HI",2016,2017,1.2,1.1,-0.08333333333333323
129,Hawaii,"Kahului-Wailuku, HI",2017,2018,1.1,1.2,0.09090909090909079
130,Hawaii,"Kahului-Wailuku, HI",2018,2019,1.2,1.2,0.0
131,Hawaii,"Kahului-Wailuku, HI",2019,2020,1.2,0.9,-0.24999999999999994
132,Hawaii,"Kahului-Wailuku, HI",2020,2021,0.9,1.2,0.33333333333333326
133,Hawaii,"Kahului-Wailuku, HI",2021,2022,1.2,1.2,0.0
134,Hawaii,"Kahului-Wailuku, HI",2022,2023,1.2,1.2,0.0
135,Hawaii,"Kahului-Wailuku, HI",2023,2024,1.2,1.0,-0.16666666666666663
136,Washington,"Longview-Kelso, WA",2007,2008,6.8,6.3,-0.07352941176470588
137,Washington,"Longview-Kelso, WA",2008,2009,6.3,6.0,-0.047619047619047596
138,Washington,"Longview-Kelso, WA",2009,2010,6.0,6.1,0.016666666666666607
139,Washington,"Longview-Kelso, WA",2010,2011,6.1,6.1,0.0
140,Washington,"Longview-Kelso, WA",2011,2012,6.1,6.2,0.016393442622950907
141,Washington,"Longview-Kelso, WA",2012,2013,6.2,6.5,0.04838709677419352
142,Washington,"Longview-Kelso, WA",2013,2014,6.5,6.5,0.0
143,Washington,"Longview-Kelso, WA",2014,2015,6.5,6.4,-0.01538461538461533
144,Washington,"Longview-Kelso, WA",2015,2016,6.4,6.4,0.0
145,Washington,"Longview-Kelso, WA",2016,2017,6.4,6.3,-0.015625000000000083
146,Washington,"Longview-Kelso, WA",2017,2018,6.3,6.6,0.047619047619047596
147,Washington,"Longview-Kelso, WA",2018,2019,6.6,6.6,0.0
148,Washington,"Longview-Kelso, WA",2019,2020,6.6,6.7,0.015151515151515233
149,Washington,"Longview-Kelso, WA",2020,2021,6.7,6.9,0.029850746268656744
150,Washington,"Longview-Kelso, WA",2021,2022,6.9,7.4,0.07246376811594203
151,Washington,"Longview-Kelso, WA",2022,2023,7.4,7.3,-0.013513513513513585
152,Washington,"Longview-Kelso, WA",2023,2024,7.3,7.3,0.0
153,New Jersey,"Atlantic City-Hammonton, NJ",2007,2008,4.1,3.3,-0.19512195121951217
154,New Jersey,"Atlantic City-Hammonton, NJ",2008,2009,3.3,2.7,-0.1818181818181817
155,New Jersey,"Atlantic City-Hammonton, NJ",2009,2010,2.7,2.5,-0.07407407407407414
156,New Jersey,"Atlantic City-Hammonton, NJ",2010,2011,2.5,2.5,0.0
157,New Jersey,"Atlantic City-Hammonton, NJ",2011,2012,2.5,2.5,0.0
158,New Jersey,"Atlantic City-Hammonton, NJ",2012,2013,2.5,2.5,0.0
159,New Jersey,"Atlantic City-Hammonton, NJ",2013,2014,2.5,2.5,0.0
160,New Jersey,"Atlantic City-Hammonton, NJ",2014,2015,2.5,2.7,0.08000000000000007
161,New Jersey,"Atlantic City-Hammonton, NJ",2015,2016,2.7,2.7,0.0
162,New Jersey,"Atlantic City-Hammonton, NJ",2016,2017,2.7,2.8,0.0370370370370369
163,New Jersey,"Atlantic City-Hammonton, NJ",2017,2018,2.8,2.9,0.03571428571428575
164,New Jersey,"Atlantic City-Hammonton, NJ",2018,2019,2.9,3.2,0.10344827586206906
165,New Jersey,"Atlantic City-Hammonton, NJ",2019,2020,3.2,3.2,0.0
166,New Jersey,"Atlantic City-Hammonton, NJ",2020,2021,3.2,3.5,0.09374999999999994
167,New Jersey,"Atlantic City-Hammonton, NJ",2021,2022,3.5,3.4,-0.0285714285714286
168,New Jersey,"Atlantic City-Hammonton, NJ",2022,2023,3.4,3.5,0.02941176470588238
169,New Jersey,"Atlantic City-Hammonton, NJ",2023,2024,3.5,3.6,0.0285714285714286
170,Louisiana,"New Orleans-Metairie, LA",2007,2008,35.9,35.4,-0.01392757660167131
171,Louisiana,"New Orleans-Metairie, LA",2008,2009,35.4,32.5,-0.08192090395480223
172,Louisiana,"New Orleans-Metairie, LA",2009,2010,32.5,31.1,-0.043076923076923034
173,Louisiana,"New Orleans-Metairie, LA",2010,2011,31.1,30.1,-0.03215434083601286
174,Louisiana,"New Orleans-Metairie, LA",2011,2012,30.1,29.0,-0.036544850498338916
175,Louisiana,"New Orleans-Metairie, LA",2012,2013,29.0,28.3,-0.024137931034482734
176,Louisiana,"New Orleans-Metairie, LA",2013,2014,28.3,27.6,-0.02473498233215545
177,Louisiana,"New Orleans-Metairie, LA",2014,2015,27.6,27.2,-0.014492753623188482
178,Louisiana,"New Orleans-Metairie, LA",2015,2016,27.2,26.7,-0.01838235294117647
179,Louisiana,"New Orleans-Metairie, LA",2016,2017,26.7,27.1,0.01498127340823978
180,Louisiana,"New Orleans-Metairie, LA",2017,2018,27.1,27.0,-0.003690036900369056
181,Louisiana,"New Orleans-Metairie, LA",2018,2019,27.0,27.0,0.0
182,Louisiana,"New Orleans-Metairie, LA",2019,2020,27.0,26.2,-0.029629629629629655
183,Louisiana,"New Orleans-Metairie, LA",2020,2021,26.2,26.1,-0.0038167938931296897
184,Louisiana,"New Orleans-Metairie, LA",2021,2022,26.1,26.7,0.022988505747126353
185,Louisiana,"New Orleans-Metairie, LA",2022,2023,26.7,26.9,0.007490636704119823
186,Louisiana,"New Orleans-Metairie, LA",2023,2024,26.9,26.5,-0.014869888475836378
187,Alaska,"Fairbanks-College, AK",2007,2008,0.6,0.6,0.0
188,Alaska,"Fairbanks-College, AK",2008,2009,0.6,0.6,0.0
189,Alaska,"Fairbanks-College, AK",2009,2010,0.6,0.6,0.0
190,Alaska,"Fairbanks-College, AK",2010,2011,0.6,0.5,-0.16666666666666663
191,Alaska,"Fairbanks-College, AK",2011,2012,0.5,0.6,0.19999999999999996
192,Alaska,"Fairbanks-College, AK",2012,2013,0.6,0.7,0.16666666666666663
193,Alaska,"Fairbanks-College, AK",2013,2014,0.7,0.6,-0.14285714285714282
194,Alaska,"Fairbanks-College, AK",2014,2015,0.6,0.6,0.0
195,Alaska,"Fairbanks-College, AK",2015,2016,0.6,0.6,0.0
196,Alaska,"Fairbanks-College, AK",2016,2017,0.6,0.5,-0.16666666666666663
197,Alaska,"Fairbanks-College, AK",2017,2018,0.5,0.5,0.0
198,Alaska,"Fairbanks-College, AK",2018,2019,0.5,0.5,0.0
199,Alaska,"Fairbanks-College, AK",2019,2020,0.5,0.4,-0.19999999999999996
200,Alaska,"Fairbanks-College, AK",2020,2021,0.4,0.5,0.24999999999999994
201,Alaska,"Fairbanks-College, AK",2021,2022,0.5,0.6,0.19999999999999996
202,Alaska,"Fairbanks-College, AK",2022,2023,0.6,0.6,0.0
203,Alaska,"Fairbanks-College, AK",2023,2024,0.6,0.7,0.16666666666666663
204,Tennessee,"Chattanooga, TN-GA",2007,2008,34.6,31.9,-0.07803468208092493
205,Tennessee,"Chattanooga, TN-GA",2008,2009,31.9,27.7,-0.13166144200626959
206,Tennessee,"Chattanooga, TN-GA",2009,2010,27.7,29.6,0.06859205776173292
207,Tennessee,"Chattanooga, TN-GA",2010,2011,29.6,30.4,0.02702702702702693
208,Tennessee,"Chattanooga, TN-GA",2011,2012,30.4,30.7,0.009868421052631603
209,Tennessee,"Chattanooga, TN-GA",2012,2013,30.7,30.7,0.0
210,Tennessee,"Chattanooga, TN-GA",2013,2014,30.7,30.8,0.0032573289902280596
211,Tennessee,"Chattanooga, TN-GA",2014,2015,30.8,31.4,0.01948051948051941
212,Tennessee,"Chattanooga, TN-GA",2015,2016,31.4,32.4,0.03184713375796178
213,Tennessee,"Chattanooga, TN-GA",2016,2017,32.4,33.7,0.04012345679012359
214,Tennessee,"Chattanooga, TN-GA",2017,2018,33.7,34.3,0.017804154302670454
215,Tennessee,"Chattanooga, TN-GA",2018,2019,34.3,34.5,0.005830903790087547
216,Tennessee,"Chattanooga, TN-GA",2019,2020,34.5,34.0,-0.014492753623188406
217,Tennessee,"Chattanooga, TN-GA",2020,2021,34.0,36.7,0.07941176470588243
218,Tennessee,"Chattanooga, TN-GA",2021,2022,36.7,40.0,0.0899182561307901
219,Tennessee,"Chattanooga, TN-GA",2022,2023,40.0,40.9,0.022499999999999964
220,Tennessee,"Chattanooga, TN-GA",2023,2024,40.9,40.8,-0.0024449877750611594
221,Iowa,"Waterloo-Cedar Falls, IA",2007,2008,17.4,17.3,-0.005747126436781487
222,Iowa,"Waterloo-Cedar Falls, IA",2008,2009,17.3,15.3,-0.11560693641618497
223,Iowa,"Waterloo-Cedar Falls, IA",2009,2010,15.3,16.3,0.06535947712418301
224,Iowa,"Waterloo-Cedar Falls, IA",2010,2011,16.3,16.9,0.036809815950920116
225,Iowa,"Waterloo-Cedar Falls, IA",2011,2012,16.9,17.6,0.041420118343195436
226,Iowa,"Waterloo-Cedar Falls, IA",2012,2013,17.6,17.7,0.0056818181818180605
227,Iowa,"Waterloo-Cedar Falls, IA",2013,2014,17.7,16.8,-0.050847457627118564
228,Iowa,"Waterloo-Cedar Falls, IA",2014,2015,16.8,15.9,-0.05357142857142859
229,Iowa,"Waterloo-Cedar Falls, IA",2015,2016,15.9,16.2,0.01886792452830182
230,Iowa,"Waterloo-Cedar Falls, IA",2016,2017,16.2,16.5,0.018518518518518563
231,Iowa,"Waterloo-Cedar Falls, IA",2017,2018,16.5,16.9,0.024242424242424156
232,Iowa,"Waterloo-Cedar Falls, IA",2018,2019,16.9,16.5,-0.023668639053254354
233,Iowa,"Waterloo-Cedar Falls, IA",2019,2020,16.5,16.1,-0.024242424242424156
234,Iowa,"Waterloo-Cedar Falls, IA",2020,2021,16.1,16.3,0.012422360248447159
235,Iowa,"Waterloo-Cedar Falls, IA",2021,2022,16.3,16.7,0.024539877300613407
236,Iowa,"Waterloo-Cedar Falls, IA",2022,2023,16.7,15.8,-0.053892215568862194
237,Iowa,"Waterloo-Cedar Falls, IA",2023,2024,15.8,14.8,-0.06329113924050632
238,Arkansas,"Fayetteville-Springdale-Rogers, AR",2007,2008,29.4,28.2,-0.04081632653061222
239,Arkansas,"Fayetteville-Springdale-Rogers, AR",2008,2009,28.2,26.1,-0.0744680851063829
240,Arkansas,"Fayetteville-Springdale-Rogers, AR",2009,2010,26.1,25.6,-0.019157088122605363
241,Arkansas,"Fayetteville-Springdale-Rogers, AR",2010,2011,25.6,23.5,-0.08203125000000006
242,Arkansas,"Fayetteville-Springdale-Rogers, AR",2011,2012,23.5,23.7,0.00851063829787231
243,Arkansas,"Fayetteville-Springdale-Rogers, AR",2012,2013,23.7,23.9,0.008438818565400814
244,Arkansas,"Fayetteville-Springdale-Rogers, AR",2013,2014,23.9,24.1,0.008368200836820203
245,Arkansas,"Fayetteville-Springdale-Rogers, AR",2014,2015,24.1,24.4,0.012448132780082869
246,Arkansas,"Fayetteville-Springdale-Rogers, AR",2015,2016,24.4,24.9,0.020491803278688527
247,Arkansas,"Fayetteville-Springdale-Rogers, AR",2016,2017,24.9,26.2,0.052208835341365493
248,Arkansas,"Fayetteville-Springdale-Rogers, AR",2017,2018,26.2,26.9,0.026717557251908372
249,Arkansas,"Fayetteville-Springdale-Rogers, AR",2018,2019,26.9,28.0,0.04089219330855024
250,Arkansas,"Fayetteville-Springdale-Rogers, AR",2019,2020,28.0,28.1,0.003571428571428622
251,Arkansas,"Fayetteville-Springdale-Rogers, AR",2020,2021,28.1,28.5,0.014234875444839807
252,Arkansas,"Fayetteville-Springdale-Rogers, AR",2021,2022,28.5,27.7,-0.028070175438596516
253,Arkansas,"Fayetteville-Springdale-Rogers, AR",2022,2023,27.7,27.7,0.0
254,Arkansas,"Fayetteville-Springdale-Rogers, AR",2023,2024,27.7,28.4,0.025270758122743656
255,Colorado,"Boulder, CO",2007,2008,18.1,16.4,-0.0939226519337018
256,Colorado,"Boulder, CO",2008,2009,16.4,14.9,-0.09146341463414624
257,Colorado,"Boulder, CO",2009,2010,14.9,15.6,0.046979865771812034
258,Colorado,"Boulder, CO",2010,2011,15.6,16.4,0.05128205128205122
259,Colorado,"Boulder, CO",2011,2012,16.4,16.9,0.030487804878048783
260,Colorado,"Boulder, CO",2012,2013,16.9,17.3,0.023668639053254566
261,Colorado,"Boulder, CO",2013,2014,17.3,17.7,0.02312138728323691
262,Colorado,"Boulder, CO",2014,2015,17.7,17.5,-0.011299435028248548
263,Colorado,"Boulder, CO",2015,2016,17.5,18.1,0.034285714285714364
264,Colorado,"Boulder, CO",2016,2017,18.1,18.8,0.03867403314917123
265,Colorado,"Boulder, CO",2017,2018,18.8,19.3,0.026595744680851064
266,Colorado,"Boulder, CO",2018,2019,19.3,20.4,0.05699481865284963
267,Colorado,"Boulder, CO",2019,2020,20.4,20.5,0.004901960784313796
268,Colorado,"Boulder, CO",2020,2021,20.5,21.9,0.0682926829268292
269,Colorado,"Boulder, CO",2021,2022,21.9,21.1,-0.03652968036529668
270,Colorado,"Boulder, CO",2022,2023,21.1,21.1,0.0
271,Colorado,"Boulder, CO",2023,2024,21.1,20.7,-0.01895734597156408
272,Michigan,"Bay City, MI",2007,2008,4.3,4.3,0.0
273,Michigan,"Bay City, MI",2008,2009,4.3,4.0,-0.06976744186046507
274,Michigan,"Bay City, MI",2009,2010,4.0,4.0,0.0
275,Michigan,"Bay City, MI",2010,2011,4.0,3.8,-0.050000000000000044
276,Michigan,"Bay City, MI",2011,2012,3.8,4.0,0.052631578947368474
277,Michigan,"Bay City, MI",2012,2013,4.0,3.9,-0.025000000000000022
278,Michigan,"Bay City, MI",2013,2014,3.9,4.1,0.05128205128205122
279,Michigan,"Bay City, MI",2014,2015,4.1,4.2,0.024390243902439157
280,Michigan,"Bay City, MI",2015,2016,4.2,4.2,0.0
281,Michigan,"Bay City, MI",2016,2017,4.2,4.4,0.04761904761904766
282,Michigan,"Bay City, MI",2017,2018,4.4,4.6,0.04545454545454529
283,Michigan,"Bay City, MI",2018,2019,4.6,4.5,-0.021739130434782532
284,Michigan,"Bay City, MI",2019,2020,4.5,4.7,0.04444444444444448
285,Michigan,"Bay City, MI",2020,2021,4.7,4.8,0.021276595744680774
286,Michigan,"Bay City, MI",2021,2022,4.8,5.0,0.041666666666666706
287,Michigan,"Bay City, MI",2022,2023,5.0,5.0,0.0
288,Michigan,"Bay City, MI",2023,2024,5.0,5.0,0.0
289,Utah,"Logan, UT-ID",2007,2008,11.5,10.8,-0.060869565217391244
290,Utah,"Logan, UT-ID",2008,2009,10.8,10.7,-0.00925925925925939
291,Utah,"Logan, UT-ID",2009,2010,10.7,10.7,0.0
292,Utah,"Logan, UT-ID",2010,2011,10.7,10.9,0.018691588785046828
293,Utah,"Logan, UT-ID",2011,2012,10.9,11.1,0.018348623853210944
294,Utah,"Logan, UT-ID",2012,2013,11.1,11.2,0.009009009009008978
295,Utah,"Logan, UT-ID",2013,2014,11.2,11.4,0.017857142857142953
296,Utah,"Logan, UT-ID",2014,2015,11.4,11.3,-0.008771929824561372
297,Utah,"Logan, UT-ID",2015,2016,11.3,11.3,0.0
298,Utah,"Logan, UT-ID",2016,2017,11.3,11.7,0.03539823008849545
299,Utah,"Logan, UT-ID",2017,2018,11.7,12.1,0.03418803418803422
300,Utah,"Logan, UT-ID",2018,2019,12.1,12.6,0.04132231404958678
301,Utah,"Logan, UT-ID",2019,2020,12.6,13.6,0.07936507936507936
302,Utah,"Logan, UT-ID",2020,2021,13.6,14.7,0.08088235294117645
303,Utah,"Logan, UT-ID",2021,2022,14.7,13.9,-0.05442176870748292
304,Utah,"Logan, UT-ID",2022,2023,13.9,12.5,-0.10071942446043168
305,Utah,"Logan, UT-ID",2023,2024,12.5,12.4,-0.007999999999999972
306,Alabama,"Huntsville, AL",2007,2008,32.6,30.7,-0.05828220858895712
307,Alabama,"Huntsville, AL",2008,2009,30.7,25.3,-0.17589576547231267
308,Alabama,"Huntsville, AL",2009,2010,25.3,22.8,-0.09881422924901186
309,Alabama,"Huntsville, AL",2010,2011,22.8,22.6,-0.008771929824561372
310,Alabama,"Huntsville, AL",2011,2012,22.6,23.1,0.022123893805309734
311,Alabama,"Huntsville, AL",2012,2013,23.1,23.1,0.0
312,Alabama,"Huntsville, AL",2013,2014,23.1,23.4,0.012987012987012863
313,Alabama,"Huntsville, AL",2014,2015,23.4,23.8,0.017094017094017186
314,Alabama,"Huntsville, AL",2015,2016,23.8,24.4,0.025210084033613356
315,Alabama,"Huntsville, AL",2016,2017,24.4,25.0,0.024590163934426288
316,Alabama,"Huntsville, AL",2017,2018,25.0,25.5,0.02
317,Alabama,"Huntsville, AL",2018,2019,25.5,26.3,0.03137254901960787
318,Alabama,"Huntsville, AL",2019,2020,26.3,27.6,0.04942965779467683
319,Alabama,"Huntsville, AL",2020,2021,27.6,31.1,0.12681159420289853
320,Alabama,"Huntsville, AL",2021,2022,31.1,33.9,0.09003215434083592
321,Alabama,"Huntsville, AL",2022,2023,33.9,35.2,0.03834808259587033
322,Alabama,"Huntsville, AL",2023,2024,35.2,36.0,0.022727272727272645
323,Louisiana,"Lafayette, LA",2007,2008,12.7,12.4,-0.023622047244094405
324,Louisiana,"Lafayette, LA",2008,2009,12.4,10.8,-0.1290322580645161
325,Louisiana,"Lafayette, LA",2009,2010,10.8,12.0,0.11111111111111104
326,Louisiana,"Lafayette, LA",2010,2011,12.0,12.8,0.06666666666666672
327,Louisiana,"Lafayette, LA",2011,2012,12.8,13.4,0.04687499999999997
328,Louisiana,"Lafayette, LA",2012,2013,13.4,15.1,0.126865671641791
329,Louisiana,"Lafayette, LA",2013,2014,15.1,15.3,0.013245033112582853
330,Louisiana,"Lafayette, LA",2014,2015,15.3,13.0,-0.15032679738562096
331,Louisiana,"Lafayette, LA",2015,2016,13.0,11.4,-0.12307692307692306
332,Louisiana,"Lafayette, LA",2016,2017,11.4,11.6,0.017543859649122744
333,Louisiana,"Lafayette, LA",2017,2018,11.6,12.4,0.06896551724137938
334,Louisiana,"Lafayette, LA",2018,2019,12.4,12.6,0.016129032258064457
335,Louisiana,"Lafayette, LA",2019,2020,12.6,10.7,-0.1507936507936508
336,Louisiana,"Lafayette, LA",2020,2021,10.7,12.1,0.13084112149532715
337,Louisiana,"Lafayette, LA",2021,2022,12.1,13.7,0.13223140495867766
338,Louisiana,"Lafayette, LA",2022,2023,13.7,14.0,0.021897810218978155
339,Louisiana,"Lafayette, LA",2023,2024,14.0,14.3,0.02142857142857148
340,Pennsylvania,"Montgomery County-Bucks County-Chester County, PA Metropolitan Division",2007,2008,106.8,101.2,-0.0524344569288389
341,Pennsylvania,"Montgomery County-Bucks County-Chester County, PA Metropolitan Division",2008,2009,101.2,92.1,-0.08992094861660087
342,Pennsylvania,"Montgomery County-Bucks County-Chester County, PA Metropolitan Division",2009,2010,92.1,92.1,0.0
343,Pennsylvania,"Montgomery County-Bucks County-Chester County, PA Metropolitan Division",2010,2011,92.1,90.7,-0.015200868621063969
344,Pennsylvania,"Montgomery County-Bucks County-Chester County, PA Metropolitan Division",2011,2012,90.7,90.1,-0.006615214994487415
345,Pennsylvania,"Montgomery County-Bucks County-Chester County, PA Metropolitan Division",2012,2013,90.1,90.8,0.007769145394006692
346,Pennsylvania,"Montgomery County-Bucks County-Chester County, PA Metropolitan Division",2013,2014,90.8,91.8,0.011013215859030838
347,Pennsylvania,"Montgomery County-Bucks County-Chester County, PA Metropolitan Division",2014,2015,91.8,91.0,-0.008714596949891037
348,Pennsylvania,"Montgomery County-Bucks County-Chester County, PA Metropolitan Division",2015,2016,91.0,91.4,0.004395604395604458
349,Pennsylvania,"Montgomery County-Bucks County-Chester County, PA Metropolitan Division",2016,2017,91.4,91.0,-0.004376367614879712
350,Pennsylvania,"Montgomery County-Bucks County-Chester County, PA Metropolitan Division",2017,2018,91.0,91.6,0.006593406593406531
351,Pennsylvania,"Montgomery County-Bucks County-Chester County, PA Metropolitan Division",2018,2019,91.6,91.9,0.003275109170305801
352,Pennsylvania,"Montgomery County-Bucks County-Chester County, PA Metropolitan Division",2019,2020,91.9,86.8,-0.055495103373231866
353,Pennsylvania,"Montgomery County-Bucks County-Chester County, PA Metropolitan Division",2020,2021,86.8,89.1,0.02649769585253453
354,Pennsylvania,"Montgomery County-Bucks County-Chester County, PA Metropolitan Division",2021,2022,89.1,91.0,0.021324354657688057
355,Pennsylvania,"Montgomery County-Bucks County-Chester County, PA Metropolitan Division",2022,2023,91.0,90.6,-0.004395604395604458
356,Pennsylvania,"Montgomery County-Bucks County-Chester County, PA Metropolitan Division",2023,2024,90.6,89.2,-0.015452538631346486
357,Indiana,"Lafayette-West Lafayette, IN",2007,2008,17.8,17.0,-0.04494382022471914
358,Indiana,"Lafayette-West Lafayette, IN",2008,2009,17.0,14.1,-0.17058823529411768
359,Indiana,"Lafayette-West Lafayette, IN",2009,2010,14.1,15.0,0.06382978723404258
360,Indiana,"Lafayette-West Lafayette, IN",2010,2011,15.0,16.6,0.10666666666666676
361,Indiana,"Lafayette-West Lafayette, IN",2011,2012,16.6,17.2,0.03614457831325288
362,Indiana,"Lafayette-West Lafayette, IN",2012,2013,17.2,17.2,0.0
363,Indiana,"Lafayette-West Lafayette, IN",2013,2014,17.2,17.9,0.04069767441860461
364,Indiana,"Lafayette-West Lafayette, IN",2014,2015,17.9,17.7,-0.01117318435754186
365,Indiana,"Lafayette-West Lafayette, IN",2015,2016,17.7,18.5,0.04519774011299439
366,Indiana,"Lafayette-West Lafayette, IN",2016,2017,18.5,19.2,0.0378378378378378
367,Indiana,"Lafayette-West Lafayette, IN",2017,2018,19.2,20.3,0.05729166666666674
368,Indiana,"Lafayette-West Lafayette, IN",2018,2019,20.3,20.5,0.009852216748768438
369,Indiana,"Lafayette-West Lafayette, IN",2019,2020,20.5,19.5,-0.04878048780487805
370,Indiana,"Lafayette-West Lafayette, IN",2020,2021,19.5,19.9,0.02051282051282044
371,Indiana,"Lafayette-West Lafayette, IN",2021,2022,19.9,21.1,0.06030150753768859
372,Indiana,"Lafayette-West Lafayette, IN",2022,2023,21.1,21.5,0.018957345971563913
373,Indiana,"Lafayette-West Lafayette, IN",2023,2024,21.5,21.5,0.0
374,Ohio,"Springfield, OH",2007,2008,8.0,7.4,-0.07499999999999996
375,Ohio,"Springfield, OH",2008,2009,7.4,6.4,-0.13513513513513511
376,Ohio,"Springfield, OH",2009,2010,6.4,6.8,0.06249999999999992
377,Ohio,"Springfield, OH",2010,2011,6.8,6.6,-0.02941176470588238
378,Ohio,"Springfield, OH",2011,2012,6.6,6.6,0.0
379,Ohio,"Springfield, OH",2012,2013,6.6,6.8,0.03030303030303033
380,Ohio,"Springfield, OH",2013,2014,6.8,6.9,0.014705882352941256
381,Ohio,"Springfield, OH",2014,2015,6.9,6.9,0.0
382,Ohio,"Springfield, OH",2015,2016,6.9,6.9,0.0
383,Ohio,"Springfield, OH",2016,2017,6.9,7.0,0.014492753623188354
384,Ohio,"Springfield, OH",2017,2018,7.0,7.3,0.04285714285714283
385,Ohio,"Springfield, OH",2018,2019,7.3,7.0,-0.04109589041095888
386,Ohio,"Springfield, OH",2019,2020,7.0,6.5,-0.07142857142857142
387,Ohio,"Springfield, OH",2020,2021,6.5,6.4,-0.01538461538461533
388,Ohio,"Springfield, OH",2021,2022,6.4,6.7,0.04687499999999997
389,Ohio,"Springfield, OH",2022,2023,6.7,6.8,0.014925373134328304
390,Ohio,"Springfield, OH",2023,2024,6.8,6.7,-0.014705882352941124
391,Florida,"North Port-Bradenton-Sarasota, FL",2007,2008,17.7,15.6,-0.11864406779661016
392,Florida,"North Port-Bradenton-Sarasota, FL",2008,2009,15.6,13.2,-0.15384615384615388
393,Florida,"North Port-Bradenton-Sarasota, FL",2009,2010,13.2,13.3,0.0075757575757576835
394,Florida,"North Port-Bradenton-Sarasota, FL",2010,2011,13.3,14.2,0.06766917293233071
395,Florida,"North Port-Bradenton-Sarasota, FL",2011,2012,14.2,14.7,0.035211267605633804
396,Florida,"North Port-Bradenton-Sarasota, FL",2012,2013,14.7,15.1,0.027210884353741523
397,Florida,"North Port-Bradenton-Sarasota, FL",2013,2014,15.1,16.1,0.06622516556291402
398,Florida,"North Port-Bradenton-Sarasota, FL",2014,2015,16.1,16.4,0.01863354037267063
399,Florida,"North Port-Bradenton-Sarasota, FL",2015,2016,16.4,16.9,0.030487804878048783
400,Florida,"North Port-Bradenton-Sarasota, FL",2016,2017,16.9,16.6,-0.017751479289940662
401,Florida,"North Port-Bradenton-Sarasota, FL",2017,2018,16.6,17.0,0.024096385542168586
402,Florida,"North Port-Bradenton-Sarasota, FL",2018,2019,17.0,17.1,0.005882352941176554
403,Florida,"North Port-Bradenton-Sarasota, FL",2019,2020,17.1,17.0,-0.005847953216374352
404,Florida,"North Port-Bradenton-Sarasota, FL",2020,2021,17.0,18.5,0.08823529411764706
405,Florida,"North Port-Bradenton-Sarasota, FL",2021,2022,18.5,18.6,0.005405405405405482
406,Florida,"North Port-Bradenton-Sarasota, FL",2022,2023,18.6,18.8,0.010752688172042972
407,Florida,"North Port-Bradenton-Sarasota, FL",2023,2024,18.8,18.5,-0.015957446808510675
408,California,"Hanford-Corcoran, CA",2007,2008,4.1,4.6,0.12195121951219513
409,California,"Hanford-Corcoran, CA",2008,2009,4.6,4.2,-0.08695652173913032
410,California,"Hanford-Corcoran, CA",2009,2010,4.2,3.9,-0.0714285714285715
411,California,"Hanford-Corcoran, CA",2010,2011,3.9,4.2,0.076923076923077
412,California,"Hanford-Corcoran, CA",2011,2012,4.2,4.0,-0.04761904761904766
413,California,"Hanford-Corcoran, CA",2012,2013,4.0,4.3,0.07499999999999996
414,California,"Hanford-Corcoran, CA",2013,2014,4.3,4.4,0.023255813953488497
415,California,"Hanford-Corcoran, CA",2014,2015,4.4,4.5,0.022727272727272645
416,California,"Hanford-Corcoran, CA",2015,2016,4.5,4.4,-0.022222222222222143
417,California,"Hanford-Corcoran, CA",2016,2017,4.4,4.5,0.022727272727272645
418,California,"Hanford-Corcoran, CA",2017,2018,4.5,4.7,0.04444444444444448
419,California,"Hanford-Corcoran, CA",2018,2019,4.7,4.6,-0.021276595744680965
420,California,"Hanford-Corcoran, CA",2019,2020,4.6,4.4,-0.043478260869565064
421,California,"Hanford-Corcoran, CA",2020,2021,4.4,4.4,0.0
422,California,"Hanford-Corcoran, CA",2021,2022,4.4,4.5,0.022727272727272645
423,California,"Hanford-Corcoran, CA",2022,2023,4.5,4.5,0.0
424,California,"Hanford-Corcoran, CA",2023,2024,4.5,4.9,0.08888888888888896
425,Idaho,"Lewiston, ID-WA",2007,2008,3.4,3.1,-0.08823529411764701
426,Idaho,"Lewiston, ID-WA",2008,2009,3.1,2.9,-0.06451612903225812
427,Idaho,"Lewiston, ID-WA",2009,2010,2.9,3.1,0.06896551724137938
428,Idaho,"Lewiston, ID-WA",2010,2011,3.1,2.8,-0.09677419354838718
429,Idaho,"Lewiston, ID-WA",2011,2012,2.8,3.6,0.2857142857142858
430,Idaho,"Lewiston, ID-WA",2012,2013,3.6,4.0,0.11111111111111108
431,Idaho,"Lewiston, ID-WA",2013,2014,4.0,4.1,0.02499999999999991
432,Idaho,"Lewiston, ID-WA",2014,2015,4.1,4.2,0.024390243902439157
433,Idaho,"Lewiston, ID-WA",2015,2016,4.2,4.6,0.09523809523809511
434,Idaho,"Lewiston, ID-WA",2016,2017,4.6,4.3,-0.0652173913043478
435,Idaho,"Lewiston, ID-WA",2017,2018,4.3,4.1,-0.046511627906976785
436,Idaho,"Lewiston, ID-WA",2018,2019,4.1,3.8,-0.07317073170731704
437,Idaho,"Lewiston, ID-WA",2019,2020,3.8,4.2,0.10526315789473695
438,Idaho,"Lewiston, ID-WA",2020,2021,4.2,4.4,0.04761904761904766
439,Idaho,"Lewiston, ID-WA",2021,2022,4.4,4.7,0.06818181818181814
440,Idaho,"Lewiston, ID-WA",2022,2023,4.7,4.7,0.0
441,Idaho,"Lewiston, ID-WA",2023,2024,4.7,4.6,-0.021276595744680965
442,Wisconsin,"Janesville-Beloit, WI",2007,2008,13.3,11.1,-0.16541353383458654
443,Wisconsin,"Janesville-Beloit, WI",2008,2009,11.1,8.0,-0.27927927927927926
444,Wisconsin,"Janesville-Beloit, WI",2009,2010,8.0,8.1,0.012499999999999956
445,Wisconsin,"Janesville-Beloit, WI",2010,2011,8.1,8.7,0.07407407407407403
446,Wisconsin,"Janesville-Beloit, WI",2011,2012,8.7,8.8,0.011494252873563383
447,Wisconsin,"Janesville-Beloit, WI",2012,2013,8.8,9.1,0.03409090909090897
448,Wisconsin,"Janesville-Beloit, WI",2013,2014,9.1,9.5,0.043956043956043994
449,Wisconsin,"Janesville-Beloit, WI",2014,2015,9.5,9.6,0.010526315789473648
450,Wisconsin,"Janesville-Beloit, WI",2015,2016,9.6,9.9,0.031250000000000076
451,Wisconsin,"Janesville-Beloit, WI",2016,2017,9.9,10.3,0.040404040404040435
452,Wisconsin,"Janesville-Beloit, WI",2017,2018,10.3,10.4,0.009708737864077634
453,Wisconsin,"Janesville-Beloit, WI",2018,2019,10.4,10.6,0.019230769230769162
454,Wisconsin,"Janesville-Beloit, WI",2019,2020,10.6,10.4,-0.01886792452830182
455,Wisconsin,"Janesville-Beloit, WI",2020,2021,10.4,10.5,0.009615384615384581
456,Wisconsin,"Janesville-Beloit, WI",2021,2022,10.5,11.5,0.09523809523809523
457,Wisconsin,"Janesville-Beloit, WI",2022,2023,11.5,11.5,0.0
458,Wisconsin,"Janesville-Beloit, WI",2023,2024,11.5,11.6,0.008695652173913012
459,Washington,"Seattle-Tacoma-Bellevue, WA",2007,2008,189.9,184.9,-0.02632964718272775
460,Washington,"Seattle-Tacoma-Bellevue, WA",2008,2009,184.9,166.6,-0.09897241752298545
461,Washington,"Seattle-Tacoma-Bellevue, WA",2009,2010,166.6,168.6,0.012004801920768308
462,Washington,"Seattle-Tacoma-Bellevue, WA",2010,2011,168.6,179.7,0.06583629893238431
463,Washington,"Seattle-Tacoma-Bellevue, WA",2011,2012,179.7,186.4,0.03728436282693388
464,Washington,"Seattle-Tacoma-Bellevue, WA",2012,2013,186.4,187.7,0.006974248927038535
465,Washington,"Seattle-Tacoma-Bellevue, WA",2013,2014,187.7,187.5,-0.001065530101225299
466,Washington,"Seattle-Tacoma-Bellevue, WA",2014,2015,187.5,187.8,0.0016000000000000606
467,Washington,"Seattle-Tacoma-Bellevue, WA",2015,2016,187.8,181.7,-0.03248136315228979
468,Washington,"Seattle-Tacoma-Bellevue, WA",2016,2017,181.7,176.6,-0.028068244358833212
469,Washington,"Seattle-Tacoma-Bellevue, WA",2017,2018,176.6,182.4,0.03284258210645533
470,Washington,"Seattle-Tacoma-Bellevue, WA",2018,2019,182.4,184.9,0.013706140350877192
471,Washington,"Seattle-Tacoma-Bellevue, WA",2019,2020,184.9,158.2,-0.1444023796646837
472,Washington,"Seattle-Tacoma-Bellevue, WA",2020,2021,158.2,157.4,-0.005056890012642118
473,Washington,"Seattle-Tacoma-Bellevue, WA",2021,2022,157.4,162.3,0.031130876747141076
474,Washington,"Seattle-Tacoma-Bellevue, WA",2022,2023,162.3,166.8,0.0277264325323475
475,Washington,"Seattle-Tacoma-Bellevue, WA",2023,2024,166.8,166.2,-0.0035971223021584093
476,Texas,"Houston-Pasadena-The Woodlands, TX",2007,2008,236.5,242.8,0.02663847780126855
477,Texas,"Houston-Pasadena-The Woodlands, TX",2008,2009,242.8,214.6,-0.1161449752883032
478,Texas,"Houston-Pasadena-The Woodlands, TX",2009,2010,214.6,218.6,0.018639328984156572
479,Texas,"Houston-Pasadena-The Woodlands, TX",2010,2011,218.6,234.4,0.07227813357731021
480,Texas,"Houston-Pasadena-The Woodlands, TX",2011,2012,234.4,246.9,0.053327645051194535
481,Texas,"Houston-Pasadena-The Woodlands, TX",2012,2013,246.9,251.7,0.019441069258809163
482,Texas,"Houston-Pasadena-The Woodlands, TX",2013,2014,251.7,262.0,0.04092173222089794
483,Texas,"Houston-Pasadena-The Woodlands, TX",2014,2015,262.0,233.2,-0.10992366412213744
484,Texas,"Houston-Pasadena-The Woodlands, TX",2015,2016,233.2,217.1,-0.0690394511149228
485,Texas,"Houston-Pasadena-The Woodlands, TX",2016,2017,217.1,223.6,0.029940119760479042
486,Texas,"Houston-Pasadena-The Woodlands, TX",2017,2018,223.6,235.0,0.05098389982110915
487,Texas,"Houston-Pasadena-The Woodlands, TX",2018,2019,235.0,236.1,0.004680851063829763
488,Texas,"Houston-Pasadena-The Woodlands, TX",2019,2020,236.1,212.5,-0.09995764506565012
489,Texas,"Houston-Pasadena-The Woodlands, TX",2020,2021,212.5,217.9,0.02541176470588238
490,Texas,"Houston-Pasadena-The Woodlands, TX",2021,2022,217.9,230.7,0.05874254245066536
491,Texas,"Houston-Pasadena-The Woodlands, TX",2022,2023,230.7,236.0,0.022973558734287004
492,Texas,"Houston-Pasadena-The Woodlands, TX",2023,2024,236.0,240.7,0.01991525423728809
493,New Mexico,"Santa Fe, NM",2007,2008,1.0,0.9,-0.09999999999999998
494,New Mexico,"Santa Fe, NM",2008,2009,0.9,0.8,-0.11111111111111108
495,New Mexico,"Santa Fe, NM",2009,2010,0.8,0.8,0.0
496,New Mexico,"Santa Fe, NM",2010,2011,0.8,0.8,0.0
497,New Mexico,"Santa Fe, NM",2011,2012,0.8,0.8,0.0
498,New Mexico,"Santa Fe, NM",2012,2013,0.8,0.8,0.0
499,New Mexico,"Santa Fe, NM",2013,2014,0.8,0.9,0.12499999999999997
500,New Mexico,"Santa Fe, NM",2014,2015,0.9,0.8,-0.11111111111111108
501,New Mexico,"Santa Fe, NM",2015,2016,0.8,0.9,0.12499999999999997
502,New Mexico,"Santa Fe, NM",2016,2017,0.9,0.9,0.0
503,New Mexico,"Santa Fe, NM",2017,2018,0.9,0.9,0.0
504,New Mexico,"Santa Fe, NM",2018,2019,0.9,0.9,0.0
505,New Mexico,"Santa Fe, NM",2019,2020,0.9,0.8,-0.11111111111111108
506,New Mexico,"Santa Fe, NM",2020,2021,0.8,0.8,0.0
507,New Mexico,"Santa Fe, NM",2021,2022,0.8,0.8,0.0
508,New Mexico,"Santa Fe, NM",2022,2023,0.8,0.8,0.0
509,New Mexico,"Santa Fe, NM",2023,2024,0.8,0.8,0.0
510,Washington,"Yakima, WA",2007,2008,8.6,7.5,-0.12790697674418602
511,Washington,"Yakima, WA",2008,2009,7.5,6.9,-0.07999999999999995
512,Washington,"Yakima, WA",2009,2010,6.9,7.7,0.11594202898550722
513,Washington,"Yakima, WA",2010,2011,7.7,7.4,-0.03896103896103894
514,Washington,"Yakima, WA",2011,2012,7.4,7.7,0.040540540540540515
515,Washington,"Yakima, WA",2012,2013,7.7,7.8,0.012987012987012941
516,Washington,"Yakima, WA",2013,2014,7.8,7.8,0.0
517,Washington,"Yakima, WA",2014,2015,7.8,8.0,0.025641025641025664
518,Washington,"Yakima, WA",2015,2016,8.0,8.2,0.02499999999999991
519,Washington,"Yakima, WA",2016,2017,8.2,8.6,0.0487804878048781
520,Washington,"Yakima, WA",2017,2018,8.6,8.7,0.011627906976744146
521,Washington,"Yakima, WA",2018,2019,8.7,8.4,-0.03448275862068954
522,Washington,"Yakima, WA",2019,2020,8.4,7.9,-0.05952380952380952
523,Washington,"Yakima, WA",2020,2021,7.9,8.4,0.06329113924050632
524,Washington,"Yakima, WA",2021,2022,8.4,8.3,-0.011904761904761862
525,Washington,"Yakima, WA",2022,2023,8.3,8.0,-0.036144578313253094
526,Washington,"Yakima, WA",2023,2024,8.0,7.9,-0.012499999999999956
527,Minnesota,"Rochester, MN",2007,2008,12.8,12.2,-0.04687500000000011
528,Minnesota,"Rochester, MN",2008,2009,12.2,11.1,-0.09016393442622948
529,Minnesota,"Rochester, MN",2009,2010,11.1,11.0,-0.009009009009008978
530,Minnesota,"Rochester, MN",2010,2011,11.0,11.2,0.01818181818181812
531,Minnesota,"Rochester, MN",2011,2012,11.2,11.2,0.0
532,Minnesota,"Rochester, MN",2012,2013,11.2,10.7,-0.044642857142857144
533,Minnesota,"Rochester, MN",2013,2014,10.7,10.8,0.009345794392523497
534,Minnesota,"Rochester, MN",2014,2015,10.8,10.6,-0.018518518518518615
535,Minnesota,"Rochester, MN",2015,2016,10.6,10.2,-0.03773584905660381
536,Minnesota,"Rochester, MN",2016,2017,10.2,10.3,0.009803921568627591
537,Minnesota,"Rochester, MN",2017,2018,10.3,10.8,0.04854368932038835
538,Minnesota,"Rochester, MN",2018,2019,10.8,10.9,0.009259259259259226
539,Minnesota,"Rochester, MN",2019,2020,10.9,9.8,-0.10091743119266051
540,Minnesota,"Rochester, MN",2020,2021,9.8,9.6,-0.02040816326530623
541,Minnesota,"Rochester, MN",2021,2022,9.6,9.5,-0.01041666666666663
542,Minnesota,"Rochester, MN",2022,2023,9.5,9.1,-0.04210526315789478
543,Minnesota,"Rochester, MN",2023,2024,9.1,9.0,-0.01098901098901095
544,North Carolina,"Durham-Chapel Hill, NC",2007,2008,43.3,41.0,-0.053117782909930654
545,North Carolina,"Durham-Chapel Hill, NC",2008,2009,41.0,34.9,-0.14878048780487807
546,North Carolina,"Durham-Chapel Hill, NC",2009,2010,34.9,34.4,-0.014326647564469915
547,North Carolina,"Durham-Chapel Hill, NC",2010,2011,34.4,32.5,-0.05523255813953484
548,North Carolina,"Durham-Chapel Hill, NC",2011,2012,32.5,33.6,0.03384615384615389
549,North Carolina,"Durham-Chapel Hill, NC",2012,2013,33.6,33.8,0.005952380952380825
550,North Carolina,"Durham-Chapel Hill, NC",2013,2014,33.8,34.2,0.011834319526627389
551,North Carolina,"Durham-Chapel Hill, NC",2014,2015,34.2,33.8,-0.011695906432748704
552,North Carolina,"Durham-Chapel Hill, NC",2015,2016,33.8,32.6,-0.03550295857988153
553,North Carolina,"Durham-Chapel Hill, NC",2016,2017,32.6,32.1,-0.015337423312883436
554,North Carolina,"Durham-Chapel Hill, NC",2017,2018,32.1,31.9,-0.006230529595015665
555,North Carolina,"Durham-Chapel Hill, NC",2018,2019,31.9,31.5,-0.012539184952978013
556,North Carolina,"Durham-Chapel Hill, NC",2019,2020,31.5,29.8,-0.05396825396825394
557,North Carolina,"Durham-Chapel Hill, NC",2020,2021,29.8,29.7,-0.003355704697986625
558,North Carolina,"Durham-Chapel Hill, NC",2021,2022,29.7,29.5,-0.00673400673400671
559,North Carolina,"Durham-Chapel Hill, NC",2022,2023,29.5,29.5,0.0
560,North Carolina,"Durham-Chapel Hill, NC",2023,2024,29.5,28.3,-0.04067796610169489
561,Pennsylvania,"York-Hanover, PA",2007,2008,37.9,37.1,-0.021108179419524992
562,Pennsylvania,"York-Hanover, PA",2008,2009,37.1,32.8,-0.11590296495956884
563,Pennsylvania,"York-Hanover, PA",2009,2010,32.8,32.2,-0.018292682926829097
564,Pennsylvania,"York-Hanover, PA",2010,2011,32.2,31.8,-0.01242236024844727
565,Pennsylvania,"York-Hanover, PA",2011,2012,31.8,31.4,-0.012578616352201324
566,Pennsylvania,"York-Hanover, PA",2012,2013,31.4,30.9,-0.01592356687898089
567,Pennsylvania,"York-Hanover, PA",2013,2014,30.9,31.1,0.0064724919093852055
568,Pennsylvania,"York-Hanover, PA",2014,2015,31.1,31.2,0.0032154340836012176
569,Pennsylvania,"York-Hanover, PA",2015,2016,31.2,30.8,-0.012820512820512775
570,Pennsylvania,"York-Hanover, PA",2016,2017,30.8,30.7,-0.003246753246753293
571,Pennsylvania,"York-Hanover, PA",2017,2018,30.7,31.4,0.02280130293159607
572,Pennsylvania,"York-Hanover, PA",2018,2019,31.4,32.5,0.03503184713375801
573,Pennsylvania,"York-Hanover, PA",2019,2020,32.5,30.9,-0.04923076923076927
574,Pennsylvania,"York-Hanover, PA",2020,2021,30.9,31.8,0.02912621359223308
575,Pennsylvania,"York-Hanover, PA",2021,2022,31.8,32.9,0.03459119496855339
576,Pennsylvania,"York-Hanover, PA",2022,2023,32.9,33.0,0.0030395136778115935
577,Pennsylvania,"York-Hanover, PA",2023,2024,33.0,32.6,-0.012121212121212078
578,Louisiana,"Slidell-Mandeville-Covington, LA",2007,2008,3.5,3.4,-0.0285714285714286
579,Louisiana,"Slidell-Mandeville-Covington, LA",2008,2009,3.4,3.2,-0.05882352941176463
580,Louisiana,"Slidell-Mandeville-Covington, LA",2009,2010,3.2,3.0,-0.06250000000000006
581,Louisiana,"Slidell-Mandeville-Covington, LA",2010,2011,3.0,3.1,0.03333333333333336
582,Louisiana,"Slidell-Mandeville-Covington, LA",2011,2012,3.1,3.2,0.03225806451612906
583,Louisiana,"Slidell-Mandeville-Covington, LA",2012,2013,3.2,3.4,0.06249999999999992
584,Louisiana,"Slidell-Mandeville-Covington, LA",2013,2014,3.4,3.2,-0.05882352941176463
585,Louisiana,"Slidell-Mandeville-Covington, LA",2014,2015,3.2,3.4,0.06249999999999992
586,Louisiana,"Slidell-Mandeville-Covington, LA",2015,2016,3.4,3.4,0.0
587,Louisiana,"Slidell-Mandeville-Covington, LA",2016,2017,3.4,3.3,-0.02941176470588238
588,Louisiana,"Slidell-Mandeville-Covington, LA",2017,2018,3.3,3.1,-0.06060606060606053
589,Louisiana,"Slidell-Mandeville-Covington, LA",2018,2019,3.1,3.1,0.0
590,Louisiana,"Slidell-Mandeville-Covington, LA",2019,2020,3.1,3.0,-0.03225806451612906
591,Louisiana,"Slidell-Mandeville-Covington, LA",2020,2021,3.0,3.2,0.06666666666666672
592,Louisiana,"Slidell-Mandeville-Covington, LA",2021,2022,3.2,3.3,0.03124999999999989
593,Louisiana,"Slidell-Mandeville-Covington, LA",2022,2023,3.3,3.4,0.03030303030303033
594,Louisiana,"Slidell-Mandeville-Covington, LA",2023,2024,3.4,3.2,-0.05882352941176463
595,Ohio,"Akron, OH",2007,2008,46.5,43.4,-0.0666666666666667
596,Ohio,"Akron, OH",2008,2009,43.4,37.7,-0.13133640552995382
597,Ohio,"Akron, OH",2009,2010,37.7,38.5,0.021220159151193557
598,Ohio,"Akron, OH",2010,2011,38.5,39.9,0.03636363636363633
599,Ohio,"Akron, OH",2011,2012,39.9,40.5,0.015037593984962442
600,Ohio,"Akron, OH",2012,2013,40.5,40.3,-0.004938271604938342
601,Ohio,"Akron, OH",2013,2014,40.3,40.7,0.009925558312655229
602,Ohio,"Akron, OH",2014,2015,40.7,41.0,0.007371007371007301
603,Ohio,"Akron, OH",2015,2016,41.0,39.5,-0.036585365853658534
604,Ohio,"Akron, OH",2016,2017,39.5,39.4,-0.002531645569620289
605,Ohio,"Akron, OH",2017,2018,39.4,40.0,0.015228426395939123
606,Ohio,"Akron, OH",2018,2019,40.0,39.4,-0.015000000000000036
607,Ohio,"Akron, OH",2019,2020,39.4,37.0,-0.06091370558375631
608,Ohio,"Akron, OH",2020,2021,37.0,37.7,0.018918918918918996
609,Ohio,"Akron, OH",2021,2022,37.7,38.1,0.010610079575596778
610,Ohio,"Akron, OH",2022,2023,38.1,37.7,-0.010498687664041956
611,Ohio,"Akron, OH",2023,2024,37.7,37.1,-0.015915119363395264
612,Alabama,"Dothan, AL",2007,2008,7.3,6.6,-0.09589041095890413
613,Alabama,"Dothan, AL",2008,2009,6.6,5.7,-0.1363636363636363
614,Alabama,"Dothan, AL",2009,2010,5.7,5.1,-0.10526315789473693
615,Alabama,"Dothan, AL",2010,2011,5.1,4.9,-0.039215686274509665
616,Alabama,"Dothan, AL",2011,2012,4.9,4.7,-0.040816326530612276
617,Alabama,"Dothan, AL",2012,2013,4.7,4.7,0.0
618,Alabama,"Dothan, AL",2013,2014,4.7,4.4,-0.0638297872340425
619,Alabama,"Dothan, AL",2014,2015,4.4,4.4,0.0
620,Alabama,"Dothan, AL",2015,2016,4.4,5.0,0.13636363636363627
621,Alabama,"Dothan, AL",2016,2017,5.0,5.5,0.1
622,Alabama,"Dothan, AL",2017,2018,5.5,5.4,-0.01818181818181812
623,Alabama,"Dothan, AL",2018,2019,5.4,5.4,0.0
624,Alabama,"Dothan, AL",2019,2020,5.4,5.4,0.0
625,Alabama,"Dothan, AL",2020,2021,5.4,5.2,-0.03703703703703707
626,Alabama,"Dothan, AL",2021,2022,5.2,5.3,0.019230769230769162
627,Alabama,"Dothan, AL",2022,2023,5.3,5.5,0.03773584905660381
628,Alabama,"Dothan, AL",2023,2024,5.5,5.8,0.054545454545454515
629,Vermont,"Burlington-South Burlington, VT",2007,2008,14.9,14.4,-0.03355704697986577
630,Vermont,"Burlington-South Burlington, VT",2008,2009,14.4,13.8,-0.041666666666666644
631,Vermont,"Burlington-South Burlington, VT",2009,2010,13.8,13.9,0.007246376811594177
632,Vermont,"Burlington-South Burlington, VT",2010,2011,13.9,14.4,0.03597122302158273
633,Vermont,"Burlington-South Burlington, VT",2011,2012,14.4,14.0,-0.0277777777777778
634,Vermont,"Burlington-South Burlington, VT",2012,2013,14.0,13.6,-0.0285714285714286
635,Vermont,"Burlington-South Burlington, VT",2013,2014,13.6,13.2,-0.02941176470588238
636,Vermont,"Burlington-South Burlington, VT",2014,2015,13.2,12.9,-0.022727272727272648
637,Vermont,"Burlington-South Burlington, VT",2015,2016,12.9,12.5,-0.031007751937984523
638,Vermont,"Burlington-South Burlington, VT",2016,2017,12.5,12.4,-0.007999999999999972
639,Vermont,"Burlington-South Burlington, VT",2017,2018,12.4,12.4,0.0
640,Vermont,"Burlington-South Burlington, VT",2018,2019,12.4,12.3,-0.008064516129032228
641,Vermont,"Burlington-South Burlington, VT",2019,2020,12.3,11.7,-0.04878048780487816
642,Vermont,"Burlington-South Burlington, VT",2020,2021,11.7,11.9,0.017094017094017186
643,Vermont,"Burlington-South Burlington, VT",2021,2022,11.9,12.2,0.025210084033613356
644,Vermont,"Burlington-South Burlington, VT",2022,2023,12.2,11.8,-0.03278688524590152
645,Vermont,"Burlington-South Burlington, VT",2023,2024,11.8,11.4,-0.03389830508474579
646,North Carolina,"Winston-Salem, NC",2007,2008,37.2,34.3,-0.07795698924731198
647,North Carolina,"Winston-Salem, NC",2008,2009,34.3,29.9,-0.12827988338192417
648,North Carolina,"Winston-Salem, NC",2009,2010,29.9,29.0,-0.030100334448160487
649,North Carolina,"Winston-Salem, NC",2010,2011,29.0,28.4,-0.02068965517241384
650,North Carolina,"Winston-Salem, NC",2011,2012,28.4,28.7,0.010563380281690167
651,North Carolina,"Winston-Salem, NC",2012,2013,28.7,29.8,0.038327526132404234
652,North Carolina,"Winston-Salem, NC",2013,2014,29.8,31.4,0.053691275167785164
653,North Carolina,"Winston-Salem, NC",2014,2015,31.4,32.6,0.038216560509554236
654,North Carolina,"Winston-Salem, NC",2015,2016,32.6,32.4,-0.006134969325153461
655,North Carolina,"Winston-Salem, NC",2016,2017,32.4,32.8,0.012345679012345635
656,North Carolina,"Winston-Salem, NC",2017,2018,32.8,33.1,0.009146341463414765
657,North Carolina,"Winston-Salem, NC",2018,2019,33.1,33.5,0.012084592145015062
658,North Carolina,"Winston-Salem, NC",2019,2020,33.5,33.1,-0.011940298507462643
659,North Carolina,"Winston-Salem, NC",2020,2021,33.1,34.4,0.03927492447129901
660,North Carolina,"Winston-Salem, NC",2021,2022,34.4,34.9,0.014534883720930232
661,North Carolina,"Winston-Salem, NC",2022,2023,34.9,33.9,-0.02865329512893983
662,North Carolina,"Winston-Salem, NC",2023,2024,33.9,33.3,-0.01769911504424783
663,New Jersey,"Vineland, NJ",2007,2008,9.2,9.0,-0.021739130434782532
664,New Jersey,"Vineland, NJ",2008,2009,9.0,8.4,-0.06666666666666662
665,New Jersey,"Vineland, NJ",2009,2010,8.4,8.5,0.011904761904761862
666,New Jersey,"Vineland, NJ",2010,2011,8.5,8.2,-0.035294117647058906
667,New Jersey,"Vineland, NJ",2011,2012,8.2,8.3,0.012195121951219686
668,New Jersey,"Vineland, NJ",2012,2013,8.3,8.3,0.0
669,New Jersey,"Vineland, NJ",2013,2014,8.3,8.5,0.024096385542168586
670,New Jersey,"Vineland, NJ",2014,2015,8.5,8.5,0.0
671,New Jersey,"Vineland, NJ",2015,2016,8.5,9.3,0.09411764705882361
672,New Jersey,"Vineland, NJ",2016,2017,9.3,9.3,0.0
673,New Jersey,"Vineland, NJ",2017,2018,9.3,9.1,-0.021505376344086134
674,New Jersey,"Vineland, NJ",2018,2019,9.1,9.0,-0.01098901098901095
675,New Jersey,"Vineland, NJ",2019,2020,9.0,8.1,-0.10000000000000003
676,New Jersey,"Vineland, NJ",2020,2021,8.1,8.6,0.0617283950617284
677,New Jersey,"Vineland, NJ",2021,2022,8.6,8.7,0.011627906976744146
678,New Jersey,"Vineland, NJ",2022,2023,8.7,8.6,-0.011494252873563178
679,New Jersey,"Vineland, NJ",2023,2024,8.6,8.4,-0.023255813953488292
680,Iowa,"Davenport-Moline-Rock Island, IA-IL",2007,2008,26.1,25.0,-0.04214559386973185
681,Iowa,"Davenport-Moline-Rock Island, IA-IL",2008,2009,25.0,21.9,-0.12400000000000005
682,Iowa,"Davenport-Moline-Rock Island, IA-IL",2009,2010,21.9,23.0,0.05022831050228317
683,Iowa,"Davenport-Moline-Rock Island, IA-IL",2010,2011,23.0,23.5,0.021739130434782608
684,Iowa,"Davenport-Moline-Rock Island, IA-IL",2011,2012,23.5,24.5,0.0425531914893617
685,Iowa,"Davenport-Moline-Rock Island, IA-IL",2012,2013,24.5,24.5,0.0
686,Iowa,"Davenport-Moline-Rock Island, IA-IL",2013,2014,24.5,24.1,-0.01632653061224484
687,Iowa,"Davenport-Moline-Rock Island, IA-IL",2014,2015,24.1,23.5,-0.024896265560166032
688,Iowa,"Davenport-Moline-Rock Island, IA-IL",2015,2016,23.5,23.2,-0.012765957446808541
689,Iowa,"Davenport-Moline-Rock Island, IA-IL",2016,2017,23.2,23.6,0.01724137931034492
690,Iowa,"Davenport-Moline-Rock Island, IA-IL",2017,2018,23.6,24.5,0.03813559322033892
691,Iowa,"Davenport-Moline-Rock Island, IA-IL",2018,2019,24.5,23.8,-0.028571428571428543
692,Iowa,"Davenport-Moline-Rock Island, IA-IL",2019,2020,23.8,22.5,-0.054621848739495826
693,Iowa,"Davenport-Moline-Rock Island, IA-IL",2020,2021,22.5,25.0,0.1111111111111111
694,Iowa,"Davenport-Moline-Rock Island, IA-IL",2021,2022,25.0,25.7,0.027999999999999973
695,Iowa,"Davenport-Moline-Rock Island, IA-IL",2022,2023,25.7,24.9,-0.03112840466926073
696,Iowa,"Davenport-Moline-Rock Island, IA-IL",2023,2024,24.9,23.3,-0.06425702811244972
697,Indiana,"Elkhart-Goshen, IN",2007,2008,60.6,42.6,-0.297029702970297
698,Indiana,"Elkhart-Goshen, IN",2008,2009,42.6,41.1,-0.035211267605633804
699,Indiana,"Elkhart-Goshen, IN",2009,2010,41.1,44.4,0.08029197080291964
700,Indiana,"Elkhart-Goshen, IN",2010,2011,44.4,47.5,0.06981981981981986
701,Indiana,"Elkhart-Goshen, IN",2011,2012,47.5,52.6,0.10736842105263161
702,Indiana,"Elkhart-Goshen, IN",2012,2013,52.6,56.2,0.0684410646387833
703,Indiana,"Elkhart-Goshen, IN",2013,2014,56.2,59.6,0.06049822064056937
704,Indiana,"Elkhart-Goshen, IN",2014,2015,59.6,62.0,0.0402684563758389
705,Indiana,"Elkhart-Goshen, IN",2015,2016,62.0,65.7,0.05967741935483876
706,Indiana,"Elkhart-Goshen, IN",2016,2017,65.7,71.3,0.08523592085235912
707,Indiana,"Elkhart-Goshen, IN",2017,2018,71.3,69.3,-0.028050490883590466
708,Indiana,"Elkhart-Goshen, IN",2018,2019,69.3,64.9,-0.06349206349206338
709,Indiana,"Elkhart-Goshen, IN",2019,2020,64.9,68.0,0.0477657935285053
710,Indiana,"Elkhart-Goshen, IN",2020,2021,68.0,75.6,0.11176470588235286
711,Indiana,"Elkhart-Goshen, IN",2021,2022,75.6,72.0,-0.04761904761904755
712,Indiana,"Elkhart-Goshen, IN",2022,2023,72.0,62.7,-0.12916666666666662
713,Indiana,"Elkhart-Goshen, IN",2023,2024,62.7,60.3,-0.03827751196172258
714,Georgia,"Columbus, GA-AL",2007,2008,10.9,10.2,-0.06422018348623863
715,Georgia,"Columbus, GA-AL",2008,2009,10.2,9.3,-0.08823529411764693
716,Georgia,"Columbus, GA-AL",2009,2010,9.3,9.9,0.06451612903225802
717,Georgia,"Columbus, GA-AL",2010,2011,9.9,10.6,0.07070707070707064
718,Georgia,"Columbus, GA-AL",2011,2012,10.6,10.5,-0.00943396226415091
719,Georgia,"Columbus, GA-AL",2012,2013,10.5,11.0,0.047619047619047616
720,Georgia,"Columbus, GA-AL",2013,2014,11.0,10.9,-0.00909090909090906
721,Georgia,"Columbus, GA-AL",2014,2015,10.9,10.0,-0.08256880733944957
722,Georgia,"Columbus, GA-AL",2015,2016,10.0,10.3,0.030000000000000072
723,Georgia,"Columbus, GA-AL",2016,2017,10.3,10.9,0.05825242718446598
724,Georgia,"Columbus, GA-AL",2017,2018,10.9,11.4,0.04587155963302752
725,Georgia,"Columbus, GA-AL",2018,2019,11.4,11.0,-0.03508771929824565
726,Georgia,"Columbus, GA-AL",2019,2020,11.0,10.2,-0.0727272727272728
727,Georgia,"Columbus, GA-AL",2020,2021,10.2,10.0,-0.019607843137254832
728,Georgia,"Columbus, GA-AL",2021,2022,10.0,10.1,0.009999999999999964
729,Georgia,"Columbus, GA-AL",2022,2023,10.1,11.2,0.10891089108910888
730,Georgia,"Columbus, GA-AL",2023,2024,11.2,10.8,-0.03571428571428559
731,Georgia,"Gainesville, GA",2007,2008,17.5,16.7,-0.045714285714285756
732,Georgia,"Gainesville, GA",2008,2009,16.7,15.1,-0.09580838323353291
733,Georgia,"Gainesville, GA",2009,2010,15.1,15.4,0.019867549668874218
734,Georgia,"Gainesville, GA",2010,2011,15.4,16.4,0.06493506493506482
735,Georgia,"Gainesville, GA",2011,2012,16.4,17.0,0.036585365853658625
736,Georgia,"Gainesville, GA",2012,2013,17.0,17.6,0.035294117647058906
737,Georgia,"Gainesville, GA",2013,2014,17.6,18.8,0.06818181818181814
738,Georgia,"Gainesville, GA",2014,2015,18.8,19.4,0.03191489361702116
739,Georgia,"Gainesville, GA",2015,2016,19.4,20.3,0.0463917525773197
740,Georgia,"Gainesville, GA",2016,2017,20.3,21.2,0.04433497536945805
741,Georgia,"Gainesville, GA",2017,2018,21.2,21.2,0.0
742,Georgia,"Gainesville, GA",2018,2019,21.2,21.3,0.004716981132075539
743,Georgia,"Gainesville, GA",2019,2020,21.3,20.5,-0.037558685446009425
744,Georgia,"Gainesville, GA",2020,2021,20.5,21.6,0.05365853658536592
745,Georgia,"Gainesville, GA",2021,2022,21.6,23.8,0.10185185185185182
746,Georgia,"Gainesville, GA",2022,2023,23.8,25.4,0.06722689075630243
747,Georgia,"Gainesville, GA",2023,2024,25.4,25.5,0.003937007874015804
748,Colorado,"Colorado Springs, CO",2007,2008,14.9,12.9,-0.1342281879194631
749,Colorado,"Colorado Springs, CO",2008,2009,12.9,11.2,-0.13178294573643418
750,Colorado,"Colorado Springs, CO",2009,2010,11.2,11.2,0.0
751,Colorado,"Colorado Springs, CO",2010,2011,11.2,11.9,0.0625000000000001
752,Colorado,"Colorado Springs, CO",2011,2012,11.9,11.7,-0.01680672268907572
753,Colorado,"Colorado Springs, CO",2012,2013,11.7,12.1,0.03418803418803422
754,Colorado,"Colorado Springs, CO",2013,2014,12.1,11.9,-0.016528925619834652
755,Colorado,"Colorado Springs, CO",2014,2015,11.9,11.7,-0.01680672268907572
756,Colorado,"Colorado Springs, CO",2015,2016,11.7,11.5,-0.017094017094017033
757,Colorado,"Colorado Springs, CO",2016,2017,11.5,11.7,0.017391304347826025
758,Colorado,"Colorado Springs, CO",2017,2018,11.7,11.8,0.00854700854700867
759,Colorado,"Colorado Springs, CO",2018,2019,11.8,12.0,0.01694915254237282
760,Colorado,"Colorado Springs, CO",2019,2020,12.0,11.5,-0.041666666666666664
761,Colorado,"Colorado Springs, CO",2020,2021,11.5,11.9,0.0347826086956522
762,Colorado,"Colorado Springs, CO",2021,2022,11.9,12.3,0.03361344537815129
763,Colorado,"Colorado Springs, CO",2022,2023,12.3,12.4,0.00813008130081298
764,Colorado,"Colorado Springs, CO",2023,2024,12.4,12.1,-0.024193548387096833
765,Illinois,"Bloomington, IL",2007,2008,5.8,5.7,-0.01724137931034477
766,Illinois,"Bloomington, IL",2008,2009,5.7,4.0,-0.29824561403508776
767,Illinois,"Bloomington, IL",2009,2010,4.0,4.1,0.02499999999999991
768,Illinois,"Bloomington, IL",2010,2011,4.1,4.2,0.024390243902439157
769,Illinois,"Bloomington, IL",2011,2012,4.2,4.4,0.04761904761904766
770,Illinois,"Bloomington, IL",2012,2013,4.4,4.3,-0.022727272727272846
771,Illinois,"Bloomington, IL",2013,2014,4.3,4.2,-0.023255813953488292
772,Illinois,"Bloomington, IL",2014,2015,4.2,3.1,-0.2619047619047619
773,Illinois,"Bloomington, IL",2015,2016,3.1,2.7,-0.1290322580645161
774,Illinois,"Bloomington, IL",2016,2017,2.7,2.7,0.0
775,Illinois,"Bloomington, IL",2017,2018,2.7,3.1,0.1481481481481481
776,Illinois,"Bloomington, IL",2018,2019,3.1,3.3,0.06451612903225798
777,Illinois,"Bloomington, IL",2019,2020,3.3,3.7,0.12121212121212133
778,Illinois,"Bloomington, IL",2020,2021,3.7,6.8,0.8378378378378377
779,Illinois,"Bloomington, IL",2021,2022,6.8,9.4,0.3823529411764707
780,Illinois,"Bloomington, IL",2022,2023,9.4,11.3,0.20212765957446813
781,Illinois,"Bloomington, IL",2023,2024,11.3,8.8,-0.22123893805309733
782,New York,"Buffalo-Cheektowaga, NY",2007,2008,59.4,56.1,-0.05555555555555551
783,New York,"Buffalo-Cheektowaga, NY",2008,2009,56.1,50.1,-0.10695187165775401
784,New York,"Buffalo-Cheektowaga, NY",2009,2010,50.1,50.5,0.007984031936127716
785,New York,"Buffalo-Cheektowaga, NY",2010,2011,50.5,51.4,0.017821782178217793
786,New York,"Buffalo-Cheektowaga, NY",2011,2012,51.4,51.5,0.0019455252918288216
787,New York,"Buffalo-Cheektowaga, NY",2012,2013,51.5,52.2,0.013592233009708793
788,New York,"Buffalo-Cheektowaga, NY",2013,2014,52.2,52.6,0.007662835249042118
789,New York,"Buffalo-Cheektowaga, NY",2014,2015,52.6,52.6,0.0
790,New York,"Buffalo-Cheektowaga, NY",2015,2016,52.6,52.0,-0.011406844106463905
791,New York,"Buffalo-Cheektowaga, NY",2016,2017,52.0,52.2,0.003846153846153901
792,New York,"Buffalo-Cheektowaga, NY",2017,2018,52.2,52.9,0.013409961685823672
793,New York,"Buffalo-Cheektowaga, NY",2018,2019,52.9,52.6,-0.0056710775047258445
794,New York,"Buffalo-Cheektowaga, NY",2019,2020,52.6,49.5,-0.05893536121673006
795,New York,"Buffalo-Cheektowaga, NY",2020,2021,49.5,52.1,0.05252525252525255
796,New York,"Buffalo-Cheektowaga, NY",2021,2022,52.1,53.9,0.034548944337811846
797,New York,"Buffalo-Cheektowaga, NY",2022,2023,53.9,54.2,0.005565862708719931
798,New York,"Buffalo-Cheektowaga, NY",2023,2024,54.2,53.1,-0.020295202952029544
799,California,"Vallejo, CA",2007,2008,9.6,9.2,-0.041666666666666706
800,California,"Vallejo, CA",2008,2009,9.2,8.5,-0.07608695652173907
801,California,"Vallejo, CA",2009,2010,8.5,8.3,-0.0235294117647058
802,California,"Vallejo, CA",2010,2011,8.3,8.4,0.012048192771084293
803,California,"Vallejo, CA",2011,2012,8.4,8.6,0.023809523809523725
804,California,"Vallejo, CA",2012,2013,8.6,8.9,0.03488372093023264
805,California,"Vallejo, CA",2013,2014,8.9,9.7,0.08988764044943807
806,California,"Vallejo, CA",2014,2015,9.7,10.1,0.041237113402061897
807,California,"Vallejo, CA",2015,2016,10.1,10.3,0.01980198019801991
808,California,"Vallejo, CA",2016,2017,10.3,10.8,0.04854368932038835
809,California,"Vallejo, CA",2017,2018,10.8,11.1,0.027777777777777676
810,California,"Vallejo, CA",2018,2019,11.1,11.3,0.018018018018018115
811,California,"Vallejo, CA",2019,2020,11.3,10.7,-0.05309734513274349
812,California,"Vallejo, CA",2020,2021,10.7,11.0,0.028037383177570162
813,California,"Vallejo, CA",2021,2022,11.0,11.0,0.0
814,California,"Vallejo, CA",2022,2023,11.0,11.1,0.00909090909090906
815,California,"Vallejo, CA",2023,2024,11.1,11.2,0.009009009009008978
816,Connecticut,"Bridgeport-Stamford-Danbury, CT",2007,2008,35.8,34.6,-0.03351955307262558
817,Connecticut,"Bridgeport-Stamford-Danbury, CT",2008,2009,34.6,31.9,-0.07803468208092493
818,Connecticut,"Bridgeport-Stamford-Danbury, CT",2009,2010,31.9,31.4,-0.015673981191222573
819,Connecticut,"Bridgeport-Stamford-Danbury, CT",2010,2011,31.4,31.1,-0.009554140127388444
820,Connecticut,"Bridgeport-Stamford-Danbury, CT",2011,2012,31.1,29.8,-0.04180064308681674
821,Connecticut,"Bridgeport-Stamford-Danbury, CT",2012,2013,29.8,29.3,-0.016778523489932886
822,Connecticut,"Bridgeport-Stamford-Danbury, CT",2013,2014,29.3,28.3,-0.034129692832764506
823,Connecticut,"Bridgeport-Stamford-Danbury, CT",2014,2015,28.3,28.0,-0.010600706713780944
824,Connecticut,"Bridgeport-Stamford-Danbury, CT",2015,2016,28.0,27.7,-0.01071428571428574
825,Connecticut,"Bridgeport-Stamford-Danbury, CT",2016,2017,27.7,26.9,-0.028880866425992805
826,Connecticut,"Bridgeport-Stamford-Danbury, CT",2017,2018,26.9,27.0,0.003717472118959161
827,Connecticut,"Bridgeport-Stamford-Danbury, CT",2018,2019,27.0,26.5,-0.018518518518518517
828,Connecticut,"Bridgeport-Stamford-Danbury, CT",2019,2020,26.5,25.6,-0.03396226415094334
829,Connecticut,"Bridgeport-Stamford-Danbury, CT",2020,2021,25.6,26.7,0.04296874999999992
830,Connecticut,"Bridgeport-Stamford-Danbury, CT",2021,2022,26.7,27.9,0.04494382022471908
831,Connecticut,"Bridgeport-Stamford-Danbury, CT",2022,2023,27.9,27.6,-0.01075268817204291
832,Connecticut,"Bridgeport-Stamford-Danbury, CT",2023,2024,27.6,27.0,-0.02173913043478266
833,Ohio,"Mansfield, OH",2007,2008,12.7,10.9,-0.14173228346456684
834,Ohio,"Mansfield, OH",2008,2009,10.9,8.8,-0.19266055045871555
835,Ohio,"Mansfield, OH",2009,2010,8.8,8.9,0.011363636363636322
836,Ohio,"Mansfield, OH",2010,2011,8.9,9.2,0.03370786516853921
837,Ohio,"Mansfield, OH",2011,2012,9.2,9.4,0.021739130434782726
838,Ohio,"Mansfield, OH",2012,2013,9.4,9.5,0.010638297872340387
839,Ohio,"Mansfield, OH",2013,2014,9.5,9.5,0.0
840,Ohio,"Mansfield, OH",2014,2015,9.5,9.7,0.021052631578947295
841,Ohio,"Mansfield, OH",2015,2016,9.7,9.7,0.0
842,Ohio,"Mansfield, OH",2016,2017,9.7,10.1,0.041237113402061897
843,Ohio,"Mansfield, OH",2017,2018,10.1,10.2,0.009900990099009866
844,Ohio,"Mansfield, OH",2018,2019,10.2,9.9,-0.029411764705882252
845,Ohio,"Mansfield, OH",2019,2020,9.9,9.2,-0.07070707070707082
846,Ohio,"Mansfield, OH",2020,2021,9.2,9.5,0.032608695652173995
847,Ohio,"Mansfield, OH",2021,2022,9.5,9.3,-0.021052631578947295
848,Ohio,"Mansfield, OH",2022,2023,9.3,9.5,0.021505376344085943
849,Ohio,"Mansfield, OH",2023,2024,9.5,9.5,0.0
850,Oklahoma,"Oklahoma City, OK",2007,2008,36.2,35.2,-0.027624309392265192
851,Oklahoma,"Oklahoma City, OK",2008,2009,35.2,29.8,-0.15340909090909097
852,Oklahoma,"Oklahoma City, OK",2009,2010,29.8,30.9,0.036912751677852275
853,Oklahoma,"Oklahoma City, OK",2010,2011,30.9,33.2,0.07443365695792895
854,Oklahoma,"Oklahoma City, OK",2011,2012,33.2,35.2,0.06024096385542168
855,Oklahoma,"Oklahoma City, OK",2012,2013,35.2,36.5,0.0369318181818181
856,Oklahoma,"Oklahoma City, OK",2013,2014,36.5,37.9,0.038356164383561604
857,Oklahoma,"Oklahoma City, OK",2014,2015,37.9,35.7,-0.05804749340369382
858,Oklahoma,"Oklahoma City, OK",2015,2016,35.7,33.1,-0.0728291316526611
859,Oklahoma,"Oklahoma City, OK",2016,2017,33.1,33.2,0.0030211480362538194
860,Oklahoma,"Oklahoma City, OK",2017,2018,33.2,33.2,0.0
861,Oklahoma,"Oklahoma City, OK",2018,2019,33.2,33.7,0.01506024096385542
862,Oklahoma,"Oklahoma City, OK",2019,2020,33.7,31.4,-0.06824925816023751
863,Oklahoma,"Oklahoma City, OK",2020,2021,31.4,34.2,0.08917197452229314
864,Oklahoma,"Oklahoma City, OK",2021,2022,34.2,36.0,0.052631578947368335
865,Oklahoma,"Oklahoma City, OK",2022,2023,36.0,36.9,0.02499999999999996
866,Oklahoma,"Oklahoma City, OK",2023,2024,36.9,35.5,-0.037940379403794
867,Texas,"Sherman-Denison, TX",2007,2008,6.1,5.9,-0.03278688524590152
868,Texas,"Sherman-Denison, TX",2008,2009,5.9,5.1,-0.13559322033898316
869,Texas,"Sherman-Denison, TX",2009,2010,5.1,5.4,0.05882352941176485
870,Texas,"Sherman-Denison, TX",2010,2011,5.4,5.4,0.0
871,Texas,"Sherman-Denison, TX",2011,2012,5.4,5.5,0.01851851851851845
872,Texas,"Sherman-Denison, TX",2012,2013,5.5,5.3,-0.0363636363636364
873,Texas,"Sherman-Denison, TX",2013,2014,5.3,5.4,0.018867924528301987
874,Texas,"Sherman-Denison, TX",2014,2015,5.4,5.7,0.05555555555555552
875,Texas,"Sherman-Denison, TX",2015,2016,5.7,5.7,0.0
876,Texas,"Sherman-Denison, TX",2016,2017,5.7,5.7,0.0
877,Texas,"Sherman-Denison, TX",2017,2018,5.7,5.8,0.017543859649122744
878,Texas,"Sherman-Denison, TX",2018,2019,5.8,6.0,0.03448275862068969
879,Texas,"Sherman-Denison, TX",2019,2020,6.0,6.2,0.03333333333333336
880,Texas,"Sherman-Denison, TX",2020,2021,6.2,7.0,0.1290322580645161
881,Texas,"Sherman-Denison, TX",2021,2022,7.0,7.9,0.12857142857142861
882,Texas,"Sherman-Denison, TX",2022,2023,7.9,8.3,0.050632911392405104
883,Texas,"Sherman-Denison, TX",2023,2024,8.3,8.2,-0.012048192771084508
884,South Dakota,"Sioux Falls, SD-MN",2007,2008,13.4,13.6,0.014925373134328304
885,South Dakota,"Sioux Falls, SD-MN",2008,2009,13.6,12.0,-0.11764705882352938
886,South Dakota,"Sioux Falls, SD-MN",2009,2010,12.0,12.3,0.02500000000000006
887,South Dakota,"Sioux Falls, SD-MN",2010,2011,12.3,12.9,0.048780487804878016
888,South Dakota,"Sioux Falls, SD-MN",2011,2012,12.9,13.3,0.031007751937984523
889,South Dakota,"Sioux Falls, SD-MN",2012,2013,13.3,13.6,0.022556390977443528
890,South Dakota,"Sioux Falls, SD-MN",2013,2014,13.6,13.9,0.022058823529411818
891,South Dakota,"Sioux Falls, SD-MN",2014,2015,13.9,13.8,-0.007194244604316521
892,South Dakota,"Sioux Falls, SD-MN",2015,2016,13.8,13.8,0.0
893,South Dakota,"Sioux Falls, SD-MN",2016,2017,13.8,14.2,0.028985507246376708
894,South Dakota,"Sioux Falls, SD-MN",2017,2018,14.2,14.6,0.028169014084507067
895,South Dakota,"Sioux Falls, SD-MN",2018,2019,14.6,14.4,-0.013698630136986254
896,South Dakota,"Sioux Falls, SD-MN",2019,2020,14.4,14.9,0.034722222222222224
897,South Dakota,"Sioux Falls, SD-MN",2020,2021,14.9,15.1,0.01342281879194626
898,South Dakota,"Sioux Falls, SD-MN",2021,2022,15.1,15.2,0.006622516556291367
899,South Dakota,"Sioux Falls, SD-MN",2022,2023,15.2,15.5,0.019736842105263205
900,South Dakota,"Sioux Falls, SD-MN",2023,2024,15.5,15.6,0.006451612903225784
901,Pennsylvania,"Chambersburg, PA",2007,2008,11.0,10.2,-0.0727272727272728
902,Pennsylvania,"Chambersburg, PA",2008,2009,10.2,7.4,-0.27450980392156854
903,Pennsylvania,"Chambersburg, PA",2009,2010,7.4,7.9,0.06756756756756756
904,Pennsylvania,"Chambersburg, PA",2010,2011,7.9,8.8,0.11392405063291143
905,Pennsylvania,"Chambersburg, PA",2011,2012,8.8,9.5,0.07954545454545446
906,Pennsylvania,"Chambersburg, PA",2012,2013,9.5,9.7,0.021052631578947295
907,Pennsylvania,"Chambersburg, PA",2013,2014,9.7,9.8,0.010309278350515611
908,Pennsylvania,"Chambersburg, PA",2014,2015,9.8,9.1,-0.07142857142857154
909,Pennsylvania,"Chambersburg, PA",2015,2016,9.1,8.6,-0.054945054945054944
910,Pennsylvania,"Chambersburg, PA",2016,2017,8.6,9.0,0.046511627906976785
911,Pennsylvania,"Chambersburg, PA",2017,2018,9.0,9.3,0.03333333333333341
912,Pennsylvania,"Chambersburg, PA",2018,2019,9.3,9.1,-0.021505376344086134
913,Pennsylvania,"Chambersburg, PA",2019,2020,9.1,8.8,-0.03296703296703285
914,Pennsylvania,"Chambersburg, PA",2020,2021,8.8,8.7,-0.011363636363636524
915,Pennsylvania,"Chambersburg, PA",2021,2022,8.7,8.8,0.011494252873563383
916,Pennsylvania,"Chambersburg, PA",2022,2023,8.8,8.7,-0.011363636363636524
917,Pennsylvania,"Chambersburg, PA",2023,2024,8.7,8.6,-0.011494252873563178
918,Virginia,"Roanoke, VA",2007,2008,16.9,16.4,-0.02958579881656805
919,Virginia,"Roanoke, VA",2008,2009,16.4,15.9,-0.030487804878048676
920,Virginia,"Roanoke, VA",2009,2010,15.9,16.2,0.01886792452830182
921,Virginia,"Roanoke, VA",2010,2011,16.2,16.5,0.018518518518518563
922,Virginia,"Roanoke, VA",2011,2012,16.5,16.4,-0.0060606060606061465
923,Virginia,"Roanoke, VA",2012,2013,16.4,16.4,0.0
924,Virginia,"Roanoke, VA",2013,2014,16.4,16.3,-0.006097560975609627
925,Virginia,"Roanoke, VA",2014,2015,16.3,15.5,-0.04907975460122704
926,Virginia,"Roanoke, VA",2015,2016,15.5,15.3,-0.012903225806451568
927,Virginia,"Roanoke, VA",2016,2017,15.3,15.5,0.013071895424836555
928,Virginia,"Roanoke, VA",2017,2018,15.5,15.7,0.012903225806451568
929,Virginia,"Roanoke, VA",2018,2019,15.7,15.5,-0.012738853503184669
930,Virginia,"Roanoke, VA",2019,2020,15.5,15.3,-0.012903225806451568
931,Virginia,"Roanoke, VA",2020,2021,15.3,15.8,0.032679738562091505
932,Virginia,"Roanoke, VA",2021,2022,15.8,16.6,0.050632911392405104
933,Virginia,"Roanoke, VA",2022,2023,16.6,17.1,0.03012048192771084
934,Virginia,"Roanoke, VA",2023,2024,17.1,17.6,0.029239766081871343
935,Oregon,"Corvallis, OR",2007,2008,4.6,4.0,-0.1304347826086956
936,Oregon,"Corvallis, OR",2008,2009,4.0,3.4,-0.15000000000000002
937,Oregon,"Corvallis, OR",2009,2010,3.4,3.3,-0.02941176470588238
938,Oregon,"Corvallis, OR",2010,2011,3.3,3.3,0.0
939,Oregon,"Corvallis, OR",2011,2012,3.3,3.1,-0.06060606060606053
940,Oregon,"Corvallis, OR",2012,2013,3.1,3.0,-0.03225806451612906
941,Oregon,"Corvallis, OR",2013,2014,3.0,3.0,0.0
942,Oregon,"Corvallis, OR",2014,2015,3.0,2.8,-0.06666666666666672
943,Oregon,"Corvallis, OR",2015,2016,2.8,2.7,-0.03571428571428559
944,Oregon,"Corvallis, OR",2016,2017,2.7,2.9,0.07407407407407397
945,Oregon,"Corvallis, OR",2017,2018,2.9,3.0,0.03448275862068969
946,Oregon,"Corvallis, OR",2018,2019,3.0,3.1,0.03333333333333336
947,Oregon,"Corvallis, OR",2019,2020,3.1,2.9,-0.06451612903225812
948,Oregon,"Corvallis, OR",2020,2021,2.9,3.0,0.03448275862068969
949,Oregon,"Corvallis, OR",2021,2022,3.0,3.1,0.03333333333333336
950,Oregon,"Corvallis, OR",2022,2023,3.1,2.8,-0.09677419354838718
951,Oregon,"Corvallis, OR",2023,2024,2.8,2.6,-0.07142857142857134
952,Wyoming,"Cheyenne, WY",2007,2008,1.7,1.6,-0.05882352941176463
953,Wyoming,"Cheyenne, WY",2008,2009,1.6,1.5,-0.06250000000000006
954,Wyoming,"Cheyenne, WY",2009,2010,1.5,1.4,-0.06666666666666672
955,Wyoming,"Cheyenne, WY",2010,2011,1.4,1.4,0.0
956,Wyoming,"Cheyenne, WY",2011,2012,1.4,1.3,-0.07142857142857134
957,Wyoming,"Cheyenne, WY",2012,2013,1.3,1.4,0.07692307692307682
958,Wyoming,"Cheyenne, WY",2013,2014,1.4,1.3,-0.07142857142857134
959,Wyoming,"Cheyenne, WY",2014,2015,1.3,1.3,0.0
960,Wyoming,"Cheyenne, WY",2015,2016,1.3,1.3,0.0
961,Wyoming,"Cheyenne, WY",2016,2017,1.3,1.3,0.0
962,Wyoming,"Cheyenne, WY",2017,2018,1.3,1.3,0.0
963,Wyoming,"Cheyenne, WY",2018,2019,1.3,1.4,0.07692307692307682
964,Wyoming,"Cheyenne, WY",2019,2020,1.4,1.1,-0.21428571428571416
965,Wyoming,"Cheyenne, WY",2020,2021,1.1,1.2,0.09090909090909079
966,Wyoming,"Cheyenne, WY",2021,2022,1.2,1.3,0.08333333333333341
967,Wyoming,"Cheyenne, WY",2022,2023,1.3,1.3,0.0
968,Wyoming,"Cheyenne, WY",2023,2024,1.3,1.2,-0.07692307692307698
969,California,"Riverside-San Bernardino-Ontario, CA",2007,2008,114.7,99.4,-0.13339145597210111
970,California,"Riverside-San Bernardino-Ontario, CA",2008,2009,99.4,85.5,-0.13983903420523144
971,California,"Riverside-San Bernardino-Ontario, CA",2009,2010,85.5,85.9,0.004678362573099482
972,California,"Riverside-San Bernardino-Ontario, CA",2010,2011,85.9,85.7,-0.0023282887077998
973,California,"Riverside-San Bernardino-Ontario, CA",2011,2012,85.7,87.0,0.015169194865810936
974,California,"Riverside-San Bernardino-Ontario, CA",2012,2013,87.0,88.6,0.018390804597701083
975,California,"Riverside-San Bernardino-Ontario, CA",2013,2014,88.6,93.4,0.05417607223476311
976,California,"Riverside-San Bernardino-Ontario, CA",2014,2015,93.4,97.3,0.0417558886509635
977,California,"Riverside-San Bernardino-Ontario, CA",2015,2016,97.3,98.3,0.010277492291880781
978,California,"Riverside-San Bernardino-Ontario, CA",2016,2017,98.3,99.1,0.008138351983723268
979,California,"Riverside-San Bernardino-Ontario, CA",2017,2018,99.1,100.7,0.01614530776992945
980,California,"Riverside-San Bernardino-Ontario, CA",2018,2019,100.7,101.0,0.002979145978152901
981,California,"Riverside-San Bernardino-Ontario, CA",2019,2020,101.0,95.1,-0.058415841584158475
982,California,"Riverside-San Bernardino-Ontario, CA",2020,2021,95.1,98.1,0.03154574132492114
983,California,"Riverside-San Bernardino-Ontario, CA",2021,2022,98.1,99.3,0.012232415902140702
984,California,"Riverside-San Bernardino-Ontario, CA",2022,2023,99.3,96.5,-0.028197381671701886
985,California,"Riverside-San Bernardino-Ontario, CA",2023,2024,96.5,94.0,-0.025906735751295335
986,Ohio,"Cincinnati, OH-KY-IN",2007,2008,120.3,115.5,-0.03990024937655858
987,Ohio,"Cincinnati, OH-KY-IN",2008,2009,115.5,104.2,-0.09783549783549782
988,Ohio,"Cincinnati, OH-KY-IN",2009,2010,104.2,103.3,-0.00863723608445303
989,Ohio,"Cincinnati, OH-KY-IN",2010,2011,103.3,105.8,0.02420135527589545
990,Ohio,"Cincinnati, OH-KY-IN",2011,2012,105.8,106.0,0.001890359168241993
991,Ohio,"Cincinnati, OH-KY-IN",2012,2013,106.0,108.5,0.02358490566037736
992,Ohio,"Cincinnati, OH-KY-IN",2013,2014,108.5,112.4,0.035944700460829544
993,Ohio,"Cincinnati, OH-KY-IN",2014,2015,112.4,114.9,0.022241992882562275
994,Ohio,"Cincinnati, OH-KY-IN",2015,2016,114.9,115.8,0.007832898172323684
995,Ohio,"Cincinnati, OH-KY-IN",2016,2017,115.8,118.0,0.01899827288428327
996,Ohio,"Cincinnati, OH-KY-IN",2017,2018,118.0,120.6,0.022033898305084697
997,Ohio,"Cincinnati, OH-KY-IN",2018,2019,120.6,121.1,0.0041459369817578775
998,Ohio,"Cincinnati, OH-KY-IN",2019,2020,121.1,114.5,-0.054500412881915726
999,Ohio,"Cincinnati, OH-KY-IN",2020,2021,114.5,117.0,0.021834061135371178
1000,Ohio,"Cincinnati, OH-KY-IN",2021,2022,117.0,120.0,0.02564102564102564
1001,Ohio,"Cincinnati, OH-KY-IN",2022,2023,120.0,120.5,0.004166666666666667
1002,Ohio,"Cincinnati, OH-KY-IN",2023,2024,120.5,121.9,0.011618257261410836
1003,Georgia,"Athens-Clarke County, GA",2007,2008,8.9,8.2,-0.07865168539325855
1004,Georgia,"Athens-Clarke County, GA",2008,2009,8.2,6.7,-0.1829268292682926
1005,Georgia,"Athens-Clarke County, GA",2009,2010,6.7,6.8,0.014925373134328304
1006,Georgia,"Athens-Clarke County, GA",2010,2011,6.8,6.9,0.014705882352941256
1007,Georgia,"Athens-Clarke County, GA",2011,2012,6.9,6.8,-0.014492753623188482
1008,Georgia,"Athens-Clarke County, GA",2012,2013,6.8,6.5,-0.044117647058823505
1009,Georgia,"Athens-Clarke County, GA",2013,2014,6.5,6.7,0.030769230769230795
1010,Georgia,"Athens-Clarke County, GA",2014,2015,6.7,6.7,0.0
1011,Georgia,"Athens-Clarke County, GA",2015,2016,6.7,6.9,0.029850746268656744
1012,Georgia,"Athens-Clarke County, GA",2016,2017,6.9,6.9,0.0
1013,Georgia,"Athens-Clarke County, GA",2017,2018,6.9,6.7,-0.028985507246376836
1014,Georgia,"Athens-Clarke County, GA",2018,2019,6.7,6.1,-0.08955223880597023
1015,Georgia,"Athens-Clarke County, GA",2019,2020,6.1,6.2,0.016393442622950907
1016,Georgia,"Athens-Clarke County, GA",2020,2021,6.2,6.5,0.04838709677419352
1017,Georgia,"Athens-Clarke County, GA",2021,2022,6.5,6.6,0.01538461538461533
1018,Georgia,"Athens-Clarke County, GA",2022,2023,6.6,7.2,0.090909090909091
1019,Georgia,"Athens-Clarke County, GA",2023,2024,7.2,7.2,0.0
1020,Kansas,"Wichita, KS",2007,2008,65.7,65.8,0.0015220700152206135
1021,Kansas,"Wichita, KS",2008,2009,65.8,51.2,-0.22188449848024308
1022,Kansas,"Wichita, KS",2009,2010,51.2,51.2,0.0
1023,Kansas,"Wichita, KS",2010,2011,51.2,51.6,0.007812499999999972
1024,Kansas,"Wichita, KS",2011,2012,51.6,52.2,0.011627906976744214
1025,Kansas,"Wichita, KS",2012,2013,52.2,51.6,-0.011494252873563244
1026,Kansas,"Wichita, KS",2013,2014,51.6,50.4,-0.023255813953488427
1027,Kansas,"Wichita, KS",2014,2015,50.4,51.2,0.01587301587301596
1028,Kansas,"Wichita, KS",2015,2016,51.2,49.8,-0.02734375000000011
1029,Kansas,"Wichita, KS",2016,2017,49.8,50.6,0.016064257028112535
1030,Kansas,"Wichita, KS",2017,2018,50.6,53.6,0.05928853754940711
1031,Kansas,"Wichita, KS",2018,2019,53.6,54.9,0.024253731343283527
1032,Kansas,"Wichita, KS",2019,2020,54.9,43.6,-0.20582877959927134
1033,Kansas,"Wichita, KS",2020,2021,43.6,48.1,0.10321100917431192
1034,Kansas,"Wichita, KS",2021,2022,48.1,51.6,0.07276507276507277
1035,Kansas,"Wichita, KS",2022,2023,51.6,53.3,0.03294573643410845
1036,Kansas,"Wichita, KS",2023,2024,53.3,52.6,-0.013133208255159396
1037,North Carolina,"Greenville, NC",2007,2008,7.2,6.8,-0.0555555555555556
1038,North Carolina,"Greenville, NC",2008,2009,6.8,6.0,-0.11764705882352938
1039,North Carolina,"Greenville, NC",2009,2010,6.0,6.2,0.03333333333333336
1040,North Carolina,"Greenville, NC",2010,2011,6.2,6.5,0.04838709677419352
1041,North Carolina,"Greenville, NC",2011,2012,6.5,6.8,0.04615384615384613
1042,North Carolina,"Greenville, NC",2012,2013,6.8,6.6,-0.02941176470588238
1043,North Carolina,"Greenville, NC",2013,2014,6.6,6.3,-0.04545454545454543
1044,North Carolina,"Greenville, NC",2014,2015,6.3,6.3,0.0
1045,North Carolina,"Greenville, NC",2015,2016,6.3,6.4,0.01587301587301596
1046,North Carolina,"Greenville, NC",2016,2017,6.4,6.6,0.03124999999999989
1047,North Carolina,"Greenville, NC",2017,2018,6.6,6.8,0.03030303030303033
1048,North Carolina,"Greenville, NC",2018,2019,6.8,6.6,-0.02941176470588238
1049,North Carolina,"Greenville, NC",2019,2020,6.6,6.6,0.0
1050,North Carolina,"Greenville, NC",2020,2021,6.6,6.7,0.015151515151515233
1051,North Carolina,"Greenville, NC",2021,2022,6.7,6.7,0.0
1052,North Carolina,"Greenville, NC",2022,2023,6.7,6.8,0.014925373134328304
1053,North Carolina,"Greenville, NC",2023,2024,6.8,6.7,-0.014705882352941124
1054,Texas,"Wichita Falls, TX",2007,2008,8.2,7.2,-0.12195121951219502
1055,Texas,"Wichita Falls, TX",2008,2009,7.2,5.5,-0.23611111111111113
1056,Texas,"Wichita Falls, TX",2009,2010,5.5,5.2,-0.054545454545454515
1057,Texas,"Wichita Falls, TX",2010,2011,5.2,5.3,0.019230769230769162
1058,Texas,"Wichita Falls, TX",2011,2012,5.3,5.4,0.018867924528301987
1059,Texas,"Wichita Falls, TX",2012,2013,5.4,5.4,0.0
1060,Texas,"Wichita Falls, TX",2013,2014,5.4,5.2,-0.03703703703703707
1061,Texas,"Wichita Falls, TX",2014,2015,5.2,5.0,-0.03846153846153849
1062,Texas,"Wichita Falls, TX",2015,2016,5.0,4.8,-0.040000000000000036
1063,Texas,"Wichita Falls, TX",2016,2017,4.8,5.1,0.062499999999999965
1064,Texas,"Wichita Falls, TX",2017,2018,5.1,5.4,0.05882352941176485
1065,Texas,"Wichita Falls, TX",2018,2019,5.4,5.3,-0.018518518518518615
1066,Texas,"Wichita Falls, TX",2019,2020,5.3,4.3,-0.18867924528301888
1067,Texas,"Wichita Falls, TX",2020,2021,4.3,4.7,0.09302325581395357
1068,Texas,"Wichita Falls, TX",2021,2022,4.7,5.3,0.127659574468085
1069,Texas,"Wichita Falls, TX",2022,2023,5.3,5.3,0.0
1070,Texas,"Wichita Falls, TX",2023,2024,5.3,5.4,0.018867924528301987
1071,California,"San Rafael, CA Metropolitan Division",2007,2008,2.2,2.1,-0.04545454545454549
1072,California,"San Rafael, CA Metropolitan Division",2008,2009,2.1,2.1,0.0
1073,California,"San Rafael, CA Metropolitan Division",2009,2010,2.1,2.1,0.0
1074,California,"San Rafael, CA Metropolitan Division",2010,2011,2.1,2.3,0.09523809523809511
1075,California,"San Rafael, CA Metropolitan Division",2011,2012,2.3,2.6,0.1304347826086958
1076,California,"San Rafael, CA Metropolitan Division",2012,2013,2.6,3.2,0.23076923076923078
1077,California,"San Rafael, CA Metropolitan Division",2013,2014,3.2,3.6,0.12499999999999997
1078,California,"San Rafael, CA Metropolitan Division",2014,2015,3.6,4.1,0.13888888888888876
1079,California,"San Rafael, CA Metropolitan Division",2015,2016,4.1,4.4,0.07317073170731725
1080,California,"San Rafael, CA Metropolitan Division",2016,2017,4.4,4.7,0.06818181818181814
1081,California,"San Rafael, CA Metropolitan Division",2017,2018,4.7,4.9,0.042553191489361736
1082,California,"San Rafael, CA Metropolitan Division",2018,2019,4.9,5.0,0.020408163265306048
1083,California,"San Rafael, CA Metropolitan Division",2019,2020,5.0,4.5,-0.1
1084,California,"San Rafael, CA Metropolitan Division",2020,2021,4.5,4.3,-0.04444444444444448
1085,California,"San Rafael, CA Metropolitan Division",2021,2022,4.3,4.2,-0.023255813953488292
1086,California,"San Rafael, CA Metropolitan Division",2022,2023,4.2,4.3,0.023809523809523725
1087,California,"San Rafael, CA Metropolitan Division",2023,2024,4.3,4.0,-0.06976744186046507
1088,New Mexico,"Albuquerque, NM",2007,2008,22.8,20.7,-0.0921052631578948
1089,New Mexico,"Albuquerque, NM",2008,2009,20.7,17.4,-0.1594202898550725
1090,New Mexico,"Albuquerque, NM",2009,2010,17.4,17.6,0.011494252873563383
1091,New Mexico,"Albuquerque, NM",2010,2011,17.6,17.7,0.0056818181818180605
1092,New Mexico,"Albuquerque, NM",2011,2012,17.7,17.6,-0.005649717514124173
1093,New Mexico,"Albuquerque, NM",2012,2013,17.6,17.0,-0.03409090909090917
1094,New Mexico,"Albuquerque, NM",2013,2014,17.0,16.3,-0.04117647058823525
1095,New Mexico,"Albuquerque, NM",2014,2015,16.3,16.6,0.018404907975460166
1096,New Mexico,"Albuquerque, NM",2015,2016,16.6,15.7,-0.054216867469879644
1097,New Mexico,"Albuquerque, NM",2016,2017,15.7,15.9,0.012738853503184782
1098,New Mexico,"Albuquerque, NM",2017,2018,15.9,16.3,0.025157232704402538
1099,New Mexico,"Albuquerque, NM",2018,2019,16.3,16.9,0.036809815950920116
1100,New Mexico,"Albuquerque, NM",2019,2020,16.9,15.7,-0.07100591715976327
1101,New Mexico,"Albuquerque, NM",2020,2021,15.7,16.7,0.06369426751592357
1102,New Mexico,"Albuquerque, NM",2021,2022,16.7,17.0,0.01796407185628747
1103,New Mexico,"Albuquerque, NM",2022,2023,17.0,17.1,0.005882352941176554
1104,New Mexico,"Albuquerque, NM",2023,2024,17.1,17.3,0.011695906432748496
1105,Louisiana,"Shreveport-Bossier City, LA",2007,2008,14.2,11.4,-0.19718309859154923
1106,Louisiana,"Shreveport-Bossier City, LA",2008,2009,11.4,9.8,-0.14035087719298242
1107,Louisiana,"Shreveport-Bossier City, LA",2009,2010,9.8,10.1,0.030612244897959072
1108,Louisiana,"Shreveport-Bossier City, LA",2010,2011,10.1,10.0,-0.009900990099009866
1109,Louisiana,"Shreveport-Bossier City, LA",2011,2012,10.0,9.1,-0.09000000000000004
1110,Louisiana,"Shreveport-Bossier City, LA",2012,2013,9.1,9.1,0.0
1111,Louisiana,"Shreveport-Bossier City, LA",2013,2014,9.1,9.6,0.054945054945054944
1112,Louisiana,"Shreveport-Bossier City, LA",2014,2015,9.6,9.3,-0.03124999999999989
1113,Louisiana,"Shreveport-Bossier City, LA",2015,2016,9.3,9.1,-0.021505376344086134
1114,Louisiana,"Shreveport-Bossier City, LA",2016,2017,9.1,9.1,0.0
1115,Louisiana,"Shreveport-Bossier City, LA",2017,2018,9.1,9.5,0.043956043956043994
1116,Louisiana,"Shreveport-Bossier City, LA",2018,2019,9.5,9.4,-0.010526315789473648
1117,Louisiana,"Shreveport-Bossier City, LA",2019,2020,9.4,8.5,-0.09574468085106387
1118,Louisiana,"Shreveport-Bossier City, LA",2020,2021,8.5,8.6,0.0117647058823529
1119,Louisiana,"Shreveport-Bossier City, LA",2021,2022,8.6,9.3,0.08139534883720943
1120,Louisiana,"Shreveport-Bossier City, LA",2022,2023,9.3,9.5,0.021505376344085943
1121,Louisiana,"Shreveport-Bossier City, LA",2023,2024,9.5,9.6,0.010526315789473648
1122,Florida,"Jacksonville, FL",2007,2008,33.1,31.8,-0.039274924471299114
1123,Florida,"Jacksonville, FL",2008,2009,31.8,28.2,-0.11320754716981137
1124,Florida,"Jacksonville, FL",2009,2010,28.2,27.8,-0.014184397163120517
1125,Florida,"Jacksonville, FL",2010,2011,27.8,27.6,-0.007194244604316521
1126,Florida,"Jacksonville, FL",2011,2012,27.6,27.8,0.007246376811594177
1127,Florida,"Jacksonville, FL",2012,2013,27.8,27.7,-0.0035971223021583243
1128,Florida,"Jacksonville, FL",2013,2014,27.7,28.8,0.03971119133574012
1129,Florida,"Jacksonville, FL",2014,2015,28.8,28.7,-0.0034722222222222715
1130,Florida,"Jacksonville, FL",2015,2016,28.7,30.3,0.055749128919860676
1131,Florida,"Jacksonville, FL",2016,2017,30.3,31.2,0.029702970297029656
1132,Florida,"Jacksonville, FL",2017,2018,31.2,31.7,0.016025641025641028
1133,Florida,"Jacksonville, FL",2018,2019,31.7,33.3,0.05047318611987375
1134,Florida,"Jacksonville, FL",2019,2020,33.3,32.5,-0.02402402402402394
1135,Florida,"Jacksonville, FL",2020,2021,32.5,33.6,0.03384615384615389
1136,Florida,"Jacksonville, FL",2021,2022,33.6,35.3,0.050595238095237964
1137,Florida,"Jacksonville, FL",2022,2023,35.3,36.0,0.01983002832861198
1138,Florida,"Jacksonville, FL",2023,2024,36.0,36.5,0.013888888888888888
1139,New York,"New York-Newark-Jersey City, NY-NJ",2007,2008,434.6,407.2,-0.06304647952139907
1140,New York,"New York-Newark-Jersey City, NY-NJ",2008,2009,407.2,367.5,-0.09749508840864438
1141,New York,"New York-Newark-Jersey City, NY-NJ",2009,2010,367.5,362.9,-0.01251700680272115
1142,New York,"New York-Newark-Jersey City, NY-NJ",2010,2011,362.9,359.2,-0.0101956461835216
1143,New York,"New York-Newark-Jersey City, NY-NJ",2011,2012,359.2,357.6,-0.004454342984409705
1144,New York,"New York-Newark-Jersey City, NY-NJ",2012,2013,357.6,357.7,0.0002796420581654527
1145,New York,"New York-Newark-Jersey City, NY-NJ",2013,2014,357.7,352.5,-0.014537321778026248
1146,New York,"New York-Newark-Jersey City, NY-NJ",2014,2015,352.5,353.7,0.003404255319148904
1147,New York,"New York-Newark-Jersey City, NY-NJ",2015,2016,353.7,352.2,-0.004240882103477523
1148,New York,"New York-Newark-Jersey City, NY-NJ",2016,2017,352.2,349.8,-0.006814310051107261
1149,New York,"New York-Newark-Jersey City, NY-NJ",2017,2018,349.8,349.6,-0.0005717552887363883
1150,New York,"New York-Newark-Jersey City, NY-NJ",2018,2019,349.6,343.5,-0.017448512585812422
1151,New York,"New York-Newark-Jersey City, NY-NJ",2019,2020,343.5,315.6,-0.08122270742358072
1152,New York,"New York-Newark-Jersey City, NY-NJ",2020,2021,315.6,327.7,0.03833967046894792
1153,New York,"New York-Newark-Jersey City, NY-NJ",2021,2022,327.7,335.2,0.022886786695148
1154,New York,"New York-Newark-Jersey City, NY-NJ",2022,2023,335.2,334.0,-0.003579952267303069
1155,New York,"New York-Newark-Jersey City, NY-NJ",2023,2024,334.0,332.8,-0.003592814371257451
1156,Kentucky,"Louisville/Jefferson County, KY-IN",2007,2008,75.2,68.7,-0.08643617021276595
1157,Kentucky,"Louisville/Jefferson County, KY-IN",2008,2009,68.7,63.4,-0.07714701601164489
1158,Kentucky,"Louisville/Jefferson County, KY-IN",2009,2010,63.4,64.9,0.023659305993690965
1159,Kentucky,"Louisville/Jefferson County, KY-IN",2010,2011,64.9,65.6,0.010785824345146203
1160,Kentucky,"Louisville/Jefferson County, KY-IN",2011,2012,65.6,74.3,0.13262195121951226
1161,Kentucky,"Louisville/Jefferson County, KY-IN",2012,2013,74.3,75.3,0.013458950201884253
1162,Kentucky,"Louisville/Jefferson County, KY-IN",2013,2014,75.3,78.4,0.04116865869853929
1163,Kentucky,"Louisville/Jefferson County, KY-IN",2014,2015,78.4,81.3,0.036989795918367235
1164,Kentucky,"Louisville/Jefferson County, KY-IN",2015,2016,81.3,84.3,0.03690036900369004
1165,Kentucky,"Louisville/Jefferson County, KY-IN",2016,2017,84.3,85.0,0.008303677342823284
1166,Kentucky,"Louisville/Jefferson County, KY-IN",2017,2018,85.0,86.0,0.011764705882352941
1167,Kentucky,"Louisville/Jefferson County, KY-IN",2018,2019,86.0,85.7,-0.003488372093023223
1168,Kentucky,"Louisville/Jefferson County, KY-IN",2019,2020,85.7,83.4,-0.026837806301050142
1169,Kentucky,"Louisville/Jefferson County, KY-IN",2020,2021,83.4,84.4,0.011990407673860911
1170,Kentucky,"Louisville/Jefferson County, KY-IN",2021,2022,84.4,87.7,0.03909952606635068
1171,Kentucky,"Louisville/Jefferson County, KY-IN",2022,2023,87.7,87.0,-0.007981755986317021
1172,Kentucky,"Louisville/Jefferson County, KY-IN",2023,2024,87.0,85.8,-0.013793103448275895
1173,Arizona,"Lake Havasu City-Kingman, AZ",2007,2008,3.5,3.3,-0.0571428571428572
1174,Arizona,"Lake Havasu City-Kingman, AZ",2008,2009,3.3,2.8,-0.15151515151515152
1175,Arizona,"Lake Havasu City-Kingman, AZ",2009,2010,2.8,2.7,-0.03571428571428559
1176,Arizona,"Lake Havasu City-Kingman, AZ",2010,2011,2.7,2.7,0.0
1177,Arizona,"Lake Havasu City-Kingman, AZ",2011,2012,2.7,2.8,0.0370370370370369
1178,Arizona,"Lake Havasu City-Kingman, AZ",2012,2013,2.8,2.7,-0.03571428571428559
1179,Arizona,"Lake Havasu City-Kingman, AZ",2013,2014,2.7,2.9,0.07407407407407397
1180,Arizona,"Lake Havasu City-Kingman, AZ",2014,2015,2.9,3.0,0.03448275862068969
1181,Arizona,"Lake Havasu City-Kingman, AZ",2015,2016,3.0,3.0,0.0
1182,Arizona,"Lake Havasu City-Kingman, AZ",2016,2017,3.0,3.2,0.06666666666666672
1183,Arizona,"Lake Havasu City-Kingman, AZ",2017,2018,3.2,3.2,0.0
1184,Arizona,"Lake Havasu City-Kingman, AZ",2018,2019,3.2,3.1,-0.03125000000000003
1185,Arizona,"Lake Havasu City-Kingman, AZ",2019,2020,3.1,2.9,-0.06451612903225812
1186,Arizona,"Lake Havasu City-Kingman, AZ",2020,2021,2.9,3.1,0.06896551724137938
1187,Arizona,"Lake Havasu City-Kingman, AZ",2021,2022,3.1,3.0,-0.03225806451612906
1188,Arizona,"Lake Havasu City-Kingman, AZ",2022,2023,3.0,2.9,-0.03333333333333336
1189,Arizona,"Lake Havasu City-Kingman, AZ",2023,2024,2.9,3.0,0.03448275862068969
1190,Missouri,"Joplin, MO-KS",2007,2008,17.3,16.4,-0.05202312138728336
1191,Missouri,"Joplin, MO-KS",2008,2009,16.4,15.3,-0.0670731707317072
1192,Missouri,"Joplin, MO-KS",2009,2010,15.3,14.7,-0.039215686274509894
1193,Missouri,"Joplin, MO-KS",2010,2011,14.7,14.4,-0.02040816326530605
1194,Missouri,"Joplin, MO-KS",2011,2012,14.4,14.3,-0.00694444444444442
1195,Missouri,"Joplin, MO-KS",2012,2013,14.3,14.2,-0.006993006993007092
1196,Missouri,"Joplin, MO-KS",2013,2014,14.2,14.5,0.021126760563380333
1197,Missouri,"Joplin, MO-KS",2014,2015,14.5,14.5,0.0
1198,Missouri,"Joplin, MO-KS",2015,2016,14.5,14.0,-0.034482758620689655
1199,Missouri,"Joplin, MO-KS",2016,2017,14.0,14.5,0.03571428571428571
1200,Missouri,"Joplin, MO-KS",2017,2018,14.5,15.4,0.062068965517241406
1201,Missouri,"Joplin, MO-KS",2018,2019,15.4,15.3,-0.0064935064935064705
1202,Missouri,"Joplin, MO-KS",2019,2020,15.3,15.1,-0.013071895424836671
1203,Missouri,"Joplin, MO-KS",2020,2021,15.1,15.2,0.006622516556291367
1204,Missouri,"Joplin, MO-KS",2021,2022,15.2,15.4,0.013157894736842176
1205,Missouri,"Joplin, MO-KS",2022,2023,15.4,15.6,0.012987012987012941
1206,Missouri,"Joplin, MO-KS",2023,2024,15.6,15.9,0.019230769230769277
1207,Tennessee,"Kingsport-Bristol, TN-VA",2007,2008,24.1,23.5,-0.024896265560166032
1208,Tennessee,"Kingsport-Bristol, TN-VA",2008,2009,23.5,20.7,-0.1191489361702128
1209,Tennessee,"Kingsport-Bristol, TN-VA",2009,2010,20.7,21.1,0.019323671497584644
1210,Tennessee,"Kingsport-Bristol, TN-VA",2010,2011,21.1,22.6,0.07109004739336493
1211,Tennessee,"Kingsport-Bristol, TN-VA",2011,2012,22.6,21.6,-0.04424778761061947
1212,Tennessee,"Kingsport-Bristol, TN-VA",2012,2013,21.6,21.4,-0.00925925925925939
1213,Tennessee,"Kingsport-Bristol, TN-VA",2013,2014,21.4,21.7,0.014018691588785081
1214,Tennessee,"Kingsport-Bristol, TN-VA",2014,2015,21.7,21.5,-0.009216589861751119
1215,Tennessee,"Kingsport-Bristol, TN-VA",2015,2016,21.5,20.8,-0.032558139534883686
1216,Tennessee,"Kingsport-Bristol, TN-VA",2016,2017,20.8,21.0,0.009615384615384581
1217,Tennessee,"Kingsport-Bristol, TN-VA",2017,2018,21.0,21.4,0.01904761904761898
1218,Tennessee,"Kingsport-Bristol, TN-VA",2018,2019,21.4,21.1,-0.014018691588784915
1219,Tennessee,"Kingsport-Bristol, TN-VA",2019,2020,21.1,19.7,-0.06635071090047404
1220,Tennessee,"Kingsport-Bristol, TN-VA",2020,2021,19.7,20.2,0.025380710659898477
1221,Tennessee,"Kingsport-Bristol, TN-VA",2021,2022,20.2,21.3,0.054455445544554525
1222,Tennessee,"Kingsport-Bristol, TN-VA",2022,2023,21.3,21.0,-0.014084507042253554
1223,Tennessee,"Kingsport-Bristol, TN-VA",2023,2024,21.0,20.8,-0.00952380952380949
1224,California,"Napa, CA",2007,2008,11.2,11.3,0.008928571428571556
1225,California,"Napa, CA",2008,2009,11.3,10.2,-0.09734513274336296
1226,California,"Napa, CA",2009,2010,10.2,10.1,-0.009803921568627416
1227,California,"Napa, CA",2010,2011,10.1,10.3,0.01980198019801991
1228,California,"Napa, CA",2011,2012,10.3,10.9,0.05825242718446598
1229,California,"Napa, CA",2012,2013,10.9,11.2,0.027522935779816415
1230,California,"Napa, CA",2013,2014,11.2,11.3,0.008928571428571556
1231,California,"Napa, CA",2014,2015,11.3,11.3,0.0
1232,California,"Napa, CA",2015,2016,11.3,11.6,0.026548672566371584
1233,California,"Napa, CA",2016,2017,11.6,11.9,0.025862068965517303
1234,California,"Napa, CA",2017,2018,11.9,12.5,0.05042016806722686
1235,California,"Napa, CA",2018,2019,12.5,12.8,0.024000000000000056
1236,California,"Napa, CA",2019,2020,12.8,11.7,-0.08593750000000011
1237,California,"Napa, CA",2020,2021,11.7,13.0,0.11111111111111117
1238,California,"Napa, CA",2021,2022,13.0,13.9,0.06923076923076926
1239,California,"Napa, CA",2022,2023,13.9,14.0,0.007194244604316521
1240,California,"Napa, CA",2023,2024,14.0,16.5,0.17857142857142858
1241,Washington,"Seattle-Bellevue-Kent, WA Metropolitan Division",2007,2008,110.4,106.9,-0.03170289855072463
1242,Washington,"Seattle-Bellevue-Kent, WA Metropolitan Division",2008,2009,106.9,96.4,-0.09822263797942002
1243,Washington,"Seattle-Bellevue-Kent, WA Metropolitan Division",2009,2010,96.4,95.6,-0.00829875518672211
1244,Washington,"Seattle-Bellevue-Kent, WA Metropolitan Division",2010,2011,95.6,99.5,0.04079497907949797
1245,Washington,"Seattle-Bellevue-Kent, WA Metropolitan Division",2011,2012,99.5,102.8,0.03316582914572862
1246,Washington,"Seattle-Bellevue-Kent, WA Metropolitan Division",2012,2013,102.8,105.1,0.0223735408560311
1247,Washington,"Seattle-Bellevue-Kent, WA Metropolitan Division",2013,2014,105.1,105.5,0.003805899143672747
1248,Washington,"Seattle-Bellevue-Kent, WA Metropolitan Division",2014,2015,105.5,105.0,-0.004739336492890996
1249,Washington,"Seattle-Bellevue-Kent, WA Metropolitan Division",2015,2016,105.0,101.8,-0.030476190476190504
1250,Washington,"Seattle-Bellevue-Kent, WA Metropolitan Division",2016,2017,101.8,100.3,-0.014734774066797643
1251,Washington,"Seattle-Bellevue-Kent, WA Metropolitan Division",2017,2018,100.3,103.2,0.02891326021934203
1252,Washington,"Seattle-Bellevue-Kent, WA Metropolitan Division",2018,2019,103.2,103.9,0.006782945736434136
1253,Washington,"Seattle-Bellevue-Kent, WA Metropolitan Division",2019,2020,103.9,87.7,-0.15591915303176132
1254,Washington,"Seattle-Bellevue-Kent, WA Metropolitan Division",2020,2021,87.7,89.3,0.018244013683010197
1255,Washington,"Seattle-Bellevue-Kent, WA Metropolitan Division",2021,2022,89.3,92.3,0.0335946248600224
1256,Washington,"Seattle-Bellevue-Kent, WA Metropolitan Division",2022,2023,92.3,93.7,0.015167930660888469
1257,Washington,"Seattle-Bellevue-Kent, WA Metropolitan Division",2023,2024,93.7,93.1,-0.006403415154749291
1258,Indiana,"Indianapolis-Carmel-Greenwood, IN",2007,2008,99.3,93.3,-0.06042296072507553
1259,Indiana,"Indianapolis-Carmel-Greenwood, IN",2008,2009,93.3,84.2,-0.09753483386923896
1260,Indiana,"Indianapolis-Carmel-Greenwood, IN",2009,2010,84.2,83.0,-0.014251781472684119
1261,Indiana,"Indianapolis-Carmel-Greenwood, IN",2010,2011,83.0,82.8,-0.0024096385542169015
1262,Indiana,"Indianapolis-Carmel-Greenwood, IN",2011,2012,82.8,83.9,0.013285024154589476
1263,Indiana,"Indianapolis-Carmel-Greenwood, IN",2012,2013,83.9,85.0,0.013110846245530324
1264,Indiana,"Indianapolis-Carmel-Greenwood, IN",2013,2014,85.0,87.5,0.029411764705882353
1265,Indiana,"Indianapolis-Carmel-Greenwood, IN",2014,2015,87.5,87.9,0.004571428571428637
1266,Indiana,"Indianapolis-Carmel-Greenwood, IN",2015,2016,87.9,89.6,0.019340159271899755
1267,Indiana,"Indianapolis-Carmel-Greenwood, IN",2016,2017,89.6,90.8,0.013392857142857175
1268,Indiana,"Indianapolis-Carmel-Greenwood, IN",2017,2018,90.8,92.4,0.017621145374449435
1269,Indiana,"Indianapolis-Carmel-Greenwood, IN",2018,2019,92.4,93.2,0.008658008658008627
1270,Indiana,"Indianapolis-Carmel-Greenwood, IN",2019,2020,93.2,90.1,-0.033261802575107385
1271,Indiana,"Indianapolis-Carmel-Greenwood, IN",2020,2021,90.1,92.9,0.031076581576026767
1272,Indiana,"Indianapolis-Carmel-Greenwood, IN",2021,2022,92.9,97.1,0.045209903121636044
1273,Indiana,"Indianapolis-Carmel-Greenwood, IN",2022,2023,97.1,95.9,-0.012358393408856732
1274,Indiana,"Indianapolis-Carmel-Greenwood, IN",2023,2024,95.9,96.0,0.0010427528675703264
1275,Delaware,"Dover, DE",2007,2008,5.0,4.8,-0.040000000000000036
1276,Delaware,"Dover, DE",2008,2009,4.8,4.6,-0.041666666666666706
1277,Delaware,"Dover, DE",2009,2010,4.6,4.6,0.0
1278,Delaware,"Dover, DE",2010,2011,4.6,4.4,-0.043478260869565064
1279,Delaware,"Dover, DE",2011,2012,4.4,4.6,0.04545454545454529
1280,Delaware,"Dover, DE",2012,2013,4.6,4.8,0.04347826086956526
1281,Delaware,"Dover, DE",2013,2014,4.8,4.8,0.0
1282,Delaware,"Dover, DE",2014,2015,4.8,4.8,0.0
1283,Delaware,"Dover, DE",2015,2016,4.8,5.0,0.041666666666666706
1284,Delaware,"Dover, DE",2016,2017,5.0,5.0,0.0
1285,Delaware,"Dover, DE",2017,2018,5.0,4.9,-0.019999999999999928
1286,Delaware,"Dover, DE",2018,2019,4.9,4.9,0.0
1287,Delaware,"Dover, DE",2019,2020,4.9,4.9,0.0
1288,Delaware,"Dover, DE",2020,2021,4.9,5.2,0.061224489795918324
1289,Delaware,"Dover, DE",2021,2022,5.2,4.7,-0.09615384615384615
1290,Delaware,"Dover, DE",2022,2023,4.7,4.6,-0.021276595744680965
1291,Delaware,"Dover, DE",2023,2024,4.6,4.4,-0.043478260869565064
1292,California,"Los Angeles-Long Beach-Anaheim, CA",2007,2008,628.2,594.7,-0.053326965934415785
1293,California,"Los Angeles-Long Beach-Anaheim, CA",2008,2009,594.7,532.6,-0.10442239784765431
1294,California,"Los Angeles-Long Beach-Anaheim, CA",2009,2010,532.6,530.6,-0.003755163349605708
1295,California,"Los Angeles-Long Beach-Anaheim, CA",2010,2011,530.6,529.9,-0.0013192612137204022
1296,California,"Los Angeles-Long Beach-Anaheim, CA",2011,2012,529.9,536.1,0.011700320815248246
1297,California,"Los Angeles-Long Beach-Anaheim, CA",2012,2013,536.1,537.9,0.003357582540570704
1298,California,"Los Angeles-Long Beach-Anaheim, CA",2013,2014,537.9,529.6,-0.015430377393567493
1299,California,"Los Angeles-Long Beach-Anaheim, CA",2014,2015,529.6,526.7,-0.005475830815709927
1300,California,"Los Angeles-Long Beach-Anaheim, CA",2015,2016,526.7,519.0,-0.014619327890639917
1301,California,"Los Angeles-Long Beach-Anaheim, CA",2016,2017,519.0,509.8,-0.017726396917148342
1302,California,"Los Angeles-Long Beach-Anaheim, CA",2017,2018,509.8,504.0,-0.011377010592389195
1303,California,"Los Angeles-Long Beach-Anaheim, CA",2018,2019,504.0,501.4,-0.005158730158730204
1304,California,"Los Angeles-Long Beach-Anaheim, CA",2019,2020,501.4,460.4,-0.08177104108496211
1305,California,"Los Angeles-Long Beach-Anaheim, CA",2020,2021,460.4,473.0,0.02736750651607303
1306,California,"Los Angeles-Long Beach-Anaheim, CA",2021,2022,473.0,480.8,0.016490486257928143
1307,California,"Los Angeles-Long Beach-Anaheim, CA",2022,2023,480.8,473.6,-0.014975041597337747
1308,California,"Los Angeles-Long Beach-Anaheim, CA",2023,2024,473.6,459.3,-0.030194256756756778
1309,Illinois,"Chicago-Naperville-Schaumburg, IL Metropolitan Division",2007,2008,337.5,315.7,-0.06459259259259263
1310,Illinois,"Chicago-Naperville-Schaumburg, IL Metropolitan Division",2008,2009,315.7,280.2,-0.11244852708267343
1311,Illinois,"Chicago-Naperville-Schaumburg, IL Metropolitan Division",2009,2010,280.2,283.5,0.011777301927194901
1312,Illinois,"Chicago-Naperville-Schaumburg, IL Metropolitan Division",2010,2011,283.5,283.1,-0.0014109347442679975
1313,Illinois,"Chicago-Naperville-Schaumburg, IL Metropolitan Division",2011,2012,283.1,282.7,-0.0014129282938892054
1314,Illinois,"Chicago-Naperville-Schaumburg, IL Metropolitan Division",2012,2013,282.7,278.7,-0.014149274849663955
1315,Illinois,"Chicago-Naperville-Schaumburg, IL Metropolitan Division",2013,2014,278.7,280.6,0.00681736634373891
1316,Illinois,"Chicago-Naperville-Schaumburg, IL Metropolitan Division",2014,2015,280.6,282.1,0.0053456878118317884
1317,Illinois,"Chicago-Naperville-Schaumburg, IL Metropolitan Division",2015,2016,282.1,280.5,-0.005671747607231558
1318,Illinois,"Chicago-Naperville-Schaumburg, IL Metropolitan Division",2016,2017,280.5,282.5,0.0071301247771836
1319,Illinois,"Chicago-Naperville-Schaumburg, IL Metropolitan Division",2017,2018,282.5,284.3,0.006371681415929244
1320,Illinois,"Chicago-Naperville-Schaumburg, IL Metropolitan Division",2018,2019,284.3,281.6,-0.009497010200492397
1321,Illinois,"Chicago-Naperville-Schaumburg, IL Metropolitan Division",2019,2020,281.6,266.8,-0.05255681818181822
1322,Illinois,"Chicago-Naperville-Schaumburg, IL Metropolitan Division",2020,2021,266.8,270.6,0.014242878560719683
1323,Illinois,"Chicago-Naperville-Schaumburg, IL Metropolitan Division",2021,2022,270.6,274.4,0.014042867701404118
1324,Illinois,"Chicago-Naperville-Schaumburg, IL Metropolitan Division",2022,2023,274.4,278.9,0.016399416909620993
1325,Illinois,"Chicago-Naperville-Schaumburg, IL Metropolitan Division",2023,2024,278.9,279.9,0.0035855145213338118
1326,Oklahoma,"Tulsa, OK",2007,2008,59.4,59.7,0.005050505050505122
1327,Oklahoma,"Tulsa, OK",2008,2009,59.7,49.7,-0.1675041876046901
1328,Oklahoma,"Tulsa, OK",2009,2010,49.7,51.1,0.02816901408450701
1329,Oklahoma,"Tulsa, OK",2010,2011,51.1,54.9,0.07436399217221129
1330,Oklahoma,"Tulsa, OK",2011,2012,54.9,56.9,0.03642987249544627
1331,Oklahoma,"Tulsa, OK",2012,2013,56.9,55.3,-0.028119507908611625
1332,Oklahoma,"Tulsa, OK",2013,2014,55.3,57.8,0.045207956600361664
1333,Oklahoma,"Tulsa, OK",2014,2015,57.8,54.0,-0.06574394463667815
1334,Oklahoma,"Tulsa, OK",2015,2016,54.0,51.3,-0.05000000000000005
1335,Oklahoma,"Tulsa, OK",2016,2017,51.3,53.1,0.0350877192982457
1336,Oklahoma,"Tulsa, OK",2017,2018,53.1,55.7,0.048964218455743905
1337,Oklahoma,"Tulsa, OK",2018,2019,55.7,54.7,-0.017953321364452424
1338,Oklahoma,"Tulsa, OK",2019,2020,54.7,47.6,-0.12979890310786107
1339,Oklahoma,"Tulsa, OK",2020,2021,47.6,47.6,0.0
1340,Oklahoma,"Tulsa, OK",2021,2022,47.6,49.7,0.04411764705882356
1341,Oklahoma,"Tulsa, OK",2022,2023,49.7,52.7,0.060362173038229376
1342,Oklahoma,"Tulsa, OK",2023,2024,52.7,54.1,0.026565464895635646
1343,New York,"New York-Jersey City-White Plains, NY-NJ Metropolitan Division",2007,2008,200.7,187.8,-0.06427503736920766
1344,New York,"New York-Jersey City-White Plains, NY-NJ Metropolitan Division",2008,2009,187.8,166.0,-0.11608093716719921
1345,New York,"New York-Jersey City-White Plains, NY-NJ Metropolitan Division",2009,2010,166.0,163.4,-0.015662650602409605
1346,New York,"New York-Jersey City-White Plains, NY-NJ Metropolitan Division",2010,2011,163.4,162.2,-0.0073439412484701165
1347,New York,"New York-Jersey City-White Plains, NY-NJ Metropolitan Division",2011,2012,162.2,160.4,-0.01109741060419225
1348,New York,"New York-Jersey City-White Plains, NY-NJ Metropolitan Division",2012,2013,160.4,160.8,0.0024937655860349482
1349,New York,"New York-Jersey City-White Plains, NY-NJ Metropolitan Division",2013,2014,160.8,159.5,-0.008084577114427931
1350,New York,"New York-Jersey City-White Plains, NY-NJ Metropolitan Division",2014,2015,159.5,160.7,0.007523510971786763
1351,New York,"New York-Jersey City-White Plains, NY-NJ Metropolitan Division",2015,2016,160.7,158.0,-0.016801493466085806
1352,New York,"New York-Jersey City-White Plains, NY-NJ Metropolitan Division",2016,2017,158.0,155.7,-0.014556962025316528
1353,New York,"New York-Jersey City-White Plains, NY-NJ Metropolitan Division",2017,2018,155.7,154.2,-0.009633911368015415
1354,New York,"New York-Jersey City-White Plains, NY-NJ Metropolitan Division",2018,2019,154.2,149.8,-0.028534370946822162
1355,New York,"New York-Jersey City-White Plains, NY-NJ Metropolitan Division",2019,2020,149.8,129.6,-0.13484646194926578
1356,New York,"New York-Jersey City-White Plains, NY-NJ Metropolitan Division",2020,2021,129.6,135.8,0.04783950617283964
1357,New York,"New York-Jersey City-White Plains, NY-NJ Metropolitan Division",2021,2022,135.8,139.6,0.02798232695139899
1358,New York,"New York-Jersey City-White Plains, NY-NJ Metropolitan Division",2022,2023,139.6,136.3,-0.023638968481375238
1359,New York,"New York-Jersey City-White Plains, NY-NJ Metropolitan Division",2023,2024,136.3,135.1,-0.008804108584005994
1360,North Carolina,"Greensboro-High Point, NC",2007,2008,62.8,57.7,-0.08121019108280246
1361,North Carolina,"Greensboro-High Point, NC",2008,2009,57.7,51.1,-0.11438474870017333
1362,North Carolina,"Greensboro-High Point, NC",2009,2010,51.1,51.1,0.0
1363,North Carolina,"Greensboro-High Point, NC",2010,2011,51.1,51.9,0.01565557729941286
1364,North Carolina,"Greensboro-High Point, NC",2011,2012,51.9,53.5,0.030828516377649353
1365,North Carolina,"Greensboro-High Point, NC",2012,2013,53.5,53.7,0.003738317757009399
1366,North Carolina,"Greensboro-High Point, NC",2013,2014,53.7,54.0,0.005586592178770896
1367,North Carolina,"Greensboro-High Point, NC",2014,2015,54.0,55.6,0.029629629629629655
1368,North Carolina,"Greensboro-High Point, NC",2015,2016,55.6,56.4,0.014388489208633042
1369,North Carolina,"Greensboro-High Point, NC",2016,2017,56.4,55.2,-0.021276595744680778
1370,North Carolina,"Greensboro-High Point, NC",2017,2018,55.2,54.2,-0.018115942028985508
1371,North Carolina,"Greensboro-High Point, NC",2018,2019,54.2,53.6,-0.011070110701107036
1372,North Carolina,"Greensboro-High Point, NC",2019,2020,53.6,50.2,-0.0634328358208955
1373,North Carolina,"Greensboro-High Point, NC",2020,2021,50.2,51.6,0.027888446215139414
1374,North Carolina,"Greensboro-High Point, NC",2021,2022,51.6,49.3,-0.04457364341085279
1375,North Carolina,"Greensboro-High Point, NC",2022,2023,49.3,47.9,-0.028397565922920864
1376,North Carolina,"Greensboro-High Point, NC",2023,2024,47.9,47.4,-0.010438413361169102
1377,Georgia,"Savannah, GA",2007,2008,15.0,15.0,0.0
1378,Georgia,"Savannah, GA",2008,2009,15.0,13.9,-0.0733333333333333
1379,Georgia,"Savannah, GA",2009,2010,13.9,13.9,0.0
1380,Georgia,"Savannah, GA",2010,2011,13.9,14.8,0.06474820143884895
1381,Georgia,"Savannah, GA",2011,2012,14.8,14.9,0.006756756756756733
1382,Georgia,"Savannah, GA",2012,2013,14.9,15.7,0.053691275167785164
1383,Georgia,"Savannah, GA",2013,2014,15.7,17.1,0.08917197452229314
1384,Georgia,"Savannah, GA",2014,2015,17.1,17.8,0.04093567251461984
1385,Georgia,"Savannah, GA",2015,2016,17.8,17.0,-0.04494382022471914
1386,Georgia,"Savannah, GA",2016,2017,17.0,17.7,0.04117647058823525
1387,Georgia,"Savannah, GA",2017,2018,17.7,18.7,0.05649717514124294
1388,Georgia,"Savannah, GA",2018,2019,18.7,18.6,-0.005347593582887587
1389,Georgia,"Savannah, GA",2019,2020,18.6,17.3,-0.0698924731182796
1390,Georgia,"Savannah, GA",2020,2021,17.3,18.6,0.07514450867052026
1391,Georgia,"Savannah, GA",2021,2022,18.6,20.6,0.1075268817204301
1392,Georgia,"Savannah, GA",2022,2023,20.6,22.7,0.10194174757281542
1393,Georgia,"Savannah, GA",2023,2024,22.7,23.0,0.013215859030837036
1394,California,"Redding, CA",2007,2008,2.9,2.7,-0.06896551724137923
1395,California,"Redding, CA",2008,2009,2.7,2.3,-0.14814814814814828
1396,California,"Redding, CA",2009,2010,2.3,2.3,0.0
1397,California,"Redding, CA",2010,2011,2.3,2.1,-0.08695652173913032
1398,California,"Redding, CA",2011,2012,2.1,2.1,0.0
1399,California,"Redding, CA",2012,2013,2.1,2.2,0.04761904761904766
1400,California,"Redding, CA",2013,2014,2.2,2.3,0.04545454545454529
1401,California,"Redding, CA",2014,2015,2.3,2.4,0.04347826086956526
1402,California,"Redding, CA",2015,2016,2.4,2.5,0.041666666666666706
1403,California,"Redding, CA",2016,2017,2.5,2.6,0.040000000000000036
1404,California,"Redding, CA",2017,2018,2.6,2.5,-0.03846153846153849
1405,California,"Redding, CA",2018,2019,2.5,2.4,-0.040000000000000036
1406,California,"Redding, CA",2019,2020,2.4,2.5,0.041666666666666706
1407,California,"Redding, CA",2020,2021,2.5,2.8,0.11999999999999993
1408,California,"Redding, CA",2021,2022,2.8,2.8,0.0
1409,California,"Redding, CA",2022,2023,2.8,2.9,0.03571428571428575
1410,California,"Redding, CA",2023,2024,2.9,3.0,0.03448275862068969
1411,Pennsylvania,"Pittsburgh, PA",2007,2008,104.2,100.7,-0.03358925143953935
1412,Pennsylvania,"Pittsburgh, PA",2008,2009,100.7,91.5,-0.09136047666335653
1413,Pennsylvania,"Pittsburgh, PA",2009,2010,91.5,92.3,0.008743169398907073
1414,Pennsylvania,"Pittsburgh, PA",2010,2011,92.3,93.5,0.013001083423618666
1415,Pennsylvania,"Pittsburgh, PA",2011,2012,93.5,94.1,0.00641711229946518
1416,Pennsylvania,"Pittsburgh, PA",2012,2013,94.1,93.4,-0.0074388947927735245
1417,Pennsylvania,"Pittsburgh, PA",2013,2014,93.4,92.8,-0.006423982869379106
1418,Pennsylvania,"Pittsburgh, PA",2014,2015,92.8,89.7,-0.033405172413793045
1419,Pennsylvania,"Pittsburgh, PA",2015,2016,89.7,89.3,-0.004459308807134957
1420,Pennsylvania,"Pittsburgh, PA",2016,2017,89.3,89.9,0.006718924972004575
1421,Pennsylvania,"Pittsburgh, PA",2017,2018,89.9,91.4,0.01668520578420467
1422,Pennsylvania,"Pittsburgh, PA",2018,2019,91.4,89.9,-0.016411378555798686
1423,Pennsylvania,"Pittsburgh, PA",2019,2020,89.9,83.6,-0.07007786429365974
1424,Pennsylvania,"Pittsburgh, PA",2020,2021,83.6,85.1,0.017942583732057416
1425,Pennsylvania,"Pittsburgh, PA",2021,2022,85.1,87.7,0.030552291421856743
1426,Pennsylvania,"Pittsburgh, PA",2022,2023,87.7,88.2,0.005701254275940707
1427,Pennsylvania,"Pittsburgh, PA",2023,2024,88.2,86.3,-0.021541950113378748
1428,Florida,"Pensacola-Ferry Pass-Brent, FL",2007,2008,6.8,5.8,-0.14705882352941177
1429,Florida,"Pensacola-Ferry Pass-Brent, FL",2008,2009,5.8,5.3,-0.08620689655172414
1430,Florida,"Pensacola-Ferry Pass-Brent, FL",2009,2010,5.3,5.3,0.0
1431,Florida,"Pensacola-Ferry Pass-Brent, FL",2010,2011,5.3,5.6,0.05660377358490563
1432,Florida,"Pensacola-Ferry Pass-Brent, FL",2011,2012,5.6,5.7,0.017857142857142953
1433,Florida,"Pensacola-Ferry Pass-Brent, FL",2012,2013,5.7,5.9,0.03508771929824565
1434,Florida,"Pensacola-Ferry Pass-Brent, FL",2013,2014,5.9,6.0,0.01694915254237282
1435,Florida,"Pensacola-Ferry Pass-Brent, FL",2014,2015,6.0,6.2,0.03333333333333336
1436,Florida,"Pensacola-Ferry Pass-Brent, FL",2015,2016,6.2,6.2,0.0
1437,Florida,"Pensacola-Ferry Pass-Brent, FL",2016,2017,6.2,6.1,-0.016129032258064602
1438,Florida,"Pensacola-Ferry Pass-Brent, FL",2017,2018,6.1,6.9,0.13114754098360668
1439,Florida,"Pensacola-Ferry Pass-Brent, FL",2018,2019,6.9,7.2,0.04347826086956519
1440,Florida,"Pensacola-Ferry Pass-Brent, FL",2019,2020,7.2,6.9,-0.041666666666666644
1441,Florida,"Pensacola-Ferry Pass-Brent, FL",2020,2021,6.9,7.2,0.04347826086956519
1442,Florida,"Pensacola-Ferry Pass-Brent, FL",2021,2022,7.2,6.9,-0.041666666666666644
1443,Florida,"Pensacola-Ferry Pass-Brent, FL",2022,2023,6.9,7.0,0.014492753623188354
1444,Florida,"Pensacola-Ferry Pass-Brent, FL",2023,2024,7.0,6.9,-0.014285714285714235
1445,Texas,"College Station-Bryan, TX",2007,2008,5.5,5.5,0.0
1446,Texas,"College Station-Bryan, TX",2008,2009,5.5,5.2,-0.054545454545454515
1447,Texas,"College Station-Bryan, TX",2009,2010,5.2,5.0,-0.03846153846153849
1448,Texas,"College Station-Bryan, TX",2010,2011,5.0,5.3,0.05999999999999996
1449,Texas,"College Station-Bryan, TX",2011,2012,5.3,5.2,-0.01886792452830182
1450,Texas,"College Station-Bryan, TX",2012,2013,5.2,5.1,-0.019230769230769332
1451,Texas,"College Station-Bryan, TX",2013,2014,5.1,5.5,0.07843137254901968
1452,Texas,"College Station-Bryan, TX",2014,2015,5.5,5.5,0.0
1453,Texas,"College Station-Bryan, TX",2015,2016,5.5,5.4,-0.01818181818181812
1454,Texas,"College Station-Bryan, TX",2016,2017,5.4,5.5,0.01851851851851845
1455,Texas,"College Station-Bryan, TX",2017,2018,5.5,5.4,-0.01818181818181812
1456,Texas,"College Station-Bryan, TX",2018,2019,5.4,5.6,0.0370370370370369
1457,Texas,"College Station-Bryan, TX",2019,2020,5.6,5.6,0.0
1458,Texas,"College Station-Bryan, TX",2020,2021,5.6,6.0,0.0714285714285715
1459,Texas,"College Station-Bryan, TX",2021,2022,6.0,6.2,0.03333333333333336
1460,Texas,"College Station-Bryan, TX",2022,2023,6.2,6.3,0.016129032258064457
1461,Texas,"College Station-Bryan, TX",2023,2024,6.3,6.2,-0.015873015873015817
1462,Massachusetts,"Worcester, MA",2007,2008,42.7,40.3,-0.05620608899297437
1463,Massachusetts,"Worcester, MA",2008,2009,40.3,36.7,-0.08933002481389565
1464,Massachusetts,"Worcester, MA",2009,2010,36.7,36.5,-0.005449591280654028
1465,Massachusetts,"Worcester, MA",2010,2011,36.5,36.8,0.008219178082191704
1466,Massachusetts,"Worcester, MA",2011,2012,36.8,34.9,-0.05163043478260866
1467,Massachusetts,"Worcester, MA",2012,2013,34.9,35.0,0.0028653295128940235
1468,Massachusetts,"Worcester, MA",2013,2014,35.0,35.2,0.005714285714285796
1469,Massachusetts,"Worcester, MA",2014,2015,35.2,35.9,0.019886363636363515
1470,Massachusetts,"Worcester, MA",2015,2016,35.9,35.9,0.0
1471,Massachusetts,"Worcester, MA",2016,2017,35.9,35.6,-0.008356545961002706
1472,Massachusetts,"Worcester, MA",2017,2018,35.6,36.3,0.019662921348314485
1473,Massachusetts,"Worcester, MA",2018,2019,36.3,35.8,-0.013774104683195593
1474,Massachusetts,"Worcester, MA",2019,2020,35.8,34.2,-0.04469273743016744
1475,Massachusetts,"Worcester, MA",2020,2021,34.2,35.4,0.03508771929824549
1476,Massachusetts,"Worcester, MA",2021,2022,35.4,36.4,0.02824858757062147
1477,Massachusetts,"Worcester, MA",2022,2023,36.4,35.8,-0.016483516483516522
1478,Massachusetts,"Worcester, MA",2023,2024,35.8,35.0,-0.02234636871508372
1479,Oregon,"Eugene-Springfield, OR",2007,2008,19.6,15.4,-0.21428571428571433
1480,Oregon,"Eugene-Springfield, OR",2008,2009,15.4,11.9,-0.22727272727272727
1481,Oregon,"Eugene-Springfield, OR",2009,2010,11.9,12.0,0.008403361344537785
1482,Oregon,"Eugene-Springfield, OR",2010,2011,12.0,12.2,0.016666666666666607
1483,Oregon,"Eugene-Springfield, OR",2011,2012,12.2,12.3,0.008196721311475526
1484,Oregon,"Eugene-Springfield, OR",2012,2013,12.3,12.8,0.04065040650406504
1485,Oregon,"Eugene-Springfield, OR",2013,2014,12.8,13.0,0.015624999999999944
1486,Oregon,"Eugene-Springfield, OR",2014,2015,13.0,13.3,0.02307692307692313
1487,Oregon,"Eugene-Springfield, OR",2015,2016,13.3,13.6,0.022556390977443528
1488,Oregon,"Eugene-Springfield, OR",2016,2017,13.6,14.1,0.03676470588235294
1489,Oregon,"Eugene-Springfield, OR",2017,2018,14.1,14.4,0.021276595744680903
1490,Oregon,"Eugene-Springfield, OR",2018,2019,14.4,14.3,-0.00694444444444442
1491,Oregon,"Eugene-Springfield, OR",2019,2020,14.3,13.9,-0.027972027972027996
1492,Oregon,"Eugene-Springfield, OR",2020,2021,13.9,14.7,0.057553956834532294
1493,Oregon,"Eugene-Springfield, OR",2021,2022,14.7,14.7,0.0
1494,Oregon,"Eugene-Springfield, OR",2022,2023,14.7,14.7,0.0
1495,Oregon,"Eugene-Springfield, OR",2023,2024,14.7,14.1,-0.04081632653061222
1496,West Virginia,"Huntington-Ashland, WV-KY-OH",2007,2008,13.1,12.2,-0.06870229007633591
1497,West Virginia,"Huntington-Ashland, WV-KY-OH",2008,2009,12.2,11.8,-0.03278688524590152
1498,West Virginia,"Huntington-Ashland, WV-KY-OH",2009,2010,11.8,11.9,0.00847457627118641
1499,West Virginia,"Huntington-Ashland, WV-KY-OH",2010,2011,11.9,12.1,0.01680672268907557
1500,West Virginia,"Huntington-Ashland, WV-KY-OH",2011,2012,12.1,11.9,-0.016528925619834652
1501,West Virginia,"Huntington-Ashland, WV-KY-OH",2012,2013,11.9,11.9,0.0
1502,West Virginia,"Huntington-Ashland, WV-KY-OH",2013,2014,11.9,12.0,0.008403361344537785
1503,West Virginia,"Huntington-Ashland, WV-KY-OH",2014,2015,12.0,12.0,0.0
1504,West Virginia,"Huntington-Ashland, WV-KY-OH",2015,2016,12.0,11.2,-0.06666666666666672
1505,West Virginia,"Huntington-Ashland, WV-KY-OH",2016,2017,11.2,11.3,0.008928571428571556
1506,West Virginia,"Huntington-Ashland, WV-KY-OH",2017,2018,11.3,11.7,0.03539823008849545
1507,West Virginia,"Huntington-Ashland, WV-KY-OH",2018,2019,11.7,11.6,-0.008547008547008517
1508,West Virginia,"Huntington-Ashland, WV-KY-OH",2019,2020,11.6,11.4,-0.01724137931034477
1509,West Virginia,"Huntington-Ashland, WV-KY-OH",2020,2021,11.4,11.3,-0.008771929824561372
1510,West Virginia,"Huntington-Ashland, WV-KY-OH",2021,2022,11.3,12.8,0.1327433628318584
1511,West Virginia,"Huntington-Ashland, WV-KY-OH",2022,2023,12.8,12.9,0.007812499999999972
1512,West Virginia,"Huntington-Ashland, WV-KY-OH",2023,2024,12.9,12.5,-0.031007751937984523
1513,California,"San Francisco-Oakland-Fremont, CA",2007,2008,139.4,130.6,-0.0631276901004305
1514,California,"San Francisco-Oakland-Fremont, CA",2008,2009,130.6,119.6,-0.08422664624808576
1515,California,"San Francisco-Oakland-Fremont, CA",2009,2010,119.6,118.0,-0.013377926421404635
1516,California,"San Francisco-Oakland-Fremont, CA",2010,2011,118.0,117.7,-0.002542372881355908
1517,California,"San Francisco-Oakland-Fremont, CA",2011,2012,117.7,118.7,0.008496176720475786
1518,California,"San Francisco-Oakland-Fremont, CA",2012,2013,118.7,121.9,0.026958719460825634
1519,California,"San Francisco-Oakland-Fremont, CA",2013,2014,121.9,127.9,0.04922067268252666
1520,California,"San Francisco-Oakland-Fremont, CA",2014,2015,127.9,132.8,0.03831118060985149
1521,California,"San Francisco-Oakland-Fremont, CA",2015,2016,132.8,137.8,0.03765060240963855
1522,California,"San Francisco-Oakland-Fremont, CA",2016,2017,137.8,144.0,0.04499274310595057
1523,California,"San Francisco-Oakland-Fremont, CA",2017,2018,144.0,147.3,0.022916666666666745
1524,California,"San Francisco-Oakland-Fremont, CA",2018,2019,147.3,148.0,0.004752206381534206
1525,California,"San Francisco-Oakland-Fremont, CA",2019,2020,148.0,143.7,-0.029054054054054132
1526,California,"San Francisco-Oakland-Fremont, CA",2020,2021,143.7,152.2,0.05915100904662492
1527,California,"San Francisco-Oakland-Fremont, CA",2021,2022,152.2,154.0,0.011826544021025042
1528,California,"San Francisco-Oakland-Fremont, CA",2022,2023,154.0,145.4,-0.05584415584415581
1529,California,"San Francisco-Oakland-Fremont, CA",2023,2024,145.4,134.4,-0.07565337001375516
1530,North Dakota,"Minot, ND",2007,2008,0.8,0.8,0.0
1531,North Dakota,"Minot, ND",2008,2009,0.8,0.8,0.0
1532,North Dakota,"Minot, ND",2009,2010,0.8,0.8,0.0
1533,North Dakota,"Minot, ND",2010,2011,0.8,0.8,0.0
1534,North Dakota,"Minot, ND",2011,2012,0.8,0.8,0.0
1535,North Dakota,"Minot, ND",2012,2013,0.8,0.7,-0.1250000000000001
1536,North Dakota,"Minot, ND",2013,2014,0.7,0.7,0.0
1537,North Dakota,"Minot, ND",2014,2015,0.7,0.7,0.0
1538,North Dakota,"Minot, ND",2015,2016,0.7,0.6,-0.14285714285714282
1539,North Dakota,"Minot, ND",2016,2017,0.6,0.6,0.0
1540,North Dakota,"Minot, ND",2017,2018,0.6,0.6,0.0
1541,North Dakota,"Minot, ND",2018,2019,0.6,0.6,0.0
1542,North Dakota,"Minot, ND",2019,2020,0.6,0.6,0.0
1543,North Dakota,"Minot, ND",2020,2021,0.6,0.6,0.0
1544,North Dakota,"Minot, ND",2021,2022,0.6,0.6,0.0
1545,North Dakota,"Minot, ND",2022,2023,0.6,0.6,0.0
1546,North Dakota,"Minot, ND",2023,2024,0.6,0.6,0.0
1547,California,"El Centro, CA",2007,2008,2.4,2.4,0.0
1548,California,"El Centro, CA",2008,2009,2.4,2.7,0.1250000000000001
1549,California,"El Centro, CA",2009,2010,2.7,2.8,0.0370370370370369
1550,California,"El Centro, CA",2010,2011,2.8,2.8,0.0
1551,California,"El Centro, CA",2011,2012,2.8,2.4,-0.14285714285714282
1552,California,"El Centro, CA",2012,2013,2.4,2.2,-0.08333333333333323
1553,California,"El Centro, CA",2013,2014,2.2,1.0,-0.5454545454545455
1554,California,"El Centro, CA",2014,2015,1.0,1.1,0.10000000000000009
1555,California,"El Centro, CA",2015,2016,1.1,1.2,0.09090909090909079
1556,California,"El Centro, CA",2016,2017,1.2,1.4,0.16666666666666663
1557,California,"El Centro, CA",2017,2018,1.4,1.5,0.0714285714285715
1558,California,"El Centro, CA",2018,2019,1.5,1.8,0.20000000000000004
1559,California,"El Centro, CA",2019,2020,1.8,2.0,0.11111111111111108
1560,California,"El Centro, CA",2020,2021,2.0,2.3,0.1499999999999999
1561,California,"El Centro, CA",2021,2022,2.3,2.2,-0.043478260869565064
1562,California,"El Centro, CA",2022,2023,2.2,2.2,0.0
1563,California,"El Centro, CA",2023,2024,2.2,2.2,0.0
1564,North Carolina,"Pinehurst-Southern Pines, NC",2007,2008,2.5,2.1,-0.15999999999999998
1565,North Carolina,"Pinehurst-Southern Pines, NC",2008,2009,2.1,1.8,-0.14285714285714288
1566,North Carolina,"Pinehurst-Southern Pines, NC",2009,2010,1.8,2.2,0.2222222222222223
1567,North Carolina,"Pinehurst-Southern Pines, NC",2010,2011,2.2,2.2,0.0
1568,North Carolina,"Pinehurst-Southern Pines, NC",2011,2012,2.2,2.0,-0.09090909090909098
1569,North Carolina,"Pinehurst-Southern Pines, NC",2012,2013,2.0,1.8,-0.09999999999999998
1570,North Carolina,"Pinehurst-Southern Pines, NC",2013,2014,1.8,1.9,0.05555555555555548
1571,North Carolina,"Pinehurst-Southern Pines, NC",2014,2015,1.9,2.0,0.052631578947368474
1572,North Carolina,"Pinehurst-Southern Pines, NC",2015,2016,2.0,2.0,0.0
1573,North Carolina,"Pinehurst-Southern Pines, NC",2016,2017,2.0,1.9,-0.050000000000000044
1574,North Carolina,"Pinehurst-Southern Pines, NC",2017,2018,1.9,1.9,0.0
1575,North Carolina,"Pinehurst-Southern Pines, NC",2018,2019,1.9,2.0,0.052631578947368474
1576,North Carolina,"Pinehurst-Southern Pines, NC",2019,2020,2.0,1.8,-0.09999999999999998
1577,North Carolina,"Pinehurst-Southern Pines, NC",2020,2021,1.8,1.9,0.05555555555555548
1578,North Carolina,"Pinehurst-Southern Pines, NC",2021,2022,1.9,1.8,-0.052631578947368356
1579,North Carolina,"Pinehurst-Southern Pines, NC",2022,2023,1.8,1.8,0.0
1580,North Carolina,"Pinehurst-Southern Pines, NC",2023,2024,1.8,1.7,-0.0555555555555556
1581,Iowa,"Sioux City, IA-NE-SD",2007,2008,12.6,12.9,0.023809523809523867
1582,Iowa,"Sioux City, IA-NE-SD",2008,2009,12.9,12.2,-0.05426356589147295
1583,Iowa,"Sioux City, IA-NE-SD",2009,2010,12.2,11.2,-0.0819672131147541
1584,Iowa,"Sioux City, IA-NE-SD",2010,2011,11.2,11.3,0.008928571428571556
1585,Iowa,"Sioux City, IA-NE-SD",2011,2012,11.3,11.6,0.026548672566371584
1586,Iowa,"Sioux City, IA-NE-SD",2012,2013,11.6,11.9,0.025862068965517303
1587,Iowa,"Sioux City, IA-NE-SD",2013,2014,11.9,12.2,0.025210084033613356
1588,Iowa,"Sioux City, IA-NE-SD",2014,2015,12.2,12.1,-0.00819672131147538
1589,Iowa,"Sioux City, IA-NE-SD",2015,2016,12.1,12.0,-0.008264462809917326
1590,Iowa,"Sioux City, IA-NE-SD",2016,2017,12.0,13.9,0.15833333333333335
1591,Iowa,"Sioux City, IA-NE-SD",2017,2018,13.9,14.1,0.014388489208633042
1592,Iowa,"Sioux City, IA-NE-SD",2018,2019,14.1,14.5,0.028368794326241162
1593,Iowa,"Sioux City, IA-NE-SD",2019,2020,14.5,13.6,-0.062068965517241406
1594,Iowa,"Sioux City, IA-NE-SD",2020,2021,13.6,13.7,0.007352941176470562
1595,Iowa,"Sioux City, IA-NE-SD",2021,2022,13.7,15.0,0.09489051094890516
1596,Iowa,"Sioux City, IA-NE-SD",2022,2023,15.0,15.7,0.04666666666666662
1597,Iowa,"Sioux City, IA-NE-SD",2023,2024,15.7,15.1,-0.03821656050955412
1598,Connecticut,"Waterbury-Shelton, CT",2007,2008,25.6,24.4,-0.04687500000000011
1599,Connecticut,"Waterbury-Shelton, CT",2008,2009,24.4,21.2,-0.13114754098360654
1600,Connecticut,"Waterbury-Shelton, CT",2009,2010,21.2,21.6,0.018867924528301987
1601,Connecticut,"Waterbury-Shelton, CT",2010,2011,21.6,21.8,0.009259259259259226
1602,Connecticut,"Waterbury-Shelton, CT",2011,2012,21.8,21.8,0.0
1603,Connecticut,"Waterbury-Shelton, CT",2012,2013,21.8,21.8,0.0
1604,Connecticut,"Waterbury-Shelton, CT",2013,2014,21.8,21.4,-0.018348623853211107
1605,Connecticut,"Waterbury-Shelton, CT",2014,2015,21.4,21.1,-0.014018691588784915
1606,Connecticut,"Waterbury-Shelton, CT",2015,2016,21.1,21.0,-0.004739336492891062
1607,Connecticut,"Waterbury-Shelton, CT",2016,2017,21.0,21.1,0.00476190476190483
1608,Connecticut,"Waterbury-Shelton, CT",2017,2018,21.1,21.2,0.004739336492890894
1609,Connecticut,"Waterbury-Shelton, CT",2018,2019,21.2,20.7,-0.02358490566037736
1610,Connecticut,"Waterbury-Shelton, CT",2019,2020,20.7,19.3,-0.06763285024154583
1611,Connecticut,"Waterbury-Shelton, CT",2020,2021,19.3,19.7,0.020725388601036194
1612,Connecticut,"Waterbury-Shelton, CT",2021,2022,19.7,19.7,0.0
1613,Connecticut,"Waterbury-Shelton, CT",2022,2023,19.7,18.8,-0.04568527918781719
1614,Connecticut,"Waterbury-Shelton, CT",2023,2024,18.8,18.0,-0.042553191489361736
1615,Tennessee,"Knoxville, TN",2007,2008,41.5,37.3,-0.1012048192771085
1616,Tennessee,"Knoxville, TN",2008,2009,37.3,32.7,-0.12332439678284168
1617,Tennessee,"Knoxville, TN",2009,2010,32.7,33.8,0.033639143730886674
1618,Tennessee,"Knoxville, TN",2010,2011,33.8,35.5,0.05029585798816577
1619,Tennessee,"Knoxville, TN",2011,2012,35.5,35.4,-0.0028169014084507443
1620,Tennessee,"Knoxville, TN",2012,2013,35.4,35.0,-0.011299435028248548
1621,Tennessee,"Knoxville, TN",2013,2014,35.0,35.6,0.017142857142857182
1622,Tennessee,"Knoxville, TN",2014,2015,35.6,36.3,0.019662921348314485
1623,Tennessee,"Knoxville, TN",2015,2016,36.3,38.7,0.06611570247933901
1624,Tennessee,"Knoxville, TN",2016,2017,38.7,38.8,0.0025839793281652278
1625,Tennessee,"Knoxville, TN",2017,2018,38.8,40.4,0.041237113402061897
1626,Tennessee,"Knoxville, TN",2018,2019,40.4,42.2,0.04455445544554466
1627,Tennessee,"Knoxville, TN",2019,2020,42.2,42.1,-0.002369668246445531
1628,Tennessee,"Knoxville, TN",2020,2021,42.1,45.1,0.07125890736342043
1629,Tennessee,"Knoxville, TN",2021,2022,45.1,47.5,0.05321507760532147
1630,Tennessee,"Knoxville, TN",2022,2023,47.5,46.3,-0.0252631578947369
1631,Tennessee,"Knoxville, TN",2023,2024,46.3,45.4,-0.01943844492440602
1632,California,"San Diego-Chula Vista-Carlsbad, CA",2007,2008,104.1,102.1,-0.01921229586935639
1633,California,"San Diego-Chula Vista-Carlsbad, CA",2008,2009,102.1,94.6,-0.07345739471106759
1634,California,"San Diego-Chula Vista-Carlsbad, CA",2009,2010,94.6,96.4,0.019027484143763335
1635,California,"San Diego-Chula Vista-Carlsbad, CA",2010,2011,96.4,97.4,0.01037344398340249
1636,California,"San Diego-Chula Vista-Carlsbad, CA",2011,2012,97.4,100.0,0.02669404517453793
1637,California,"San Diego-Chula Vista-Carlsbad, CA",2012,2013,100.0,100.8,0.007999999999999972
1638,California,"San Diego-Chula Vista-Carlsbad, CA",2013,2014,100.8,104.9,0.04067460317460326
1639,California,"San Diego-Chula Vista-Carlsbad, CA",2014,2015,104.9,107.9,0.02859866539561487
1640,California,"San Diego-Chula Vista-Carlsbad, CA",2015,2016,107.9,109.3,0.012974976830398437
1641,California,"San Diego-Chula Vista-Carlsbad, CA",2016,2017,109.3,110.9,0.014638609332113528
1642,California,"San Diego-Chula Vista-Carlsbad, CA",2017,2018,110.9,113.7,0.025247971145175806
1643,California,"San Diego-Chula Vista-Carlsbad, CA",2018,2019,113.7,118.2,0.039577836411609495
1644,California,"San Diego-Chula Vista-Carlsbad, CA",2019,2020,118.2,113.0,-0.04399323181049072
1645,California,"San Diego-Chula Vista-Carlsbad, CA",2020,2021,113.0,117.0,0.035398230088495575
1646,California,"San Diego-Chula Vista-Carlsbad, CA",2021,2022,117.0,116.6,-0.0034188034188034674
1647,California,"San Diego-Chula Vista-Carlsbad, CA",2022,2023,116.6,114.4,-0.01886792452830179
1648,California,"San Diego-Chula Vista-Carlsbad, CA",2023,2024,114.4,111.2,-0.027972027972027996
1649,Iowa,"Des Moines-West Des Moines, IA",2007,2008,21.2,20.5,-0.03301886792452827
1650,Iowa,"Des Moines-West Des Moines, IA",2008,2009,20.5,19.1,-0.0682926829268292
1651,Iowa,"Des Moines-West Des Moines, IA",2009,2010,19.1,19.8,0.036649214659685826
1652,Iowa,"Des Moines-West Des Moines, IA",2010,2011,19.8,20.8,0.050505050505050504
1653,Iowa,"Des Moines-West Des Moines, IA",2011,2012,20.8,21.7,0.0432692307692307
1654,Iowa,"Des Moines-West Des Moines, IA",2012,2013,21.7,22.0,0.013824884792626762
1655,Iowa,"Des Moines-West Des Moines, IA",2013,2014,22.0,21.9,-0.00454545454545461
1656,Iowa,"Des Moines-West Des Moines, IA",2014,2015,21.9,22.0,0.004566210045662165
1657,Iowa,"Des Moines-West Des Moines, IA",2015,2016,22.0,22.7,0.03181818181818179
1658,Iowa,"Des Moines-West Des Moines, IA",2016,2017,22.7,23.3,0.026431718061674072
1659,Iowa,"Des Moines-West Des Moines, IA",2017,2018,23.3,23.7,0.017167381974248865
1660,Iowa,"Des Moines-West Des Moines, IA",2018,2019,23.7,23.9,0.008438818565400814
1661,Iowa,"Des Moines-West Des Moines, IA",2019,2020,23.9,23.2,-0.029288702928870265
1662,Iowa,"Des Moines-West Des Moines, IA",2020,2021,23.2,23.9,0.03017241379310342
1663,Iowa,"Des Moines-West Des Moines, IA",2021,2022,23.9,24.5,0.025104602510460313
1664,Iowa,"Des Moines-West Des Moines, IA",2022,2023,24.5,25.1,0.024489795918367405
1665,Iowa,"Des Moines-West Des Moines, IA",2023,2024,25.1,22.4,-0.10756972111553796
1666,Indiana,"Terre Haute, IN",2007,2008,12.2,11.2,-0.0819672131147541
1667,Indiana,"Terre Haute, IN",2008,2009,11.2,10.3,-0.08035714285714274
1668,Indiana,"Terre Haute, IN",2009,2010,10.3,10.8,0.04854368932038835
1669,Indiana,"Terre Haute, IN",2010,2011,10.8,11.8,0.09259259259259259
1670,Indiana,"Terre Haute, IN",2011,2012,11.8,11.5,-0.02542372881355938
1671,Indiana,"Terre Haute, IN",2012,2013,11.5,11.4,-0.008695652173913012
1672,Indiana,"Terre Haute, IN",2013,2014,11.4,11.2,-0.0175438596491229
1673,Indiana,"Terre Haute, IN",2014,2015,11.2,10.9,-0.02678571428571419
1674,Indiana,"Terre Haute, IN",2015,2016,10.9,10.6,-0.027522935779816578
1675,Indiana,"Terre Haute, IN",2016,2017,10.6,10.8,0.018867924528301987
1676,Indiana,"Terre Haute, IN",2017,2018,10.8,10.4,-0.03703703703703707
1677,Indiana,"Terre Haute, IN",2018,2019,10.4,9.7,-0.0673076923076924
1678,Indiana,"Terre Haute, IN",2019,2020,9.7,8.8,-0.09278350515463904
1679,Indiana,"Terre Haute, IN",2020,2021,8.8,9.4,0.06818181818181814
1680,Indiana,"Terre Haute, IN",2021,2022,9.4,9.8,0.042553191489361736
1681,Indiana,"Terre Haute, IN",2022,2023,9.8,10.1,0.030612244897959072
1682,Indiana,"Terre Haute, IN",2023,2024,10.1,10.0,-0.009900990099009866
1683,Pennsylvania,"Philadelphia, PA Metropolitan Division",2007,2008,44.9,44.1,-0.017817371937639135
1684,Pennsylvania,"Philadelphia, PA Metropolitan Division",2008,2009,44.1,41.1,-0.06802721088435373
1685,Pennsylvania,"Philadelphia, PA Metropolitan Division",2009,2010,41.1,40.4,-0.01703163017031637
1686,Pennsylvania,"Philadelphia, PA Metropolitan Division",2010,2011,40.4,39.6,-0.019801980198019733
1687,Pennsylvania,"Philadelphia, PA Metropolitan Division",2011,2012,39.6,37.6,-0.050505050505050504
1688,Pennsylvania,"Philadelphia, PA Metropolitan Division",2012,2013,37.6,37.1,-0.013297872340425532
1689,Pennsylvania,"Philadelphia, PA Metropolitan Division",2013,2014,37.1,36.6,-0.013477088948787061
1690,Pennsylvania,"Philadelphia, PA Metropolitan Division",2014,2015,36.6,35.2,-0.03825136612021854
1691,Pennsylvania,"Philadelphia, PA Metropolitan Division",2015,2016,35.2,34.6,-0.017045454545454586
1692,Pennsylvania,"Philadelphia, PA Metropolitan Division",2016,2017,34.6,34.6,0.0
1693,Pennsylvania,"Philadelphia, PA Metropolitan Division",2017,2018,34.6,34.5,-0.0028901734104046653
1694,Pennsylvania,"Philadelphia, PA Metropolitan Division",2018,2019,34.5,33.6,-0.02608695652173909
1695,Pennsylvania,"Philadelphia, PA Metropolitan Division",2019,2020,33.6,31.6,-0.05952380952380952
1696,Pennsylvania,"Philadelphia, PA Metropolitan Division",2020,2021,31.6,32.4,0.02531645569620244
1697,Pennsylvania,"Philadelphia, PA Metropolitan Division",2021,2022,32.4,32.7,0.00925925925925939
1698,Pennsylvania,"Philadelphia, PA Metropolitan Division",2022,2023,32.7,32.2,-0.015290519877675839
1699,Pennsylvania,"Philadelphia, PA Metropolitan Division",2023,2024,32.2,31.8,-0.01242236024844727
1700,Pennsylvania,"Scranton--Wilkes-Barre, PA",2007,2008,33.4,32.2,-0.035928143712574724
1701,Pennsylvania,"Scranton--Wilkes-Barre, PA",2008,2009,32.2,28.4,-0.11801242236024857
1702,Pennsylvania,"Scranton--Wilkes-Barre, PA",2009,2010,28.4,27.6,-0.028169014084506942
1703,Pennsylvania,"Scranton--Wilkes-Barre, PA",2010,2011,27.6,27.2,-0.014492753623188482
1704,Pennsylvania,"Scranton--Wilkes-Barre, PA",2011,2012,27.2,27.3,0.0036764705882353465
1705,Pennsylvania,"Scranton--Wilkes-Barre, PA",2012,2013,27.3,27.7,0.0146520146520146
1706,Pennsylvania,"Scranton--Wilkes-Barre, PA",2013,2014,27.7,27.3,-0.014440433212996338
1707,Pennsylvania,"Scranton--Wilkes-Barre, PA",2014,2015,27.3,27.0,-0.010989010989011014
1708,Pennsylvania,"Scranton--Wilkes-Barre, PA",2015,2016,27.0,27.8,0.029629629629629655
1709,Pennsylvania,"Scranton--Wilkes-Barre, PA",2016,2017,27.8,28.4,0.02158273381294956
1710,Pennsylvania,"Scranton--Wilkes-Barre, PA",2017,2018,28.4,29.0,0.021126760563380333
1711,Pennsylvania,"Scranton--Wilkes-Barre, PA",2018,2019,29.0,28.3,-0.024137931034482734
1712,Pennsylvania,"Scranton--Wilkes-Barre, PA",2019,2020,28.3,27.3,-0.0353356890459364
1713,Pennsylvania,"Scranton--Wilkes-Barre, PA",2020,2021,27.3,28.8,0.054945054945054944
1714,Pennsylvania,"Scranton--Wilkes-Barre, PA",2021,2022,28.8,30.0,0.041666666666666644
1715,Pennsylvania,"Scranton--Wilkes-Barre, PA",2022,2023,30.0,30.3,0.010000000000000024
1716,Pennsylvania,"Scranton--Wilkes-Barre, PA",2023,2024,30.3,30.3,0.0
1717,Oregon,"Bend, OR",2007,2008,7.9,6.6,-0.16455696202531653
1718,Oregon,"Bend, OR",2008,2009,6.6,5.2,-0.21212121212121204
1719,Oregon,"Bend, OR",2009,2010,5.2,5.2,0.0
1720,Oregon,"Bend, OR",2010,2011,5.2,5.2,0.0
1721,Oregon,"Bend, OR",2011,2012,5.2,5.6,0.07692307692307682
1722,Oregon,"Bend, OR",2012,2013,5.6,6.1,0.08928571428571429
1723,Oregon,"Bend, OR",2013,2014,6.1,6.4,0.049180327868852576
1724,Oregon,"Bend, OR",2014,2015,6.4,6.6,0.03124999999999989
1725,Oregon,"Bend, OR",2015,2016,6.6,6.9,0.04545454545454557
1726,Oregon,"Bend, OR",2016,2017,6.9,7.4,0.07246376811594203
1727,Oregon,"Bend, OR",2017,2018,7.4,7.7,0.040540540540540515
1728,Oregon,"Bend, OR",2018,2019,7.7,7.7,0.0
1729,Oregon,"Bend, OR",2019,2020,7.7,7.2,-0.06493506493506493
1730,Oregon,"Bend, OR",2020,2021,7.2,8.0,0.11111111111111108
1731,Oregon,"Bend, OR",2021,2022,8.0,8.2,0.02499999999999991
1732,Oregon,"Bend, OR",2022,2023,8.2,8.2,0.0
1733,Oregon,"Bend, OR",2023,2024,8.2,8.4,0.024390243902439157
1734,Maryland,"Baltimore-Columbia-Towson, MD",2007,2008,72.3,68.5,-0.05255878284923925
1735,Maryland,"Baltimore-Columbia-Towson, MD",2008,2009,68.5,64.6,-0.056934306569343146
1736,Maryland,"Baltimore-Columbia-Towson, MD",2009,2010,64.6,63.4,-0.01857585139318879
1737,Maryland,"Baltimore-Columbia-Towson, MD",2010,2011,63.4,62.4,-0.015772870662460567
1738,Maryland,"Baltimore-Columbia-Towson, MD",2011,2012,62.4,59.8,-0.04166666666666669
1739,Maryland,"Baltimore-Columbia-Towson, MD",2012,2013,59.8,57.0,-0.04682274247491634
1740,Maryland,"Baltimore-Columbia-Towson, MD",2013,2014,57.0,55.9,-0.019298245614035113
1741,Maryland,"Baltimore-Columbia-Towson, MD",2014,2015,55.9,55.8,-0.001788908765652977
1742,Maryland,"Baltimore-Columbia-Towson, MD",2015,2016,55.8,56.1,0.005376344086021582
1743,Maryland,"Baltimore-Columbia-Towson, MD",2016,2017,56.1,56.9,0.01426024955436715
1744,Maryland,"Baltimore-Columbia-Towson, MD",2017,2018,56.9,58.6,0.029876977152899876
1745,Maryland,"Baltimore-Columbia-Towson, MD",2018,2019,58.6,60.0,0.023890784982935127
1746,Maryland,"Baltimore-Columbia-Towson, MD",2019,2020,60.0,58.7,-0.02166666666666662
1747,Maryland,"Baltimore-Columbia-Towson, MD",2020,2021,58.7,59.3,0.01022146507666089
1748,Maryland,"Baltimore-Columbia-Towson, MD",2021,2022,59.3,59.2,-0.0016863406408093478
1749,Maryland,"Baltimore-Columbia-Towson, MD",2022,2023,59.2,58.1,-0.018581081081081103
1750,Maryland,"Baltimore-Columbia-Towson, MD",2023,2024,58.1,57.8,-0.005163511187607646
1751,Texas,"Midland, TX",2007,2008,3.0,2.9,-0.03333333333333336
1752,Texas,"Midland, TX",2008,2009,2.9,2.4,-0.1724137931034483
1753,Texas,"Midland, TX",2009,2010,2.4,2.8,0.16666666666666663
1754,Texas,"Midland, TX",2010,2011,2.8,3.3,0.17857142857142858
1755,Texas,"Midland, TX",2011,2012,3.3,3.6,0.090909090909091
1756,Texas,"Midland, TX",2012,2013,3.6,3.8,0.05555555555555548
1757,Texas,"Midland, TX",2013,2014,3.8,4.1,0.07894736842105259
1758,Texas,"Midland, TX",2014,2015,4.1,3.4,-0.17073170731707313
1759,Texas,"Midland, TX",2015,2016,3.4,3.0,-0.11764705882352938
1760,Texas,"Midland, TX",2016,2017,3.0,3.7,0.2333333333333334
1761,Texas,"Midland, TX",2017,2018,3.7,4.3,0.16216216216216206
1762,Texas,"Midland, TX",2018,2019,4.3,4.2,-0.023255813953488292
1763,Texas,"Midland, TX",2019,2020,4.2,3.3,-0.21428571428571436
1764,Texas,"Midland, TX",2020,2021,3.3,4.1,0.24242424242424238
1765,Texas,"Midland, TX",2021,2022,4.1,4.3,0.0487804878048781
1766,Texas,"Midland, TX",2022,2023,4.3,4.6,0.06976744186046507
1767,Texas,"Midland, TX",2023,2024,4.6,4.7,0.021739130434782726
1768,Arizona,"Sierra Vista-Douglas, AZ",2007,2008,0.8,0.7,-0.1250000000000001
1769,Arizona,"Sierra Vista-Douglas, AZ",2008,2009,0.7,0.6,-0.14285714285714282
1770,Arizona,"Sierra Vista-Douglas, AZ",2009,2010,0.6,0.5,-0.16666666666666663
1771,Arizona,"Sierra Vista-Douglas, AZ",2010,2011,0.5,0.5,0.0
1772,Arizona,"Sierra Vista-Douglas, AZ",2011,2012,0.5,0.5,0.0
1773,Arizona,"Sierra Vista-Douglas, AZ",2012,2013,0.5,0.5,0.0
1774,Arizona,"Sierra Vista-Douglas, AZ",2013,2014,0.5,0.5,0.0
1775,Arizona,"Sierra Vista-Douglas, AZ",2014,2015,0.5,0.6,0.19999999999999996
1776,Arizona,"Sierra Vista-Douglas, AZ",2015,2016,0.6,0.7,0.16666666666666663
1777,Arizona,"Sierra Vista-Douglas, AZ",2016,2017,0.7,0.5,-0.28571428571428564
1778,Arizona,"Sierra Vista-Douglas, AZ",2017,2018,0.5,0.5,0.0
1779,Arizona,"Sierra Vista-Douglas, AZ",2018,2019,0.5,0.5,0.0
1780,Arizona,"Sierra Vista-Douglas, AZ",2019,2020,0.5,0.6,0.19999999999999996
1781,Arizona,"Sierra Vista-Douglas, AZ",2020,2021,0.6,0.7,0.16666666666666663
1782,Arizona,"Sierra Vista-Douglas, AZ",2021,2022,0.7,0.7,0.0
1783,Arizona,"Sierra Vista-Douglas, AZ",2022,2023,0.7,0.7,0.0
1784,Arizona,"Sierra Vista-Douglas, AZ",2023,2024,0.7,0.9,0.2857142857142858
1785,Texas,"Dallas-Plano-Irving, TX Metropolitan Division",2007,2008,194.7,187.4,-0.03749357986646114
1786,Texas,"Dallas-Plano-Irving, TX Metropolitan Division",2008,2009,187.4,167.9,-0.10405549626467449
1787,Texas,"Dallas-Plano-Irving, TX Metropolitan Division",2009,2010,167.9,166.7,-0.007147111375819041
1788,Texas,"Dallas-Plano-Irving, TX Metropolitan Division",2010,2011,166.7,168.1,0.008398320335932848
1789,Texas,"Dallas-Plano-Irving, TX Metropolitan Division",2011,2012,168.1,168.1,0.0
1790,Texas,"Dallas-Plano-Irving, TX Metropolitan Division",2012,2013,168.1,164.9,-0.01903628792385478
1791,Texas,"Dallas-Plano-Irving, TX Metropolitan Division",2013,2014,164.9,167.7,0.01697998787143713
1792,Texas,"Dallas-Plano-Irving, TX Metropolitan Division",2014,2015,167.7,170.8,0.01848539057841397
1793,Texas,"Dallas-Plano-Irving, TX Metropolitan Division",2015,2016,170.8,175.1,0.025175644028102944
1794,Texas,"Dallas-Plano-Irving, TX Metropolitan Division",2016,2017,175.1,178.2,0.01770416904625925
1795,Texas,"Dallas-Plano-Irving, TX Metropolitan Division",2017,2018,178.2,183.3,0.02861952861952875
1796,Texas,"Dallas-Plano-Irving, TX Metropolitan Division",2018,2019,183.3,187.8,0.024549918166939442
1797,Texas,"Dallas-Plano-Irving, TX Metropolitan Division",2019,2020,187.8,182.2,-0.02981895633652834
1798,Texas,"Dallas-Plano-Irving, TX Metropolitan Division",2020,2021,182.2,190.0,0.04281009879253574
1799,Texas,"Dallas-Plano-Irving, TX Metropolitan Division",2021,2022,190.0,196.0,0.031578947368421054
1800,Texas,"Dallas-Plano-Irving, TX Metropolitan Division",2022,2023,196.0,201.3,0.02704081632653067
1801,Texas,"Dallas-Plano-Irving, TX Metropolitan Division",2023,2024,201.3,204.1,0.013909587680079398
1802,California,"Anaheim-Santa Ana-Irvine, CA Metropolitan Division",2007,2008,179.1,169.0,-0.05639307649357898
1803,California,"Anaheim-Santa Ana-Irvine, CA Metropolitan Division",2008,2009,169.0,150.5,-0.10946745562130178
1804,California,"Anaheim-Santa Ana-Irvine, CA Metropolitan Division",2009,2010,150.5,153.4,0.01926910299003326
1805,California,"Anaheim-Santa Ana-Irvine, CA Metropolitan Division",2010,2011,153.4,157.4,0.026075619295958277
1806,California,"Anaheim-Santa Ana-Irvine, CA Metropolitan Division",2011,2012,157.4,160.0,0.01651842439644215
1807,California,"Anaheim-Santa Ana-Irvine, CA Metropolitan Division",2012,2013,160.0,159.9,-0.0006249999999999645
1808,California,"Anaheim-Santa Ana-Irvine, CA Metropolitan Division",2013,2014,159.9,158.6,-0.008130081300813078
1809,California,"Anaheim-Santa Ana-Irvine, CA Metropolitan Division",2014,2015,158.6,158.7,0.0006305170239596111
1810,California,"Anaheim-Santa Ana-Irvine, CA Metropolitan Division",2015,2016,158.7,161.1,0.015122873345935765
1811,California,"Anaheim-Santa Ana-Irvine, CA Metropolitan Division",2016,2017,161.1,162.1,0.006207324643078833
1812,California,"Anaheim-Santa Ana-Irvine, CA Metropolitan Division",2017,2018,162.1,161.8,-0.0018507094386180317
1813,California,"Anaheim-Santa Ana-Irvine, CA Metropolitan Division",2018,2019,161.8,160.5,-0.00803461063040798
1814,California,"Anaheim-Santa Ana-Irvine, CA Metropolitan Division",2019,2020,160.5,148.7,-0.07352024922118387
1815,California,"Anaheim-Santa Ana-Irvine, CA Metropolitan Division",2020,2021,148.7,153.9,0.03496973772696717
1816,California,"Anaheim-Santa Ana-Irvine, CA Metropolitan Division",2021,2022,153.9,157.4,0.022742040285899934
1817,California,"Anaheim-Santa Ana-Irvine, CA Metropolitan Division",2022,2023,157.4,156.6,-0.005082592121982283
1818,California,"Anaheim-Santa Ana-Irvine, CA Metropolitan Division",2023,2024,156.6,154.4,-0.014048531289910527
1819,South Carolina,"Greenville-Anderson-Greer, SC",2007,2008,55.0,52.7,-0.04181818181818177
1820,South Carolina,"Greenville-Anderson-Greer, SC",2008,2009,52.7,48.4,-0.08159392789373822
1821,South Carolina,"Greenville-Anderson-Greer, SC",2009,2010,48.4,48.7,0.006198347107438105
1822,South Carolina,"Greenville-Anderson-Greer, SC",2010,2011,48.7,50.2,0.030800821355236138
1823,South Carolina,"Greenville-Anderson-Greer, SC",2011,2012,50.2,51.5,0.025896414342629424
1824,South Carolina,"Greenville-Anderson-Greer, SC",2012,2013,51.5,53.3,0.03495145631067956
1825,South Carolina,"Greenville-Anderson-Greer, SC",2013,2014,53.3,54.6,0.024390243902439105
1826,South Carolina,"Greenville-Anderson-Greer, SC",2014,2015,54.6,56.4,0.03296703296703291
1827,South Carolina,"Greenville-Anderson-Greer, SC",2015,2016,56.4,58.1,0.030141843971631256
1828,South Carolina,"Greenville-Anderson-Greer, SC",2016,2017,58.1,58.3,0.0034423407917383085
1829,South Carolina,"Greenville-Anderson-Greer, SC",2017,2018,58.3,58.8,0.008576329331046312
1830,South Carolina,"Greenville-Anderson-Greer, SC",2018,2019,58.8,57.7,-0.01870748299319718
1831,South Carolina,"Greenville-Anderson-Greer, SC",2019,2020,57.7,56.0,-0.02946273830155984
1832,South Carolina,"Greenville-Anderson-Greer, SC",2020,2021,56.0,59.5,0.0625
1833,South Carolina,"Greenville-Anderson-Greer, SC",2021,2022,59.5,62.0,0.04201680672268908
1834,South Carolina,"Greenville-Anderson-Greer, SC",2022,2023,62.0,60.9,-0.017741935483870992
1835,South Carolina,"Greenville-Anderson-Greer, SC",2023,2024,60.9,60.3,-0.009852216748768497
1836,Indiana,"Lake County-Porter County-Jasper County, IN Metropolitan Division",2007,2008,38.6,37.8,-0.020725388601036378
1837,Indiana,"Lake County-Porter County-Jasper County, IN Metropolitan Division",2008,2009,37.8,33.9,-0.10317460317460314
1838,Indiana,"Lake County-Porter County-Jasper County, IN Metropolitan Division",2009,2010,33.9,34.1,0.005899705014749347
1839,Indiana,"Lake County-Porter County-Jasper County, IN Metropolitan Division",2010,2011,34.1,35.9,0.0527859237536656
1840,Indiana,"Lake County-Porter County-Jasper County, IN Metropolitan Division",2011,2012,35.9,36.0,0.0027855153203343017
1841,Indiana,"Lake County-Porter County-Jasper County, IN Metropolitan Division",2012,2013,36.0,36.3,0.008333333333333255
1842,Indiana,"Lake County-Porter County-Jasper County, IN Metropolitan Division",2013,2014,36.3,37.0,0.01928374655647391
1843,Indiana,"Lake County-Porter County-Jasper County, IN Metropolitan Division",2014,2015,37.0,36.2,-0.021621621621621546
1844,Indiana,"Lake County-Porter County-Jasper County, IN Metropolitan Division",2015,2016,36.2,35.8,-0.011049723756906233
1845,Indiana,"Lake County-Porter County-Jasper County, IN Metropolitan Division",2016,2017,35.8,35.5,-0.008379888268156346
1846,Indiana,"Lake County-Porter County-Jasper County, IN Metropolitan Division",2017,2018,35.5,35.7,0.0056338028169014885
1847,Indiana,"Lake County-Porter County-Jasper County, IN Metropolitan Division",2018,2019,35.7,35.3,-0.011204481792717245
1848,Indiana,"Lake County-Porter County-Jasper County, IN Metropolitan Division",2019,2020,35.3,33.3,-0.056657223796034
1849,Indiana,"Lake County-Porter County-Jasper County, IN Metropolitan Division",2020,2021,33.3,33.3,0.0
1850,Indiana,"Lake County-Porter County-Jasper County, IN Metropolitan Division",2021,2022,33.3,34.5,0.036036036036036126
1851,Indiana,"Lake County-Porter County-Jasper County, IN Metropolitan Division",2022,2023,34.5,34.4,-0.0028985507246377224
1852,Indiana,"Lake County-Porter County-Jasper County, IN Metropolitan Division",2023,2024,34.4,34.1,-0.008720930232558058
1853,Colorado,"Pueblo, CO",2007,2008,4.5,4.3,-0.04444444444444448
1854,Colorado,"Pueblo, CO",2008,2009,4.3,3.9,-0.09302325581395347
1855,Colorado,"Pueblo, CO",2009,2010,3.9,4.2,0.076923076923077
1856,Colorado,"Pueblo, CO",2010,2011,4.2,4.2,0.0
1857,Colorado,"Pueblo, CO",2011,2012,4.2,4.1,-0.023809523809523937
1858,Colorado,"Pueblo, CO",2012,2013,4.1,4.5,0.0975609756097562
1859,Colorado,"Pueblo, CO",2013,2014,4.5,4.7,0.04444444444444448
1860,Colorado,"Pueblo, CO",2014,2015,4.7,4.3,-0.08510638297872347
1861,Colorado,"Pueblo, CO",2015,2016,4.3,4.0,-0.06976744186046507
1862,Colorado,"Pueblo, CO",2016,2017,4.0,4.2,0.050000000000000044
1863,Colorado,"Pueblo, CO",2017,2018,4.2,4.5,0.07142857142857138
1864,Colorado,"Pueblo, CO",2018,2019,4.5,4.7,0.04444444444444448
1865,Colorado,"Pueblo, CO",2019,2020,4.7,4.3,-0.08510638297872347
1866,Colorado,"Pueblo, CO",2020,2021,4.3,4.4,0.023255813953488497
1867,Colorado,"Pueblo, CO",2021,2022,4.4,5.0,0.13636363636363627
1868,Colorado,"Pueblo, CO",2022,2023,5.0,4.9,-0.019999999999999928
1869,Colorado,"Pueblo, CO",2023,2024,4.9,5.0,0.020408163265306048
1870,Texas,"El Paso, TX",2007,2008,20.5,18.9,-0.07804878048780495
1871,Texas,"El Paso, TX",2008,2009,18.9,16.9,-0.10582010582010583
1872,Texas,"El Paso, TX",2009,2010,16.9,17.5,0.03550295857988174
1873,Texas,"El Paso, TX",2010,2011,17.5,18.0,0.02857142857142857
1874,Texas,"El Paso, TX",2011,2012,18.0,18.5,0.027777777777777776
1875,Texas,"El Paso, TX",2012,2013,18.5,18.1,-0.021621621621621546
1876,Texas,"El Paso, TX",2013,2014,18.1,17.6,-0.027624309392265192
1877,Texas,"El Paso, TX",2014,2015,17.6,17.6,0.0
1878,Texas,"El Paso, TX",2015,2016,17.6,17.5,-0.005681818181818262
1879,Texas,"El Paso, TX",2016,2017,17.5,17.0,-0.02857142857142857
1880,Texas,"El Paso, TX",2017,2018,17.0,17.4,0.0235294117647058
1881,Texas,"El Paso, TX",2018,2019,17.4,17.6,0.011494252873563383
1882,Texas,"El Paso, TX",2019,2020,17.6,17.1,-0.028409090909090908
1883,Texas,"El Paso, TX",2020,2021,17.1,17.5,0.02339181286549699
1884,Texas,"El Paso, TX",2021,2022,17.5,17.5,0.0
1885,Texas,"El Paso, TX",2022,2023,17.5,17.3,-0.011428571428571389
1886,Texas,"El Paso, TX",2023,2024,17.3,17.4,0.005780346820809125
1887,Ohio,"Toledo, OH",2007,2008,45.9,40.0,-0.12854030501089322
1888,Ohio,"Toledo, OH",2008,2009,40.0,35.0,-0.125
1889,Ohio,"Toledo, OH",2009,2010,35.0,36.6,0.045714285714285756
1890,Ohio,"Toledo, OH",2010,2011,36.6,38.0,0.03825136612021854
1891,Ohio,"Toledo, OH",2011,2012,38.0,38.6,0.015789473684210565
1892,Ohio,"Toledo, OH",2012,2013,38.6,41.6,0.07772020725388601
1893,Ohio,"Toledo, OH",2013,2014,41.6,43.1,0.036057692307692304
1894,Ohio,"Toledo, OH",2014,2015,43.1,44.7,0.03712296983758704
1895,Ohio,"Toledo, OH",2015,2016,44.7,44.9,0.004474272930648674
1896,Ohio,"Toledo, OH",2016,2017,44.9,44.9,0.0
1897,Ohio,"Toledo, OH",2017,2018,44.9,46.6,0.03786191536748336
1898,Ohio,"Toledo, OH",2018,2019,46.6,48.0,0.03004291845493559
1899,Ohio,"Toledo, OH",2019,2020,48.0,47.8,-0.004166666666666726
1900,Ohio,"Toledo, OH",2020,2021,47.8,46.0,-0.03765690376569032
1901,Ohio,"Toledo, OH",2021,2022,46.0,46.4,0.008695652173913012
1902,Ohio,"Toledo, OH",2022,2023,46.4,45.9,-0.010775862068965518
1903,Ohio,"Toledo, OH",2023,2024,45.9,43.9,-0.04357298474945534
1904,Georgia,"Macon-Bibb County, GA",2007,2008,6.5,6.2,-0.04615384615384613
1905,Georgia,"Macon-Bibb County, GA",2008,2009,6.2,5.7,-0.08064516129032258
1906,Georgia,"Macon-Bibb County, GA",2009,2010,5.7,5.2,-0.08771929824561403
1907,Georgia,"Macon-Bibb County, GA",2010,2011,5.2,5.5,0.057692307692307654
1908,Georgia,"Macon-Bibb County, GA",2011,2012,5.5,5.5,0.0
1909,Georgia,"Macon-Bibb County, GA",2012,2013,5.5,5.4,-0.01818181818181812
1910,Georgia,"Macon-Bibb County, GA",2013,2014,5.4,5.8,0.07407407407407397
1911,Georgia,"Macon-Bibb County, GA",2014,2015,5.8,6.2,0.06896551724137938
1912,Georgia,"Macon-Bibb County, GA",2015,2016,6.2,6.4,0.03225806451612906
1913,Georgia,"Macon-Bibb County, GA",2016,2017,6.4,6.2,-0.03125000000000003
1914,Georgia,"Macon-Bibb County, GA",2017,2018,6.2,6.3,0.016129032258064457
1915,Georgia,"Macon-Bibb County, GA",2018,2019,6.3,6.1,-0.03174603174603177
1916,Georgia,"Macon-Bibb County, GA",2019,2020,6.1,6.0,-0.01639344262295076
1917,Georgia,"Macon-Bibb County, GA",2020,2021,6.0,6.2,0.03333333333333336
1918,Georgia,"Macon-Bibb County, GA",2021,2022,6.2,6.8,0.09677419354838704
1919,Georgia,"Macon-Bibb County, GA",2022,2023,6.8,6.9,0.014705882352941256
1920,Georgia,"Macon-Bibb County, GA",2023,2024,6.9,7.1,0.028985507246376708
1921,Wisconsin,"Wausau, WI",2007,2008,19.1,18.2,-0.047120418848167644
1922,Wisconsin,"Wausau, WI",2008,2009,18.2,15.9,-0.1263736263736263
1923,Wisconsin,"Wausau, WI",2009,2010,15.9,15.8,-0.006289308176100607
1924,Wisconsin,"Wausau, WI",2010,2011,15.8,16.0,0.01265822784810122
1925,Wisconsin,"Wausau, WI",2011,2012,16.0,15.8,-0.012499999999999956
1926,Wisconsin,"Wausau, WI",2012,2013,15.8,16.3,0.03164556962025316
1927,Wisconsin,"Wausau, WI",2013,2014,16.3,17.1,0.04907975460122704
1928,Wisconsin,"Wausau, WI",2014,2015,17.1,17.3,0.011695906432748496
1929,Wisconsin,"Wausau, WI",2015,2016,17.3,17.5,0.011560693641618455
1930,Wisconsin,"Wausau, WI",2016,2017,17.5,17.7,0.011428571428571389
1931,Wisconsin,"Wausau, WI",2017,2018,17.7,18.5,0.04519774011299439
1932,Wisconsin,"Wausau, WI",2018,2019,18.5,18.6,0.005405405405405482
1933,Wisconsin,"Wausau, WI",2019,2020,18.6,18.1,-0.026881720430107524
1934,Wisconsin,"Wausau, WI",2020,2021,18.1,18.6,0.027624309392265192
1935,Wisconsin,"Wausau, WI",2021,2022,18.6,18.9,0.016129032258064363
1936,Wisconsin,"Wausau, WI",2022,2023,18.9,18.4,-0.026455026455026457
1937,Wisconsin,"Wausau, WI",2023,2024,18.4,18.4,0.0
1938,Puerto Rico,"Aguadilla, PR",2007,2008,7.3,6.7,-0.08219178082191776
1939,Puerto Rico,"Aguadilla, PR",2008,2009,6.7,5.9,-0.11940298507462684
1940,Puerto Rico,"Aguadilla, PR",2009,2010,5.9,5.9,0.0
1941,Puerto Rico,"Aguadilla, PR",2010,2011,5.9,5.1,-0.13559322033898316
1942,Puerto Rico,"Aguadilla, PR",2011,2012,5.1,5.2,0.01960784313725501
1943,Puerto Rico,"Aguadilla, PR",2012,2013,5.2,5.2,0.0
1944,Puerto Rico,"Aguadilla, PR",2013,2014,5.2,5.5,0.057692307692307654
1945,Puerto Rico,"Aguadilla, PR",2014,2015,5.5,5.6,0.01818181818181812
1946,Puerto Rico,"Aguadilla, PR",2015,2016,5.6,5.7,0.017857142857142953
1947,Puerto Rico,"Aguadilla, PR",2016,2017,5.7,5.3,-0.0701754385964913
1948,Puerto Rico,"Aguadilla, PR",2017,2018,5.3,5.2,-0.01886792452830182
1949,Puerto Rico,"Aguadilla, PR",2018,2019,5.2,5.3,0.019230769230769162
1950,Puerto Rico,"Aguadilla, PR",2019,2020,5.3,5.1,-0.03773584905660381
1951,Puerto Rico,"Aguadilla, PR",2020,2021,5.1,6.4,0.2549019607843139
1952,Puerto Rico,"Aguadilla, PR",2021,2022,6.4,7.6,0.1874999999999999
1953,Puerto Rico,"Aguadilla, PR",2022,2023,7.6,7.9,0.03947368421052641
1954,Puerto Rico,"Aguadilla, PR",2023,2024,7.9,7.4,-0.06329113924050632
1955,Alabama,"Mobile, AL",2007,2008,16.4,16.5,0.006097560975609843
1956,Alabama,"Mobile, AL",2008,2009,16.5,14.4,-0.12727272727272726
1957,Alabama,"Mobile, AL",2009,2010,14.4,15.5,0.07638888888888887
1958,Alabama,"Mobile, AL",2010,2011,15.5,17.2,0.10967741935483867
1959,Alabama,"Mobile, AL",2011,2012,17.2,18.7,0.0872093023255814
1960,Alabama,"Mobile, AL",2012,2013,18.7,19.0,0.01604278074866314
1961,Alabama,"Mobile, AL",2013,2014,19.0,19.6,0.03157894736842113
1962,Alabama,"Mobile, AL",2014,2015,19.6,19.6,0.0
1963,Alabama,"Mobile, AL",2015,2016,19.6,19.1,-0.02551020408163265
1964,Alabama,"Mobile, AL",2016,2017,19.1,18.8,-0.01570680628272255
1965,Alabama,"Mobile, AL",2017,2018,18.8,18.6,-0.010638297872340387
1966,Alabama,"Mobile, AL",2018,2019,18.6,18.7,0.0053763440860213904
1967,Alabama,"Mobile, AL",2019,2020,18.7,17.9,-0.04278074866310164
1968,Alabama,"Mobile, AL",2020,2021,17.9,16.4,-0.08379888268156425
1969,Alabama,"Mobile, AL",2021,2022,16.4,16.1,-0.018292682926829097
1970,Alabama,"Mobile, AL",2022,2023,16.1,16.6,0.03105590062111801
1971,Alabama,"Mobile, AL",2023,2024,16.6,17.1,0.03012048192771084
1972,California,"Modesto, CA",2007,2008,21.6,20.3,-0.06018518518518522
1973,California,"Modesto, CA",2008,2009,20.3,19.3,-0.04926108374384236
1974,California,"Modesto, CA",2009,2010,19.3,19.5,0.010362694300518097
1975,California,"Modesto, CA",2010,2011,19.5,19.5,0.0
1976,California,"Modesto, CA",2011,2012,19.5,19.0,-0.02564102564102564
1977,California,"Modesto, CA",2012,2013,19.0,19.8,0.04210526315789478
1978,California,"Modesto, CA",2013,2014,19.8,19.8,0.0
1979,California,"Modesto, CA",2014,2015,19.8,20.2,0.02020202020202013
1980,California,"Modesto, CA",2015,2016,20.2,20.2,0.0
1981,California,"Modesto, CA",2016,2017,20.2,20.2,0.0
1982,California,"Modesto, CA",2017,2018,20.2,20.7,0.024752475247524754
1983,California,"Modesto, CA",2018,2019,20.7,20.5,-0.009661835748792237
1984,California,"Modesto, CA",2019,2020,20.5,20.9,0.01951219512195115
1985,California,"Modesto, CA",2020,2021,20.9,21.4,0.023923444976076555
1986,California,"Modesto, CA",2021,2022,21.4,22.7,0.060747663551401904
1987,California,"Modesto, CA",2022,2023,22.7,22.6,-0.004405286343612241
1988,California,"Modesto, CA",2023,2024,22.6,23.8,0.05309734513274333
1989,Alabama,"Montgomery, AL",2007,2008,20.2,18.5,-0.08415841584158412
1990,Alabama,"Montgomery, AL",2008,2009,18.5,17.0,-0.08108108108108109
1991,Alabama,"Montgomery, AL",2009,2010,17.0,17.1,0.005882352941176554
1992,Alabama,"Montgomery, AL",2010,2011,17.1,17.4,0.01754385964912264
1993,Alabama,"Montgomery, AL",2011,2012,17.4,18.5,0.06321839080459779
1994,Alabama,"Montgomery, AL",2012,2013,18.5,18.4,-0.005405405405405482
1995,Alabama,"Montgomery, AL",2013,2014,18.4,18.6,0.01086956521739146
1996,Alabama,"Montgomery, AL",2014,2015,18.6,18.8,0.010752688172042972
1997,Alabama,"Montgomery, AL",2015,2016,18.8,18.6,-0.010638297872340387
1998,Alabama,"Montgomery, AL",2016,2017,18.6,18.4,-0.010752688172043163
1999,Alabama,"Montgomery, AL",2017,2018,18.4,18.2,-0.010869565217391266
2000,Alabama,"Montgomery, AL",2018,2019,18.2,18.3,0.005494505494505573
2001,Alabama,"Montgomery, AL",2019,2020,18.3,17.7,-0.03278688524590172
2002,Alabama,"Montgomery, AL",2020,2021,17.7,18.2,0.02824858757062147
2003,Alabama,"Montgomery, AL",2021,2022,18.2,19.0,0.043956043956043994
2004,Alabama,"Montgomery, AL",2022,2023,19.0,20.1,0.05789473684210534
2005,Alabama,"Montgomery, AL",2023,2024,20.1,20.7,0.02985074626865661
2006,Washington,"Mount Vernon-Anacortes, WA",2007,2008,6.0,5.7,-0.04999999999999997
2007,Washington,"Mount Vernon-Anacortes, WA",2008,2009,5.7,5.1,-0.10526315789473693
2008,Washington,"Mount Vernon-Anacortes, WA",2009,2010,5.1,5.2,0.01960784313725501
2009,Washington,"Mount Vernon-Anacortes, WA",2010,2011,5.2,5.3,0.019230769230769162
2010,Washington,"Mount Vernon-Anacortes, WA",2011,2012,5.3,5.6,0.05660377358490563
2011,Washington,"Mount Vernon-Anacortes, WA",2012,2013,5.6,6.1,0.08928571428571429
2012,Washington,"Mount Vernon-Anacortes, WA",2013,2014,6.1,6.4,0.049180327868852576
2013,Washington,"Mount Vernon-Anacortes, WA",2014,2015,6.4,6.3,-0.015625000000000083
2014,Washington,"Mount Vernon-Anacortes, WA",2015,2016,6.3,6.2,-0.015873015873015817
2015,Washington,"Mount Vernon-Anacortes, WA",2016,2017,6.2,6.3,0.016129032258064457
2016,Washington,"Mount Vernon-Anacortes, WA",2017,2018,6.3,6.6,0.047619047619047596
2017,Washington,"Mount Vernon-Anacortes, WA",2018,2019,6.6,6.4,-0.030303030303030196
2018,Washington,"Mount Vernon-Anacortes, WA",2019,2020,6.4,6.1,-0.04687500000000011
2019,Washington,"Mount Vernon-Anacortes, WA",2020,2021,6.1,5.9,-0.03278688524590152
2020,Washington,"Mount Vernon-Anacortes, WA",2021,2022,5.9,5.7,-0.03389830508474579
2021,Washington,"Mount Vernon-Anacortes, WA",2022,2023,5.7,6.0,0.05263157894736839
2022,Washington,"Mount Vernon-Anacortes, WA",2023,2024,6.0,6.6,0.09999999999999994
2023,New York,"Rochester, NY",2007,2008,71.6,67.6,-0.0558659217877095
2024,New York,"Rochester, NY",2008,2009,67.6,60.5,-0.1050295857988165
2025,New York,"Rochester, NY",2009,2010,60.5,60.2,-0.004958677685950366
2026,New York,"Rochester, NY",2010,2011,60.2,60.4,0.0033222591362125535
2027,New York,"Rochester, NY",2011,2012,60.4,59.3,-0.018211920529801348
2028,New York,"Rochester, NY",2012,2013,59.3,58.2,-0.018549747048903782
2029,New York,"Rochester, NY",2013,2014,58.2,58.0,-0.0034364261168385365
2030,New York,"Rochester, NY",2014,2015,58.0,57.9,-0.0017241379310345072
2031,New York,"Rochester, NY",2015,2016,57.9,55.9,-0.03454231433506045
2032,New York,"Rochester, NY",2016,2017,55.9,55.4,-0.008944543828264758
2033,New York,"Rochester, NY",2017,2018,55.4,55.6,0.0036101083032491488
2034,New York,"Rochester, NY",2018,2019,55.6,55.5,-0.0017985611510791622
2035,New York,"Rochester, NY",2019,2020,55.5,52.7,-0.0504504504504504
2036,New York,"Rochester, NY",2020,2021,52.7,53.3,0.01138519924098661
2037,New York,"Rochester, NY",2021,2022,53.3,53.0,-0.005628517823639722
2038,New York,"Rochester, NY",2022,2023,53.0,51.5,-0.02830188679245283
2039,New York,"Rochester, NY",2023,2024,51.5,50.4,-0.0213592233009709
2040,Nevada,"Reno, NV",2007,2008,16.6,15.4,-0.07228915662650608
2041,Nevada,"Reno, NV",2008,2009,15.4,13.2,-0.14285714285714293
2042,Nevada,"Reno, NV",2009,2010,13.2,13.2,0.0
2043,Nevada,"Reno, NV",2010,2011,13.2,13.2,0.0
2044,Nevada,"Reno, NV",2011,2012,13.2,13.5,0.022727272727272783
2045,Nevada,"Reno, NV",2012,2013,13.5,14.5,0.07407407407407407
2046,Nevada,"Reno, NV",2013,2014,14.5,14.7,0.013793103448275813
2047,Nevada,"Reno, NV",2014,2015,14.7,15.6,0.061224489795918394
2048,Nevada,"Reno, NV",2015,2016,15.6,16.9,0.08333333333333327
2049,Nevada,"Reno, NV",2016,2017,16.9,21.6,0.27810650887573984
2050,Nevada,"Reno, NV",2017,2018,21.6,28.2,0.3055555555555554
2051,Nevada,"Reno, NV",2018,2019,28.2,27.0,-0.04255319148936168
2052,Nevada,"Reno, NV",2019,2020,27.0,27.4,0.014814814814814762
2053,Nevada,"Reno, NV",2020,2021,27.4,30.6,0.11678832116788332
2054,Nevada,"Reno, NV",2021,2022,30.6,30.7,0.0032679738562090806
2055,Nevada,"Reno, NV",2022,2023,30.7,30.7,0.0
2056,Nevada,"Reno, NV",2023,2024,30.7,30.3,-0.013029315960912006
2057,Alabama,"Gadsden, AL",2007,2008,5.6,5.0,-0.10714285714285708
2058,Alabama,"Gadsden, AL",2008,2009,5.0,4.8,-0.040000000000000036
2059,Alabama,"Gadsden, AL",2009,2010,4.8,5.0,0.041666666666666706
2060,Alabama,"Gadsden, AL",2010,2011,5.0,5.0,0.0
2061,Alabama,"Gadsden, AL",2011,2012,5.0,5.0,0.0
2062,Alabama,"Gadsden, AL",2012,2013,5.0,5.0,0.0
2063,Alabama,"Gadsden, AL",2013,2014,5.0,5.4,0.08000000000000007
2064,Alabama,"Gadsden, AL",2014,2015,5.4,5.5,0.01851851851851845
2065,Alabama,"Gadsden, AL",2015,2016,5.5,5.6,0.01818181818181812
2066,Alabama,"Gadsden, AL",2016,2017,5.6,5.5,-0.017857142857142794
2067,Alabama,"Gadsden, AL",2017,2018,5.5,5.5,0.0
2068,Alabama,"Gadsden, AL",2018,2019,5.5,5.4,-0.01818181818181812
2069,Alabama,"Gadsden, AL",2019,2020,5.4,4.5,-0.1666666666666667
2070,Alabama,"Gadsden, AL",2020,2021,4.5,4.4,-0.022222222222222143
2071,Alabama,"Gadsden, AL",2021,2022,4.4,4.5,0.022727272727272645
2072,Alabama,"Gadsden, AL",2022,2023,4.5,4.4,-0.022222222222222143
2073,Alabama,"Gadsden, AL",2023,2024,4.4,4.6,0.04545454545454529
2074,Missouri,"St. Louis, MO-IL",2007,2008,136.3,126.3,-0.07336757153338234
2075,Missouri,"St. Louis, MO-IL",2008,2009,126.3,107.8,-0.14647664291369755
2076,Missouri,"St. Louis, MO-IL",2009,2010,107.8,109.8,0.01855287569573284
2077,Missouri,"St. Louis, MO-IL",2010,2011,109.8,111.2,0.012750455373406246
2078,Missouri,"St. Louis, MO-IL",2011,2012,111.2,110.1,-0.009892086330935329
2079,Missouri,"St. Louis, MO-IL",2012,2013,110.1,110.9,0.007266121707538705
2080,Missouri,"St. Louis, MO-IL",2013,2014,110.9,113.8,0.02614968440036061
2081,Missouri,"St. Louis, MO-IL",2014,2015,113.8,114.6,0.007029876977152875
2082,Missouri,"St. Louis, MO-IL",2015,2016,114.6,114.8,0.0017452006980803042
2083,Missouri,"St. Louis, MO-IL",2016,2017,114.8,115.7,0.00783972125435545
2084,Missouri,"St. Louis, MO-IL",2017,2018,115.7,118.5,0.02420051858254103
2085,Missouri,"St. Louis, MO-IL",2018,2019,118.5,119.3,0.006751054852320651
2086,Missouri,"St. Louis, MO-IL",2019,2020,119.3,114.6,-0.039396479463537325
2087,Missouri,"St. Louis, MO-IL",2020,2021,114.6,112.7,-0.016579406631762578
2088,Missouri,"St. Louis, MO-IL",2021,2022,112.7,117.9,0.04614019520851821
2089,Missouri,"St. Louis, MO-IL",2022,2023,117.9,118.1,0.0016963528413909128
2090,Missouri,"St. Louis, MO-IL",2023,2024,118.1,118.6,0.004233700254022015
2091,Texas,"Beaumont-Port Arthur, TX",2007,2008,23.3,21.9,-0.060085836909871335
2092,Texas,"Beaumont-Port Arthur, TX",2008,2009,21.9,19.2,-0.12328767123287669
2093,Texas,"Beaumont-Port Arthur, TX",2009,2010,19.2,19.6,0.020833333333333447
2094,Texas,"Beaumont-Port Arthur, TX",2010,2011,19.6,21.5,0.09693877551020401
2095,Texas,"Beaumont-Port Arthur, TX",2011,2012,21.5,21.2,-0.013953488372093056
2096,Texas,"Beaumont-Port Arthur, TX",2012,2013,21.2,21.6,0.018867924528301987
2097,Texas,"Beaumont-Port Arthur, TX",2013,2014,21.6,23.3,0.07870370370370366
2098,Texas,"Beaumont-Port Arthur, TX",2014,2015,23.3,22.5,-0.03433476394849788
2099,Texas,"Beaumont-Port Arthur, TX",2015,2016,22.5,21.6,-0.03999999999999994
2100,Texas,"Beaumont-Port Arthur, TX",2016,2017,21.6,21.4,-0.00925925925925939
2101,Texas,"Beaumont-Port Arthur, TX",2017,2018,21.4,22.4,0.04672897196261683
2102,Texas,"Beaumont-Port Arthur, TX",2018,2019,22.4,21.9,-0.022321428571428572
2103,Texas,"Beaumont-Port Arthur, TX",2019,2020,21.9,19.7,-0.10045662100456619
2104,Texas,"Beaumont-Port Arthur, TX",2020,2021,19.7,19.2,-0.025380710659898477
2105,Texas,"Beaumont-Port Arthur, TX",2021,2022,19.2,20.7,0.078125
2106,Texas,"Beaumont-Port Arthur, TX",2022,2023,20.7,21.4,0.03381642512077292
2107,Texas,"Beaumont-Port Arthur, TX",2023,2024,21.4,22.1,0.03271028037383191
2108,Colorado,"Grand Junction, CO",2007,2008,3.3,3.1,-0.06060606060606053
2109,Colorado,"Grand Junction, CO",2008,2009,3.1,2.5,-0.19354838709677422
2110,Colorado,"Grand Junction, CO",2009,2010,2.5,2.6,0.040000000000000036
2111,Colorado,"Grand Junction, CO",2010,2011,2.6,2.6,0.0
2112,Colorado,"Grand Junction, CO",2011,2012,2.6,2.7,0.03846153846153849
2113,Colorado,"Grand Junction, CO",2012,2013,2.7,2.8,0.0370370370370369
2114,Colorado,"Grand Junction, CO",2013,2014,2.8,2.8,0.0
2115,Colorado,"Grand Junction, CO",2014,2015,2.8,2.9,0.03571428571428575
2116,Colorado,"Grand Junction, CO",2015,2016,2.9,2.9,0.0
2117,Colorado,"Grand Junction, CO",2016,2017,2.9,3.1,0.06896551724137938
2118,Colorado,"Grand Junction, CO",2017,2018,3.1,3.1,0.0
2119,Colorado,"Grand Junction, CO",2018,2019,3.1,3.2,0.03225806451612906
2120,Colorado,"Grand Junction, CO",2019,2020,3.2,3.1,-0.03125000000000003
2121,Colorado,"Grand Junction, CO",2020,2021,3.1,3.2,0.03225806451612906
2122,Colorado,"Grand Junction, CO",2021,2022,3.2,3.1,-0.03125000000000003
2123,Colorado,"Grand Junction, CO",2022,2023,3.1,3.1,0.0
2124,Colorado,"Grand Junction, CO",2023,2024,3.1,3.1,0.0
2125,California,"Merced, CA",2007,2008,8.9,8.6,-0.0337078651685394
2126,California,"Merced, CA",2008,2009,8.6,7.9,-0.08139534883720922
2127,California,"Merced, CA",2009,2010,7.9,8.0,0.01265822784810122
2128,California,"Merced, CA",2010,2011,8.0,8.0,0.0
2129,California,"Merced, CA",2011,2012,8.0,8.1,0.012499999999999956
2130,California,"Merced, CA",2012,2013,8.1,8.5,0.04938271604938276
2131,California,"Merced, CA",2013,2014,8.5,8.6,0.0117647058823529
2132,California,"Merced, CA",2014,2015,8.6,8.5,-0.011627906976744146
2133,California,"Merced, CA",2015,2016,8.5,8.6,0.0117647058823529
2134,California,"Merced, CA",2016,2017,8.6,9.9,0.15116279069767452
2135,California,"Merced, CA",2017,2018,9.9,9.2,-0.07070707070707082
2136,California,"Merced, CA",2018,2019,9.2,9.1,-0.010869565217391266
2137,California,"Merced, CA",2019,2020,9.1,9.3,0.021978021978022098
2138,California,"Merced, CA",2020,2021,9.3,9.0,-0.03225806451612911
2139,California,"Merced, CA",2021,2022,9.0,9.5,0.05555555555555555
2140,California,"Merced, CA",2022,2023,9.5,8.7,-0.08421052631578956
2141,California,"Merced, CA",2023,2024,8.7,9.7,0.1149425287356322
2142,Florida,"Palm Bay-Melbourne-Titusville, FL",2007,2008,24.3,23.1,-0.049382716049382686
2143,Florida,"Palm Bay-Melbourne-Titusville, FL",2008,2009,23.1,21.1,-0.08658008658008658
2144,Florida,"Palm Bay-Melbourne-Titusville, FL",2009,2010,21.1,20.2,-0.04265402843601906
2145,Florida,"Palm Bay-Melbourne-Titusville, FL",2010,2011,20.2,21.0,0.03960396039603964
2146,Florida,"Palm Bay-Melbourne-Titusville, FL",2011,2012,21.0,20.7,-0.01428571428571432
2147,Florida,"Palm Bay-Melbourne-Titusville, FL",2012,2013,20.7,19.9,-0.038647342995169115
2148,Florida,"Palm Bay-Melbourne-Titusville, FL",2013,2014,19.9,20.2,0.015075376884422148
2149,Florida,"Palm Bay-Melbourne-Titusville, FL",2014,2015,20.2,21.5,0.0643564356435644
2150,Florida,"Palm Bay-Melbourne-Titusville, FL",2015,2016,21.5,23.0,0.06976744186046512
2151,Florida,"Palm Bay-Melbourne-Titusville, FL",2016,2017,23.0,24.4,0.060869565217391244
2152,Florida,"Palm Bay-Melbourne-Titusville, FL",2017,2018,24.4,26.6,0.09016393442622964
2153,Florida,"Palm Bay-Melbourne-Titusville, FL",2018,2019,26.6,28.1,0.05639097744360902
2154,Florida,"Palm Bay-Melbourne-Titusville, FL",2019,2020,28.1,29.1,0.03558718861209964
2155,Florida,"Palm Bay-Melbourne-Titusville, FL",2020,2021,29.1,30.3,0.04123711340206183
2156,Florida,"Palm Bay-Melbourne-Titusville, FL",2021,2022,30.3,33.0,0.08910891089108908
2157,Florida,"Palm Bay-Melbourne-Titusville, FL",2022,2023,33.0,35.0,0.06060606060606061
2158,Florida,"Palm Bay-Melbourne-Titusville, FL",2023,2024,35.0,35.9,0.025714285714285672
2159,North Carolina,"Wilmington, NC",2007,2008,9.3,9.5,0.021505376344085943
2160,North Carolina,"Wilmington, NC",2008,2009,9.5,8.0,-0.15789473684210525
2161,North Carolina,"Wilmington, NC",2009,2010,8.0,7.4,-0.07499999999999996
2162,North Carolina,"Wilmington, NC",2010,2011,7.4,7.4,0.0
2163,North Carolina,"Wilmington, NC",2011,2012,7.4,7.6,0.02702702702702693
2164,North Carolina,"Wilmington, NC",2012,2013,7.6,7.4,-0.02631578947368412
2165,North Carolina,"Wilmington, NC",2013,2014,7.4,7.3,-0.013513513513513585
2166,North Carolina,"Wilmington, NC",2014,2015,7.3,7.6,0.04109589041095888
2167,North Carolina,"Wilmington, NC",2015,2016,7.6,7.6,0.0
2168,North Carolina,"Wilmington, NC",2016,2017,7.6,7.4,-0.02631578947368412
2169,North Carolina,"Wilmington, NC",2017,2018,7.4,7.6,0.02702702702702693
2170,North Carolina,"Wilmington, NC",2018,2019,7.6,7.7,0.013157894736842176
2171,North Carolina,"Wilmington, NC",2019,2020,7.7,7.1,-0.07792207792207799
2172,North Carolina,"Wilmington, NC",2020,2021,7.1,7.7,0.08450704225352121
2173,North Carolina,"Wilmington, NC",2021,2022,7.7,8.2,0.06493506493506482
2174,North Carolina,"Wilmington, NC",2022,2023,8.2,8.6,0.0487804878048781
2175,North Carolina,"Wilmington, NC",2023,2024,8.6,8.6,0.0
2176,Illinois,"Chicago-Naperville-Elgin, IL-IN",2007,2008,475.9,448.5,-0.05757512082370241
2177,Illinois,"Chicago-Naperville-Elgin, IL-IN",2008,2009,448.5,398.2,-0.11215161649944261
2178,Illinois,"Chicago-Naperville-Elgin, IL-IN",2009,2010,398.2,404.0,0.014565544952285313
2179,Illinois,"Chicago-Naperville-Elgin, IL-IN",2010,2011,404.0,406.3,0.0056930693069307215
2180,Illinois,"Chicago-Naperville-Elgin, IL-IN",2011,2012,406.3,408.2,0.004676347526458226
2181,Illinois,"Chicago-Naperville-Elgin, IL-IN",2012,2013,408.2,405.2,-0.007349338559529643
2182,Illinois,"Chicago-Naperville-Elgin, IL-IN",2013,2014,405.2,408.5,0.008144126357354422
2183,Illinois,"Chicago-Naperville-Elgin, IL-IN",2014,2015,408.5,409.4,0.002203182374540948
2184,Illinois,"Chicago-Naperville-Elgin, IL-IN",2015,2016,409.4,408.1,-0.0031753786028333036
2185,Illinois,"Chicago-Naperville-Elgin, IL-IN",2016,2017,408.1,411.1,0.0073511394266111245
2186,Illinois,"Chicago-Naperville-Elgin, IL-IN",2017,2018,411.1,415.2,0.009973242520068027
2187,Illinois,"Chicago-Naperville-Elgin, IL-IN",2018,2019,415.2,410.1,-0.01228323699421957
2188,Illinois,"Chicago-Naperville-Elgin, IL-IN",2019,2020,410.1,390.5,-0.04779322116556942
2189,Illinois,"Chicago-Naperville-Elgin, IL-IN",2020,2021,390.5,394.8,0.011011523687580054
2190,Illinois,"Chicago-Naperville-Elgin, IL-IN",2021,2022,394.8,402.1,0.018490374873353626
2191,Illinois,"Chicago-Naperville-Elgin, IL-IN",2022,2023,402.1,407.6,0.013678189505098233
2192,Illinois,"Chicago-Naperville-Elgin, IL-IN",2023,2024,407.6,408.6,0.002453385672227674
2193,Minnesota,"Duluth, MN-WI",2007,2008,8.7,7.7,-0.11494252873563209
2194,Minnesota,"Duluth, MN-WI",2008,2009,7.7,6.7,-0.12987012987012986
2195,Minnesota,"Duluth, MN-WI",2009,2010,6.7,7.0,0.044776119402985044
2196,Minnesota,"Duluth, MN-WI",2010,2011,7.0,7.2,0.0285714285714286
2197,Minnesota,"Duluth, MN-WI",2011,2012,7.2,7.5,0.041666666666666644
2198,Minnesota,"Duluth, MN-WI",2012,2013,7.5,7.2,-0.03999999999999997
2199,Minnesota,"Duluth, MN-WI",2013,2014,7.2,7.5,0.041666666666666644
2200,Minnesota,"Duluth, MN-WI",2014,2015,7.5,7.3,-0.02666666666666669
2201,Minnesota,"Duluth, MN-WI",2015,2016,7.3,7.4,0.013698630136986375
2202,Minnesota,"Duluth, MN-WI",2016,2017,7.4,7.6,0.02702702702702693
2203,Minnesota,"Duluth, MN-WI",2017,2018,7.6,8.0,0.052631578947368474
2204,Minnesota,"Duluth, MN-WI",2018,2019,8.0,8.2,0.02499999999999991
2205,Minnesota,"Duluth, MN-WI",2019,2020,8.2,7.9,-0.03658536585365841
2206,Minnesota,"Duluth, MN-WI",2020,2021,7.9,8.1,0.02531645569620244
2207,Minnesota,"Duluth, MN-WI",2021,2022,8.1,8.4,0.037037037037037125
2208,Minnesota,"Duluth, MN-WI",2022,2023,8.4,8.5,0.011904761904761862
2209,Minnesota,"Duluth, MN-WI",2023,2024,8.5,8.6,0.0117647058823529
2210,Texas,"Corpus Christi, TX",2007,2008,11.4,10.8,-0.05263157894736839
2211,Texas,"Corpus Christi, TX",2008,2009,10.8,9.4,-0.12962962962962965
2212,Texas,"Corpus Christi, TX",2009,2010,9.4,9.4,0.0
2213,Texas,"Corpus Christi, TX",2010,2011,9.4,9.9,0.05319148936170213
2214,Texas,"Corpus Christi, TX",2011,2012,9.9,10.0,0.010101010101010065
2215,Texas,"Corpus Christi, TX",2012,2013,10.0,9.8,-0.019999999999999928
2216,Texas,"Corpus Christi, TX",2013,2014,9.8,9.6,-0.02040816326530623
2217,Texas,"Corpus Christi, TX",2014,2015,9.6,9.2,-0.041666666666666706
2218,Texas,"Corpus Christi, TX",2015,2016,9.2,8.4,-0.08695652173913032
2219,Texas,"Corpus Christi, TX",2016,2017,8.4,8.1,-0.035714285714285796
2220,Texas,"Corpus Christi, TX",2017,2018,8.1,8.4,0.037037037037037125
2221,Texas,"Corpus Christi, TX",2018,2019,8.4,8.6,0.023809523809523725
2222,Texas,"Corpus Christi, TX",2019,2020,8.6,8.1,-0.05813953488372093
2223,Texas,"Corpus Christi, TX",2020,2021,8.1,8.2,0.012345679012345635
2224,Texas,"Corpus Christi, TX",2021,2022,8.2,8.7,0.06097560975609757
2225,Texas,"Corpus Christi, TX",2022,2023,8.7,9.3,0.06896551724137948
2226,Texas,"Corpus Christi, TX",2023,2024,9.3,9.0,-0.03225806451612911
2227,Michigan,"Muskegon-Norton Shores, MI",2007,2008,13.0,12.1,-0.06923076923076926
2228,Michigan,"Muskegon-Norton Shores, MI",2008,2009,12.1,10.0,-0.17355371900826444
2229,Michigan,"Muskegon-Norton Shores, MI",2009,2010,10.0,10.3,0.030000000000000072
2230,Michigan,"Muskegon-Norton Shores, MI",2010,2011,10.3,11.8,0.14563106796116504
2231,Michigan,"Muskegon-Norton Shores, MI",2011,2012,11.8,12.6,0.06779661016949143
2232,Michigan,"Muskegon-Norton Shores, MI",2012,2013,12.6,12.7,0.007936507936507908
2233,Michigan,"Muskegon-Norton Shores, MI",2013,2014,12.7,13.5,0.06299212598425202
2234,Michigan,"Muskegon-Norton Shores, MI",2014,2015,13.5,13.7,0.014814814814814762
2235,Michigan,"Muskegon-Norton Shores, MI",2015,2016,13.7,13.8,0.007299270072992805
2236,Michigan,"Muskegon-Norton Shores, MI",2016,2017,13.8,13.9,0.007246376811594177
2237,Michigan,"Muskegon-Norton Shores, MI",2017,2018,13.9,14.1,0.014388489208633042
2238,Michigan,"Muskegon-Norton Shores, MI",2018,2019,14.1,13.7,-0.028368794326241162
2239,Michigan,"Muskegon-Norton Shores, MI",2019,2020,13.7,11.8,-0.13868613138686123
2240,Michigan,"Muskegon-Norton Shores, MI",2020,2021,11.8,13.4,0.13559322033898302
2241,Michigan,"Muskegon-Norton Shores, MI",2021,2022,13.4,13.6,0.014925373134328304
2242,Michigan,"Muskegon-Norton Shores, MI",2022,2023,13.6,13.5,-0.007352941176470562
2243,Michigan,"Muskegon-Norton Shores, MI",2023,2024,13.5,13.5,0.0
2244,Pennsylvania,"Johnstown, PA",2007,2008,4.9,4.9,0.0
2245,Pennsylvania,"Johnstown, PA",2008,2009,4.9,4.5,-0.08163265306122455
2246,Pennsylvania,"Johnstown, PA",2009,2010,4.5,4.4,-0.022222222222222143
2247,Pennsylvania,"Johnstown, PA",2010,2011,4.4,4.2,-0.04545454545454549
2248,Pennsylvania,"Johnstown, PA",2011,2012,4.2,4.0,-0.04761904761904766
2249,Pennsylvania,"Johnstown, PA",2012,2013,4.0,3.9,-0.025000000000000022
2250,Pennsylvania,"Johnstown, PA",2013,2014,3.9,4.0,0.025641025641025664
2251,Pennsylvania,"Johnstown, PA",2014,2015,4.0,3.9,-0.025000000000000022
2252,Pennsylvania,"Johnstown, PA",2015,2016,3.9,4.0,0.025641025641025664
2253,Pennsylvania,"Johnstown, PA",2016,2017,4.0,4.0,0.0
2254,Pennsylvania,"Johnstown, PA",2017,2018,4.0,4.3,0.07499999999999996
2255,Pennsylvania,"Johnstown, PA",2018,2019,4.3,4.2,-0.023255813953488292
2256,Pennsylvania,"Johnstown, PA",2019,2020,4.2,3.9,-0.0714285714285715
2257,Pennsylvania,"Johnstown, PA",2020,2021,3.9,4.0,0.025641025641025664
2258,Pennsylvania,"Johnstown, PA",2021,2022,4.0,4.2,0.050000000000000044
2259,Pennsylvania,"Johnstown, PA",2022,2023,4.2,4.2,0.0
2260,Pennsylvania,"Johnstown, PA",2023,2024,4.2,4.3,0.023809523809523725
2261,Pennsylvania,"Philadelphia-Camden-Wilmington, PA-NJ-DE-MD",2007,2008,222.3,210.4,-0.053531264057579866
2262,Pennsylvania,"Philadelphia-Camden-Wilmington, PA-NJ-DE-MD",2008,2009,210.4,190.8,-0.09315589353612164
2263,Pennsylvania,"Philadelphia-Camden-Wilmington, PA-NJ-DE-MD",2009,2010,190.8,188.1,-0.014150943396226504
2264,Pennsylvania,"Philadelphia-Camden-Wilmington, PA-NJ-DE-MD",2010,2011,188.1,185.4,-0.014354066985645873
2265,Pennsylvania,"Philadelphia-Camden-Wilmington, PA-NJ-DE-MD",2011,2012,185.4,181.9,-0.018878101402373247
2266,Pennsylvania,"Philadelphia-Camden-Wilmington, PA-NJ-DE-MD",2012,2013,181.9,181.7,-0.0010995052226499013
2267,Pennsylvania,"Philadelphia-Camden-Wilmington, PA-NJ-DE-MD",2013,2014,181.7,181.8,0.0005503577325262672
2268,Pennsylvania,"Philadelphia-Camden-Wilmington, PA-NJ-DE-MD",2014,2015,181.8,180.9,-0.004950495049504982
2269,Pennsylvania,"Philadelphia-Camden-Wilmington, PA-NJ-DE-MD",2015,2016,180.9,181.7,0.004422332780541641
2270,Pennsylvania,"Philadelphia-Camden-Wilmington, PA-NJ-DE-MD",2016,2017,181.7,182.3,0.003302146395156977
2271,Pennsylvania,"Philadelphia-Camden-Wilmington, PA-NJ-DE-MD",2017,2018,182.3,184.4,0.011519473395501889
2272,Pennsylvania,"Philadelphia-Camden-Wilmington, PA-NJ-DE-MD",2018,2019,184.4,184.6,0.0010845986984815
2273,Pennsylvania,"Philadelphia-Camden-Wilmington, PA-NJ-DE-MD",2019,2020,184.6,173.9,-0.057963163596966356
2274,Pennsylvania,"Philadelphia-Camden-Wilmington, PA-NJ-DE-MD",2020,2021,173.9,177.1,0.018401380103507697
2275,Pennsylvania,"Philadelphia-Camden-Wilmington, PA-NJ-DE-MD",2021,2022,177.1,181.8,0.026538678712591853
2276,Pennsylvania,"Philadelphia-Camden-Wilmington, PA-NJ-DE-MD",2022,2023,181.8,181.3,-0.00275027502750275
2277,Pennsylvania,"Philadelphia-Camden-Wilmington, PA-NJ-DE-MD",2023,2024,181.3,178.0,-0.01820187534473255
2278,Texas,"San Angelo, TX",2007,2008,3.8,3.6,-0.052631578947368356
2279,Texas,"San Angelo, TX",2008,2009,3.6,3.4,-0.0555555555555556
2280,Texas,"San Angelo, TX",2009,2010,3.4,3.6,0.05882352941176476
2281,Texas,"San Angelo, TX",2010,2011,3.6,3.9,0.08333333333333329
2282,Texas,"San Angelo, TX",2011,2012,3.9,3.5,-0.10256410256410255
2283,Texas,"San Angelo, TX",2012,2013,3.5,3.2,-0.08571428571428566
2284,Texas,"San Angelo, TX",2013,2014,3.2,3.4,0.06249999999999992
2285,Texas,"San Angelo, TX",2014,2015,3.4,3.4,0.0
2286,Texas,"San Angelo, TX",2015,2016,3.4,3.0,-0.11764705882352938
2287,Texas,"San Angelo, TX",2016,2017,3.0,3.3,0.09999999999999994
2288,Texas,"San Angelo, TX",2017,2018,3.3,3.4,0.03030303030303033
2289,Texas,"San Angelo, TX",2018,2019,3.4,3.2,-0.05882352941176463
2290,Texas,"San Angelo, TX",2019,2020,3.2,3.2,0.0
2291,Texas,"San Angelo, TX",2020,2021,3.2,3.5,0.09374999999999994
2292,Texas,"San Angelo, TX",2021,2022,3.5,3.8,0.08571428571428566
2293,Texas,"San Angelo, TX",2022,2023,3.8,4.1,0.07894736842105259
2294,Texas,"San Angelo, TX",2023,2024,4.1,4.3,0.0487804878048781
2295,New York,"Utica-Rome, NY",2007,2008,12.8,12.5,-0.023437500000000056
2296,New York,"Utica-Rome, NY",2008,2009,12.5,11.4,-0.08799999999999997
2297,New York,"Utica-Rome, NY",2009,2010,11.4,11.1,-0.02631578947368427
2298,New York,"Utica-Rome, NY",2010,2011,11.1,11.0,-0.009009009009008978
2299,New York,"Utica-Rome, NY",2011,2012,11.0,11.0,0.0
2300,New York,"Utica-Rome, NY",2012,2013,11.0,11.2,0.01818181818181812
2301,New York,"Utica-Rome, NY",2013,2014,11.2,11.1,-0.008928571428571397
2302,New York,"Utica-Rome, NY",2014,2015,11.1,11.4,0.02702702702702709
2303,New York,"Utica-Rome, NY",2015,2016,11.4,11.6,0.017543859649122744
2304,New York,"Utica-Rome, NY",2016,2017,11.6,11.5,-0.008620689655172384
2305,New York,"Utica-Rome, NY",2017,2018,11.5,11.6,0.008695652173913012
2306,New York,"Utica-Rome, NY",2018,2019,11.6,11.4,-0.01724137931034477
2307,New York,"Utica-Rome, NY",2019,2020,11.4,10.2,-0.10526315789473693
2308,New York,"Utica-Rome, NY",2020,2021,10.2,11.2,0.09803921568627452
2309,New York,"Utica-Rome, NY",2021,2022,11.2,12.0,0.0714285714285715
2310,New York,"Utica-Rome, NY",2022,2023,12.0,12.1,0.008333333333333304
2311,New York,"Utica-Rome, NY",2023,2024,12.1,11.4,-0.057851239669421434
2312,Washington,"Walla Walla, WA",2007,2008,3.2,3.3,0.03124999999999989
2313,Washington,"Walla Walla, WA",2008,2009,3.3,3.2,-0.030303030303030196
2314,Washington,"Walla Walla, WA",2009,2010,3.2,3.3,0.03124999999999989
2315,Washington,"Walla Walla, WA",2010,2011,3.3,3.5,0.06060606060606066
2316,Washington,"Walla Walla, WA",2011,2012,3.5,3.4,-0.0285714285714286
2317,Washington,"Walla Walla, WA",2012,2013,3.4,3.5,0.02941176470588238
2318,Washington,"Walla Walla, WA",2013,2014,3.5,3.5,0.0
2319,Washington,"Walla Walla, WA",2014,2015,3.5,3.7,0.0571428571428572
2320,Washington,"Walla Walla, WA",2015,2016,3.7,3.7,0.0
2321,Washington,"Walla Walla, WA",2016,2017,3.7,3.7,0.0
2322,Washington,"Walla Walla, WA",2017,2018,3.7,4.0,0.08108108108108103
2323,Washington,"Walla Walla, WA",2018,2019,4.0,4.1,0.02499999999999991
2324,Washington,"Walla Walla, WA",2019,2020,4.1,3.8,-0.07317073170731704
2325,Washington,"Walla Walla, WA",2020,2021,3.8,4.4,0.15789473684210542
2326,Washington,"Walla Walla, WA",2021,2022,4.4,4.1,-0.06818181818181834
2327,Washington,"Walla Walla, WA",2022,2023,4.1,3.8,-0.07317073170731704
2328,Washington,"Walla Walla, WA",2023,2024,3.8,4.0,0.052631578947368474
2329,Florida,"Sebastian-Vero Beach-West Vero Corridor, FL",2007,2008,2.3,2.1,-0.08695652173913032
2330,Florida,"Sebastian-Vero Beach-West Vero Corridor, FL",2008,2009,2.1,1.5,-0.28571428571428575
2331,Florida,"Sebastian-Vero Beach-West Vero Corridor, FL",2009,2010,1.5,1.8,0.20000000000000004
2332,Florida,"Sebastian-Vero Beach-West Vero Corridor, FL",2010,2011,1.8,1.7,-0.0555555555555556
2333,Florida,"Sebastian-Vero Beach-West Vero Corridor, FL",2011,2012,1.7,1.7,0.0
2334,Florida,"Sebastian-Vero Beach-West Vero Corridor, FL",2012,2013,1.7,2.0,0.17647058823529416
2335,Florida,"Sebastian-Vero Beach-West Vero Corridor, FL",2013,2014,2.0,2.2,0.10000000000000009
2336,Florida,"Sebastian-Vero Beach-West Vero Corridor, FL",2014,2015,2.2,1.9,-0.13636363636363646
2337,Florida,"Sebastian-Vero Beach-West Vero Corridor, FL",2015,2016,1.9,1.9,0.0
2338,Florida,"Sebastian-Vero Beach-West Vero Corridor, FL",2016,2017,1.9,2.1,0.10526315789473695
2339,Florida,"Sebastian-Vero Beach-West Vero Corridor, FL",2017,2018,2.1,2.3,0.09523809523809511
2340,Florida,"Sebastian-Vero Beach-West Vero Corridor, FL",2018,2019,2.3,2.4,0.04347826086956526
2341,Florida,"Sebastian-Vero Beach-West Vero Corridor, FL",2019,2020,2.4,2.1,-0.12499999999999993
2342,Florida,"Sebastian-Vero Beach-West Vero Corridor, FL",2020,2021,2.1,2.2,0.04761904761904766
2343,Florida,"Sebastian-Vero Beach-West Vero Corridor, FL",2021,2022,2.2,2.6,0.18181818181818177
2344,Florida,"Sebastian-Vero Beach-West Vero Corridor, FL",2022,2023,2.6,3.0,0.1538461538461538
2345,Florida,"Sebastian-Vero Beach-West Vero Corridor, FL",2023,2024,3.0,3.1,0.03333333333333336
2346,Texas,"Texarkana, TX-AR",2007,2008,6.4,5.9,-0.078125
2347,Texas,"Texarkana, TX-AR",2008,2009,5.9,5.3,-0.10169491525423738
2348,Texas,"Texarkana, TX-AR",2009,2010,5.3,5.5,0.03773584905660381
2349,Texas,"Texarkana, TX-AR",2010,2011,5.5,5.4,-0.01818181818181812
2350,Texas,"Texarkana, TX-AR",2011,2012,5.4,5.4,0.0
2351,Texas,"Texarkana, TX-AR",2012,2013,5.4,5.2,-0.03703703703703707
2352,Texas,"Texarkana, TX-AR",2013,2014,5.2,5.3,0.019230769230769162
2353,Texas,"Texarkana, TX-AR",2014,2015,5.3,5.4,0.018867924528301987
2354,Texas,"Texarkana, TX-AR",2015,2016,5.4,5.3,-0.018518518518518615
2355,Texas,"Texarkana, TX-AR",2016,2017,5.3,5.4,0.018867924528301987
2356,Texas,"Texarkana, TX-AR",2017,2018,5.4,5.5,0.01851851851851845
2357,Texas,"Texarkana, TX-AR",2018,2019,5.5,5.6,0.01818181818181812
2358,Texas,"Texarkana, TX-AR",2019,2020,5.6,5.4,-0.03571428571428559
2359,Texas,"Texarkana, TX-AR",2020,2021,5.4,5.6,0.0370370370370369
2360,Texas,"Texarkana, TX-AR",2021,2022,5.6,5.6,0.0
2361,Texas,"Texarkana, TX-AR",2022,2023,5.6,5.8,0.03571428571428575
2362,Texas,"Texarkana, TX-AR",2023,2024,5.8,5.8,0.0
2363,Georgia,"Atlanta-Sandy Springs-Roswell, GA",2007,2008,172.0,158.1,-0.08081395348837213
2364,Georgia,"Atlanta-Sandy Springs-Roswell, GA",2008,2009,158.1,139.2,-0.11954459203036057
2365,Georgia,"Atlanta-Sandy Springs-Roswell, GA",2009,2010,139.2,142.7,0.02514367816091954
2366,Georgia,"Atlanta-Sandy Springs-Roswell, GA",2010,2011,142.7,145.0,0.016117729502452778
2367,Georgia,"Atlanta-Sandy Springs-Roswell, GA",2011,2012,145.0,147.1,0.014482758620689616
2368,Georgia,"Atlanta-Sandy Springs-Roswell, GA",2012,2013,147.1,148.5,0.009517335146159114
2369,Georgia,"Atlanta-Sandy Springs-Roswell, GA",2013,2014,148.5,152.7,0.028282828282828205
2370,Georgia,"Atlanta-Sandy Springs-Roswell, GA",2014,2015,152.7,159.0,0.04125736738703348
2371,Georgia,"Atlanta-Sandy Springs-Roswell, GA",2015,2016,159.0,163.9,0.030817610062893117
2372,Georgia,"Atlanta-Sandy Springs-Roswell, GA",2016,2017,163.9,167.4,0.02135448444173276
2373,Georgia,"Atlanta-Sandy Springs-Roswell, GA",2017,2018,167.4,171.5,0.02449223416965349
2374,Georgia,"Atlanta-Sandy Springs-Roswell, GA",2018,2019,171.5,172.7,0.00699708454810489
2375,Georgia,"Atlanta-Sandy Springs-Roswell, GA",2019,2020,172.7,163.8,-0.05153445280833803
2376,Georgia,"Atlanta-Sandy Springs-Roswell, GA",2020,2021,163.8,173.6,0.05982905982905972
2377,Georgia,"Atlanta-Sandy Springs-Roswell, GA",2021,2022,173.6,178.4,0.027649769585253524
2378,Georgia,"Atlanta-Sandy Springs-Roswell, GA",2022,2023,178.4,181.6,0.01793721973094164
2379,Georgia,"Atlanta-Sandy Springs-Roswell, GA",2023,2024,181.6,178.7,-0.015969162995594744
2380,Oregon,"Portland-Vancouver-Hillsboro, OR-WA",2007,2008,125.4,118.6,-0.05422647527910695
2381,Oregon,"Portland-Vancouver-Hillsboro, OR-WA",2008,2009,118.6,105.9,-0.10708263069139957
2382,Oregon,"Portland-Vancouver-Hillsboro, OR-WA",2009,2010,105.9,108.9,0.028328611898016994
2383,Oregon,"Portland-Vancouver-Hillsboro, OR-WA",2010,2011,108.9,112.6,0.03397612488521569
2384,Oregon,"Portland-Vancouver-Hillsboro, OR-WA",2011,2012,112.6,114.7,0.018650088809946792
2385,Oregon,"Portland-Vancouver-Hillsboro, OR-WA",2012,2013,114.7,116.1,0.012205754141237937
2386,Oregon,"Portland-Vancouver-Hillsboro, OR-WA",2013,2014,116.1,119.9,0.03273040482342818
2387,Oregon,"Portland-Vancouver-Hillsboro, OR-WA",2014,2015,119.9,123.5,0.030025020850708874
2388,Oregon,"Portland-Vancouver-Hillsboro, OR-WA",2015,2016,123.5,121.9,-0.012955465587044489
2389,Oregon,"Portland-Vancouver-Hillsboro, OR-WA",2016,2017,121.9,125.5,0.02953240360951595
2390,Oregon,"Portland-Vancouver-Hillsboro, OR-WA",2017,2018,125.5,129.1,0.02868525896414338
2391,Oregon,"Portland-Vancouver-Hillsboro, OR-WA",2018,2019,129.1,128.5,-0.00464756003098369
2392,Oregon,"Portland-Vancouver-Hillsboro, OR-WA",2019,2020,128.5,119.6,-0.0692607003891051
2393,Oregon,"Portland-Vancouver-Hillsboro, OR-WA",2020,2021,119.6,123.9,0.03595317725752518
2394,Oregon,"Portland-Vancouver-Hillsboro, OR-WA",2021,2022,123.9,128.1,0.03389830508474567
2395,Oregon,"Portland-Vancouver-Hillsboro, OR-WA",2022,2023,128.1,123.5,-0.035909445745511276
2396,Oregon,"Portland-Vancouver-Hillsboro, OR-WA",2023,2024,123.5,119.9,-0.029149797570850157
2397,Wisconsin,"Madison, WI",2007,2008,34.9,33.9,-0.02865329512893983
2398,Wisconsin,"Madison, WI",2008,2009,33.9,30.6,-0.09734513274336275
2399,Wisconsin,"Madison, WI",2009,2010,30.6,31.2,0.019607843137254832
2400,Wisconsin,"Madison, WI",2010,2011,31.2,31.2,0.0
2401,Wisconsin,"Madison, WI",2011,2012,31.2,31.9,0.022435897435897415
2402,Wisconsin,"Madison, WI",2012,2013,31.9,32.2,0.009404388714733676
2403,Wisconsin,"Madison, WI",2013,2014,32.2,32.7,0.015527950310559004
2404,Wisconsin,"Madison, WI",2014,2015,32.7,33.9,0.03669724770642188
2405,Wisconsin,"Madison, WI",2015,2016,33.9,34.3,0.011799410029498483
2406,Wisconsin,"Madison, WI",2016,2017,34.3,34.4,0.0029154518950437734
2407,Wisconsin,"Madison, WI",2017,2018,34.4,35.7,0.03779069767441873
2408,Wisconsin,"Madison, WI",2018,2019,35.7,36.3,0.01680672268907547
2409,Wisconsin,"Madison, WI",2019,2020,36.3,36.2,-0.002754820936638962
2410,Wisconsin,"Madison, WI",2020,2021,36.2,38.2,0.055248618784530384
2411,Wisconsin,"Madison, WI",2021,2022,38.2,38.8,0.015706806282722363
2412,Wisconsin,"Madison, WI",2022,2023,38.8,38.8,0.0
2413,Wisconsin,"Madison, WI",2023,2024,38.8,37.6,-0.030927835051546285
2414,Kansas,"Manhattan, KS",2007,2008,3.4,3.1,-0.08823529411764701
2415,Kansas,"Manhattan, KS",2008,2009,3.1,2.8,-0.09677419354838718
2416,Kansas,"Manhattan, KS",2009,2010,2.8,2.9,0.03571428571428575
2417,Kansas,"Manhattan, KS",2010,2011,2.9,3.4,0.1724137931034483
2418,Kansas,"Manhattan, KS",2011,2012,3.4,3.5,0.02941176470588238
2419,Kansas,"Manhattan, KS",2012,2013,3.5,3.6,0.0285714285714286
2420,Kansas,"Manhattan, KS",2013,2014,3.6,4.0,0.11111111111111108
2421,Kansas,"Manhattan, KS",2014,2015,4.0,3.6,-0.09999999999999998
2422,Kansas,"Manhattan, KS",2015,2016,3.6,3.3,-0.08333333333333341
2423,Kansas,"Manhattan, KS",2016,2017,3.3,3.1,-0.06060606060606053
2424,Kansas,"Manhattan, KS",2017,2018,3.1,3.4,0.09677419354838704
2425,Kansas,"Manhattan, KS",2018,2019,3.4,3.4,0.0
2426,Kansas,"Manhattan, KS",2019,2020,3.4,3.1,-0.08823529411764701
2427,Kansas,"Manhattan, KS",2020,2021,3.1,3.4,0.09677419354838704
2428,Kansas,"Manhattan, KS",2021,2022,3.4,3.6,0.05882352941176476
2429,Kansas,"Manhattan, KS",2022,2023,3.6,3.5,-0.0277777777777778
2430,Kansas,"Manhattan, KS",2023,2024,3.5,3.6,0.0285714285714286
2431,Georgia,"Atlanta-Sandy Springs-Roswell, GA Metropolitan Division",2007,2008,134.6,122.4,-0.09063893016344717
2432,Georgia,"Atlanta-Sandy Springs-Roswell, GA Metropolitan Division",2008,2009,122.4,107.0,-0.12581699346405234
2433,Georgia,"Atlanta-Sandy Springs-Roswell, GA Metropolitan Division",2009,2010,107.0,109.2,0.02056074766355143
2434,Georgia,"Atlanta-Sandy Springs-Roswell, GA Metropolitan Division",2010,2011,109.2,110.5,0.011904761904761878
2435,Georgia,"Atlanta-Sandy Springs-Roswell, GA Metropolitan Division",2011,2012,110.5,112.7,0.019909502262443465
2436,Georgia,"Atlanta-Sandy Springs-Roswell, GA Metropolitan Division",2012,2013,112.7,115.0,0.020408163265306097
2437,Georgia,"Atlanta-Sandy Springs-Roswell, GA Metropolitan Division",2013,2014,115.0,118.1,0.026956521739130386
2438,Georgia,"Atlanta-Sandy Springs-Roswell, GA Metropolitan Division",2014,2015,118.1,122.8,0.03979678238780697
2439,Georgia,"Atlanta-Sandy Springs-Roswell, GA Metropolitan Division",2015,2016,122.8,126.2,0.027687296416938158
2440,Georgia,"Atlanta-Sandy Springs-Roswell, GA Metropolitan Division",2016,2017,126.2,128.9,0.021394611727416822
2441,Georgia,"Atlanta-Sandy Springs-Roswell, GA Metropolitan Division",2017,2018,128.9,131.3,0.018619084561675762
2442,Georgia,"Atlanta-Sandy Springs-Roswell, GA Metropolitan Division",2018,2019,131.3,132.5,0.009139375476009052
2443,Georgia,"Atlanta-Sandy Springs-Roswell, GA Metropolitan Division",2019,2020,132.5,126.2,-0.04754716981132073
2444,Georgia,"Atlanta-Sandy Springs-Roswell, GA Metropolitan Division",2020,2021,126.2,134.5,0.0657686212361331
2445,Georgia,"Atlanta-Sandy Springs-Roswell, GA Metropolitan Division",2021,2022,134.5,137.0,0.01858736059479554
2446,Georgia,"Atlanta-Sandy Springs-Roswell, GA Metropolitan Division",2022,2023,137.0,138.8,0.013138686131386945
2447,Georgia,"Atlanta-Sandy Springs-Roswell, GA Metropolitan Division",2023,2024,138.8,137.1,-0.012247838616714819
2448,Maryland,"Hagerstown-Martinsburg, MD-WV",2007,2008,10.1,8.9,-0.11881188118811875
2449,Maryland,"Hagerstown-Martinsburg, MD-WV",2008,2009,8.9,8.2,-0.07865168539325855
2450,Maryland,"Hagerstown-Martinsburg, MD-WV",2009,2010,8.2,7.8,-0.04878048780487799
2451,Maryland,"Hagerstown-Martinsburg, MD-WV",2010,2011,7.8,8.3,0.06410256410256422
2452,Maryland,"Hagerstown-Martinsburg, MD-WV",2011,2012,8.3,7.9,-0.04819277108433739
2453,Maryland,"Hagerstown-Martinsburg, MD-WV",2012,2013,7.9,7.9,0.0
2454,Maryland,"Hagerstown-Martinsburg, MD-WV",2013,2014,7.9,7.8,-0.012658227848101333
2455,Maryland,"Hagerstown-Martinsburg, MD-WV",2014,2015,7.8,8.2,0.05128205128205122
2456,Maryland,"Hagerstown-Martinsburg, MD-WV",2015,2016,8.2,8.1,-0.01219512195121947
2457,Maryland,"Hagerstown-Martinsburg, MD-WV",2016,2017,8.1,8.6,0.0617283950617284
2458,Maryland,"Hagerstown-Martinsburg, MD-WV",2017,2018,8.6,9.4,0.09302325581395357
2459,Maryland,"Hagerstown-Martinsburg, MD-WV",2018,2019,9.4,10.0,0.0638297872340425
2460,Maryland,"Hagerstown-Martinsburg, MD-WV",2019,2020,10.0,9.8,-0.019999999999999928
2461,Maryland,"Hagerstown-Martinsburg, MD-WV",2020,2021,9.8,10.1,0.030612244897959072
2462,Maryland,"Hagerstown-Martinsburg, MD-WV",2021,2022,10.1,10.5,0.03960396039603964
2463,Maryland,"Hagerstown-Martinsburg, MD-WV",2022,2023,10.5,10.7,0.01904761904761898
2464,Maryland,"Hagerstown-Martinsburg, MD-WV",2023,2024,10.7,10.9,0.018691588785046828
2465,Oregon,"Grants Pass, OR",2007,2008,3.3,2.8,-0.15151515151515152
2466,Oregon,"Grants Pass, OR",2008,2009,2.8,2.3,-0.17857142857142858
2467,Oregon,"Grants Pass, OR",2009,2010,2.3,2.3,0.0
2468,Oregon,"Grants Pass, OR",2010,2011,2.3,2.3,0.0
2469,Oregon,"Grants Pass, OR",2011,2012,2.3,2.4,0.04347826086956526
2470,Oregon,"Grants Pass, OR",2012,2013,2.4,2.4,0.0
2471,Oregon,"Grants Pass, OR",2013,2014,2.4,2.9,0.20833333333333334
2472,Oregon,"Grants Pass, OR",2014,2015,2.9,2.9,0.0
2473,Oregon,"Grants Pass, OR",2015,2016,2.9,2.9,0.0
2474,Oregon,"Grants Pass, OR",2016,2017,2.9,2.9,0.0
2475,Oregon,"Grants Pass, OR",2017,2018,2.9,3.1,0.06896551724137938
2476,Oregon,"Grants Pass, OR",2018,2019,3.1,3.0,-0.03225806451612906
2477,Oregon,"Grants Pass, OR",2019,2020,3.0,2.9,-0.03333333333333336
2478,Oregon,"Grants Pass, OR",2020,2021,2.9,3.0,0.03448275862068969
2479,Oregon,"Grants Pass, OR",2021,2022,3.0,2.9,-0.03333333333333336
2480,Oregon,"Grants Pass, OR",2022,2023,2.9,2.9,0.0
2481,Oregon,"Grants Pass, OR",2023,2024,2.9,2.7,-0.06896551724137923
2482,South Carolina,"Sumter, SC",2007,2008,7.4,6.9,-0.06756756756756756
2483,South Carolina,"Sumter, SC",2008,2009,6.9,6.1,-0.11594202898550734
2484,South Carolina,"Sumter, SC",2009,2010,6.1,6.1,0.0
2485,South Carolina,"Sumter, SC",2010,2011,6.1,6.0,-0.01639344262295076
2486,South Carolina,"Sumter, SC",2011,2012,6.0,6.1,0.016666666666666607
2487,South Carolina,"Sumter, SC",2012,2013,6.1,6.5,0.06557377049180334
2488,South Carolina,"Sumter, SC",2013,2014,6.5,6.7,0.030769230769230795
2489,South Carolina,"Sumter, SC",2014,2015,6.7,6.6,-0.014925373134328438
2490,South Carolina,"Sumter, SC",2015,2016,6.6,6.6,0.0
2491,South Carolina,"Sumter, SC",2016,2017,6.6,6.8,0.03030303030303033
2492,South Carolina,"Sumter, SC",2017,2018,6.8,7.2,0.05882352941176476
2493,South Carolina,"Sumter, SC",2018,2019,7.2,7.0,-0.0277777777777778
2494,South Carolina,"Sumter, SC",2019,2020,7.0,6.7,-0.04285714285714283
2495,South Carolina,"Sumter, SC",2020,2021,6.7,6.8,0.014925373134328304
2496,South Carolina,"Sumter, SC",2021,2022,6.8,7.2,0.05882352941176476
2497,South Carolina,"Sumter, SC",2022,2023,7.2,6.1,-0.15277777777777785
2498,South Carolina,"Sumter, SC",2023,2024,6.1,6.2,0.016393442622950907
2499,South Dakota,"Rapid City, SD",2007,2008,3.3,3.0,-0.09090909090909086
2500,South Dakota,"Rapid City, SD",2008,2009,3.0,2.5,-0.16666666666666666
2501,South Dakota,"Rapid City, SD",2009,2010,2.5,2.5,0.0
2502,South Dakota,"Rapid City, SD",2010,2011,2.5,2.5,0.0
2503,South Dakota,"Rapid City, SD",2011,2012,2.5,2.8,0.11999999999999993
2504,South Dakota,"Rapid City, SD",2012,2013,2.8,2.9,0.03571428571428575
2505,South Dakota,"Rapid City, SD",2013,2014,2.9,3.0,0.03448275862068969
2506,South Dakota,"Rapid City, SD",2014,2015,3.0,2.8,-0.06666666666666672
2507,South Dakota,"Rapid City, SD",2015,2016,2.8,2.8,0.0
2508,South Dakota,"Rapid City, SD",2016,2017,2.8,2.8,0.0
2509,South Dakota,"Rapid City, SD",2017,2018,2.8,2.8,0.0
2510,South Dakota,"Rapid City, SD",2018,2019,2.8,2.8,0.0
2511,South Dakota,"Rapid City, SD",2019,2020,2.8,2.9,0.03571428571428575
2512,South Dakota,"Rapid City, SD",2020,2021,2.9,2.9,0.0
2513,South Dakota,"Rapid City, SD",2021,2022,2.9,3.0,0.03448275862068969
2514,South Dakota,"Rapid City, SD",2022,2023,3.0,2.9,-0.03333333333333336
2515,South Dakota,"Rapid City, SD",2023,2024,2.9,2.9,0.0
2516,Massachusetts,"Barnstable Town, MA",2007,2008,2.0,1.9,-0.050000000000000044
2517,Massachusetts,"Barnstable Town, MA",2008,2009,1.9,1.7,-0.10526315789473682
2518,Massachusetts,"Barnstable Town, MA",2009,2010,1.7,1.9,0.11764705882352938
2519,Massachusetts,"Barnstable Town, MA",2010,2011,1.9,1.8,-0.052631578947368356
2520,Massachusetts,"Barnstable Town, MA",2011,2012,1.8,1.9,0.05555555555555548
2521,Massachusetts,"Barnstable Town, MA",2012,2013,1.9,1.9,0.0
2522,Massachusetts,"Barnstable Town, MA",2013,2014,1.9,2.2,0.15789473684210542
2523,Massachusetts,"Barnstable Town, MA",2014,2015,2.2,2.2,0.0
2524,Massachusetts,"Barnstable Town, MA",2015,2016,2.2,2.3,0.04545454545454529
2525,Massachusetts,"Barnstable Town, MA",2016,2017,2.3,2.2,-0.043478260869565064
2526,Massachusetts,"Barnstable Town, MA",2017,2018,2.2,2.2,0.0
2527,Massachusetts,"Barnstable Town, MA",2018,2019,2.2,2.2,0.0
2528,Massachusetts,"Barnstable Town, MA",2019,2020,2.2,2.2,0.0
2529,Massachusetts,"Barnstable Town, MA",2020,2021,2.2,2.4,0.09090909090909079
2530,Massachusetts,"Barnstable Town, MA",2021,2022,2.4,2.4,0.0
2531,Massachusetts,"Barnstable Town, MA",2022,2023,2.4,2.2,-0.08333333333333323
2532,Massachusetts,"Barnstable Town, MA",2023,2024,2.2,2.2,0.0
2533,Utah,"Ogden, UT",2007,2008,23.0,22.0,-0.043478260869565216
2534,Utah,"Ogden, UT",2008,2009,22.0,20.0,-0.09090909090909091
2535,Utah,"Ogden, UT",2009,2010,20.0,21.1,0.05500000000000007
2536,Utah,"Ogden, UT",2010,2011,21.1,22.1,0.04739336492890995
2537,Utah,"Ogden, UT",2011,2012,22.1,22.2,0.0045248868778279576
2538,Utah,"Ogden, UT",2012,2013,22.2,22.7,0.022522522522522525
2539,Utah,"Ogden, UT",2013,2014,22.7,23.8,0.04845814977973575
2540,Utah,"Ogden, UT",2014,2015,23.8,25.4,0.06722689075630243
2541,Utah,"Ogden, UT",2015,2016,25.4,26.0,0.023622047244094547
2542,Utah,"Ogden, UT",2016,2017,26.0,27.0,0.038461538461538464
2543,Utah,"Ogden, UT",2017,2018,27.0,28.8,0.0666666666666667
2544,Utah,"Ogden, UT",2018,2019,28.8,29.2,0.01388888888888884
2545,Utah,"Ogden, UT",2019,2020,29.2,28.8,-0.013698630136986254
2546,Utah,"Ogden, UT",2020,2021,28.8,31.0,0.07638888888888887
2547,Utah,"Ogden, UT",2021,2022,31.0,32.7,0.054838709677419446
2548,Utah,"Ogden, UT",2022,2023,32.7,33.7,0.030581039755351678
2549,Utah,"Ogden, UT",2023,2024,33.7,34.0,0.008902077151335227
2550,Pennsylvania,"Lebanon, PA",2007,2008,9.9,9.2,-0.07070707070707082
2551,Pennsylvania,"Lebanon, PA",2008,2009,9.2,8.6,-0.0652173913043478
2552,Pennsylvania,"Lebanon, PA",2009,2010,8.6,8.8,0.023255813953488497
2553,Pennsylvania,"Lebanon, PA",2010,2011,8.8,9.0,0.022727272727272645
2554,Pennsylvania,"Lebanon, PA",2011,2012,9.0,9.1,0.011111111111111072
2555,Pennsylvania,"Lebanon, PA",2012,2013,9.1,9.1,0.0
2556,Pennsylvania,"Lebanon, PA",2013,2014,9.1,8.8,-0.03296703296703285
2557,Pennsylvania,"Lebanon, PA",2014,2015,8.8,8.6,-0.022727272727272846
2558,Pennsylvania,"Lebanon, PA",2015,2016,8.6,9.1,0.05813953488372093
2559,Pennsylvania,"Lebanon, PA",2016,2017,9.1,9.2,0.01098901098901095
2560,Pennsylvania,"Lebanon, PA",2017,2018,9.2,9.3,0.01086956521739146
2561,Pennsylvania,"Lebanon, PA",2018,2019,9.3,9.4,0.010752688172042972
2562,Pennsylvania,"Lebanon, PA",2019,2020,9.4,9.0,-0.042553191489361736
2563,Pennsylvania,"Lebanon, PA",2020,2021,9.0,9.2,0.022222222222222143
2564,Pennsylvania,"Lebanon, PA",2021,2022,9.2,9.1,-0.010869565217391266
2565,Pennsylvania,"Lebanon, PA",2022,2023,9.1,9.3,0.021978021978022098
2566,Pennsylvania,"Lebanon, PA",2023,2024,9.3,9.7,0.04301075268817189
2567,New Jersey,"Lakewood-New Brunswick, NJ Metropolitan Division",2007,2008,67.9,64.9,-0.04418262150220913
2568,New Jersey,"Lakewood-New Brunswick, NJ Metropolitan Division",2008,2009,64.9,59.2,-0.0878274268104777
2569,New Jersey,"Lakewood-New Brunswick, NJ Metropolitan Division",2009,2010,59.2,58.5,-0.011824324324324372
2570,New Jersey,"Lakewood-New Brunswick, NJ Metropolitan Division",2010,2011,58.5,58.0,-0.008547008547008548
2571,New Jersey,"Lakewood-New Brunswick, NJ Metropolitan Division",2011,2012,58.0,57.5,-0.008620689655172414
2572,New Jersey,"Lakewood-New Brunswick, NJ Metropolitan Division",2012,2013,57.5,58.0,0.008695652173913044
2573,New Jersey,"Lakewood-New Brunswick, NJ Metropolitan Division",2013,2014,58.0,58.7,0.012068965517241428
2574,New Jersey,"Lakewood-New Brunswick, NJ Metropolitan Division",2014,2015,58.7,59.3,0.01022146507666089
2575,New Jersey,"Lakewood-New Brunswick, NJ Metropolitan Division",2015,2016,59.3,61.1,0.030354131534570058
2576,New Jersey,"Lakewood-New Brunswick, NJ Metropolitan Division",2016,2017,61.1,61.8,0.011456628477905004
2577,New Jersey,"Lakewood-New Brunswick, NJ Metropolitan Division",2017,2018,61.8,61.8,0.0
2578,New Jersey,"Lakewood-New Brunswick, NJ Metropolitan Division",2018,2019,61.8,61.2,-0.009708737864077579
2579,New Jersey,"Lakewood-New Brunswick, NJ Metropolitan Division",2019,2020,61.2,59.1,-0.0343137254901961
2580,New Jersey,"Lakewood-New Brunswick, NJ Metropolitan Division",2020,2021,59.1,61.3,0.03722504230118436
2581,New Jersey,"Lakewood-New Brunswick, NJ Metropolitan Division",2021,2022,61.3,63.8,0.040783034257748776
2582,New Jersey,"Lakewood-New Brunswick, NJ Metropolitan Division",2022,2023,63.8,64.0,0.0031347962382445587
2583,New Jersey,"Lakewood-New Brunswick, NJ Metropolitan Division",2023,2024,64.0,63.8,-0.0031250000000000444
2584,Michigan,"Flint, MI",2007,2008,15.7,11.9,-0.2420382165605095
2585,Michigan,"Flint, MI",2008,2009,11.9,9.3,-0.21848739495798317
2586,Michigan,"Flint, MI",2009,2010,9.3,9.6,0.03225806451612891
2587,Michigan,"Flint, MI",2010,2011,9.6,11.3,0.17708333333333345
2588,Michigan,"Flint, MI",2011,2012,11.3,11.4,0.008849557522123862
2589,Michigan,"Flint, MI",2012,2013,11.4,12.2,0.07017543859649113
2590,Michigan,"Flint, MI",2013,2014,12.2,12.5,0.024590163934426288
2591,Michigan,"Flint, MI",2014,2015,12.5,12.1,-0.03200000000000003
2592,Michigan,"Flint, MI",2015,2016,12.1,12.4,0.024793388429752126
2593,Michigan,"Flint, MI",2016,2017,12.4,12.7,0.024193548387096687
2594,Michigan,"Flint, MI",2017,2018,12.7,12.8,0.007874015748031609
2595,Michigan,"Flint, MI",2018,2019,12.8,14.6,0.14062499999999992
2596,Michigan,"Flint, MI",2019,2020,14.6,13.9,-0.04794520547945201
2597,Michigan,"Flint, MI",2020,2021,13.9,13.8,-0.007194244604316521
2598,Michigan,"Flint, MI",2021,2022,13.8,14.0,0.014492753623188354
2599,Michigan,"Flint, MI",2022,2023,14.0,13.9,-0.0071428571428571175
2600,Michigan,"Flint, MI",2023,2024,13.9,13.7,-0.01438848920863317
2601,Arizona,"Tucson, AZ",2007,2008,28.2,27.1,-0.039007092198581485
2602,Arizona,"Tucson, AZ",2008,2009,27.1,25.3,-0.06642066420664208
2603,Arizona,"Tucson, AZ",2009,2010,25.3,24.4,-0.035573122529644355
2604,Arizona,"Tucson, AZ",2010,2011,24.4,24.3,-0.0040983606557376175
2605,Arizona,"Tucson, AZ",2011,2012,24.3,24.5,0.00823045267489709
2606,Arizona,"Tucson, AZ",2012,2013,24.5,23.7,-0.03265306122448983
2607,Arizona,"Tucson, AZ",2013,2014,23.7,23.6,-0.004219409282700332
2608,Arizona,"Tucson, AZ",2014,2015,23.6,24.1,0.0211864406779661
2609,Arizona,"Tucson, AZ",2015,2016,24.1,25.0,0.0373443983402489
2610,Arizona,"Tucson, AZ",2016,2017,25.0,25.9,0.03599999999999994
2611,Arizona,"Tucson, AZ",2017,2018,25.9,27.5,0.06177606177606183
2612,Arizona,"Tucson, AZ",2018,2019,27.5,27.9,0.014545454545454493
2613,Arizona,"Tucson, AZ",2019,2020,27.9,27.5,-0.014336917562723964
2614,Arizona,"Tucson, AZ",2020,2021,27.5,28.0,0.01818181818181818
2615,Arizona,"Tucson, AZ",2021,2022,28.0,27.8,-0.0071428571428571175
2616,Arizona,"Tucson, AZ",2022,2023,27.8,28.8,0.03597122302158273
2617,Arizona,"Tucson, AZ",2023,2024,28.8,28.4,-0.013888888888888963
2618,South Carolina,"Spartanburg, SC",2007,2008,29.1,27.6,-0.05154639175257732
2619,South Carolina,"Spartanburg, SC",2008,2009,27.6,24.4,-0.11594202898550734
2620,South Carolina,"Spartanburg, SC",2009,2010,24.4,25.1,0.028688524590164053
2621,South Carolina,"Spartanburg, SC",2010,2011,25.1,26.4,0.05179282868525885
2622,South Carolina,"Spartanburg, SC",2011,2012,26.4,26.7,0.011363636363636392
2623,South Carolina,"Spartanburg, SC",2012,2013,26.7,27.1,0.01498127340823978
2624,South Carolina,"Spartanburg, SC",2013,2014,27.1,28.4,0.04797047970479694
2625,South Carolina,"Spartanburg, SC",2014,2015,28.4,29.0,0.021126760563380333
2626,South Carolina,"Spartanburg, SC",2015,2016,29.0,29.9,0.03103448275862064
2627,South Carolina,"Spartanburg, SC",2016,2017,29.9,32.7,0.09364548494983292
2628,South Carolina,"Spartanburg, SC",2017,2018,32.7,35.8,0.09480122324159003
2629,South Carolina,"Spartanburg, SC",2018,2019,35.8,37.4,0.04469273743016764
2630,South Carolina,"Spartanburg, SC",2019,2020,37.4,37.0,-0.010695187165775364
2631,South Carolina,"Spartanburg, SC",2020,2021,37.0,37.2,0.005405405405405482
2632,South Carolina,"Spartanburg, SC",2021,2022,37.2,38.4,0.03225806451612891
2633,South Carolina,"Spartanburg, SC",2022,2023,38.4,39.0,0.015625000000000038
2634,South Carolina,"Spartanburg, SC",2023,2024,39.0,40.5,0.038461538461538464
2635,New Mexico,"Las Cruces, NM",2007,2008,3.3,3.2,-0.030303030303030196
2636,New Mexico,"Las Cruces, NM",2008,2009,3.2,3.0,-0.06250000000000006
2637,New Mexico,"Las Cruces, NM",2009,2010,3.0,2.9,-0.03333333333333336
2638,New Mexico,"Las Cruces, NM",2010,2011,2.9,3.2,0.10344827586206906
2639,New Mexico,"Las Cruces, NM",2011,2012,3.2,2.9,-0.09375000000000008
2640,New Mexico,"Las Cruces, NM",2012,2013,2.9,2.7,-0.06896551724137923
2641,New Mexico,"Las Cruces, NM",2013,2014,2.7,2.5,-0.07407407407407414
2642,New Mexico,"Las Cruces, NM",2014,2015,2.5,2.4,-0.040000000000000036
2643,New Mexico,"Las Cruces, NM",2015,2016,2.4,2.5,0.041666666666666706
2644,New Mexico,"Las Cruces, NM",2016,2017,2.5,2.4,-0.040000000000000036
2645,New Mexico,"Las Cruces, NM",2017,2018,2.4,2.5,0.041666666666666706
2646,New Mexico,"Las Cruces, NM",2018,2019,2.5,2.9,0.15999999999999998
2647,New Mexico,"Las Cruces, NM",2019,2020,2.9,2.9,0.0
2648,New Mexico,"Las Cruces, NM",2020,2021,2.9,3.0,0.03448275862068969
2649,New Mexico,"Las Cruces, NM",2021,2022,3.0,3.2,0.06666666666666672
2650,New Mexico,"Las Cruces, NM",2022,2023,3.2,3.3,0.03124999999999989
2651,New Mexico,"Las Cruces, NM",2023,2024,3.3,3.2,-0.030303030303030196
2652,Iowa,"Iowa City, IA",2007,2008,6.6,6.2,-0.06060606060606053
2653,Iowa,"Iowa City, IA",2008,2009,6.2,5.7,-0.08064516129032258
2654,Iowa,"Iowa City, IA",2009,2010,5.7,6.0,0.05263157894736839
2655,Iowa,"Iowa City, IA",2010,2011,6.0,6.0,0.0
2656,Iowa,"Iowa City, IA",2011,2012,6.0,6.3,0.04999999999999997
2657,Iowa,"Iowa City, IA",2012,2013,6.3,6.3,0.0
2658,Iowa,"Iowa City, IA",2013,2014,6.3,6.3,0.0
2659,Iowa,"Iowa City, IA",2014,2015,6.3,6.1,-0.03174603174603177
2660,Iowa,"Iowa City, IA",2015,2016,6.1,6.0,-0.01639344262295076
2661,Iowa,"Iowa City, IA",2016,2017,6.0,5.7,-0.04999999999999997
2662,Iowa,"Iowa City, IA",2017,2018,5.7,5.6,-0.0175438596491229
2663,Iowa,"Iowa City, IA",2018,2019,5.6,5.6,0.0
2664,Iowa,"Iowa City, IA",2019,2020,5.6,5.5,-0.017857142857142794
2665,Iowa,"Iowa City, IA",2020,2021,5.5,5.7,0.0363636363636364
2666,Iowa,"Iowa City, IA",2021,2022,5.7,5.9,0.03508771929824565
2667,Iowa,"Iowa City, IA",2022,2023,5.9,5.8,-0.01694915254237297
2668,Iowa,"Iowa City, IA",2023,2024,5.8,5.9,0.01724137931034492
2669,Oregon,"Salem, OR",2007,2008,13.9,12.3,-0.11510791366906473
2670,Oregon,"Salem, OR",2008,2009,12.3,11.1,-0.09756097560975618
2671,Oregon,"Salem, OR",2009,2010,11.1,10.7,-0.03603603603603607
2672,Oregon,"Salem, OR",2010,2011,10.7,10.8,0.009345794392523497
2673,Oregon,"Salem, OR",2011,2012,10.8,10.8,0.0
2674,Oregon,"Salem, OR",2012,2013,10.8,11.4,0.05555555555555552
2675,Oregon,"Salem, OR",2013,2014,11.4,12.0,0.05263157894736839
2676,Oregon,"Salem, OR",2014,2015,12.0,12.4,0.03333333333333336
2677,Oregon,"Salem, OR",2015,2016,12.4,12.9,0.04032258064516129
2678,Oregon,"Salem, OR",2016,2017,12.9,12.8,-0.007751937984496096
2679,Oregon,"Salem, OR",2017,2018,12.8,12.8,0.0
2680,Oregon,"Salem, OR",2018,2019,12.8,12.5,-0.023437500000000056
2681,Oregon,"Salem, OR",2019,2020,12.5,11.8,-0.055999999999999946
2682,Oregon,"Salem, OR",2020,2021,11.8,11.7,-0.00847457627118656
2683,Oregon,"Salem, OR",2021,2022,11.7,12.0,0.025641025641025703
2684,Oregon,"Salem, OR",2022,2023,12.0,11.5,-0.041666666666666664
2685,Oregon,"Salem, OR",2023,2024,11.5,11.7,0.017391304347826025
2686,North Carolina,"Hickory-Lenoir-Morganton, NC",2007,2008,48.8,43.3,-0.11270491803278689
2687,North Carolina,"Hickory-Lenoir-Morganton, NC",2008,2009,43.3,37.2,-0.14087759815242482
2688,North Carolina,"Hickory-Lenoir-Morganton, NC",2009,2010,37.2,36.9,-0.008064516129032372
2689,North Carolina,"Hickory-Lenoir-Morganton, NC",2010,2011,36.9,37.1,0.005420054200542083
2690,North Carolina,"Hickory-Lenoir-Morganton, NC",2011,2012,37.1,37.3,0.00539083557951471
2691,North Carolina,"Hickory-Lenoir-Morganton, NC",2012,2013,37.3,38.4,0.029490616621983955
2692,North Carolina,"Hickory-Lenoir-Morganton, NC",2013,2014,38.4,39.5,0.02864583333333337
2693,North Carolina,"Hickory-Lenoir-Morganton, NC",2014,2015,39.5,40.5,0.02531645569620253
2694,North Carolina,"Hickory-Lenoir-Morganton, NC",2015,2016,40.5,41.3,0.019753086419753017
2695,North Carolina,"Hickory-Lenoir-Morganton, NC",2016,2017,41.3,42.1,0.019370460048426255
2696,North Carolina,"Hickory-Lenoir-Morganton, NC",2017,2018,42.1,42.2,0.0023752969121140478
2697,North Carolina,"Hickory-Lenoir-Morganton, NC",2018,2019,42.2,41.8,-0.009478672985782125
2698,North Carolina,"Hickory-Lenoir-Morganton, NC",2019,2020,41.8,39.4,-0.0574162679425837
2699,North Carolina,"Hickory-Lenoir-Morganton, NC",2020,2021,39.4,41.3,0.04822335025380707
2700,North Carolina,"Hickory-Lenoir-Morganton, NC",2021,2022,41.3,42.2,0.02179176755447956
2701,North Carolina,"Hickory-Lenoir-Morganton, NC",2022,2023,42.2,40.4,-0.04265402843601906
2702,North Carolina,"Hickory-Lenoir-Morganton, NC",2023,2024,40.4,38.9,-0.03712871287128713
2703,Virginia,"Lynchburg, VA",2007,2008,16.8,16.3,-0.02976190476190476
2704,Virginia,"Lynchburg, VA",2008,2009,16.3,15.1,-0.07361963190184055
2705,Virginia,"Lynchburg, VA",2009,2010,15.1,15.1,0.0
2706,Virginia,"Lynchburg, VA",2010,2011,15.1,15.1,0.0
2707,Virginia,"Lynchburg, VA",2011,2012,15.1,14.9,-0.013245033112582735
2708,Virginia,"Lynchburg, VA",2012,2013,14.9,14.9,0.0
2709,Virginia,"Lynchburg, VA",2013,2014,14.9,14.6,-0.02013422818791951
2710,Virginia,"Lynchburg, VA",2014,2015,14.6,14.8,0.013698630136986375
2711,Virginia,"Lynchburg, VA",2015,2016,14.8,15.0,0.013513513513513466
2712,Virginia,"Lynchburg, VA",2016,2017,15.0,14.9,-0.006666666666666643
2713,Virginia,"Lynchburg, VA",2017,2018,14.9,14.8,-0.00671140939597313
2714,Virginia,"Lynchburg, VA",2018,2019,14.8,14.5,-0.020270270270270316
2715,Virginia,"Lynchburg, VA",2019,2020,14.5,14.4,-0.006896551724137907
2716,Virginia,"Lynchburg, VA",2020,2021,14.4,14.4,0.0
2717,Virginia,"Lynchburg, VA",2021,2022,14.4,14.6,0.01388888888888884
2718,Virginia,"Lynchburg, VA",2022,2023,14.6,14.0,-0.04109589041095888
2719,Virginia,"Lynchburg, VA",2023,2024,14.0,13.7,-0.02142857142857148
2720,Alabama,"Auburn-Opelika, AL",2007,2008,6.9,6.4,-0.07246376811594203
2721,Alabama,"Auburn-Opelika, AL",2008,2009,6.4,5.6,-0.1250000000000001
2722,Alabama,"Auburn-Opelika, AL",2009,2010,5.6,5.7,0.017857142857142953
2723,Alabama,"Auburn-Opelika, AL",2010,2011,5.7,5.8,0.017543859649122744
2724,Alabama,"Auburn-Opelika, AL",2011,2012,5.8,6.0,0.03448275862068969
2725,Alabama,"Auburn-Opelika, AL",2012,2013,6.0,6.6,0.09999999999999994
2726,Alabama,"Auburn-Opelika, AL",2013,2014,6.6,7.1,0.07575757575757576
2727,Alabama,"Auburn-Opelika, AL",2014,2015,7.1,7.2,0.014084507042253596
2728,Alabama,"Auburn-Opelika, AL",2015,2016,7.2,7.5,0.041666666666666644
2729,Alabama,"Auburn-Opelika, AL",2016,2017,7.5,7.2,-0.03999999999999997
2730,Alabama,"Auburn-Opelika, AL",2017,2018,7.2,6.9,-0.041666666666666644
2731,Alabama,"Auburn-Opelika, AL",2018,2019,6.9,6.8,-0.014492753623188482
2732,Alabama,"Auburn-Opelika, AL",2019,2020,6.8,6.7,-0.014705882352941124
2733,Alabama,"Auburn-Opelika, AL",2020,2021,6.7,6.8,0.014925373134328304
2734,Alabama,"Auburn-Opelika, AL",2021,2022,6.8,7.3,0.07352941176470588
2735,Alabama,"Auburn-Opelika, AL",2022,2023,7.3,7.7,0.05479452054794526
2736,Alabama,"Auburn-Opelika, AL",2023,2024,7.7,7.7,0.0
2737,Maryland,"Salisbury, MD",2007,2008,4.9,4.5,-0.08163265306122455
2738,Maryland,"Salisbury, MD",2008,2009,4.5,4.2,-0.06666666666666662
2739,Maryland,"Salisbury, MD",2009,2010,4.2,4.0,-0.04761904761904766
2740,Maryland,"Salisbury, MD",2010,2011,4.0,4.0,0.0
2741,Maryland,"Salisbury, MD",2011,2012,4.0,3.9,-0.025000000000000022
2742,Maryland,"Salisbury, MD",2012,2013,3.9,3.8,-0.025641025641025664
2743,Maryland,"Salisbury, MD",2013,2014,3.8,3.7,-0.02631578947368412
2744,Maryland,"Salisbury, MD",2014,2015,3.7,3.4,-0.08108108108108115
2745,Maryland,"Salisbury, MD",2015,2016,3.4,2.9,-0.14705882352941177
2746,Maryland,"Salisbury, MD",2016,2017,2.9,3.0,0.03448275862068969
2747,Maryland,"Salisbury, MD",2017,2018,3.0,3.1,0.03333333333333336
2748,Maryland,"Salisbury, MD",2018,2019,3.1,3.2,0.03225806451612906
2749,Maryland,"Salisbury, MD",2019,2020,3.2,3.2,0.0
2750,Maryland,"Salisbury, MD",2020,2021,3.2,3.6,0.12499999999999997
2751,Maryland,"Salisbury, MD",2021,2022,3.6,3.7,0.0277777777777778
2752,Maryland,"Salisbury, MD",2022,2023,3.7,3.6,-0.02702702702702705
2753,Maryland,"Salisbury, MD",2023,2024,3.6,3.4,-0.0555555555555556
2754,Puerto Rico,"Mayaguez, PR",2007,2008,8.9,9.3,0.04494382022471914
2755,Puerto Rico,"Mayaguez, PR",2008,2009,9.3,7.4,-0.20430107526881722
2756,Puerto Rico,"Mayaguez, PR",2009,2010,7.4,7.7,0.040540540540540515
2757,Puerto Rico,"Mayaguez, PR",2010,2011,7.7,7.0,-0.09090909090909093
2758,Puerto Rico,"Mayaguez, PR",2011,2012,7.0,5.0,-0.2857142857142857
2759,Puerto Rico,"Mayaguez, PR",2012,2013,5.0,4.8,-0.040000000000000036
2760,Puerto Rico,"Mayaguez, PR",2013,2014,4.8,5.4,0.1250000000000001
2761,Puerto Rico,"Mayaguez, PR",2014,2015,5.4,5.7,0.05555555555555552
2762,Puerto Rico,"Mayaguez, PR",2015,2016,5.7,5.3,-0.0701754385964913
2763,Puerto Rico,"Mayaguez, PR",2016,2017,5.3,4.3,-0.18867924528301888
2764,Puerto Rico,"Mayaguez, PR",2017,2018,4.3,4.8,0.11627906976744186
2765,Puerto Rico,"Mayaguez, PR",2018,2019,4.8,5.6,0.16666666666666663
2766,Puerto Rico,"Mayaguez, PR",2019,2020,5.6,5.9,0.0535714285714287
2767,Puerto Rico,"Mayaguez, PR",2020,2021,5.9,6.0,0.01694915254237282
2768,Puerto Rico,"Mayaguez, PR",2021,2022,6.0,6.2,0.03333333333333336
2769,Puerto Rico,"Mayaguez, PR",2022,2023,6.2,6.3,0.016129032258064457
2770,Puerto Rico,"Mayaguez, PR",2023,2024,6.3,6.0,-0.047619047619047596
2771,Georgia,"Rome, GA",2007,2008,7.7,7.0,-0.09090909090909093
2772,Georgia,"Rome, GA",2008,2009,7.0,6.3,-0.10000000000000002
2773,Georgia,"Rome, GA",2009,2010,6.3,5.9,-0.0634920634920634
2774,Georgia,"Rome, GA",2010,2011,5.9,5.5,-0.06779661016949158
2775,Georgia,"Rome, GA",2011,2012,5.5,5.6,0.01818181818181812
2776,Georgia,"Rome, GA",2012,2013,5.6,5.6,0.0
2777,Georgia,"Rome, GA",2013,2014,5.6,5.8,0.03571428571428575
2778,Georgia,"Rome, GA",2014,2015,5.8,6.3,0.08620689655172414
2779,Georgia,"Rome, GA",2015,2016,6.3,6.4,0.01587301587301596
2780,Georgia,"Rome, GA",2016,2017,6.4,6.5,0.015624999999999944
2781,Georgia,"Rome, GA",2017,2018,6.5,6.4,-0.01538461538461533
2782,Georgia,"Rome, GA",2018,2019,6.4,6.1,-0.04687500000000011
2783,Georgia,"Rome, GA",2019,2020,6.1,6.3,0.03278688524590167
2784,Georgia,"Rome, GA",2020,2021,6.3,6.5,0.03174603174603177
2785,Georgia,"Rome, GA",2021,2022,6.5,6.7,0.030769230769230795
2786,Georgia,"Rome, GA",2022,2023,6.7,6.5,-0.029850746268656744
2787,Georgia,"Rome, GA",2023,2024,6.5,6.3,-0.030769230769230795
2788,Illinois,"Champaign-Urbana, IL",2007,2008,10.0,9.6,-0.040000000000000036
2789,Illinois,"Champaign-Urbana, IL",2008,2009,9.6,7.9,-0.17708333333333326
2790,Illinois,"Champaign-Urbana, IL",2009,2010,7.9,7.8,-0.012658227848101333
2791,Illinois,"Champaign-Urbana, IL",2010,2011,7.8,8.2,0.05128205128205122
2792,Illinois,"Champaign-Urbana, IL",2011,2012,8.2,8.2,0.0
2793,Illinois,"Champaign-Urbana, IL",2012,2013,8.2,8.0,-0.02439024390243894
2794,Illinois,"Champaign-Urbana, IL",2013,2014,8.0,8.2,0.02499999999999991
2795,Illinois,"Champaign-Urbana, IL",2014,2015,8.2,8.2,0.0
2796,Illinois,"Champaign-Urbana, IL",2015,2016,8.2,8.0,-0.02439024390243894
2797,Illinois,"Champaign-Urbana, IL",2016,2017,8.0,7.7,-0.03749999999999998
2798,Illinois,"Champaign-Urbana, IL",2017,2018,7.7,7.6,-0.012987012987013056
2799,Illinois,"Champaign-Urbana, IL",2018,2019,7.6,7.9,0.03947368421052641
2800,Illinois,"Champaign-Urbana, IL",2019,2020,7.9,7.6,-0.03797468354430389
2801,Illinois,"Champaign-Urbana, IL",2020,2021,7.6,7.9,0.03947368421052641
2802,Illinois,"Champaign-Urbana, IL",2021,2022,7.9,8.2,0.03797468354430366
2803,Illinois,"Champaign-Urbana, IL",2022,2023,8.2,8.3,0.012195121951219686
2804,Illinois,"Champaign-Urbana, IL",2023,2024,8.3,8.3,0.0
2805,Indiana,"Kokomo, IN",2007,2008,12.7,10.5,-0.17322834645669286
2806,Indiana,"Kokomo, IN",2008,2009,10.5,8.4,-0.19999999999999996
2807,Indiana,"Kokomo, IN",2009,2010,8.4,8.7,0.03571428571428559
2808,Indiana,"Kokomo, IN",2010,2011,8.7,9.3,0.06896551724137948
2809,Indiana,"Kokomo, IN",2011,2012,9.3,10.2,0.09677419354838694
2810,Indiana,"Kokomo, IN",2012,2013,10.2,11.1,0.0882352941176471
2811,Indiana,"Kokomo, IN",2013,2014,11.1,11.9,0.07207207207207214
2812,Indiana,"Kokomo, IN",2014,2015,11.9,12.0,0.008403361344537785
2813,Indiana,"Kokomo, IN",2015,2016,12.0,12.1,0.008333333333333304
2814,Indiana,"Kokomo, IN",2016,2017,12.1,12.4,0.024793388429752126
2815,Indiana,"Kokomo, IN",2017,2018,12.4,11.7,-0.05645161290322589
2816,Indiana,"Kokomo, IN",2018,2019,11.7,11.4,-0.02564102564102555
2817,Indiana,"Kokomo, IN",2019,2020,11.4,10.4,-0.08771929824561403
2818,Indiana,"Kokomo, IN",2020,2021,10.4,9.5,-0.08653846153846156
2819,Indiana,"Kokomo, IN",2021,2022,9.5,9.1,-0.04210526315789478
2820,Indiana,"Kokomo, IN",2022,2023,9.1,9.0,-0.01098901098901095
2821,Indiana,"Kokomo, IN",2023,2024,9.0,8.8,-0.022222222222222143
2822,Texas,"Victoria, TX",2007,2008,3.1,3.0,-0.03225806451612906
2823,Texas,"Victoria, TX",2008,2009,3.0,2.6,-0.1333333333333333
2824,Texas,"Victoria, TX",2009,2010,2.6,2.6,0.0
2825,Texas,"Victoria, TX",2010,2011,2.6,2.7,0.03846153846153849
2826,Texas,"Victoria, TX",2011,2012,2.7,2.7,0.0
2827,Texas,"Victoria, TX",2012,2013,2.7,2.6,-0.03703703703703707
2828,Texas,"Victoria, TX",2013,2014,2.6,2.6,0.0
2829,Texas,"Victoria, TX",2014,2015,2.6,2.4,-0.07692307692307698
2830,Texas,"Victoria, TX",2015,2016,2.4,2.0,-0.16666666666666663
2831,Texas,"Victoria, TX",2016,2017,2.0,1.9,-0.050000000000000044
2832,Texas,"Victoria, TX",2017,2018,1.9,2.0,0.052631578947368474
2833,Texas,"Victoria, TX",2018,2019,2.0,2.0,0.0
2834,Texas,"Victoria, TX",2019,2020,2.0,1.7,-0.15000000000000002
2835,Texas,"Victoria, TX",2020,2021,1.7,1.8,0.05882352941176476
2836,Texas,"Victoria, TX",2021,2022,1.8,2.0,0.11111111111111108
2837,Texas,"Victoria, TX",2022,2023,2.0,2.1,0.050000000000000044
2838,Texas,"Victoria, TX",2023,2024,2.1,2.0,-0.04761904761904766
2839,Virginia,"Arlington-Alexandria-Reston, VA-WV Metropolitan Division",2007,2008,29.8,27.6,-0.07382550335570467
2840,Virginia,"Arlington-Alexandria-Reston, VA-WV Metropolitan Division",2008,2009,27.6,25.1,-0.09057971014492754
2841,Virginia,"Arlington-Alexandria-Reston, VA-WV Metropolitan Division",2009,2010,25.1,25.4,0.011952191235059646
2842,Virginia,"Arlington-Alexandria-Reston, VA-WV Metropolitan Division",2010,2011,25.4,25.3,-0.003937007874015665
2843,Virginia,"Arlington-Alexandria-Reston, VA-WV Metropolitan Division",2011,2012,25.3,25.0,-0.01185770750988145
2844,Virginia,"Arlington-Alexandria-Reston, VA-WV Metropolitan Division",2012,2013,25.0,25.4,0.015999999999999945
2845,Virginia,"Arlington-Alexandria-Reston, VA-WV Metropolitan Division",2013,2014,25.4,25.5,0.003937007874015804
2846,Virginia,"Arlington-Alexandria-Reston, VA-WV Metropolitan Division",2014,2015,25.5,26.7,0.047058823529411736
2847,Virginia,"Arlington-Alexandria-Reston, VA-WV Metropolitan Division",2015,2016,26.7,26.9,0.007490636704119823
2848,Virginia,"Arlington-Alexandria-Reston, VA-WV Metropolitan Division",2016,2017,26.9,26.8,-0.0037174721189590287
2849,Virginia,"Arlington-Alexandria-Reston, VA-WV Metropolitan Division",2017,2018,26.8,27.5,0.026119402985074598
2850,Virginia,"Arlington-Alexandria-Reston, VA-WV Metropolitan Division",2018,2019,27.5,27.9,0.014545454545454493
2851,Virginia,"Arlington-Alexandria-Reston, VA-WV Metropolitan Division",2019,2020,27.9,27.4,-0.01792114695340502
2852,Virginia,"Arlington-Alexandria-Reston, VA-WV Metropolitan Division",2020,2021,27.4,27.5,0.0036496350364964023
2853,Virginia,"Arlington-Alexandria-Reston, VA-WV Metropolitan Division",2021,2022,27.5,28.4,0.032727272727272674
2854,Virginia,"Arlington-Alexandria-Reston, VA-WV Metropolitan Division",2022,2023,28.4,28.0,-0.014084507042253471
2855,Virginia,"Arlington-Alexandria-Reston, VA-WV Metropolitan Division",2023,2024,28.0,27.8,-0.0071428571428571175
2856,Florida,"Gainesville, FL",2007,2008,6.6,5.8,-0.12121212121212119
2857,Florida,"Gainesville, FL",2008,2009,5.8,4.8,-0.1724137931034483
2858,Florida,"Gainesville, FL",2009,2010,4.8,4.8,0.0
2859,Florida,"Gainesville, FL",2010,2011,4.8,4.9,0.020833333333333447
2860,Florida,"Gainesville, FL",2011,2012,4.9,5.1,0.040816326530612096
2861,Florida,"Gainesville, FL",2012,2013,5.1,4.9,-0.039215686274509665
2862,Florida,"Gainesville, FL",2013,2014,4.9,4.9,0.0
2863,Florida,"Gainesville, FL",2014,2015,4.9,5.2,0.061224489795918324
2864,Florida,"Gainesville, FL",2015,2016,5.2,5.3,0.019230769230769162
2865,Florida,"Gainesville, FL",2016,2017,5.3,5.4,0.018867924528301987
2866,Florida,"Gainesville, FL",2017,2018,5.4,5.6,0.0370370370370369
2867,Florida,"Gainesville, FL",2018,2019,5.6,5.5,-0.017857142857142794
2868,Florida,"Gainesville, FL",2019,2020,5.5,5.3,-0.0363636363636364
2869,Florida,"Gainesville, FL",2020,2021,5.3,5.7,0.07547169811320761
2870,Florida,"Gainesville, FL",2021,2022,5.7,5.7,0.0
2871,Florida,"Gainesville, FL",2022,2023,5.7,5.3,-0.0701754385964913
2872,Florida,"Gainesville, FL",2023,2024,5.3,5.2,-0.01886792452830182
2873,Ohio,"Dayton-Kettering-Beavercreek, OH",2007,2008,48.5,43.0,-0.1134020618556701
2874,Ohio,"Dayton-Kettering-Beavercreek, OH",2008,2009,43.0,35.6,-0.1720930232558139
2875,Ohio,"Dayton-Kettering-Beavercreek, OH",2009,2010,35.6,37.1,0.042134831460674156
2876,Ohio,"Dayton-Kettering-Beavercreek, OH",2010,2011,37.1,38.6,0.04043126684636118
2877,Ohio,"Dayton-Kettering-Beavercreek, OH",2011,2012,38.6,38.9,0.007772020725388527
2878,Ohio,"Dayton-Kettering-Beavercreek, OH",2012,2013,38.9,38.5,-0.01028277634961436
2879,Ohio,"Dayton-Kettering-Beavercreek, OH",2013,2014,38.5,39.7,0.03116883116883124
2880,Ohio,"Dayton-Kettering-Beavercreek, OH",2014,2015,39.7,40.6,0.02267002518891684
2881,Ohio,"Dayton-Kettering-Beavercreek, OH",2015,2016,40.6,42.2,0.03940886699507393
2882,Ohio,"Dayton-Kettering-Beavercreek, OH",2016,2017,42.2,42.5,0.007109004739336425
2883,Ohio,"Dayton-Kettering-Beavercreek, OH",2017,2018,42.5,43.8,0.03058823529411758
2884,Ohio,"Dayton-Kettering-Beavercreek, OH",2018,2019,43.8,43.7,-0.0022831050228309204
2885,Ohio,"Dayton-Kettering-Beavercreek, OH",2019,2020,43.7,40.9,-0.06407322654462252
2886,Ohio,"Dayton-Kettering-Beavercreek, OH",2020,2021,40.9,41.4,0.012224938875305624
2887,Ohio,"Dayton-Kettering-Beavercreek, OH",2021,2022,41.4,41.9,0.012077294685990338
2888,Ohio,"Dayton-Kettering-Beavercreek, OH",2022,2023,41.9,41.6,-0.007159904534606138
2889,Ohio,"Dayton-Kettering-Beavercreek, OH",2023,2024,41.6,41.1,-0.012019230769230768
2890,Michigan,"Monroe, MI",2007,2008,6.7,5.4,-0.19402985074626863
2891,Michigan,"Monroe, MI",2008,2009,5.4,4.5,-0.1666666666666667
2892,Michigan,"Monroe, MI",2009,2010,4.5,5.0,0.1111111111111111
2893,Michigan,"Monroe, MI",2010,2011,5.0,4.7,-0.05999999999999996
2894,Michigan,"Monroe, MI",2011,2012,4.7,5.2,0.10638297872340426
2895,Michigan,"Monroe, MI",2012,2013,5.2,5.2,0.0
2896,Michigan,"Monroe, MI",2013,2014,5.2,5.5,0.057692307692307654
2897,Michigan,"Monroe, MI",2014,2015,5.5,5.6,0.01818181818181812
2898,Michigan,"Monroe, MI",2015,2016,5.6,5.5,-0.017857142857142794
2899,Michigan,"Monroe, MI",2016,2017,5.5,5.5,0.0
2900,Michigan,"Monroe, MI",2017,2018,5.5,5.6,0.01818181818181812
2901,Michigan,"Monroe, MI",2018,2019,5.6,5.6,0.0
2902,Michigan,"Monroe, MI",2019,2020,5.6,5.2,-0.07142857142857134
2903,Michigan,"Monroe, MI",2020,2021,5.2,5.3,0.019230769230769162
2904,Michigan,"Monroe, MI",2021,2022,5.3,5.3,0.0
2905,Michigan,"Monroe, MI",2022,2023,5.3,6.0,0.13207547169811323
2906,Michigan,"Monroe, MI",2023,2024,6.0,6.0,0.0
2907,Michigan,"Warren-Troy-Farmington Hills, MI Metropolitan Division",2007,2008,152.1,131.7,-0.13412228796844186
2908,Michigan,"Warren-Troy-Farmington Hills, MI Metropolitan Division",2008,2009,131.7,105.8,-0.1966590736522399
2909,Michigan,"Warren-Troy-Farmington Hills, MI Metropolitan Division",2009,2010,105.8,114.4,0.08128544423440462
2910,Michigan,"Warren-Troy-Farmington Hills, MI Metropolitan Division",2010,2011,114.4,128.9,0.12674825174825174
2911,Michigan,"Warren-Troy-Farmington Hills, MI Metropolitan Division",2011,2012,128.9,136.0,0.05508145849495728
2912,Michigan,"Warren-Troy-Farmington Hills, MI Metropolitan Division",2012,2013,136.0,142.9,0.0507352941176471
2913,Michigan,"Warren-Troy-Farmington Hills, MI Metropolitan Division",2013,2014,142.9,150.2,0.051084674597620595
2914,Michigan,"Warren-Troy-Farmington Hills, MI Metropolitan Division",2014,2015,150.2,153.5,0.021970705725699147
2915,Michigan,"Warren-Troy-Farmington Hills, MI Metropolitan Division",2015,2016,153.5,159.2,0.03713355048859927
2916,Michigan,"Warren-Troy-Farmington Hills, MI Metropolitan Division",2016,2017,159.2,162.7,0.02198492462311558
2917,Michigan,"Warren-Troy-Farmington Hills, MI Metropolitan Division",2017,2018,162.7,166.9,0.025814382298709387
2918,Michigan,"Warren-Troy-Farmington Hills, MI Metropolitan Division",2018,2019,166.9,164.8,-0.012582384661473902
2919,Michigan,"Warren-Troy-Farmington Hills, MI Metropolitan Division",2019,2020,164.8,155.6,-0.0558252427184467
2920,Michigan,"Warren-Troy-Farmington Hills, MI Metropolitan Division",2020,2021,155.6,159.2,0.023136246786632356
2921,Michigan,"Warren-Troy-Farmington Hills, MI Metropolitan Division",2021,2022,159.2,164.7,0.03454773869346734
2922,Michigan,"Warren-Troy-Farmington Hills, MI Metropolitan Division",2022,2023,164.7,161.9,-0.01700060716454149
2923,Michigan,"Warren-Troy-Farmington Hills, MI Metropolitan Division",2023,2024,161.9,154.9,-0.043236565781346506
2924,Arizona,"Prescott Valley-Prescott, AZ",2007,2008,3.3,3.0,-0.09090909090909086
2925,Arizona,"Prescott Valley-Prescott, AZ",2008,2009,3.0,2.5,-0.16666666666666666
2926,Arizona,"Prescott Valley-Prescott, AZ",2009,2010,2.5,2.6,0.040000000000000036
2927,Arizona,"Prescott Valley-Prescott, AZ",2010,2011,2.6,3.0,0.1538461538461538
2928,Arizona,"Prescott Valley-Prescott, AZ",2011,2012,3.0,3.0,0.0
2929,Arizona,"Prescott Valley-Prescott, AZ",2012,2013,3.0,3.3,0.09999999999999994
2930,Arizona,"Prescott Valley-Prescott, AZ",2013,2014,3.3,3.3,0.0
2931,Arizona,"Prescott Valley-Prescott, AZ",2014,2015,3.3,3.5,0.06060606060606066
2932,Arizona,"Prescott Valley-Prescott, AZ",2015,2016,3.5,3.8,0.08571428571428566
2933,Arizona,"Prescott Valley-Prescott, AZ",2016,2017,3.8,3.8,0.0
2934,Arizona,"Prescott Valley-Prescott, AZ",2017,2018,3.8,3.9,0.026315789473684237
2935,Arizona,"Prescott Valley-Prescott, AZ",2018,2019,3.9,3.7,-0.05128205128205122
2936,Arizona,"Prescott Valley-Prescott, AZ",2019,2020,3.7,3.7,0.0
2937,Arizona,"Prescott Valley-Prescott, AZ",2020,2021,3.7,3.9,0.05405405405405398
2938,Arizona,"Prescott Valley-Prescott, AZ",2021,2022,3.9,3.9,0.0
2939,Arizona,"Prescott Valley-Prescott, AZ",2022,2023,3.9,3.6,-0.07692307692307689
2940,Arizona,"Prescott Valley-Prescott, AZ",2023,2024,3.6,3.6,0.0
2941,Virginia,"Charlottesville, VA",2007,2008,4.5,3.9,-0.13333333333333336
2942,Virginia,"Charlottesville, VA",2008,2009,3.9,3.4,-0.12820512820512822
2943,Virginia,"Charlottesville, VA",2009,2010,3.4,3.2,-0.05882352941176463
2944,Virginia,"Charlottesville, VA",2010,2011,3.2,3.2,0.0
2945,Virginia,"Charlottesville, VA",2011,2012,3.2,3.2,0.0
2946,Virginia,"Charlottesville, VA",2012,2013,3.2,3.2,0.0
2947,Virginia,"Charlottesville, VA",2013,2014,3.2,3.6,0.12499999999999997
2948,Virginia,"Charlottesville, VA",2014,2015,3.6,3.6,0.0
2949,Virginia,"Charlottesville, VA",2015,2016,3.6,3.6,0.0
2950,Virginia,"Charlottesville, VA",2016,2017,3.6,3.7,0.0277777777777778
2951,Virginia,"Charlottesville, VA",2017,2018,3.7,3.8,0.02702702702702693
2952,Virginia,"Charlottesville, VA",2018,2019,3.8,4.0,0.052631578947368474
2953,Virginia,"Charlottesville, VA",2019,2020,4.0,3.9,-0.025000000000000022
2954,Virginia,"Charlottesville, VA",2020,2021,3.9,4.2,0.076923076923077
2955,Virginia,"Charlottesville, VA",2021,2022,4.2,4.2,0.0
2956,Virginia,"Charlottesville, VA",2022,2023,4.2,4.3,0.023809523809523725
2957,Virginia,"Charlottesville, VA",2023,2024,4.3,4.5,0.046511627906976785
2958,Washington,"Tacoma-Lakewood, WA Metropolitan Division",2007,2008,20.7,18.9,-0.08695652173913047
2959,Washington,"Tacoma-Lakewood, WA Metropolitan Division",2008,2009,18.9,16.2,-0.14285714285714282
2960,Washington,"Tacoma-Lakewood, WA Metropolitan Division",2009,2010,16.2,16.2,0.0
2961,Washington,"Tacoma-Lakewood, WA Metropolitan Division",2010,2011,16.2,16.4,0.012345679012345635
2962,Washington,"Tacoma-Lakewood, WA Metropolitan Division",2011,2012,16.4,16.9,0.030487804878048783
2963,Washington,"Tacoma-Lakewood, WA Metropolitan Division",2012,2013,16.9,17.3,0.023668639053254566
2964,Washington,"Tacoma-Lakewood, WA Metropolitan Division",2013,2014,17.3,17.1,-0.011560693641618455
2965,Washington,"Tacoma-Lakewood, WA Metropolitan Division",2014,2015,17.1,17.1,0.0
2966,Washington,"Tacoma-Lakewood, WA Metropolitan Division",2015,2016,17.1,17.0,-0.005847953216374352
2967,Washington,"Tacoma-Lakewood, WA Metropolitan Division",2016,2017,17.0,17.1,0.005882352941176554
2968,Washington,"Tacoma-Lakewood, WA Metropolitan Division",2017,2018,17.1,17.6,0.029239766081871343
2969,Washington,"Tacoma-Lakewood, WA Metropolitan Division",2018,2019,17.6,17.9,0.01704545454545438
2970,Washington,"Tacoma-Lakewood, WA Metropolitan Division",2019,2020,17.9,16.5,-0.07821229050279323
2971,Washington,"Tacoma-Lakewood, WA Metropolitan Division",2020,2021,16.5,17.0,0.030303030303030304
2972,Washington,"Tacoma-Lakewood, WA Metropolitan Division",2021,2022,17.0,17.0,0.0
2973,Washington,"Tacoma-Lakewood, WA Metropolitan Division",2022,2023,17.0,16.8,-0.0117647058823529
2974,Washington,"Tacoma-Lakewood, WA Metropolitan Division",2023,2024,16.8,16.5,-0.017857142857142898
2975,Texas,"San Antonio-New Braunfels, TX",2007,2008,49.0,45.6,-0.06938775510204079
2976,Texas,"San Antonio-New Braunfels, TX",2008,2009,45.6,43.5,-0.0460526315789474
2977,Texas,"San Antonio-New Braunfels, TX",2009,2010,43.5,45.4,0.043678160919540195
2978,Texas,"San Antonio-New Braunfels, TX",2010,2011,45.4,46.5,0.024229074889867874
2979,Texas,"San Antonio-New Braunfels, TX",2011,2012,46.5,47.0,0.010752688172043012
2980,Texas,"San Antonio-New Braunfels, TX",2012,2013,47.0,46.4,-0.012765957446808541
2981,Texas,"San Antonio-New Braunfels, TX",2013,2014,46.4,47.1,0.015086206896551786
2982,Texas,"San Antonio-New Braunfels, TX",2014,2015,47.1,47.5,0.008492569002123113
2983,Texas,"San Antonio-New Braunfels, TX",2015,2016,47.5,48.2,0.014736842105263218
2984,Texas,"San Antonio-New Braunfels, TX",2016,2017,48.2,50.3,0.043568464730290336
2985,Texas,"San Antonio-New Braunfels, TX",2017,2018,50.3,50.8,0.009940357852882704
2986,Texas,"San Antonio-New Braunfels, TX",2018,2019,50.8,51.9,0.02165354330708664
2987,Texas,"San Antonio-New Braunfels, TX",2019,2020,51.9,50.9,-0.01926782273603083
2988,Texas,"San Antonio-New Braunfels, TX",2020,2021,50.9,54.7,0.07465618860510814
2989,Texas,"San Antonio-New Braunfels, TX",2021,2022,54.7,60.5,0.10603290676416813
2990,Texas,"San Antonio-New Braunfels, TX",2022,2023,60.5,61.7,0.0198347107438017
2991,Texas,"San Antonio-New Braunfels, TX",2023,2024,61.7,63.0,0.021069692058346794
2992,Wisconsin,"La Crosse-Onalaska, WI-MN",2007,2008,10.3,10.0,-0.029126213592233077
2993,Wisconsin,"La Crosse-Onalaska, WI-MN",2008,2009,10.0,8.9,-0.10999999999999996
2994,Wisconsin,"La Crosse-Onalaska, WI-MN",2009,2010,8.9,9.1,0.02247191011235947
2995,Wisconsin,"La Crosse-Onalaska, WI-MN",2010,2011,9.1,8.9,-0.0219780219780219
2996,Wisconsin,"La Crosse-Onalaska, WI-MN",2011,2012,8.9,9.4,0.056179775280898875
2997,Wisconsin,"La Crosse-Onalaska, WI-MN",2012,2013,9.4,9.5,0.010638297872340387
2998,Wisconsin,"La Crosse-Onalaska, WI-MN",2013,2014,9.5,9.4,-0.010526315789473648
2999,Wisconsin,"La Crosse-Onalaska, WI-MN",2014,2015,9.4,9.2,-0.021276595744680965
3000,Wisconsin,"La Crosse-Onalaska, WI-MN",2015,2016,9.2,9.3,0.01086956521739146
3001,Wisconsin,"La Crosse-Onalaska, WI-MN",2016,2017,9.3,9.4,0.010752688172042972
3002,Wisconsin,"La Crosse-Onalaska, WI-MN",2017,2018,9.4,9.6,0.021276595744680774
3003,Wisconsin,"La Crosse-Onalaska, WI-MN",2018,2019,9.6,9.5,-0.01041666666666663
3004,Wisconsin,"La Crosse-Onalaska, WI-MN",2019,2020,9.5,9.6,0.010526315789473648
3005,Wisconsin,"La Crosse-Onalaska, WI-MN",2020,2021,9.6,9.8,0.020833333333333447
3006,Wisconsin,"La Crosse-Onalaska, WI-MN",2021,2022,9.8,9.8,0.0
3007,Wisconsin,"La Crosse-Onalaska, WI-MN",2022,2023,9.8,9.3,-0.0510204081632653
3008,Wisconsin,"La Crosse-Onalaska, WI-MN",2023,2024,9.3,9.4,0.010752688172042972
3009,New Hampshire,"Rockingham County-Strafford County, NH Metropolitan Division",2007,2008,20.5,20.1,-0.01951219512195115
3010,New Hampshire,"Rockingham County-Strafford County, NH Metropolitan Division",2008,2009,20.1,17.8,-0.11442786069651743
3011,New Hampshire,"Rockingham County-Strafford County, NH Metropolitan Division",2009,2010,17.8,18.0,0.011235955056179735
3012,New Hampshire,"Rockingham County-Strafford County, NH Metropolitan Division",2010,2011,18.0,17.6,-0.022222222222222143
3013,New Hampshire,"Rockingham County-Strafford County, NH Metropolitan Division",2011,2012,17.6,18.4,0.04545454545454529
3014,New Hampshire,"Rockingham County-Strafford County, NH Metropolitan Division",2012,2013,18.4,18.9,0.027173913043478264
3015,New Hampshire,"Rockingham County-Strafford County, NH Metropolitan Division",2013,2014,18.9,19.2,0.01587301587301591
3016,New Hampshire,"Rockingham County-Strafford County, NH Metropolitan Division",2014,2015,19.2,20.0,0.041666666666666706
3017,New Hampshire,"Rockingham County-Strafford County, NH Metropolitan Division",2015,2016,20.0,20.6,0.030000000000000072
3018,New Hampshire,"Rockingham County-Strafford County, NH Metropolitan Division",2016,2017,20.6,20.7,0.004854368932038731
3019,New Hampshire,"Rockingham County-Strafford County, NH Metropolitan Division",2017,2018,20.7,21.4,0.03381642512077292
3020,New Hampshire,"Rockingham County-Strafford County, NH Metropolitan Division",2018,2019,21.4,21.4,0.0
3021,New Hampshire,"Rockingham County-Strafford County, NH Metropolitan Division",2019,2020,21.4,20.4,-0.04672897196261683
3022,New Hampshire,"Rockingham County-Strafford County, NH Metropolitan Division",2020,2021,20.4,21.4,0.04901960784313726
3023,New Hampshire,"Rockingham County-Strafford County, NH Metropolitan Division",2021,2022,21.4,21.8,0.018691588785046828
3024,New Hampshire,"Rockingham County-Strafford County, NH Metropolitan Division",2022,2023,21.8,21.6,-0.009174311926605472
3025,New Hampshire,"Rockingham County-Strafford County, NH Metropolitan Division",2023,2024,21.6,21.2,-0.018518518518518615
3026,Hawaii,"Urban Honolulu, HI",2007,2008,12.1,11.6,-0.04132231404958678
3027,Hawaii,"Urban Honolulu, HI",2008,2009,11.6,11.0,-0.051724137931034454
3028,Hawaii,"Urban Honolulu, HI",2009,2010,11.0,10.9,-0.00909090909090906
3029,Hawaii,"Urban Honolulu, HI",2010,2011,10.9,11.1,0.018348623853210944
3030,Hawaii,"Urban Honolulu, HI",2011,2012,11.1,11.1,0.0
3031,Hawaii,"Urban Honolulu, HI",2012,2013,11.1,11.2,0.009009009009008978
3032,Hawaii,"Urban Honolulu, HI",2013,2014,11.2,11.5,0.02678571428571435
3033,Hawaii,"Urban Honolulu, HI",2014,2015,11.5,11.6,0.008695652173913012
3034,Hawaii,"Urban Honolulu, HI",2015,2016,11.6,11.7,0.008620689655172384
3035,Hawaii,"Urban Honolulu, HI",2016,2017,11.7,12.0,0.025641025641025703
3036,Hawaii,"Urban Honolulu, HI",2017,2018,12.0,11.4,-0.04999999999999997
3037,Hawaii,"Urban Honolulu, HI",2018,2019,11.4,10.9,-0.043859649122807015
3038,Hawaii,"Urban Honolulu, HI",2019,2020,10.9,9.2,-0.15596330275229367
3039,Hawaii,"Urban Honolulu, HI",2020,2021,9.2,9.3,0.01086956521739146
3040,Hawaii,"Urban Honolulu, HI",2021,2022,9.3,9.3,0.0
3041,Hawaii,"Urban Honolulu, HI",2022,2023,9.3,9.4,0.010752688172042972
3042,Hawaii,"Urban Honolulu, HI",2023,2024,9.4,9.8,0.042553191489361736
3043,California,"Stockton-Lodi, CA",2007,2008,21.6,21.0,-0.027777777777777842
3044,California,"Stockton-Lodi, CA",2008,2009,21.0,18.0,-0.14285714285714285
3045,California,"Stockton-Lodi, CA",2009,2010,18.0,17.5,-0.027777777777777776
3046,California,"Stockton-Lodi, CA",2010,2011,17.5,18.1,0.034285714285714364
3047,California,"Stockton-Lodi, CA",2011,2012,18.1,17.7,-0.022099447513812272
3048,California,"Stockton-Lodi, CA",2012,2013,17.7,18.3,0.033898305084745846
3049,California,"Stockton-Lodi, CA",2013,2014,18.3,18.7,0.02185792349726768
3050,California,"Stockton-Lodi, CA",2014,2015,18.7,19.0,0.01604278074866314
3051,California,"Stockton-Lodi, CA",2015,2016,19.0,19.6,0.03157894736842113
3052,California,"Stockton-Lodi, CA",2016,2017,19.6,19.9,0.015306122448979446
3053,California,"Stockton-Lodi, CA",2017,2018,19.9,20.2,0.015075376884422148
3054,California,"Stockton-Lodi, CA",2018,2019,20.2,20.1,-0.004950495049504845
3055,California,"Stockton-Lodi, CA",2019,2020,20.1,20.0,-0.004975124378109523
3056,California,"Stockton-Lodi, CA",2020,2021,20.0,21.8,0.09000000000000004
3057,California,"Stockton-Lodi, CA",2021,2022,21.8,23.0,0.055045871559632996
3058,California,"Stockton-Lodi, CA",2022,2023,23.0,23.3,0.013043478260869596
3059,California,"Stockton-Lodi, CA",2023,2024,23.3,23.4,0.00429184549356214
3060,Alabama,"Decatur, AL",2007,2008,14.0,13.4,-0.04285714285714283
3061,Alabama,"Decatur, AL",2008,2009,13.4,12.2,-0.08955223880597023
3062,Alabama,"Decatur, AL",2009,2010,12.2,12.4,0.016393442622950907
3063,Alabama,"Decatur, AL",2010,2011,12.4,12.7,0.024193548387096687
3064,Alabama,"Decatur, AL",2011,2012,12.7,12.3,-0.03149606299212587
3065,Alabama,"Decatur, AL",2012,2013,12.3,12.6,0.024390243902438935
3066,Alabama,"Decatur, AL",2013,2014,12.6,12.4,-0.015873015873015817
3067,Alabama,"Decatur, AL",2014,2015,12.4,12.4,0.0
3068,Alabama,"Decatur, AL",2015,2016,12.4,12.4,0.0
3069,Alabama,"Decatur, AL",2016,2017,12.4,12.8,0.03225806451612906
3070,Alabama,"Decatur, AL",2017,2018,12.8,13.3,0.0390625
3071,Alabama,"Decatur, AL",2018,2019,13.3,13.7,0.030075187969924703
3072,Alabama,"Decatur, AL",2019,2020,13.7,13.2,-0.03649635036496351
3073,Alabama,"Decatur, AL",2020,2021,13.2,13.4,0.015151515151515233
3074,Alabama,"Decatur, AL",2021,2022,13.4,14.1,0.052238805970149196
3075,Alabama,"Decatur, AL",2022,2023,14.1,13.9,-0.014184397163120517
3076,Alabama,"Decatur, AL",2023,2024,13.9,14.8,0.06474820143884895
3077,Kentucky,"Bowling Green, KY",2007,2008,11.6,10.4,-0.10344827586206891
3078,Kentucky,"Bowling Green, KY",2008,2009,10.4,8.8,-0.1538461538461538
3079,Kentucky,"Bowling Green, KY",2009,2010,8.8,9.0,0.022727272727272645
3080,Kentucky,"Bowling Green, KY",2010,2011,9.0,9.8,0.08888888888888896
3081,Kentucky,"Bowling Green, KY",2011,2012,9.8,10.1,0.030612244897959072
3082,Kentucky,"Bowling Green, KY",2012,2013,10.1,10.2,0.009900990099009866
3083,Kentucky,"Bowling Green, KY",2013,2014,10.2,10.9,0.06862745098039226
3084,Kentucky,"Bowling Green, KY",2014,2015,10.9,11.8,0.08256880733944957
3085,Kentucky,"Bowling Green, KY",2015,2016,11.8,12.7,0.07627118644067785
3086,Kentucky,"Bowling Green, KY",2016,2017,12.7,12.8,0.007874015748031609
3087,Kentucky,"Bowling Green, KY",2017,2018,12.8,12.9,0.007812499999999972
3088,Kentucky,"Bowling Green, KY",2018,2019,12.9,13.0,0.007751937984496096
3089,Kentucky,"Bowling Green, KY",2019,2020,13.0,13.3,0.02307692307692313
3090,Kentucky,"Bowling Green, KY",2020,2021,13.3,13.6,0.022556390977443528
3091,Kentucky,"Bowling Green, KY",2021,2022,13.6,14.4,0.05882352941176476
3092,Kentucky,"Bowling Green, KY",2022,2023,14.4,14.7,0.02083333333333326
3093,Kentucky,"Bowling Green, KY",2023,2024,14.7,14.7,0.0
3094,New York,"Syracuse, NY",2007,2008,32.8,30.9,-0.057926829268292644
3095,New York,"Syracuse, NY",2008,2009,30.9,27.0,-0.12621359223300968
3096,New York,"Syracuse, NY",2009,2010,27.0,26.7,-0.011111111111111138
3097,New York,"Syracuse, NY",2010,2011,26.7,25.3,-0.0524344569288389
3098,New York,"Syracuse, NY",2011,2012,25.3,24.4,-0.035573122529644355
3099,New York,"Syracuse, NY",2012,2013,24.4,24.3,-0.0040983606557376175
3100,New York,"Syracuse, NY",2013,2014,24.3,24.5,0.00823045267489709
3101,New York,"Syracuse, NY",2014,2015,24.5,24.5,0.0
3102,New York,"Syracuse, NY",2015,2016,24.5,25.0,0.02040816326530612
3103,New York,"Syracuse, NY",2016,2017,25.0,25.9,0.03599999999999994
3104,New York,"Syracuse, NY",2017,2018,25.9,26.2,0.011583011583011612
3105,New York,"Syracuse, NY",2018,2019,26.2,25.9,-0.01145038167938934
3106,New York,"Syracuse, NY",2019,2020,25.9,24.6,-0.050193050193050086
3107,New York,"Syracuse, NY",2020,2021,24.6,24.8,0.00813008130081298
3108,New York,"Syracuse, NY",2021,2022,24.8,25.1,0.012096774193548416
3109,New York,"Syracuse, NY",2022,2023,25.1,25.0,-0.003984063745019977
3110,New York,"Syracuse, NY",2023,2024,25.0,25.3,0.012000000000000028
3111,Georgia,"Dalton, GA",2007,2008,28.9,26.0,-0.10034602076124563
3112,Georgia,"Dalton, GA",2008,2009,26.0,23.8,-0.08461538461538459
3113,Georgia,"Dalton, GA",2009,2010,23.8,22.8,-0.04201680672268907
3114,Georgia,"Dalton, GA",2010,2011,22.8,22.4,-0.0175438596491229
3115,Georgia,"Dalton, GA",2011,2012,22.4,22.3,-0.0044642857142856195
3116,Georgia,"Dalton, GA",2012,2013,22.3,23.2,0.04035874439461877
3117,Georgia,"Dalton, GA",2013,2014,23.2,24.4,0.051724137931034454
3118,Georgia,"Dalton, GA",2014,2015,24.4,25.1,0.028688524590164053
3119,Georgia,"Dalton, GA",2015,2016,25.1,24.7,-0.015936254980079764
3120,Georgia,"Dalton, GA",2016,2017,24.7,24.6,-0.004048582995951331
3121,Georgia,"Dalton, GA",2017,2018,24.6,24.7,0.004065040650406417
3122,Georgia,"Dalton, GA",2018,2019,24.7,23.2,-0.06072874493927126
3123,Georgia,"Dalton, GA",2019,2020,23.2,22.2,-0.04310344827586207
3124,Georgia,"Dalton, GA",2020,2021,22.2,22.8,0.02702702702702709
3125,Georgia,"Dalton, GA",2021,2022,22.8,22.3,-0.021929824561403508
3126,Georgia,"Dalton, GA",2022,2023,22.3,22.3,0.0
3127,Georgia,"Dalton, GA",2023,2024,22.3,21.7,-0.02690582959641262
3128,Texas,"Lubbock, TX",2007,2008,5.4,5.4,0.0
3129,Texas,"Lubbock, TX",2008,2009,5.4,5.2,-0.03703703703703707
3130,Texas,"Lubbock, TX",2009,2010,5.2,5.2,0.0
3131,Texas,"Lubbock, TX",2010,2011,5.2,5.2,0.0
3132,Texas,"Lubbock, TX",2011,2012,5.2,5.3,0.019230769230769162
3133,Texas,"Lubbock, TX",2012,2013,5.3,5.1,-0.03773584905660381
3134,Texas,"Lubbock, TX",2013,2014,5.1,5.3,0.03921568627450984
3135,Texas,"Lubbock, TX",2014,2015,5.3,5.1,-0.03773584905660381
3136,Texas,"Lubbock, TX",2015,2016,5.1,5.1,0.0
3137,Texas,"Lubbock, TX",2016,2017,5.1,5.0,-0.019607843137254832
3138,Texas,"Lubbock, TX",2017,2018,5.0,5.0,0.0
3139,Texas,"Lubbock, TX",2018,2019,5.0,5.1,0.019999999999999928
3140,Texas,"Lubbock, TX",2019,2020,5.1,4.9,-0.039215686274509665
3141,Texas,"Lubbock, TX",2020,2021,4.9,5.1,0.040816326530612096
3142,Texas,"Lubbock, TX",2021,2022,5.1,5.1,0.0
3143,Texas,"Lubbock, TX",2022,2023,5.1,5.5,0.07843137254901968
3144,Texas,"Lubbock, TX",2023,2024,5.5,5.3,-0.0363636363636364
3145,Pennsylvania,"Reading, PA",2007,2008,31.1,30.3,-0.02572347266881031
3146,Pennsylvania,"Reading, PA",2008,2009,30.3,27.7,-0.08580858085808585
3147,Pennsylvania,"Reading, PA",2009,2010,27.7,28.4,0.025270758122743656
3148,Pennsylvania,"Reading, PA",2010,2011,28.4,29.7,0.04577464788732397
3149,Pennsylvania,"Reading, PA",2011,2012,29.7,29.8,0.003367003367003415
3150,Pennsylvania,"Reading, PA",2012,2013,29.8,29.9,0.0033557046979865056
3151,Pennsylvania,"Reading, PA",2013,2014,29.9,30.5,0.020066889632107072
3152,Pennsylvania,"Reading, PA",2014,2015,30.5,30.9,0.013114754098360609
3153,Pennsylvania,"Reading, PA",2015,2016,30.9,30.8,-0.003236245954692488
3154,Pennsylvania,"Reading, PA",2016,2017,30.8,31.3,0.016233766233766232
3155,Pennsylvania,"Reading, PA",2017,2018,31.3,32.1,0.025559105431309927
3156,Pennsylvania,"Reading, PA",2018,2019,32.1,32.2,0.0031152647975078323
3157,Pennsylvania,"Reading, PA",2019,2020,32.2,29.1,-0.09627329192546587
3158,Pennsylvania,"Reading, PA",2020,2021,29.1,30.1,0.034364261168384876
3159,Pennsylvania,"Reading, PA",2021,2022,30.1,31.4,0.04318936877076402
3160,Pennsylvania,"Reading, PA",2022,2023,31.4,31.5,0.0031847133757962236
3161,Pennsylvania,"Reading, PA",2023,2024,31.5,31.3,-0.006349206349206327
3162,Kentucky,"Owensboro, KY",2007,2008,5.9,5.5,-0.06779661016949158
3163,Kentucky,"Owensboro, KY",2008,2009,5.5,5.0,-0.09090909090909091
3164,Kentucky,"Owensboro, KY",2009,2010,5.0,4.9,-0.019999999999999928
3165,Kentucky,"Owensboro, KY",2010,2011,4.9,5.0,0.020408163265306048
3166,Kentucky,"Owensboro, KY",2011,2012,5.0,5.1,0.019999999999999928
3167,Kentucky,"Owensboro, KY",2012,2013,5.1,5.1,0.0
3168,Kentucky,"Owensboro, KY",2013,2014,5.1,5.1,0.0
3169,Kentucky,"Owensboro, KY",2014,2015,5.1,5.0,-0.019607843137254832
3170,Kentucky,"Owensboro, KY",2015,2016,5.0,5.8,0.15999999999999998
3171,Kentucky,"Owensboro, KY",2016,2017,5.8,6.0,0.03448275862068969
3172,Kentucky,"Owensboro, KY",2017,2018,6.0,6.1,0.016666666666666607
3173,Kentucky,"Owensboro, KY",2018,2019,6.1,6.3,0.03278688524590167
3174,Kentucky,"Owensboro, KY",2019,2020,6.3,6.4,0.01587301587301596
3175,Kentucky,"Owensboro, KY",2020,2021,6.4,7.1,0.10937499999999989
3176,Kentucky,"Owensboro, KY",2021,2022,7.1,7.3,0.028169014084507067
3177,Kentucky,"Owensboro, KY",2022,2023,7.3,7.4,0.013698630136986375
3178,Kentucky,"Owensboro, KY",2023,2024,7.4,7.7,0.040540540540540515
3179,Delaware,"Wilmington, DE-MD-NJ Metropolitan Division",2007,2008,24.1,22.1,-0.08298755186721991
3180,Delaware,"Wilmington, DE-MD-NJ Metropolitan Division",2008,2009,22.1,18.8,-0.14932126696832582
3181,Delaware,"Wilmington, DE-MD-NJ Metropolitan Division",2009,2010,18.8,18.2,-0.03191489361702135
3182,Delaware,"Wilmington, DE-MD-NJ Metropolitan Division",2010,2011,18.2,18.8,0.032967032967033044
3183,Delaware,"Wilmington, DE-MD-NJ Metropolitan Division",2011,2012,18.8,18.7,-0.005319148936170288
3184,Delaware,"Wilmington, DE-MD-NJ Metropolitan Division",2012,2013,18.7,18.3,-0.021390374331550728
3185,Delaware,"Wilmington, DE-MD-NJ Metropolitan Division",2013,2014,18.3,17.8,-0.0273224043715847
3186,Delaware,"Wilmington, DE-MD-NJ Metropolitan Division",2014,2015,17.8,17.9,0.005617977528089768
3187,Delaware,"Wilmington, DE-MD-NJ Metropolitan Division",2015,2016,17.9,18.0,0.00558659217877103
3188,Delaware,"Wilmington, DE-MD-NJ Metropolitan Division",2016,2017,18.0,17.9,-0.005555555555555635
3189,Delaware,"Wilmington, DE-MD-NJ Metropolitan Division",2017,2018,17.9,18.5,0.03351955307262578
3190,Delaware,"Wilmington, DE-MD-NJ Metropolitan Division",2018,2019,18.5,18.7,0.010810810810810773
3191,Delaware,"Wilmington, DE-MD-NJ Metropolitan Division",2019,2020,18.7,16.8,-0.10160427807486624
3192,Delaware,"Wilmington, DE-MD-NJ Metropolitan Division",2020,2021,16.8,16.3,-0.02976190476190476
3193,Delaware,"Wilmington, DE-MD-NJ Metropolitan Division",2021,2022,16.3,17.6,0.0797546012269939
3194,Delaware,"Wilmington, DE-MD-NJ Metropolitan Division",2022,2023,17.6,17.5,-0.005681818181818262
3195,Delaware,"Wilmington, DE-MD-NJ Metropolitan Division",2023,2024,17.5,16.8,-0.03999999999999996
3196,Florida,"Tallahassee, FL",2007,2008,4.6,4.0,-0.1304347826086956
3197,Florida,"Tallahassee, FL",2008,2009,4.0,3.8,-0.050000000000000044
3198,Florida,"Tallahassee, FL",2009,2010,3.8,3.5,-0.07894736842105259
3199,Florida,"Tallahassee, FL",2010,2011,3.5,3.2,-0.08571428571428566
3200,Florida,"Tallahassee, FL",2011,2012,3.2,3.2,0.0
3201,Florida,"Tallahassee, FL",2012,2013,3.2,3.0,-0.06250000000000006
3202,Florida,"Tallahassee, FL",2013,2014,3.0,3.0,0.0
3203,Florida,"Tallahassee, FL",2014,2015,3.0,3.1,0.03333333333333336
3204,Florida,"Tallahassee, FL",2015,2016,3.1,3.2,0.03225806451612906
3205,Florida,"Tallahassee, FL",2016,2017,3.2,3.3,0.03124999999999989
3206,Florida,"Tallahassee, FL",2017,2018,3.3,3.3,0.0
3207,Florida,"Tallahassee, FL",2018,2019,3.3,3.7,0.12121212121212133
3208,Florida,"Tallahassee, FL",2019,2020,3.7,3.7,0.0
3209,Florida,"Tallahassee, FL",2020,2021,3.7,4.0,0.08108108108108103
3210,Florida,"Tallahassee, FL",2021,2022,4.0,4.1,0.02499999999999991
3211,Florida,"Tallahassee, FL",2022,2023,4.1,4.2,0.024390243902439157
3212,Florida,"Tallahassee, FL",2023,2024,4.2,4.3,0.023809523809523725
3213,Wyoming,"Casper, WY",2007,2008,2.0,1.9,-0.050000000000000044
3214,Wyoming,"Casper, WY",2008,2009,1.9,1.5,-0.21052631578947364
3215,Wyoming,"Casper, WY",2009,2010,1.5,1.7,0.1333333333333333
3216,Wyoming,"Casper, WY",2010,2011,1.7,1.9,0.11764705882352938
3217,Wyoming,"Casper, WY",2011,2012,1.9,1.8,-0.052631578947368356
3218,Wyoming,"Casper, WY",2012,2013,1.8,1.8,0.0
3219,Wyoming,"Casper, WY",2013,2014,1.8,1.8,0.0
3220,Wyoming,"Casper, WY",2014,2015,1.8,1.5,-0.16666666666666669
3221,Wyoming,"Casper, WY",2015,2016,1.5,1.3,-0.1333333333333333
3222,Wyoming,"Casper, WY",2016,2017,1.3,1.6,0.23076923076923078
3223,Wyoming,"Casper, WY",2017,2018,1.6,1.7,0.06249999999999992
3224,Wyoming,"Casper, WY",2018,2019,1.7,1.8,0.05882352941176476
3225,Wyoming,"Casper, WY",2019,2020,1.8,1.5,-0.16666666666666669
3226,Wyoming,"Casper, WY",2020,2021,1.5,1.7,0.1333333333333333
3227,Wyoming,"Casper, WY",2021,2022,1.7,1.8,0.05882352941176476
3228,Wyoming,"Casper, WY",2022,2023,1.8,1.9,0.05555555555555548
3229,Wyoming,"Casper, WY",2023,2024,1.9,2.1,0.10526315789473695
3230,Montana,"Billings, MT",2007,2008,3.9,3.8,-0.025641025641025664
3231,Montana,"Billings, MT",2008,2009,3.8,3.5,-0.07894736842105259
3232,Montana,"Billings, MT",2009,2010,3.5,3.5,0.0
3233,Montana,"Billings, MT",2010,2011,3.5,3.7,0.0571428571428572
3234,Montana,"Billings, MT",2011,2012,3.7,3.9,0.05405405405405398
3235,Montana,"Billings, MT",2012,2013,3.9,3.9,0.0
3236,Montana,"Billings, MT",2013,2014,3.9,4.1,0.05128205128205122
3237,Montana,"Billings, MT",2014,2015,4.1,4.0,-0.02439024390243894
3238,Montana,"Billings, MT",2015,2016,4.0,4.1,0.02499999999999991
3239,Montana,"Billings, MT",2016,2017,4.1,4.1,0.0
3240,Montana,"Billings, MT",2017,2018,4.1,4.2,0.024390243902439157
3241,Montana,"Billings, MT",2018,2019,4.2,4.2,0.0
3242,Montana,"Billings, MT",2019,2020,4.2,4.0,-0.04761904761904766
3243,Montana,"Billings, MT",2020,2021,4.0,4.1,0.02499999999999991
3244,Montana,"Billings, MT",2021,2022,4.1,4.1,0.0
3245,Montana,"Billings, MT",2022,2023,4.1,4.0,-0.02439024390243894
3246,Montana,"Billings, MT",2023,2024,4.0,4.2,0.050000000000000044
3247,Ohio,"Lima, OH",2007,2008,8.5,8.1,-0.047058823529411806
3248,Ohio,"Lima, OH",2008,2009,8.1,7.9,-0.02469135802469127
3249,Ohio,"Lima, OH",2009,2010,7.9,7.8,-0.012658227848101333
3250,Ohio,"Lima, OH",2010,2011,7.8,7.9,0.01282051282051289
3251,Ohio,"Lima, OH",2011,2012,7.9,8.1,0.02531645569620244
3252,Ohio,"Lima, OH",2012,2013,8.1,8.4,0.037037037037037125
3253,Ohio,"Lima, OH",2013,2014,8.4,8.9,0.05952380952380952
3254,Ohio,"Lima, OH",2014,2015,8.9,8.9,0.0
3255,Ohio,"Lima, OH",2015,2016,8.9,8.9,0.0
3256,Ohio,"Lima, OH",2016,2017,8.9,9.2,0.03370786516853921
3257,Ohio,"Lima, OH",2017,2018,9.2,9.2,0.0
3258,Ohio,"Lima, OH",2018,2019,9.2,9.1,-0.010869565217391266
3259,Ohio,"Lima, OH",2019,2020,9.1,8.6,-0.054945054945054944
3260,Ohio,"Lima, OH",2020,2021,8.6,8.3,-0.03488372093023243
3261,Ohio,"Lima, OH",2021,2022,8.3,8.8,0.06024096385542168
3262,Ohio,"Lima, OH",2022,2023,8.8,8.8,0.0
3263,Ohio,"Lima, OH",2023,2024,8.8,9.0,0.022727272727272645
3264,Michigan,"Detroit-Dearborn-Livonia, MI Metropolitan Division",2007,2008,92.2,82.5,-0.10520607375271153
3265,Michigan,"Detroit-Dearborn-Livonia, MI Metropolitan Division",2008,2009,82.5,68.5,-0.1696969696969697
3266,Michigan,"Detroit-Dearborn-Livonia, MI Metropolitan Division",2009,2010,68.5,71.1,0.03795620437956196
3267,Michigan,"Detroit-Dearborn-Livonia, MI Metropolitan Division",2010,2011,71.1,78.0,0.0970464135021098
3268,Michigan,"Detroit-Dearborn-Livonia, MI Metropolitan Division",2011,2012,78.0,80.7,0.03461538461538465
3269,Michigan,"Detroit-Dearborn-Livonia, MI Metropolitan Division",2012,2013,80.7,80.0,-0.00867410161090462
3270,Michigan,"Detroit-Dearborn-Livonia, MI Metropolitan Division",2013,2014,80.0,90.2,0.12750000000000003
3271,Michigan,"Detroit-Dearborn-Livonia, MI Metropolitan Division",2014,2015,90.2,90.8,0.006651884700665125
3272,Michigan,"Detroit-Dearborn-Livonia, MI Metropolitan Division",2015,2016,90.8,92.6,0.019823788546255477
3273,Michigan,"Detroit-Dearborn-Livonia, MI Metropolitan Division",2016,2017,92.6,94.7,0.02267818574514048
3274,Michigan,"Detroit-Dearborn-Livonia, MI Metropolitan Division",2017,2018,94.7,97.8,0.03273495248152053
3275,Michigan,"Detroit-Dearborn-Livonia, MI Metropolitan Division",2018,2019,97.8,94.3,-0.03578732106339468
3276,Michigan,"Detroit-Dearborn-Livonia, MI Metropolitan Division",2019,2020,94.3,88.9,-0.05726405090137849
3277,Michigan,"Detroit-Dearborn-Livonia, MI Metropolitan Division",2020,2021,88.9,94.0,0.05736782902137226
3278,Michigan,"Detroit-Dearborn-Livonia, MI Metropolitan Division",2021,2022,94.0,94.3,0.0031914893617020976
3279,Michigan,"Detroit-Dearborn-Livonia, MI Metropolitan Division",2022,2023,94.3,93.5,-0.0084835630965005
3280,Michigan,"Detroit-Dearborn-Livonia, MI Metropolitan Division",2023,2024,93.5,95.7,0.023529411764705913
3281,Puerto Rico,"San Juan-Bayamon-Caguas, PR",2007,2008,65.8,61.4,-0.06686930091185408
3282,Puerto Rico,"San Juan-Bayamon-Caguas, PR",2008,2009,61.4,56.2,-0.08469055374592827
3283,Puerto Rico,"San Juan-Bayamon-Caguas, PR",2009,2010,56.2,54.2,-0.03558718861209964
3284,Puerto Rico,"San Juan-Bayamon-Caguas, PR",2010,2011,54.2,52.2,-0.03690036900369004
3285,Puerto Rico,"San Juan-Bayamon-Caguas, PR",2011,2012,52.2,50.6,-0.03065134099616861
3286,Puerto Rico,"San Juan-Bayamon-Caguas, PR",2012,2013,50.6,49.4,-0.0237154150197629
3287,Puerto Rico,"San Juan-Bayamon-Caguas, PR",2013,2014,49.4,48.1,-0.026315789473684154
3288,Puerto Rico,"San Juan-Bayamon-Caguas, PR",2014,2015,48.1,46.2,-0.03950103950103947
3289,Puerto Rico,"San Juan-Bayamon-Caguas, PR",2015,2016,46.2,45.7,-0.010822510822510822
3290,Puerto Rico,"San Juan-Bayamon-Caguas, PR",2016,2017,45.7,43.6,-0.04595185995623635
3291,Puerto Rico,"San Juan-Bayamon-Caguas, PR",2017,2018,43.6,45.5,0.043577981651376115
3292,Puerto Rico,"San Juan-Bayamon-Caguas, PR",2018,2019,45.5,46.4,0.019780219780219748
3293,Puerto Rico,"San Juan-Bayamon-Caguas, PR",2019,2020,46.4,46.7,0.006465517241379402
3294,Puerto Rico,"San Juan-Bayamon-Caguas, PR",2020,2021,46.7,49.1,0.051391862955032085
3295,Puerto Rico,"San Juan-Bayamon-Caguas, PR",2021,2022,49.1,49.8,0.014256619144602764
3296,Puerto Rico,"San Juan-Bayamon-Caguas, PR",2022,2023,49.8,49.0,-0.016064257028112393
3297,Puerto Rico,"San Juan-Bayamon-Caguas, PR",2023,2024,49.0,47.4,-0.03265306122448983
3298,Virginia,"Richmond, VA",2007,2008,40.3,36.6,-0.09181141439205945
3299,Virginia,"Richmond, VA",2008,2009,36.6,31.8,-0.13114754098360656
3300,Virginia,"Richmond, VA",2009,2010,31.8,31.1,-0.02201257861635218
3301,Virginia,"Richmond, VA",2010,2011,31.1,30.5,-0.01929260450160776
3302,Virginia,"Richmond, VA",2011,2012,30.5,30.4,-0.0032786885245902103
3303,Virginia,"Richmond, VA",2012,2013,30.4,30.7,0.009868421052631603
3304,Virginia,"Richmond, VA",2013,2014,30.7,30.9,0.006514657980456003
3305,Virginia,"Richmond, VA",2014,2015,30.9,31.0,0.0032362459546926028
3306,Virginia,"Richmond, VA",2015,2016,31.0,31.6,0.019354838709677465
3307,Virginia,"Richmond, VA",2016,2017,31.6,31.8,0.00632911392405061
3308,Virginia,"Richmond, VA",2017,2018,31.8,31.9,0.0031446540880502474
3309,Virginia,"Richmond, VA",2018,2019,31.9,32.1,0.006269592476489117
3310,Virginia,"Richmond, VA",2019,2020,32.1,30.4,-0.05295950155763249
3311,Virginia,"Richmond, VA",2020,2021,30.4,31.7,0.042763157894736864
3312,Virginia,"Richmond, VA",2021,2022,31.7,32.6,0.02839116719242909
3313,Virginia,"Richmond, VA",2022,2023,32.6,32.1,-0.015337423312883436
3314,Virginia,"Richmond, VA",2023,2024,32.1,32.1,0.0
3315,Virginia,"Virginia Beach-Chesapeake-Norfolk, VA-NC",2007,2008,58.0,56.2,-0.03103448275862064
3316,Virginia,"Virginia Beach-Chesapeake-Norfolk, VA-NC",2008,2009,56.2,53.7,-0.04448398576512455
3317,Virginia,"Virginia Beach-Chesapeake-Norfolk, VA-NC",2009,2010,53.7,51.7,-0.037243947858472994
3318,Virginia,"Virginia Beach-Chesapeake-Norfolk, VA-NC",2010,2011,51.7,52.4,0.013539651837524095
3319,Virginia,"Virginia Beach-Chesapeake-Norfolk, VA-NC",2011,2012,52.4,55.2,0.053435114503816876
3320,Virginia,"Virginia Beach-Chesapeake-Norfolk, VA-NC",2012,2013,55.2,55.5,0.0054347826086956
3321,Virginia,"Virginia Beach-Chesapeake-Norfolk, VA-NC",2013,2014,55.5,55.1,-0.007207207207207181
3322,Virginia,"Virginia Beach-Chesapeake-Norfolk, VA-NC",2014,2015,55.1,53.3,-0.03266787658802185
3323,Virginia,"Virginia Beach-Chesapeake-Norfolk, VA-NC",2015,2016,53.3,52.3,-0.01876172607879925
3324,Virginia,"Virginia Beach-Chesapeake-Norfolk, VA-NC",2016,2017,52.3,54.6,0.043977055449330865
3325,Virginia,"Virginia Beach-Chesapeake-Norfolk, VA-NC",2017,2018,54.6,58.3,0.06776556776556769
3326,Virginia,"Virginia Beach-Chesapeake-Norfolk, VA-NC",2018,2019,58.3,59.3,0.017152658662092625
3327,Virginia,"Virginia Beach-Chesapeake-Norfolk, VA-NC",2019,2020,59.3,59.4,0.0016863406408094675
3328,Virginia,"Virginia Beach-Chesapeake-Norfolk, VA-NC",2020,2021,59.4,57.8,-0.02693602693602696
3329,Virginia,"Virginia Beach-Chesapeake-Norfolk, VA-NC",2021,2022,57.8,58.4,0.010380622837370268
3330,Virginia,"Virginia Beach-Chesapeake-Norfolk, VA-NC",2022,2023,58.4,58.6,0.003424657534246624
3331,Virginia,"Virginia Beach-Chesapeake-Norfolk, VA-NC",2023,2024,58.6,58.1,-0.008532423208191127
3332,Connecticut,"New Haven, CT",2007,2008,28.2,27.1,-0.039007092198581485
3333,Connecticut,"New Haven, CT",2008,2009,27.1,23.8,-0.12177121771217714
3334,Connecticut,"New Haven, CT",2009,2010,23.8,23.1,-0.02941176470588232
3335,Connecticut,"New Haven, CT",2010,2011,23.1,22.7,-0.017316017316017406
3336,Connecticut,"New Haven, CT",2011,2012,22.7,22.3,-0.01762114537444928
3337,Connecticut,"New Haven, CT",2012,2013,22.3,22.0,-0.01345291479820631
3338,Connecticut,"New Haven, CT",2013,2014,22.0,21.4,-0.027272727272727337
3339,Connecticut,"New Haven, CT",2014,2015,21.4,20.8,-0.028037383177569996
3340,Connecticut,"New Haven, CT",2015,2016,20.8,20.5,-0.014423076923076957
3341,Connecticut,"New Haven, CT",2016,2017,20.5,20.7,0.009756097560975575
3342,Connecticut,"New Haven, CT",2017,2018,20.7,20.8,0.004830917874396204
3343,Connecticut,"New Haven, CT",2018,2019,20.8,20.8,0.0
3344,Connecticut,"New Haven, CT",2019,2020,20.8,19.7,-0.052884615384615453
3345,Connecticut,"New Haven, CT",2020,2021,19.7,20.1,0.02030456852791889
3346,Connecticut,"New Haven, CT",2021,2022,20.1,20.2,0.004975124378109346
3347,Connecticut,"New Haven, CT",2022,2023,20.2,19.7,-0.024752475247524754
3348,Connecticut,"New Haven, CT",2023,2024,19.7,19.9,0.010152284263959355
3349,Illinois,"Decatur, IL",2007,2008,12.0,11.9,-0.008333333333333304
3350,Illinois,"Decatur, IL",2008,2009,11.9,10.2,-0.14285714285714293
3351,Illinois,"Decatur, IL",2009,2010,10.2,10.7,0.04901960784313726
3352,Illinois,"Decatur, IL",2010,2011,10.7,10.8,0.009345794392523497
3353,Illinois,"Decatur, IL",2011,2012,10.8,10.8,0.0
3354,Illinois,"Decatur, IL",2012,2013,10.8,10.0,-0.07407407407407414
3355,Illinois,"Decatur, IL",2013,2014,10.0,10.3,0.030000000000000072
3356,Illinois,"Decatur, IL",2014,2015,10.3,10.2,-0.009708737864077808
3357,Illinois,"Decatur, IL",2015,2016,10.2,10.3,0.009803921568627591
3358,Illinois,"Decatur, IL",2016,2017,10.3,10.5,0.01941747572815527
3359,Illinois,"Decatur, IL",2017,2018,10.5,11.3,0.07619047619047625
3360,Illinois,"Decatur, IL",2018,2019,11.3,10.9,-0.0353982300884956
3361,Illinois,"Decatur, IL",2019,2020,10.9,10.6,-0.027522935779816578
3362,Illinois,"Decatur, IL",2020,2021,10.6,10.7,0.00943396226415091
3363,Illinois,"Decatur, IL",2021,2022,10.7,11.3,0.056074766355140325
3364,Illinois,"Decatur, IL",2022,2023,11.3,10.9,-0.0353982300884956
3365,Illinois,"Decatur, IL",2023,2024,10.9,10.6,-0.027522935779816578
3366,Minnesota,"Minneapolis-St. Paul-Bloomington, MN-WI",2007,2008,204.7,195.1,-0.04689789936492426
3367,Minnesota,"Minneapolis-St. Paul-Bloomington, MN-WI",2008,2009,195.1,174.2,-0.10712455151204514
3368,Minnesota,"Minneapolis-St. Paul-Bloomington, MN-WI",2009,2010,174.2,178.3,0.023536165327210236
3369,Minnesota,"Minneapolis-St. Paul-Bloomington, MN-WI",2010,2011,178.3,182.9,0.025799214806505856
3370,Minnesota,"Minneapolis-St. Paul-Bloomington, MN-WI",2011,2012,182.9,185.1,0.012028430836522627
3371,Minnesota,"Minneapolis-St. Paul-Bloomington, MN-WI",2012,2013,185.1,187.3,0.011885467314964976
3372,Minnesota,"Minneapolis-St. Paul-Bloomington, MN-WI",2013,2014,187.3,192.8,0.02936465563267485
3373,Minnesota,"Minneapolis-St. Paul-Bloomington, MN-WI",2014,2015,192.8,195.1,0.011929460580912774
3374,Minnesota,"Minneapolis-St. Paul-Bloomington, MN-WI",2015,2016,195.1,194.7,-0.0020502306509482607
3375,Minnesota,"Minneapolis-St. Paul-Bloomington, MN-WI",2016,2017,194.7,195.3,0.003081664098613368
3376,Minnesota,"Minneapolis-St. Paul-Bloomington, MN-WI",2017,2018,195.3,199.4,0.020993343573988705
3377,Minnesota,"Minneapolis-St. Paul-Bloomington, MN-WI",2018,2019,199.4,199.1,-0.0015045135406219225
3378,Minnesota,"Minneapolis-St. Paul-Bloomington, MN-WI",2019,2020,199.1,190.7,-0.042189854344550505
3379,Minnesota,"Minneapolis-St. Paul-Bloomington, MN-WI",2020,2021,190.7,198.7,0.04195070791819612
3380,Minnesota,"Minneapolis-St. Paul-Bloomington, MN-WI",2021,2022,198.7,203.2,0.02264720684448918
3381,Minnesota,"Minneapolis-St. Paul-Bloomington, MN-WI",2022,2023,203.2,201.5,-0.00836614173228341
3382,Minnesota,"Minneapolis-St. Paul-Bloomington, MN-WI",2023,2024,201.5,199.5,-0.009925558312655087
3383,Texas,"Longview, TX",2007,2008,20.7,19.5,-0.05797101449275359
3384,Texas,"Longview, TX",2008,2009,19.5,15.8,-0.1897435897435897
3385,Texas,"Longview, TX",2009,2010,15.8,16.2,0.02531645569620244
3386,Texas,"Longview, TX",2010,2011,16.2,16.6,0.024691358024691492
3387,Texas,"Longview, TX",2011,2012,16.6,15.7,-0.054216867469879644
3388,Texas,"Longview, TX",2012,2013,15.7,15.6,-0.0063694267515923345
3389,Texas,"Longview, TX",2013,2014,15.6,17.5,0.12179487179487182
3390,Texas,"Longview, TX",2014,2015,17.5,15.9,-0.09142857142857141
3391,Texas,"Longview, TX",2015,2016,15.9,15.1,-0.050314465408805076
3392,Texas,"Longview, TX",2016,2017,15.1,15.6,0.033112582781456956
3393,Texas,"Longview, TX",2017,2018,15.6,16.3,0.04487179487179494
3394,Texas,"Longview, TX",2018,2019,16.3,16.0,-0.018404907975460166
3395,Texas,"Longview, TX",2019,2020,16.0,14.8,-0.07499999999999996
3396,Texas,"Longview, TX",2020,2021,14.8,15.2,0.02702702702702693
3397,Texas,"Longview, TX",2021,2022,15.2,15.7,0.03289473684210526
3398,Texas,"Longview, TX",2022,2023,15.7,15.3,-0.025477707006369338
3399,Texas,"Longview, TX",2023,2024,15.3,15.1,-0.013071895424836671
3400,California,"Oxnard-Thousand Oaks-Ventura, CA",2007,2008,30.2,29.4,-0.026490066225165587
3401,California,"Oxnard-Thousand Oaks-Ventura, CA",2008,2009,29.4,25.5,-0.13265306122448975
3402,California,"Oxnard-Thousand Oaks-Ventura, CA",2009,2010,25.5,25.2,-0.011764705882352969
3403,California,"Oxnard-Thousand Oaks-Ventura, CA",2010,2011,25.2,24.2,-0.03968253968253968
3404,California,"Oxnard-Thousand Oaks-Ventura, CA",2011,2012,24.2,24.1,-0.004132231404958589
3405,California,"Oxnard-Thousand Oaks-Ventura, CA",2012,2013,24.1,24.4,0.012448132780082869
3406,California,"Oxnard-Thousand Oaks-Ventura, CA",2013,2014,24.4,25.4,0.04098360655737705
3407,California,"Oxnard-Thousand Oaks-Ventura, CA",2014,2015,25.4,26.1,0.02755905511811035
3408,California,"Oxnard-Thousand Oaks-Ventura, CA",2015,2016,26.1,25.4,-0.026819923371647618
3409,California,"Oxnard-Thousand Oaks-Ventura, CA",2016,2017,25.4,25.7,0.011811023622047273
3410,California,"Oxnard-Thousand Oaks-Ventura, CA",2017,2018,25.7,26.5,0.03112840466926073
3411,California,"Oxnard-Thousand Oaks-Ventura, CA",2018,2019,26.5,26.9,0.015094339622641456
3412,California,"Oxnard-Thousand Oaks-Ventura, CA",2019,2020,26.9,26.1,-0.029739776951672757
3413,California,"Oxnard-Thousand Oaks-Ventura, CA",2020,2021,26.1,26.9,0.030651340996168473
3414,California,"Oxnard-Thousand Oaks-Ventura, CA",2021,2022,26.9,27.2,0.01115241635687735
3415,California,"Oxnard-Thousand Oaks-Ventura, CA",2022,2023,27.2,27.3,0.0036764705882353465
3416,California,"Oxnard-Thousand Oaks-Ventura, CA",2023,2024,27.3,27.4,0.003663003663003585
3417,Tennessee,"Nashville-Davidson--Murfreesboro--Franklin, TN",2007,2008,84.5,74.6,-0.11715976331360954
3418,Tennessee,"Nashville-Davidson--Murfreesboro--Franklin, TN",2008,2009,74.6,64.3,-0.13806970509383376
3419,Tennessee,"Nashville-Davidson--Murfreesboro--Franklin, TN",2009,2010,64.3,64.2,-0.0015552099533436131
3420,Tennessee,"Nashville-Davidson--Murfreesboro--Franklin, TN",2010,2011,64.2,68.0,0.059190031152647926
3421,Tennessee,"Nashville-Davidson--Murfreesboro--Franklin, TN",2011,2012,68.0,73.6,0.0823529411764705
3422,Tennessee,"Nashville-Davidson--Murfreesboro--Franklin, TN",2012,2013,73.6,77.6,0.05434782608695653
3423,Tennessee,"Nashville-Davidson--Murfreesboro--Franklin, TN",2013,2014,77.6,79.5,0.024484536082474303
3424,Tennessee,"Nashville-Davidson--Murfreesboro--Franklin, TN",2014,2015,79.5,80.1,0.007547169811320683
3425,Tennessee,"Nashville-Davidson--Murfreesboro--Franklin, TN",2015,2016,80.1,84.7,0.05742821473158563
3426,Tennessee,"Nashville-Davidson--Murfreesboro--Franklin, TN",2016,2017,84.7,84.0,-0.008264462809917389
3427,Tennessee,"Nashville-Davidson--Murfreesboro--Franklin, TN",2017,2018,84.0,84.9,0.010714285714285782
3428,Tennessee,"Nashville-Davidson--Murfreesboro--Franklin, TN",2018,2019,84.9,85.9,0.01177856301531213
3429,Tennessee,"Nashville-Davidson--Murfreesboro--Franklin, TN",2019,2020,85.9,82.1,-0.0442374854481957
3430,Tennessee,"Nashville-Davidson--Murfreesboro--Franklin, TN",2020,2021,82.1,84.4,0.028014616321559216
3431,Tennessee,"Nashville-Davidson--Murfreesboro--Franklin, TN",2021,2022,84.4,86.5,0.024881516587677656
3432,Tennessee,"Nashville-Davidson--Murfreesboro--Franklin, TN",2022,2023,86.5,88.0,0.017341040462427744
3433,Tennessee,"Nashville-Davidson--Murfreesboro--Franklin, TN",2023,2024,88.0,88.9,0.010227272727272791
3434,Washington,"Everett, WA Metropolitan Division",2007,2008,58.8,59.1,0.005102040816326603
3435,Washington,"Everett, WA Metropolitan Division",2008,2009,59.1,54.0,-0.08629441624365485
3436,Washington,"Everett, WA Metropolitan Division",2009,2010,54.0,56.8,0.0518518518518518
3437,Washington,"Everett, WA Metropolitan Division",2010,2011,56.8,63.8,0.12323943661971831
3438,Washington,"Everett, WA Metropolitan Division",2011,2012,63.8,66.7,0.045454545454545546
3439,Washington,"Everett, WA Metropolitan Division",2012,2013,66.7,65.3,-0.020989505247376396
3440,Washington,"Everett, WA Metropolitan Division",2013,2014,65.3,64.9,-0.006125574272587924
3441,Washington,"Everett, WA Metropolitan Division",2014,2015,64.9,65.7,0.01232665639445296
3442,Washington,"Everett, WA Metropolitan Division",2015,2016,65.7,62.9,-0.042617960426179664
3443,Washington,"Everett, WA Metropolitan Division",2016,2017,62.9,59.2,-0.05882352941176464
3444,Washington,"Everett, WA Metropolitan Division",2017,2018,59.2,61.6,0.040540540540540515
3445,Washington,"Everett, WA Metropolitan Division",2018,2019,61.6,63.1,0.024350649350649352
3446,Washington,"Everett, WA Metropolitan Division",2019,2020,63.1,54.0,-0.14421553090332806
3447,Washington,"Everett, WA Metropolitan Division",2020,2021,54.0,51.1,-0.05370370370370368
3448,Washington,"Everett, WA Metropolitan Division",2021,2022,51.1,53.0,0.037181996086105645
3449,Washington,"Everett, WA Metropolitan Division",2022,2023,53.0,56.3,0.06226415094339617
3450,Washington,"Everett, WA Metropolitan Division",2023,2024,56.3,56.6,0.005328596802841994
3451,Mississippi,"Hattiesburg, MS",2007,2008,5.0,4.8,-0.040000000000000036
3452,Mississippi,"Hattiesburg, MS",2008,2009,4.8,4.2,-0.12499999999999993
3453,Mississippi,"Hattiesburg, MS",2009,2010,4.2,4.1,-0.023809523809523937
3454,Mississippi,"Hattiesburg, MS",2010,2011,4.1,4.2,0.024390243902439157
3455,Mississippi,"Hattiesburg, MS",2011,2012,4.2,4.4,0.04761904761904766
3456,Mississippi,"Hattiesburg, MS",2012,2013,4.4,4.1,-0.06818181818181834
3457,Mississippi,"Hattiesburg, MS",2013,2014,4.1,4.1,0.0
3458,Mississippi,"Hattiesburg, MS",2014,2015,4.1,4.3,0.0487804878048781
3459,Mississippi,"Hattiesburg, MS",2015,2016,4.3,4.4,0.023255813953488497
3460,Mississippi,"Hattiesburg, MS",2016,2017,4.4,4.4,0.0
3461,Mississippi,"Hattiesburg, MS",2017,2018,4.4,4.6,0.04545454545454529
3462,Mississippi,"Hattiesburg, MS",2018,2019,4.6,4.8,0.04347826086956526
3463,Mississippi,"Hattiesburg, MS",2019,2020,4.8,4.8,0.0
3464,Mississippi,"Hattiesburg, MS",2020,2021,4.8,4.8,0.0
3465,Mississippi,"Hattiesburg, MS",2021,2022,4.8,5.0,0.041666666666666706
3466,Mississippi,"Hattiesburg, MS",2022,2023,5.0,4.7,-0.05999999999999996
3467,Mississippi,"Hattiesburg, MS",2023,2024,4.7,4.4,-0.0638297872340425
3468,New York,"Kiryas Joel-Poughkeepsie-Newburgh, NY",2007,2008,21.2,20.3,-0.04245283018867918
3469,New York,"Kiryas Joel-Poughkeepsie-Newburgh, NY",2008,2009,20.3,18.8,-0.07389162561576354
3470,New York,"Kiryas Joel-Poughkeepsie-Newburgh, NY",2009,2010,18.8,18.7,-0.005319148936170288
3471,New York,"Kiryas Joel-Poughkeepsie-Newburgh, NY",2010,2011,18.7,18.9,0.010695187165775364
3472,New York,"Kiryas Joel-Poughkeepsie-Newburgh, NY",2011,2012,18.9,18.9,0.0
3473,New York,"Kiryas Joel-Poughkeepsie-Newburgh, NY",2012,2013,18.9,18.3,-0.03174603174603163
3474,New York,"Kiryas Joel-Poughkeepsie-Newburgh, NY",2013,2014,18.3,17.9,-0.021857923497267874
3475,New York,"Kiryas Joel-Poughkeepsie-Newburgh, NY",2014,2015,17.9,17.5,-0.02234636871508372
3476,New York,"Kiryas Joel-Poughkeepsie-Newburgh, NY",2015,2016,17.5,17.0,-0.02857142857142857
3477,New York,"Kiryas Joel-Poughkeepsie-Newburgh, NY",2016,2017,17.0,16.5,-0.029411764705882353
3478,New York,"Kiryas Joel-Poughkeepsie-Newburgh, NY",2017,2018,16.5,16.0,-0.030303030303030304
3479,New York,"Kiryas Joel-Poughkeepsie-Newburgh, NY",2018,2019,16.0,16.1,0.006250000000000089
3480,New York,"Kiryas Joel-Poughkeepsie-Newburgh, NY",2019,2020,16.1,15.6,-0.03105590062111812
3481,New York,"Kiryas Joel-Poughkeepsie-Newburgh, NY",2020,2021,15.6,15.9,0.019230769230769277
3482,New York,"Kiryas Joel-Poughkeepsie-Newburgh, NY",2021,2022,15.9,15.9,0.0
3483,New York,"Kiryas Joel-Poughkeepsie-Newburgh, NY",2022,2023,15.9,15.4,-0.031446540880503145
3484,New York,"Kiryas Joel-Poughkeepsie-Newburgh, NY",2023,2024,15.4,15.5,0.0064935064935064705
3485,North Carolina,"Raleigh-Cary, NC",2007,2008,31.4,29.3,-0.06687898089171967
3486,North Carolina,"Raleigh-Cary, NC",2008,2009,29.3,26.8,-0.08532423208191126
3487,North Carolina,"Raleigh-Cary, NC",2009,2010,26.8,26.5,-0.011194029850746294
3488,North Carolina,"Raleigh-Cary, NC",2010,2011,26.5,26.9,0.015094339622641456
3489,North Carolina,"Raleigh-Cary, NC",2011,2012,26.9,26.8,-0.0037174721189590287
3490,North Carolina,"Raleigh-Cary, NC",2012,2013,26.8,27.6,0.029850746268656744
3491,North Carolina,"Raleigh-Cary, NC",2013,2014,27.6,29.2,0.05797101449275354
3492,North Carolina,"Raleigh-Cary, NC",2014,2015,29.2,29.2,0.0
3493,North Carolina,"Raleigh-Cary, NC",2015,2016,29.2,29.4,0.006849315068493127
3494,North Carolina,"Raleigh-Cary, NC",2016,2017,29.4,30.5,0.037414965986394606
3495,North Carolina,"Raleigh-Cary, NC",2017,2018,30.5,31.0,0.01639344262295082
3496,North Carolina,"Raleigh-Cary, NC",2018,2019,31.0,31.7,0.0225806451612903
3497,North Carolina,"Raleigh-Cary, NC",2019,2020,31.7,31.0,-0.022082018927444772
3498,North Carolina,"Raleigh-Cary, NC",2020,2021,31.0,32.8,0.058064516129032163
3499,North Carolina,"Raleigh-Cary, NC",2021,2022,32.8,34.0,0.036585365853658625
3500,North Carolina,"Raleigh-Cary, NC",2022,2023,34.0,34.4,0.0117647058823529
3501,North Carolina,"Raleigh-Cary, NC",2023,2024,34.4,34.2,-0.005813953488371969
3502,Florida,"Naples-Marco Island, FL",2007,2008,3.2,2.9,-0.09375000000000008
3503,Florida,"Naples-Marco Island, FL",2008,2009,2.9,2.5,-0.1379310344827586
3504,Florida,"Naples-Marco Island, FL",2009,2010,2.5,2.4,-0.040000000000000036
3505,Florida,"Naples-Marco Island, FL",2010,2011,2.4,2.6,0.08333333333333341
3506,Florida,"Naples-Marco Island, FL",2011,2012,2.6,2.8,0.07692307692307682
3507,Florida,"Naples-Marco Island, FL",2012,2013,2.8,3.2,0.142857142857143
3508,Florida,"Naples-Marco Island, FL",2013,2014,3.2,3.4,0.06249999999999992
3509,Florida,"Naples-Marco Island, FL",2014,2015,3.4,3.6,0.05882352941176476
3510,Florida,"Naples-Marco Island, FL",2015,2016,3.6,3.9,0.08333333333333329
3511,Florida,"Naples-Marco Island, FL",2016,2017,3.9,4.0,0.025641025641025664
3512,Florida,"Naples-Marco Island, FL",2017,2018,4.0,4.4,0.10000000000000009
3513,Florida,"Naples-Marco Island, FL",2018,2019,4.4,4.8,0.09090909090909079
3514,Florida,"Naples-Marco Island, FL",2019,2020,4.8,5.0,0.041666666666666706
3515,Florida,"Naples-Marco Island, FL",2020,2021,5.0,5.2,0.040000000000000036
3516,Florida,"Naples-Marco Island, FL",2021,2022,5.2,5.4,0.03846153846153849
3517,Florida,"Naples-Marco Island, FL",2022,2023,5.4,5.7,0.05555555555555552
3518,Florida,"Naples-Marco Island, FL",2023,2024,5.7,5.9,0.03508771929824565
3519,Florida,"Lakeland-Winter Haven, FL",2007,2008,16.9,15.9,-0.059171597633135994
3520,Florida,"Lakeland-Winter Haven, FL",2008,2009,15.9,14.3,-0.10062893081761004
3521,Florida,"Lakeland-Winter Haven, FL",2009,2010,14.3,14.2,-0.006993006993007092
3522,Florida,"Lakeland-Winter Haven, FL",2010,2011,14.2,14.1,-0.007042253521126736
3523,Florida,"Lakeland-Winter Haven, FL",2011,2012,14.1,15.1,0.07092198581560284
3524,Florida,"Lakeland-Winter Haven, FL",2012,2013,15.1,16.4,0.086092715231788
3525,Florida,"Lakeland-Winter Haven, FL",2013,2014,16.4,16.5,0.006097560975609843
3526,Florida,"Lakeland-Winter Haven, FL",2014,2015,16.5,17.0,0.030303030303030304
3527,Florida,"Lakeland-Winter Haven, FL",2015,2016,17.0,17.1,0.005882352941176554
3528,Florida,"Lakeland-Winter Haven, FL",2016,2017,17.1,17.3,0.011695906432748496
3529,Florida,"Lakeland-Winter Haven, FL",2017,2018,17.3,17.9,0.03468208092485537
3530,Florida,"Lakeland-Winter Haven, FL",2018,2019,17.9,18.0,0.00558659217877103
3531,Florida,"Lakeland-Winter Haven, FL",2019,2020,18.0,17.9,-0.005555555555555635
3532,Florida,"Lakeland-Winter Haven, FL",2020,2021,17.9,18.8,0.05027932960893867
3533,Florida,"Lakeland-Winter Haven, FL",2021,2022,18.8,19.6,0.042553191489361736
3534,Florida,"Lakeland-Winter Haven, FL",2022,2023,19.6,19.8,0.010204081632653024
3535,Florida,"Lakeland-Winter Haven, FL",2023,2024,19.8,19.8,0.0
3536,Missouri,"Columbia, MO",2007,2008,5.5,5.1,-0.0727272727272728
3537,Missouri,"Columbia, MO",2008,2009,5.1,3.8,-0.2549019607843137
3538,Missouri,"Columbia, MO",2009,2010,3.8,3.8,0.0
3539,Missouri,"Columbia, MO",2010,2011,3.8,4.0,0.052631578947368474
3540,Missouri,"Columbia, MO",2011,2012,4.0,3.6,-0.09999999999999998
3541,Missouri,"Columbia, MO",2012,2013,3.6,3.8,0.05555555555555548
3542,Missouri,"Columbia, MO",2013,2014,3.8,4.0,0.052631578947368474
3543,Missouri,"Columbia, MO",2014,2015,4.0,3.7,-0.07499999999999996
3544,Missouri,"Columbia, MO",2015,2016,3.7,3.8,0.02702702702702693
3545,Missouri,"Columbia, MO",2016,2017,3.8,4.7,0.236842105263158
3546,Missouri,"Columbia, MO",2017,2018,4.7,4.5,-0.042553191489361736
3547,Missouri,"Columbia, MO",2018,2019,4.5,4.8,0.06666666666666662
3548,Missouri,"Columbia, MO",2019,2020,4.8,5.1,0.062499999999999965
3549,Missouri,"Columbia, MO",2020,2021,5.1,5.7,0.11764705882352952
3550,Missouri,"Columbia, MO",2021,2022,5.7,6.1,0.07017543859649113
3551,Missouri,"Columbia, MO",2022,2023,6.1,5.7,-0.0655737704918032
3552,Missouri,"Columbia, MO",2023,2024,5.7,5.6,-0.0175438596491229
3553,Colorado,"Denver-Aurora-Centennial, CO",2007,2008,71.8,67.7,-0.05710306406685229
3554,Colorado,"Denver-Aurora-Centennial, CO",2008,2009,67.7,61.5,-0.09158050221565735
3555,Colorado,"Denver-Aurora-Centennial, CO",2009,2010,61.5,61.5,0.0
3556,Colorado,"Denver-Aurora-Centennial, CO",2010,2011,61.5,62.4,0.014634146341463391
3557,Colorado,"Denver-Aurora-Centennial, CO",2011,2012,62.4,63.8,0.022435897435897415
3558,Colorado,"Denver-Aurora-Centennial, CO",2012,2013,63.8,64.2,0.006269592476489117
3559,Colorado,"Denver-Aurora-Centennial, CO",2013,2014,64.2,67.0,0.04361370716510899
3560,Colorado,"Denver-Aurora-Centennial, CO",2014,2015,67.0,68.9,0.028358208955223965
3561,Colorado,"Denver-Aurora-Centennial, CO",2015,2016,68.9,69.4,0.007256894049346879
3562,Colorado,"Denver-Aurora-Centennial, CO",2016,2017,69.4,69.3,-0.0014409221902018517
3563,Colorado,"Denver-Aurora-Centennial, CO",2017,2018,69.3,70.4,0.015873015873015997
3564,Colorado,"Denver-Aurora-Centennial, CO",2018,2019,70.4,70.9,0.007102272727272727
3565,Colorado,"Denver-Aurora-Centennial, CO",2019,2020,70.9,69.1,-0.02538787023977449
3566,Colorado,"Denver-Aurora-Centennial, CO",2020,2021,69.1,71.4,0.033285094066570355
3567,Colorado,"Denver-Aurora-Centennial, CO",2021,2022,71.4,70.8,-0.008403361344537934
3568,Colorado,"Denver-Aurora-Centennial, CO",2022,2023,70.8,67.2,-0.050847457627118564
3569,Colorado,"Denver-Aurora-Centennial, CO",2023,2024,67.2,66.7,-0.00744047619047619
3570,Ohio,"Youngstown-Warren, OH",2007,2008,26.3,24.6,-0.06463878326996195
3571,Ohio,"Youngstown-Warren, OH",2008,2009,24.6,20.1,-0.18292682926829268
3572,Ohio,"Youngstown-Warren, OH",2009,2010,20.1,22.1,0.09950248756218905
3573,Ohio,"Youngstown-Warren, OH",2010,2011,22.1,22.8,0.031674208144796344
3574,Ohio,"Youngstown-Warren, OH",2011,2012,22.8,22.0,-0.03508771929824565
3575,Ohio,"Youngstown-Warren, OH",2012,2013,22.0,22.0,0.0
3576,Ohio,"Youngstown-Warren, OH",2013,2014,22.0,22.1,0.00454545454545461
3577,Ohio,"Youngstown-Warren, OH",2014,2015,22.1,21.1,-0.04524886877828054
3578,Ohio,"Youngstown-Warren, OH",2015,2016,21.1,20.6,-0.023696682464454975
3579,Ohio,"Youngstown-Warren, OH",2016,2017,20.6,19.0,-0.07766990291262142
3580,Ohio,"Youngstown-Warren, OH",2017,2018,19.0,18.6,-0.021052631578947295
3581,Ohio,"Youngstown-Warren, OH",2018,2019,18.6,16.5,-0.11290322580645168
3582,Ohio,"Youngstown-Warren, OH",2019,2020,16.5,15.4,-0.06666666666666665
3583,Ohio,"Youngstown-Warren, OH",2020,2021,15.4,17.1,0.11038961038961045
3584,Ohio,"Youngstown-Warren, OH",2021,2022,17.1,18.3,0.07017543859649118
3585,Ohio,"Youngstown-Warren, OH",2022,2023,18.3,19.2,0.04918032786885238
3586,Ohio,"Youngstown-Warren, OH",2023,2024,19.2,19.7,0.026041666666666668
3587,Indiana,"Evansville, IN",2007,2008,19.8,18.7,-0.05555555555555563
3588,Indiana,"Evansville, IN",2008,2009,18.7,17.8,-0.048128342245989233
3589,Indiana,"Evansville, IN",2009,2010,17.8,16.8,-0.056179775280898875
3590,Indiana,"Evansville, IN",2010,2011,16.8,16.7,-0.005952380952381037
3591,Indiana,"Evansville, IN",2011,2012,16.7,17.2,0.029940119760479042
3592,Indiana,"Evansville, IN",2012,2013,17.2,17.2,0.0
3593,Indiana,"Evansville, IN",2013,2014,17.2,17.8,0.03488372093023264
3594,Indiana,"Evansville, IN",2014,2015,17.8,18.3,0.028089887640449437
3595,Indiana,"Evansville, IN",2015,2016,18.3,17.7,-0.03278688524590172
3596,Indiana,"Evansville, IN",2016,2017,17.7,18.2,0.02824858757062147
3597,Indiana,"Evansville, IN",2017,2018,18.2,18.7,0.027472527472527472
3598,Indiana,"Evansville, IN",2018,2019,18.7,18.2,-0.026737967914438502
3599,Indiana,"Evansville, IN",2019,2020,18.2,17.7,-0.027472527472527472
3600,Indiana,"Evansville, IN",2020,2021,17.7,17.7,0.0
3601,Indiana,"Evansville, IN",2021,2022,17.7,18.1,0.022598870056497296
3602,Indiana,"Evansville, IN",2022,2023,18.1,17.9,-0.011049723756906233
3603,Indiana,"Evansville, IN",2023,2024,17.9,17.8,-0.005586592178770831
3604,Iowa,"Ames, IA",2007,2008,5.6,5.1,-0.08928571428571429
3605,Iowa,"Ames, IA",2008,2009,5.1,4.3,-0.15686274509803919
3606,Iowa,"Ames, IA",2009,2010,4.3,4.5,0.046511627906976785
3607,Iowa,"Ames, IA",2010,2011,4.5,4.7,0.04444444444444448
3608,Iowa,"Ames, IA",2011,2012,4.7,4.7,0.0
3609,Iowa,"Ames, IA",2012,2013,4.7,4.9,0.042553191489361736
3610,Iowa,"Ames, IA",2013,2014,4.9,5.1,0.040816326530612096
3611,Iowa,"Ames, IA",2014,2015,5.1,5.0,-0.019607843137254832
3612,Iowa,"Ames, IA",2015,2016,5.0,5.0,0.0
3613,Iowa,"Ames, IA",2016,2017,5.0,5.4,0.08000000000000007
3614,Iowa,"Ames, IA",2017,2018,5.4,5.4,0.0
3615,Iowa,"Ames, IA",2018,2019,5.4,5.3,-0.018518518518518615
3616,Iowa,"Ames, IA",2019,2020,5.3,5.3,0.0
3617,Iowa,"Ames, IA",2020,2021,5.3,5.4,0.018867924528301987
3618,Iowa,"Ames, IA",2021,2022,5.4,5.6,0.0370370370370369
3619,Iowa,"Ames, IA",2022,2023,5.6,5.5,-0.017857142857142794
3620,Iowa,"Ames, IA",2023,2024,5.5,5.6,0.01818181818181812
3621,Texas,"Tyler, TX",2007,2008,9.0,8.2,-0.08888888888888896
3622,Texas,"Tyler, TX",2008,2009,8.2,6.9,-0.15853658536585355
3623,Texas,"Tyler, TX",2009,2010,6.9,6.3,-0.0869565217391305
3624,Texas,"Tyler, TX",2010,2011,6.3,5.7,-0.09523809523809519
3625,Texas,"Tyler, TX",2011,2012,5.7,5.5,-0.03508771929824565
3626,Texas,"Tyler, TX",2012,2013,5.5,5.5,0.0
3627,Texas,"Tyler, TX",2013,2014,5.5,5.9,0.0727272727272728
3628,Texas,"Tyler, TX",2014,2015,5.9,6.6,0.11864406779661005
3629,Texas,"Tyler, TX",2015,2016,6.6,5.9,-0.10606060606060595
3630,Texas,"Tyler, TX",2016,2017,5.9,6.1,0.03389830508474564
3631,Texas,"Tyler, TX",2017,2018,6.1,6.5,0.06557377049180334
3632,Texas,"Tyler, TX",2018,2019,6.5,7.0,0.07692307692307693
3633,Texas,"Tyler, TX",2019,2020,7.0,7.0,0.0
3634,Texas,"Tyler, TX",2020,2021,7.0,7.2,0.0285714285714286
3635,Texas,"Tyler, TX",2021,2022,7.2,7.5,0.041666666666666644
3636,Texas,"Tyler, TX",2022,2023,7.5,7.5,0.0
3637,Texas,"Tyler, TX",2023,2024,7.5,7.6,0.013333333333333286
3638,Maryland,"Frederick-Gaithersburg-Bethesda, MD Metropolitan Division",2007,2008,20.3,19.3,-0.04926108374384236
3639,Maryland,"Frederick-Gaithersburg-Bethesda, MD Metropolitan Division",2008,2009,19.3,17.7,-0.08290155440414515
3640,Maryland,"Frederick-Gaithersburg-Bethesda, MD Metropolitan Division",2009,2010,17.7,16.8,-0.050847457627118564
3641,Maryland,"Frederick-Gaithersburg-Bethesda, MD Metropolitan Division",2010,2011,16.8,16.3,-0.02976190476190476
3642,Maryland,"Frederick-Gaithersburg-Bethesda, MD Metropolitan Division",2011,2012,16.3,16.1,-0.012269938650306704
3643,Maryland,"Frederick-Gaithersburg-Bethesda, MD Metropolitan Division",2012,2013,16.1,16.1,0.0
3644,Maryland,"Frederick-Gaithersburg-Bethesda, MD Metropolitan Division",2013,2014,16.1,17.0,0.05590062111801233
3645,Maryland,"Frederick-Gaithersburg-Bethesda, MD Metropolitan Division",2014,2015,17.0,17.3,0.017647058823529453
3646,Maryland,"Frederick-Gaithersburg-Bethesda, MD Metropolitan Division",2015,2016,17.3,17.6,0.017341040462427786
3647,Maryland,"Frederick-Gaithersburg-Bethesda, MD Metropolitan Division",2016,2017,17.6,17.8,0.011363636363636322
3648,Maryland,"Frederick-Gaithersburg-Bethesda, MD Metropolitan Division",2017,2018,17.8,18.4,0.03370786516853921
3649,Maryland,"Frederick-Gaithersburg-Bethesda, MD Metropolitan Division",2018,2019,18.4,18.7,0.016304347826086998
3650,Maryland,"Frederick-Gaithersburg-Bethesda, MD Metropolitan Division",2019,2020,18.7,18.8,0.0053475935828877766
3651,Maryland,"Frederick-Gaithersburg-Bethesda, MD Metropolitan Division",2020,2021,18.8,19.3,0.026595744680851064
3652,Maryland,"Frederick-Gaithersburg-Bethesda, MD Metropolitan Division",2021,2022,19.3,20.3,0.05181347150259067
3653,Maryland,"Frederick-Gaithersburg-Bethesda, MD Metropolitan Division",2022,2023,20.3,20.4,0.0049261083743841316
3654,Maryland,"Frederick-Gaithersburg-Bethesda, MD Metropolitan Division",2023,2024,20.4,20.6,0.009803921568627591
3655,Nevada,"Las Vegas-Henderson-North Las Vegas, NV",2007,2008,26.1,23.7,-0.09195402298850583
3656,Nevada,"Las Vegas-Henderson-North Las Vegas, NV",2008,2009,23.7,20.1,-0.1518987341772151
3657,Nevada,"Las Vegas-Henderson-North Las Vegas, NV",2009,2010,20.1,19.4,-0.03482587064676631
3658,Nevada,"Las Vegas-Henderson-North Las Vegas, NV",2010,2011,19.4,20.1,0.03608247422680427
3659,Nevada,"Las Vegas-Henderson-North Las Vegas, NV",2011,2012,20.1,20.5,0.019900497512437738
3660,Nevada,"Las Vegas-Henderson-North Las Vegas, NV",2012,2013,20.5,21.2,0.0341463414634146
3661,Nevada,"Las Vegas-Henderson-North Las Vegas, NV",2013,2014,21.2,21.4,0.00943396226415091
3662,Nevada,"Las Vegas-Henderson-North Las Vegas, NV",2014,2015,21.4,21.9,0.023364485981308414
3663,Nevada,"Las Vegas-Henderson-North Las Vegas, NV",2015,2016,21.9,22.7,0.036529680365296836
3664,Nevada,"Las Vegas-Henderson-North Las Vegas, NV",2016,2017,22.7,23.7,0.04405286343612335
3665,Nevada,"Las Vegas-Henderson-North Las Vegas, NV",2017,2018,23.7,25.5,0.07594936708860762
3666,Nevada,"Las Vegas-Henderson-North Las Vegas, NV",2018,2019,25.5,26.3,0.03137254901960787
3667,Nevada,"Las Vegas-Henderson-North Las Vegas, NV",2019,2020,26.3,24.7,-0.06083650190114074
3668,Nevada,"Las Vegas-Henderson-North Las Vegas, NV",2020,2021,24.7,27.5,0.1133603238866397
3669,Nevada,"Las Vegas-Henderson-North Las Vegas, NV",2021,2022,27.5,30.0,0.09090909090909091
3670,Nevada,"Las Vegas-Henderson-North Las Vegas, NV",2022,2023,30.0,30.6,0.02000000000000005
3671,Nevada,"Las Vegas-Henderson-North Las Vegas, NV",2023,2024,30.6,30.1,-0.016339869281045753
3672,Iowa,"Cedar Rapids, IA",2007,2008,22.4,22.2,-0.008928571428571397
3673,Iowa,"Cedar Rapids, IA",2008,2009,22.2,20.2,-0.0900900900900901
3674,Iowa,"Cedar Rapids, IA",2009,2010,20.2,20.9,0.03465346534653462
3675,Iowa,"Cedar Rapids, IA",2010,2011,20.9,21.3,0.019138755980861347
3676,Iowa,"Cedar Rapids, IA",2011,2012,21.3,20.4,-0.04225352112676066
3677,Iowa,"Cedar Rapids, IA",2012,2013,20.4,20.1,-0.014705882352941037
3678,Iowa,"Cedar Rapids, IA",2013,2014,20.1,20.3,0.009950248756218869
3679,Iowa,"Cedar Rapids, IA",2014,2015,20.3,19.6,-0.03448275862068962
3680,Iowa,"Cedar Rapids, IA",2015,2016,19.6,19.4,-0.010204081632653206
3681,Iowa,"Cedar Rapids, IA",2016,2017,19.4,19.6,0.010309278350515611
3682,Iowa,"Cedar Rapids, IA",2017,2018,19.6,20.1,0.02551020408163265
3683,Iowa,"Cedar Rapids, IA",2018,2019,20.1,20.4,0.014925373134328216
3684,Iowa,"Cedar Rapids, IA",2019,2020,20.4,19.4,-0.04901960784313726
3685,Iowa,"Cedar Rapids, IA",2020,2021,19.4,19.7,0.015463917525773233
3686,Iowa,"Cedar Rapids, IA",2021,2022,19.7,19.8,0.005076142131979768
3687,Iowa,"Cedar Rapids, IA",2022,2023,19.8,19.9,0.0050505050505049425
3688,Iowa,"Cedar Rapids, IA",2023,2024,19.9,19.9,0.0
3689,Kentucky,"Paducah, KY-IL",2007,2008,3.3,3.1,-0.06060606060606053
3690,Kentucky,"Paducah, KY-IL",2008,2009,3.1,2.8,-0.09677419354838718
3691,Kentucky,"Paducah, KY-IL",2009,2010,2.8,2.8,0.0
3692,Kentucky,"Paducah, KY-IL",2010,2011,2.8,2.9,0.03571428571428575
3693,Kentucky,"Paducah, KY-IL",2011,2012,2.9,2.9,0.0
3694,Kentucky,"Paducah, KY-IL",2012,2013,2.9,2.8,-0.03448275862068969
3695,Kentucky,"Paducah, KY-IL",2013,2014,2.8,2.7,-0.03571428571428559
3696,Kentucky,"Paducah, KY-IL",2014,2015,2.7,2.7,0.0
3697,Kentucky,"Paducah, KY-IL",2015,2016,2.7,2.4,-0.1111111111111112
3698,Kentucky,"Paducah, KY-IL",2016,2017,2.4,2.3,-0.041666666666666706
3699,Kentucky,"Paducah, KY-IL",2017,2018,2.3,2.5,0.08695652173913052
3700,Kentucky,"Paducah, KY-IL",2018,2019,2.5,2.5,0.0
3701,Kentucky,"Paducah, KY-IL",2019,2020,2.5,2.5,0.0
3702,Kentucky,"Paducah, KY-IL",2020,2021,2.5,2.5,0.0
3703,Kentucky,"Paducah, KY-IL",2021,2022,2.5,2.7,0.08000000000000007
3704,Kentucky,"Paducah, KY-IL",2022,2023,2.7,2.6,-0.03703703703703707
3705,Kentucky,"Paducah, KY-IL",2023,2024,2.6,2.6,0.0
3706,Indiana,"South Bend-Mishawaka, IN-MI",2007,2008,19.8,17.5,-0.11616161616161619
3707,Indiana,"South Bend-Mishawaka, IN-MI",2008,2009,17.5,16.0,-0.08571428571428572
3708,Indiana,"South Bend-Mishawaka, IN-MI",2009,2010,16.0,16.5,0.03125
3709,Indiana,"South Bend-Mishawaka, IN-MI",2010,2011,16.5,17.0,0.030303030303030304
3710,Indiana,"South Bend-Mishawaka, IN-MI",2011,2012,17.0,16.9,-0.005882352941176554
3711,Indiana,"South Bend-Mishawaka, IN-MI",2012,2013,16.9,16.5,-0.023668639053254354
3712,Indiana,"South Bend-Mishawaka, IN-MI",2013,2014,16.5,17.0,0.030303030303030304
3713,Indiana,"South Bend-Mishawaka, IN-MI",2014,2015,17.0,17.9,0.05294117647058815
3714,Indiana,"South Bend-Mishawaka, IN-MI",2015,2016,17.9,17.9,0.0
3715,Indiana,"South Bend-Mishawaka, IN-MI",2016,2017,17.9,17.8,-0.005586592178770831
3716,Indiana,"South Bend-Mishawaka, IN-MI",2017,2018,17.8,17.4,-0.022471910112359668
3717,Indiana,"South Bend-Mishawaka, IN-MI",2018,2019,17.4,17.2,-0.011494252873563178
3718,Indiana,"South Bend-Mishawaka, IN-MI",2019,2020,17.2,16.1,-0.0639534883720929
3719,Indiana,"South Bend-Mishawaka, IN-MI",2020,2021,16.1,15.8,-0.01863354037267085
3720,Indiana,"South Bend-Mishawaka, IN-MI",2021,2022,15.8,15.4,-0.025316455696202552
3721,Indiana,"South Bend-Mishawaka, IN-MI",2022,2023,15.4,15.3,-0.0064935064935064705
3722,Indiana,"South Bend-Mishawaka, IN-MI",2023,2024,15.3,15.2,-0.006535947712418394
3723,Nebraska,"Omaha, NE-IA",2007,2008,33.9,33.0,-0.02654867256637164
3724,Nebraska,"Omaha, NE-IA",2008,2009,33.0,31.3,-0.05151515151515149
3725,Nebraska,"Omaha, NE-IA",2009,2010,31.3,31.3,0.0
3726,Nebraska,"Omaha, NE-IA",2010,2011,31.3,31.9,0.019169329073482358
3727,Nebraska,"Omaha, NE-IA",2011,2012,31.9,31.6,-0.009404388714733454
3728,Nebraska,"Omaha, NE-IA",2012,2013,31.6,32.6,0.03164556962025316
3729,Nebraska,"Omaha, NE-IA",2013,2014,32.6,32.8,0.006134969325153243
3730,Nebraska,"Omaha, NE-IA",2014,2015,32.8,32.8,0.0
3731,Nebraska,"Omaha, NE-IA",2015,2016,32.8,32.7,-0.003048780487804705
3732,Nebraska,"Omaha, NE-IA",2016,2017,32.7,34.0,0.039755351681957096
3733,Nebraska,"Omaha, NE-IA",2017,2018,34.0,33.9,-0.002941176470588277
3734,Nebraska,"Omaha, NE-IA",2018,2019,33.9,33.7,-0.005899705014749137
3735,Nebraska,"Omaha, NE-IA",2019,2020,33.7,34.0,0.008902077151335227
3736,Nebraska,"Omaha, NE-IA",2020,2021,34.0,34.0,0.0
3737,Nebraska,"Omaha, NE-IA",2021,2022,34.0,35.8,0.05294117647058815
3738,Nebraska,"Omaha, NE-IA",2022,2023,35.8,36.2,0.01117318435754206
3739,Nebraska,"Omaha, NE-IA",2023,2024,36.2,35.9,-0.008287292817679676
3740,Michigan,"Saginaw, MI",2007,2008,11.8,10.9,-0.07627118644067798
3741,Michigan,"Saginaw, MI",2008,2009,10.9,9.4,-0.13761467889908258
3742,Michigan,"Saginaw, MI",2009,2010,9.4,10.4,0.10638297872340426
3743,Michigan,"Saginaw, MI",2010,2011,10.4,11.5,0.10576923076923073
3744,Michigan,"Saginaw, MI",2011,2012,11.5,11.6,0.008695652173913012
3745,Michigan,"Saginaw, MI",2012,2013,11.6,12.1,0.04310344827586207
3746,Michigan,"Saginaw, MI",2013,2014,12.1,12.0,-0.008264462809917326
3747,Michigan,"Saginaw, MI",2014,2015,12.0,12.4,0.03333333333333336
3748,Michigan,"Saginaw, MI",2015,2016,12.4,12.6,0.016129032258064457
3749,Michigan,"Saginaw, MI",2016,2017,12.6,12.5,-0.007936507936507908
3750,Michigan,"Saginaw, MI",2017,2018,12.5,12.7,0.015999999999999945
3751,Michigan,"Saginaw, MI",2018,2019,12.7,12.2,-0.03937007874015748
3752,Michigan,"Saginaw, MI",2019,2020,12.2,10.8,-0.11475409836065563
3753,Michigan,"Saginaw, MI",2020,2021,10.8,10.8,0.0
3754,Michigan,"Saginaw, MI",2021,2022,10.8,11.4,0.05555555555555552
3755,Michigan,"Saginaw, MI",2022,2023,11.4,11.2,-0.0175438596491229
3756,Michigan,"Saginaw, MI",2023,2024,11.2,11.0,-0.017857142857142794
3757,District of Columbia,"Washington-Arlington-Alexandria, DC-VA-MD-WV",2007,2008,63.6,61.6,-0.031446540880503145
3758,District of Columbia,"Washington-Arlington-Alexandria, DC-VA-MD-WV",2008,2009,61.6,55.8,-0.09415584415584423
3759,District of Columbia,"Washington-Arlington-Alexandria, DC-VA-MD-WV",2009,2010,55.8,53.1,-0.04838709677419348
3760,District of Columbia,"Washington-Arlington-Alexandria, DC-VA-MD-WV",2010,2011,53.1,52.0,-0.020715630885122436
3761,District of Columbia,"Washington-Arlington-Alexandria, DC-VA-MD-WV",2011,2012,52.0,50.6,-0.026923076923076897
3762,District of Columbia,"Washington-Arlington-Alexandria, DC-VA-MD-WV",2012,2013,50.6,50.6,0.0
3763,District of Columbia,"Washington-Arlington-Alexandria, DC-VA-MD-WV",2013,2014,50.6,52.8,0.04347826086956513
3764,District of Columbia,"Washington-Arlington-Alexandria, DC-VA-MD-WV",2014,2015,52.8,54.0,0.022727272727272783
3765,District of Columbia,"Washington-Arlington-Alexandria, DC-VA-MD-WV",2015,2016,54.0,54.6,0.011111111111111138
3766,District of Columbia,"Washington-Arlington-Alexandria, DC-VA-MD-WV",2016,2017,54.6,54.7,0.0018315018315018575
3767,District of Columbia,"Washington-Arlington-Alexandria, DC-VA-MD-WV",2017,2018,54.7,55.9,0.021937842778793338
3768,District of Columbia,"Washington-Arlington-Alexandria, DC-VA-MD-WV",2018,2019,55.9,56.8,0.01610017889087654
3769,District of Columbia,"Washington-Arlington-Alexandria, DC-VA-MD-WV",2019,2020,56.8,55.4,-0.02464788732394364
3770,District of Columbia,"Washington-Arlington-Alexandria, DC-VA-MD-WV",2020,2021,55.4,55.7,0.005415162454873723
3771,District of Columbia,"Washington-Arlington-Alexandria, DC-VA-MD-WV",2021,2022,55.7,57.6,0.03411131059245958
3772,District of Columbia,"Washington-Arlington-Alexandria, DC-VA-MD-WV",2022,2023,57.6,57.5,-0.0017361111111111357
3773,District of Columbia,"Washington-Arlington-Alexandria, DC-VA-MD-WV",2023,2024,57.5,57.5,0.0
3774,Maine,"Lewiston-Auburn, ME",2007,2008,6.3,5.9,-0.0634920634920634
3775,Maine,"Lewiston-Auburn, ME",2008,2009,5.9,5.0,-0.15254237288135597
3776,Maine,"Lewiston-Auburn, ME",2009,2010,5.0,4.9,-0.019999999999999928
3777,Maine,"Lewiston-Auburn, ME",2010,2011,4.9,4.8,-0.02040816326530623
3778,Maine,"Lewiston-Auburn, ME",2011,2012,4.8,4.8,0.0
3779,Maine,"Lewiston-Auburn, ME",2012,2013,4.8,4.9,0.020833333333333447
3780,Maine,"Lewiston-Auburn, ME",2013,2014,4.9,5.1,0.040816326530612096
3781,Maine,"Lewiston-Auburn, ME",2014,2015,5.1,5.2,0.01960784313725501
3782,Maine,"Lewiston-Auburn, ME",2015,2016,5.2,5.1,-0.019230769230769332
3783,Maine,"Lewiston-Auburn, ME",2016,2017,5.1,5.1,0.0
3784,Maine,"Lewiston-Auburn, ME",2017,2018,5.1,5.1,0.0
3785,Maine,"Lewiston-Auburn, ME",2018,2019,5.1,5.2,0.01960784313725501
3786,Maine,"Lewiston-Auburn, ME",2019,2020,5.2,5.0,-0.03846153846153849
3787,Maine,"Lewiston-Auburn, ME",2020,2021,5.0,5.1,0.019999999999999928
3788,Maine,"Lewiston-Auburn, ME",2021,2022,5.1,5.1,0.0
3789,Maine,"Lewiston-Auburn, ME",2022,2023,5.1,5.2,0.01960784313725501
3790,Maine,"Lewiston-Auburn, ME",2023,2024,5.2,5.1,-0.019230769230769332
3791,Michigan,"Niles, MI",2007,2008,14.2,12.9,-0.09154929577464782
3792,Michigan,"Niles, MI",2008,2009,12.9,11.2,-0.13178294573643418
3793,Michigan,"Niles, MI",2009,2010,11.2,11.8,0.0535714285714287
3794,Michigan,"Niles, MI",2010,2011,11.8,11.8,0.0
3795,Michigan,"Niles, MI",2011,2012,11.8,12.0,0.01694915254237282
3796,Michigan,"Niles, MI",2012,2013,12.0,12.6,0.04999999999999997
3797,Michigan,"Niles, MI",2013,2014,12.6,13.1,0.03968253968253968
3798,Michigan,"Niles, MI",2014,2015,13.1,13.2,0.007633587786259515
3799,Michigan,"Niles, MI",2015,2016,13.2,13.2,0.0
3800,Michigan,"Niles, MI",2016,2017,13.2,13.2,0.0
3801,Michigan,"Niles, MI",2017,2018,13.2,13.2,0.0
3802,Michigan,"Niles, MI",2018,2019,13.2,13.1,-0.007575757575757549
3803,Michigan,"Niles, MI",2019,2020,13.1,11.6,-0.11450381679389313
3804,Michigan,"Niles, MI",2020,2021,11.6,12.3,0.06034482758620699
3805,Michigan,"Niles, MI",2021,2022,12.3,12.7,0.03252032520325192
3806,Michigan,"Niles, MI",2022,2023,12.7,12.6,-0.007874015748031468
3807,Michigan,"Niles, MI",2023,2024,12.6,11.6,-0.07936507936507936
3808,Wisconsin,"Oshkosh-Neenah, WI",2007,2008,24.2,24.1,-0.004132231404958589
3809,Wisconsin,"Oshkosh-Neenah, WI",2008,2009,24.1,23.9,-0.00829875518672211
3810,Wisconsin,"Oshkosh-Neenah, WI",2009,2010,23.9,24.5,0.025104602510460313
3811,Wisconsin,"Oshkosh-Neenah, WI",2010,2011,24.5,24.9,0.01632653061224484
3812,Wisconsin,"Oshkosh-Neenah, WI",2011,2012,24.9,24.1,-0.032128514056224786
3813,Wisconsin,"Oshkosh-Neenah, WI",2012,2013,24.1,22.6,-0.06224066390041493
3814,Wisconsin,"Oshkosh-Neenah, WI",2013,2014,22.6,22.2,-0.01769911504424788
3815,Wisconsin,"Oshkosh-Neenah, WI",2014,2015,22.2,22.3,0.004504504504504569
3816,Wisconsin,"Oshkosh-Neenah, WI",2015,2016,22.3,22.8,0.02242152466367713
3817,Wisconsin,"Oshkosh-Neenah, WI",2016,2017,22.8,22.9,0.004385964912280608
3818,Wisconsin,"Oshkosh-Neenah, WI",2017,2018,22.9,22.3,-0.026200873362445323
3819,Wisconsin,"Oshkosh-Neenah, WI",2018,2019,22.3,22.5,0.00896860986547082
3820,Wisconsin,"Oshkosh-Neenah, WI",2019,2020,22.5,21.8,-0.03111111111111108
3821,Wisconsin,"Oshkosh-Neenah, WI",2020,2021,21.8,21.2,-0.027522935779816578
3822,Wisconsin,"Oshkosh-Neenah, WI",2021,2022,21.2,21.2,0.0
3823,Wisconsin,"Oshkosh-Neenah, WI",2022,2023,21.2,21.1,-0.004716981132075371
3824,Wisconsin,"Oshkosh-Neenah, WI",2023,2024,21.1,20.5,-0.028436018957346036
3825,District of Columbia,"Washington, DC-MD Metropolitan Division",2007,2008,13.5,14.7,0.08888888888888884
3826,District of Columbia,"Washington, DC-MD Metropolitan Division",2008,2009,14.7,13.0,-0.11564625850340132
3827,District of Columbia,"Washington, DC-MD Metropolitan Division",2009,2010,13.0,10.9,-0.16153846153846152
3828,District of Columbia,"Washington, DC-MD Metropolitan Division",2010,2011,10.9,10.4,-0.04587155963302752
3829,District of Columbia,"Washington, DC-MD Metropolitan Division",2011,2012,10.4,9.5,-0.08653846153846156
3830,District of Columbia,"Washington, DC-MD Metropolitan Division",2012,2013,9.5,9.1,-0.04210526315789478
3831,District of Columbia,"Washington, DC-MD Metropolitan Division",2013,2014,9.1,10.3,0.13186813186813198
3832,District of Columbia,"Washington, DC-MD Metropolitan Division",2014,2015,10.3,10.0,-0.029126213592233077
3833,District of Columbia,"Washington, DC-MD Metropolitan Division",2015,2016,10.0,10.1,0.009999999999999964
3834,District of Columbia,"Washington, DC-MD Metropolitan Division",2016,2017,10.1,10.1,0.0
3835,District of Columbia,"Washington, DC-MD Metropolitan Division",2017,2018,10.1,10.0,-0.009900990099009866
3836,District of Columbia,"Washington, DC-MD Metropolitan Division",2018,2019,10.0,10.2,0.019999999999999928
3837,District of Columbia,"Washington, DC-MD Metropolitan Division",2019,2020,10.2,9.2,-0.09803921568627452
3838,District of Columbia,"Washington, DC-MD Metropolitan Division",2020,2021,9.2,8.9,-0.0326086956521738
3839,District of Columbia,"Washington, DC-MD Metropolitan Division",2021,2022,8.9,8.9,0.0
3840,District of Columbia,"Washington, DC-MD Metropolitan Division",2022,2023,8.9,9.1,0.02247191011235947
3841,District of Columbia,"Washington, DC-MD Metropolitan Division",2023,2024,9.1,9.1,0.0
3842,Pennsylvania,"Allentown-Bethlehem-Easton, PA-NJ",2007,2008,39.9,38.7,-0.030075187969924706
3843,Pennsylvania,"Allentown-Bethlehem-Easton, PA-NJ",2008,2009,38.7,35.4,-0.08527131782945747
3844,Pennsylvania,"Allentown-Bethlehem-Easton, PA-NJ",2009,2010,35.4,35.2,-0.005649717514124173
3845,Pennsylvania,"Allentown-Bethlehem-Easton, PA-NJ",2010,2011,35.2,34.8,-0.011363636363636524
3846,Pennsylvania,"Allentown-Bethlehem-Easton, PA-NJ",2011,2012,34.8,35.0,0.0057471264367816915
3847,Pennsylvania,"Allentown-Bethlehem-Easton, PA-NJ",2012,2013,35.0,35.1,0.002857142857142898
3848,Pennsylvania,"Allentown-Bethlehem-Easton, PA-NJ",2013,2014,35.1,36.1,0.02849002849002849
3849,Pennsylvania,"Allentown-Bethlehem-Easton, PA-NJ",2014,2015,36.1,36.4,0.008310249307479145
3850,Pennsylvania,"Allentown-Bethlehem-Easton, PA-NJ",2015,2016,36.4,36.5,0.0027472527472527865
3851,Pennsylvania,"Allentown-Bethlehem-Easton, PA-NJ",2016,2017,36.5,37.9,0.038356164383561604
3852,Pennsylvania,"Allentown-Bethlehem-Easton, PA-NJ",2017,2018,37.9,39.4,0.0395778364116095
3853,Pennsylvania,"Allentown-Bethlehem-Easton, PA-NJ",2018,2019,39.4,40.0,0.015228426395939123
3854,Pennsylvania,"Allentown-Bethlehem-Easton, PA-NJ",2019,2020,40.0,38.4,-0.040000000000000036
3855,Pennsylvania,"Allentown-Bethlehem-Easton, PA-NJ",2020,2021,38.4,40.2,0.04687500000000011
3856,Pennsylvania,"Allentown-Bethlehem-Easton, PA-NJ",2021,2022,40.2,41.3,0.027363184079601848
3857,Pennsylvania,"Allentown-Bethlehem-Easton, PA-NJ",2022,2023,41.3,41.7,0.009685230024213213
3858,Pennsylvania,"Allentown-Bethlehem-Easton, PA-NJ",2023,2024,41.7,41.2,-0.011990407673860911
3859,Indiana,"Columbus, IN",2007,2008,16.2,15.7,-0.0308641975308642
3860,Indiana,"Columbus, IN",2008,2009,15.7,13.5,-0.14012738853503182
3861,Indiana,"Columbus, IN",2009,2010,13.5,14.3,0.05925925925925931
3862,Indiana,"Columbus, IN",2010,2011,14.3,16.8,0.17482517482517482
3863,Indiana,"Columbus, IN",2011,2012,16.8,17.7,0.053571428571428485
3864,Indiana,"Columbus, IN",2012,2013,17.7,18.0,0.016949152542372923
3865,Indiana,"Columbus, IN",2013,2014,18.0,19.2,0.06666666666666662
3866,Indiana,"Columbus, IN",2014,2015,19.2,19.8,0.031250000000000076
3867,Indiana,"Columbus, IN",2015,2016,19.8,19.3,-0.025252525252525252
3868,Indiana,"Columbus, IN",2016,2017,19.3,19.5,0.010362694300518097
3869,Indiana,"Columbus, IN",2017,2018,19.5,19.9,0.02051282051282044
3870,Indiana,"Columbus, IN",2018,2019,19.9,20.1,0.010050251256281551
3871,Indiana,"Columbus, IN",2019,2020,20.1,18.7,-0.06965174129353244
3872,Indiana,"Columbus, IN",2020,2021,18.7,18.3,-0.021390374331550728
3873,Indiana,"Columbus, IN",2021,2022,18.3,19.6,0.07103825136612026
3874,Indiana,"Columbus, IN",2022,2023,19.6,19.2,-0.02040816326530623
3875,Indiana,"Columbus, IN",2023,2024,19.2,19.2,0.0
3876,Colorado,"Fort Collins-Loveland, CO",2007,2008,12.0,11.8,-0.016666666666666607
3877,Colorado,"Fort Collins-Loveland, CO",2008,2009,11.8,10.5,-0.11016949152542378
3878,Colorado,"Fort Collins-Loveland, CO",2009,2010,10.5,10.7,0.01904761904761898
3879,Colorado,"Fort Collins-Loveland, CO",2010,2011,10.7,11.3,0.056074766355140325
3880,Colorado,"Fort Collins-Loveland, CO",2011,2012,11.3,11.6,0.026548672566371584
3881,Colorado,"Fort Collins-Loveland, CO",2012,2013,11.6,11.8,0.01724137931034492
3882,Colorado,"Fort Collins-Loveland, CO",2013,2014,11.8,12.5,0.059322033898305024
3883,Colorado,"Fort Collins-Loveland, CO",2014,2015,12.5,13.3,0.06400000000000006
3884,Colorado,"Fort Collins-Loveland, CO",2015,2016,13.3,13.4,0.007518796992481176
3885,Colorado,"Fort Collins-Loveland, CO",2016,2017,13.4,14.0,0.044776119402985044
3886,Colorado,"Fort Collins-Loveland, CO",2017,2018,14.0,14.6,0.04285714285714283
3887,Colorado,"Fort Collins-Loveland, CO",2018,2019,14.6,14.6,0.0
3888,Colorado,"Fort Collins-Loveland, CO",2019,2020,14.6,14.0,-0.04109589041095888
3889,Colorado,"Fort Collins-Loveland, CO",2020,2021,14.0,15.0,0.07142857142857142
3890,Colorado,"Fort Collins-Loveland, CO",2021,2022,15.0,15.4,0.02666666666666669
3891,Colorado,"Fort Collins-Loveland, CO",2022,2023,15.4,15.1,-0.019480519480519525
3892,Colorado,"Fort Collins-Loveland, CO",2023,2024,15.1,14.9,-0.013245033112582735
3893,New Jersey,"Trenton-Princeton, NJ",2007,2008,10.6,10.7,0.00943396226415091
3894,New Jersey,"Trenton-Princeton, NJ",2008,2009,10.7,10.4,-0.028037383177569996
3895,New Jersey,"Trenton-Princeton, NJ",2009,2010,10.4,9.9,-0.04807692307692307
3896,New Jersey,"Trenton-Princeton, NJ",2010,2011,9.9,9.8,-0.010101010101010065
3897,New Jersey,"Trenton-Princeton, NJ",2011,2012,9.8,10.0,0.020408163265306048
3898,New Jersey,"Trenton-Princeton, NJ",2012,2013,10.0,10.1,0.009999999999999964
3899,New Jersey,"Trenton-Princeton, NJ",2013,2014,10.1,9.8,-0.029702970297029598
3900,New Jersey,"Trenton-Princeton, NJ",2014,2015,9.8,10.3,0.0510204081632653
3901,New Jersey,"Trenton-Princeton, NJ",2015,2016,10.3,10.2,-0.009708737864077808
3902,New Jersey,"Trenton-Princeton, NJ",2016,2017,10.2,10.5,0.029411764705882425
3903,New Jersey,"Trenton-Princeton, NJ",2017,2018,10.5,10.7,0.01904761904761898
3904,New Jersey,"Trenton-Princeton, NJ",2018,2019,10.7,11.1,0.0373831775700935
3905,New Jersey,"Trenton-Princeton, NJ",2019,2020,11.1,10.5,-0.05405405405405402
3906,New Jersey,"Trenton-Princeton, NJ",2020,2021,10.5,10.4,-0.00952380952380949
3907,New Jersey,"Trenton-Princeton, NJ",2021,2022,10.4,10.9,0.04807692307692307
3908,New Jersey,"Trenton-Princeton, NJ",2022,2023,10.9,10.4,-0.04587155963302752
3909,New Jersey,"Trenton-Princeton, NJ",2023,2024,10.4,10.3,-0.009615384615384581
3910,Texas,"Eagle Pass, TX",2007,2008,0.6,0.6,0.0
3911,Texas,"Eagle Pass, TX",2008,2009,0.6,0.6,0.0
3912,Texas,"Eagle Pass, TX",2009,2010,0.6,0.6,0.0
3913,Texas,"Eagle Pass, TX",2010,2011,0.6,0.7,0.16666666666666663
3914,Texas,"Eagle Pass, TX",2011,2012,0.7,0.7,0.0
3915,Texas,"Eagle Pass, TX",2012,2013,0.7,0.9,0.2857142857142858
3916,Texas,"Eagle Pass, TX",2013,2014,0.9,0.7,-0.2222222222222223
3917,Texas,"Eagle Pass, TX",2014,2015,0.7,0.7,0.0
3918,Texas,"Eagle Pass, TX",2015,2016,0.7,0.8,0.142857142857143
3919,Texas,"Eagle Pass, TX",2016,2017,0.8,0.6,-0.25000000000000006
3920,Texas,"Eagle Pass, TX",2017,2018,0.6,0.7,0.16666666666666663
3921,Texas,"Eagle Pass, TX",2018,2019,0.7,0.6,-0.14285714285714282
3922,Texas,"Eagle Pass, TX",2019,2020,0.6,0.6,0.0
3923,Texas,"Eagle Pass, TX",2020,2021,0.6,0.6,0.0
3924,Texas,"Eagle Pass, TX",2021,2022,0.6,0.6,0.0
3925,Texas,"Eagle Pass, TX",2022,2023,0.6,0.6,0.0
3926,Texas,"Eagle Pass, TX",2023,2024,0.6,0.6,0.0
3927,Oregon,"Albany, OR",2007,2008,8.2,7.6,-0.07317073170731704
3928,Oregon,"Albany, OR",2008,2009,7.6,6.7,-0.11842105263157889
3929,Oregon,"Albany, OR",2009,2010,6.7,6.6,-0.014925373134328438
3930,Oregon,"Albany, OR",2010,2011,6.6,6.7,0.015151515151515233
3931,Oregon,"Albany, OR",2011,2012,6.7,6.7,0.0
3932,Oregon,"Albany, OR",2012,2013,6.7,7.0,0.044776119402985044
3933,Oregon,"Albany, OR",2013,2014,7.0,7.2,0.0285714285714286
3934,Oregon,"Albany, OR",2014,2015,7.2,7.4,0.0277777777777778
3935,Oregon,"Albany, OR",2015,2016,7.4,7.8,0.05405405405405398
3936,Oregon,"Albany, OR",2016,2017,7.8,8.1,0.03846153846153844
3937,Oregon,"Albany, OR",2017,2018,8.1,8.5,0.04938271604938276
3938,Oregon,"Albany, OR",2018,2019,8.5,8.7,0.0235294117647058
3939,Oregon,"Albany, OR",2019,2020,8.7,7.4,-0.14942528735632174
3940,Oregon,"Albany, OR",2020,2021,7.4,7.8,0.05405405405405398
3941,Oregon,"Albany, OR",2021,2022,7.8,8.2,0.05128205128205122
3942,Oregon,"Albany, OR",2022,2023,8.2,8.2,0.0
3943,Oregon,"Albany, OR",2023,2024,8.2,8.3,0.012195121951219686
3944,West Virginia,"Charleston, WV",2007,2008,4.3,4.0,-0.06976744186046507
3945,West Virginia,"Charleston, WV",2008,2009,4.0,3.6,-0.09999999999999998
3946,West Virginia,"Charleston, WV",2009,2010,3.6,3.4,-0.0555555555555556
3947,West Virginia,"Charleston, WV",2010,2011,3.4,3.4,0.0
3948,West Virginia,"Charleston, WV",2011,2012,3.4,3.5,0.02941176470588238
3949,West Virginia,"Charleston, WV",2012,2013,3.5,3.6,0.0285714285714286
3950,West Virginia,"Charleston, WV",2013,2014,3.6,3.6,0.0
3951,West Virginia,"Charleston, WV",2014,2015,3.6,3.7,0.0277777777777778
3952,West Virginia,"Charleston, WV",2015,2016,3.7,3.8,0.02702702702702693
3953,West Virginia,"Charleston, WV",2016,2017,3.8,3.7,-0.02631578947368412
3954,West Virginia,"Charleston, WV",2017,2018,3.7,3.6,-0.02702702702702705
3955,West Virginia,"Charleston, WV",2018,2019,3.6,3.3,-0.08333333333333341
3956,West Virginia,"Charleston, WV",2019,2020,3.3,3.2,-0.030303030303030196
3957,West Virginia,"Charleston, WV",2020,2021,3.2,3.0,-0.06250000000000006
3958,West Virginia,"Charleston, WV",2021,2022,3.0,3.2,0.06666666666666672
3959,West Virginia,"Charleston, WV",2022,2023,3.2,3.4,0.06249999999999992
3960,West Virginia,"Charleston, WV",2023,2024,3.4,3.4,0.0
3961,Wisconsin,"Kenosha, WI",2007,2008,7.9,7.4,-0.06329113924050632
3962,Wisconsin,"Kenosha, WI",2008,2009,7.4,6.5,-0.12162162162162167
3963,Wisconsin,"Kenosha, WI",2009,2010,6.5,6.3,-0.030769230769230795
3964,Wisconsin,"Kenosha, WI",2010,2011,6.3,6.3,0.0
3965,Wisconsin,"Kenosha, WI",2011,2012,6.3,6.4,0.01587301587301596
3966,Wisconsin,"Kenosha, WI",2012,2013,6.4,6.6,0.03124999999999989
3967,Wisconsin,"Kenosha, WI",2013,2014,6.6,7.1,0.07575757575757576
3968,Wisconsin,"Kenosha, WI",2014,2015,7.1,7.3,0.028169014084507067
3969,Wisconsin,"Kenosha, WI",2015,2016,7.3,7.5,0.02739726027397263
3970,Wisconsin,"Kenosha, WI",2016,2017,7.5,8.0,0.06666666666666667
3971,Wisconsin,"Kenosha, WI",2017,2018,8.0,8.4,0.050000000000000044
3972,Wisconsin,"Kenosha, WI",2018,2019,8.4,8.3,-0.011904761904761862
3973,Wisconsin,"Kenosha, WI",2019,2020,8.3,8.5,0.024096385542168586
3974,Wisconsin,"Kenosha, WI",2020,2021,8.5,9.0,0.058823529411764705
3975,Wisconsin,"Kenosha, WI",2021,2022,9.0,9.4,0.04444444444444448
3976,Wisconsin,"Kenosha, WI",2022,2023,9.4,9.6,0.021276595744680774
3977,Wisconsin,"Kenosha, WI",2023,2024,9.6,9.7,0.01041666666666663
3978,New York,"Albany-Schenectady-Troy, NY",2007,2008,23.0,22.1,-0.039130434782608636
3979,New York,"Albany-Schenectady-Troy, NY",2008,2009,22.1,20.5,-0.07239819004524893
3980,New York,"Albany-Schenectady-Troy, NY",2009,2010,20.5,20.6,0.004878048780487874
3981,New York,"Albany-Schenectady-Troy, NY",2010,2011,20.6,22.0,0.06796116504854362
3982,New York,"Albany-Schenectady-Troy, NY",2011,2012,22.0,23.2,0.054545454545454515
3983,New York,"Albany-Schenectady-Troy, NY",2012,2013,23.2,23.9,0.03017241379310342
3984,New York,"Albany-Schenectady-Troy, NY",2013,2014,23.9,24.6,0.029288702928870414
3985,New York,"Albany-Schenectady-Troy, NY",2014,2015,24.6,25.9,0.05284552845528443
3986,New York,"Albany-Schenectady-Troy, NY",2015,2016,25.9,26.2,0.011583011583011612
3987,New York,"Albany-Schenectady-Troy, NY",2016,2017,26.2,26.9,0.026717557251908372
3988,New York,"Albany-Schenectady-Troy, NY",2017,2018,26.9,26.2,-0.02602230483271373
3989,New York,"Albany-Schenectady-Troy, NY",2018,2019,26.2,26.4,0.007633587786259515
3990,New York,"Albany-Schenectady-Troy, NY",2019,2020,26.4,25.8,-0.022727272727272648
3991,New York,"Albany-Schenectady-Troy, NY",2020,2021,25.8,26.6,0.031007751937984523
3992,New York,"Albany-Schenectady-Troy, NY",2021,2022,26.6,27.8,0.04511278195488719
3993,New York,"Albany-Schenectady-Troy, NY",2022,2023,27.8,27.9,0.003597122302158197
3994,New York,"Albany-Schenectady-Troy, NY",2023,2024,27.9,27.3,-0.021505376344085947
3995,Puerto Rico,"Ponce, PR",2007,2008,9.3,9.2,-0.010752688172043163
3996,Puerto Rico,"Ponce, PR",2008,2009,9.2,8.1,-0.11956521739130432
3997,Puerto Rico,"Ponce, PR",2009,2010,8.1,8.0,-0.012345679012345635
3998,Puerto Rico,"Ponce, PR",2010,2011,8.0,8.2,0.02499999999999991
3999,Puerto Rico,"Ponce, PR",2011,2012,8.2,8.2,0.0
4000,Puerto Rico,"Ponce, PR",2012,2013,8.2,8.1,-0.01219512195121947
4001,Puerto Rico,"Ponce, PR",2013,2014,8.1,7.9,-0.02469135802469127
4002,Puerto Rico,"Ponce, PR",2014,2015,7.9,7.6,-0.03797468354430389
4003,Puerto Rico,"Ponce, PR",2015,2016,7.6,7.4,-0.02631578947368412
4004,Puerto Rico,"Ponce, PR",2016,2017,7.4,7.6,0.02702702702702693
4005,Puerto Rico,"Ponce, PR",2017,2018,7.6,7.4,-0.02631578947368412
4006,Puerto Rico,"Ponce, PR",2018,2019,7.4,7.4,0.0
4007,Puerto Rico,"Ponce, PR",2019,2020,7.4,7.6,0.02702702702702693
4008,Puerto Rico,"Ponce, PR",2020,2021,7.6,8.2,0.07894736842105259
4009,Puerto Rico,"Ponce, PR",2021,2022,8.2,8.6,0.0487804878048781
4010,Puerto Rico,"Ponce, PR",2022,2023,8.6,8.7,0.011627906976744146
4011,Puerto Rico,"Ponce, PR",2023,2024,8.7,8.7,0.0
4012,Pennsylvania,"Williamsport, PA",2007,2008,10.4,9.9,-0.04807692307692307
4013,Pennsylvania,"Williamsport, PA",2008,2009,9.9,8.7,-0.12121212121212131
4014,Pennsylvania,"Williamsport, PA",2009,2010,8.7,9.1,0.04597701149425292
4015,Pennsylvania,"Williamsport, PA",2010,2011,9.1,9.0,-0.01098901098901095
4016,Pennsylvania,"Williamsport, PA",2011,2012,9.0,8.2,-0.08888888888888896
4017,Pennsylvania,"Williamsport, PA",2012,2013,8.2,8.1,-0.01219512195121947
4018,Pennsylvania,"Williamsport, PA",2013,2014,8.1,7.9,-0.02469135802469127
4019,Pennsylvania,"Williamsport, PA",2014,2015,7.9,7.9,0.0
4020,Pennsylvania,"Williamsport, PA",2015,2016,7.9,7.9,0.0
4021,Pennsylvania,"Williamsport, PA",2016,2017,7.9,7.7,-0.025316455696202552
4022,Pennsylvania,"Williamsport, PA",2017,2018,7.7,7.9,0.025974025974025997
4023,Pennsylvania,"Williamsport, PA",2018,2019,7.9,8.1,0.02531645569620244
4024,Pennsylvania,"Williamsport, PA",2019,2020,8.1,7.2,-0.11111111111111105
4025,Pennsylvania,"Williamsport, PA",2020,2021,7.2,7.4,0.0277777777777778
4026,Pennsylvania,"Williamsport, PA",2021,2022,7.4,7.7,0.040540540540540515
4027,Pennsylvania,"Williamsport, PA",2022,2023,7.7,7.7,0.0
4028,Pennsylvania,"Williamsport, PA",2023,2024,7.7,7.6,-0.012987012987013056
4029,Texas,"Brownsville-Harlingen, TX",2007,2008,7.6,6.9,-0.09210526315789465
4030,Texas,"Brownsville-Harlingen, TX",2008,2009,6.9,5.8,-0.15942028985507253
4031,Texas,"Brownsville-Harlingen, TX",2009,2010,5.8,5.4,-0.06896551724137923
4032,Texas,"Brownsville-Harlingen, TX",2010,2011,5.4,5.6,0.0370370370370369
4033,Texas,"Brownsville-Harlingen, TX",2011,2012,5.6,5.8,0.03571428571428575
4034,Texas,"Brownsville-Harlingen, TX",2012,2013,5.8,5.7,-0.01724137931034477
4035,Texas,"Brownsville-Harlingen, TX",2013,2014,5.7,5.9,0.03508771929824565
4036,Texas,"Brownsville-Harlingen, TX",2014,2015,5.9,5.9,0.0
4037,Texas,"Brownsville-Harlingen, TX",2015,2016,5.9,5.2,-0.11864406779661019
4038,Texas,"Brownsville-Harlingen, TX",2016,2017,5.2,5.3,0.019230769230769162
4039,Texas,"Brownsville-Harlingen, TX",2017,2018,5.3,5.7,0.07547169811320761
4040,Texas,"Brownsville-Harlingen, TX",2018,2019,5.7,6.2,0.08771929824561403
4041,Texas,"Brownsville-Harlingen, TX",2019,2020,6.2,6.1,-0.016129032258064602
4042,Texas,"Brownsville-Harlingen, TX",2020,2021,6.1,6.7,0.09836065573770501
4043,Texas,"Brownsville-Harlingen, TX",2021,2022,6.7,7.3,0.08955223880597009
4044,Texas,"Brownsville-Harlingen, TX",2022,2023,7.3,7.5,0.02739726027397263
4045,Texas,"Brownsville-Harlingen, TX",2023,2024,7.5,7.1,-0.05333333333333338
4046,Illinois,"Peoria, IL",2007,2008,31.6,31.5,-0.003164556962025361
4047,Illinois,"Peoria, IL",2008,2009,31.5,24.5,-0.2222222222222222
4048,Illinois,"Peoria, IL",2009,2010,24.5,26.7,0.0897959183673469
4049,Illinois,"Peoria, IL",2010,2011,26.7,27.8,0.04119850187265923
4050,Illinois,"Peoria, IL",2011,2012,27.8,28.5,0.02517985611510789
4051,Illinois,"Peoria, IL",2012,2013,28.5,26.9,-0.05614035087719303
4052,Illinois,"Peoria, IL",2013,2014,26.9,26.7,-0.007434944237918189
4053,Illinois,"Peoria, IL",2014,2015,26.7,23.9,-0.10486891385767794
4054,Illinois,"Peoria, IL",2015,2016,23.9,20.5,-0.14225941422594138
4055,Illinois,"Peoria, IL",2016,2017,20.5,23.0,0.12195121951219512
4056,Illinois,"Peoria, IL",2017,2018,23.0,23.7,0.030434782608695622
4057,Illinois,"Peoria, IL",2018,2019,23.7,22.7,-0.04219409282700422
4058,Illinois,"Peoria, IL",2019,2020,22.7,21.0,-0.07488986784140966
4059,Illinois,"Peoria, IL",2020,2021,21.0,22.2,0.057142857142857106
4060,Illinois,"Peoria, IL",2021,2022,22.2,23.5,0.05855855855855859
4061,Illinois,"Peoria, IL",2022,2023,23.5,23.5,0.0
4062,Illinois,"Peoria, IL",2023,2024,23.5,23.2,-0.012765957446808541
4063,North Carolina,"Burlington, NC",2007,2008,11.1,9.9,-0.10810810810810804
4064,North Carolina,"Burlington, NC",2008,2009,9.9,8.4,-0.15151515151515152
4065,North Carolina,"Burlington, NC",2009,2010,8.4,8.6,0.023809523809523725
4066,North Carolina,"Burlington, NC",2010,2011,8.6,8.7,0.011627906976744146
4067,North Carolina,"Burlington, NC",2011,2012,8.7,8.6,-0.011494252873563178
4068,North Carolina,"Burlington, NC",2012,2013,8.6,8.3,-0.03488372093023243
4069,North Carolina,"Burlington, NC",2013,2014,8.3,8.8,0.06024096385542168
4070,North Carolina,"Burlington, NC",2014,2015,8.8,9.2,0.04545454545454529
4071,North Carolina,"Burlington, NC",2015,2016,9.2,9.4,0.021739130434782726
4072,North Carolina,"Burlington, NC",2016,2017,9.4,9.3,-0.010638297872340387
4073,North Carolina,"Burlington, NC",2017,2018,9.3,9.2,-0.010752688172043163
4074,North Carolina,"Burlington, NC",2018,2019,9.2,9.2,0.0
4075,North Carolina,"Burlington, NC",2019,2020,9.2,8.6,-0.0652173913043478
4076,North Carolina,"Burlington, NC",2020,2021,8.6,8.9,0.03488372093023264
4077,North Carolina,"Burlington, NC",2021,2022,8.9,8.7,-0.022471910112359668
4078,North Carolina,"Burlington, NC",2022,2023,8.7,8.8,0.011494252873563383
4079,North Carolina,"Burlington, NC",2023,2024,8.8,8.8,0.0
4080,Utah,"St. George, UT",2007,2008,3.3,2.9,-0.12121212121212119
4081,Utah,"St. George, UT",2008,2009,2.9,2.2,-0.2413793103448275
4082,Utah,"St. George, UT",2009,2010,2.2,2.2,0.0
4083,Utah,"St. George, UT",2010,2011,2.2,2.4,0.09090909090909079
4084,Utah,"St. George, UT",2011,2012,2.4,2.6,0.08333333333333341
4085,Utah,"St. George, UT",2012,2013,2.6,2.7,0.03846153846153849
4086,Utah,"St. George, UT",2013,2014,2.7,2.9,0.07407407407407397
4087,Utah,"St. George, UT",2014,2015,2.9,3.2,0.10344827586206906
4088,Utah,"St. George, UT",2015,2016,3.2,3.3,0.03124999999999989
4089,Utah,"St. George, UT",2016,2017,3.3,3.6,0.090909090909091
4090,Utah,"St. George, UT",2017,2018,3.6,3.5,-0.0277777777777778
4091,Utah,"St. George, UT",2018,2019,3.5,3.6,0.0285714285714286
4092,Utah,"St. George, UT",2019,2020,3.6,3.9,0.08333333333333329
4093,Utah,"St. George, UT",2020,2021,3.9,4.1,0.05128205128205122
4094,Utah,"St. George, UT",2021,2022,4.1,3.9,-0.04878048780487799
4095,Utah,"St. George, UT",2022,2023,3.9,4.2,0.076923076923077
4096,Utah,"St. George, UT",2023,2024,4.2,4.1,-0.023809523809523937
4097,Florida,"Panama City-Panama City Beach, FL",2007,2008,4.2,3.6,-0.14285714285714288
4098,Florida,"Panama City-Panama City Beach, FL",2008,2009,3.6,3.5,-0.0277777777777778
4099,Florida,"Panama City-Panama City Beach, FL",2009,2010,3.5,3.4,-0.0285714285714286
4100,Florida,"Panama City-Panama City Beach, FL",2010,2011,3.4,3.6,0.05882352941176476
4101,Florida,"Panama City-Panama City Beach, FL",2011,2012,3.6,3.9,0.08333333333333329
4102,Florida,"Panama City-Panama City Beach, FL",2012,2013,3.9,4.0,0.025641025641025664
4103,Florida,"Panama City-Panama City Beach, FL",2013,2014,4.0,3.9,-0.025000000000000022
4104,Florida,"Panama City-Panama City Beach, FL",2014,2015,3.9,3.9,0.0
4105,Florida,"Panama City-Panama City Beach, FL",2015,2016,3.9,3.8,-0.025641025641025664
4106,Florida,"Panama City-Panama City Beach, FL",2016,2017,3.8,3.3,-0.13157894736842105
4107,Florida,"Panama City-Panama City Beach, FL",2017,2018,3.3,3.2,-0.030303030303030196
4108,Florida,"Panama City-Panama City Beach, FL",2018,2019,3.2,3.2,0.0
4109,Florida,"Panama City-Panama City Beach, FL",2019,2020,3.2,3.2,0.0
4110,Florida,"Panama City-Panama City Beach, FL",2020,2021,3.2,3.2,0.0
4111,Florida,"Panama City-Panama City Beach, FL",2021,2022,3.2,3.5,0.09374999999999994
4112,Florida,"Panama City-Panama City Beach, FL",2022,2023,3.5,3.5,0.0
4113,Florida,"Panama City-Panama City Beach, FL",2023,2024,3.5,3.7,0.0571428571428572
4114,Utah,"Salt Lake City-Murray, UT",2007,2008,58.1,55.6,-0.043029259896729774
4115,Utah,"Salt Lake City-Murray, UT",2008,2009,55.6,51.9,-0.0665467625899281
4116,Utah,"Salt Lake City-Murray, UT",2009,2010,51.9,51.9,0.0
4117,Utah,"Salt Lake City-Murray, UT",2010,2011,51.9,53.8,0.03660886319845855
4118,Utah,"Salt Lake City-Murray, UT",2011,2012,53.8,54.8,0.01858736059479554
4119,Utah,"Salt Lake City-Murray, UT",2012,2013,54.8,54.4,-0.007299270072992675
4120,Utah,"Salt Lake City-Murray, UT",2013,2014,54.4,54.5,0.0018382352941176733
4121,Utah,"Salt Lake City-Murray, UT",2014,2015,54.5,56.0,0.027522935779816515
4122,Utah,"Salt Lake City-Murray, UT",2015,2016,56.0,57.2,0.02142857142857148
4123,Utah,"Salt Lake City-Murray, UT",2016,2017,57.2,57.8,0.01048951048951039
4124,Utah,"Salt Lake City-Murray, UT",2017,2018,57.8,58.9,0.019031141868512135
4125,Utah,"Salt Lake City-Murray, UT",2018,2019,58.9,59.4,0.008488964346349746
4126,Utah,"Salt Lake City-Murray, UT",2019,2020,59.4,60.3,0.015151515151515128
4127,Utah,"Salt Lake City-Murray, UT",2020,2021,60.3,62.9,0.04311774461028195
4128,Utah,"Salt Lake City-Murray, UT",2021,2022,62.9,63.8,0.014308426073131934
4129,Utah,"Salt Lake City-Murray, UT",2022,2023,63.8,63.0,-0.012539184952978013
4130,Utah,"Salt Lake City-Murray, UT",2023,2024,63.0,64.0,0.015873015873015872
4131,Idaho,"Idaho Falls, ID",2007,2008,3.5,3.3,-0.0571428571428572
4132,Idaho,"Idaho Falls, ID",2008,2009,3.3,3.1,-0.06060606060606053
4133,Idaho,"Idaho Falls, ID",2009,2010,3.1,3.1,0.0
4134,Idaho,"Idaho Falls, ID",2010,2011,3.1,3.5,0.1290322580645161
4135,Idaho,"Idaho Falls, ID",2011,2012,3.5,3.8,0.08571428571428566
4136,Idaho,"Idaho Falls, ID",2012,2013,3.8,3.9,0.026315789473684237
4137,Idaho,"Idaho Falls, ID",2013,2014,3.9,3.9,0.0
4138,Idaho,"Idaho Falls, ID",2014,2015,3.9,4.1,0.05128205128205122
4139,Idaho,"Idaho Falls, ID",2015,2016,4.1,4.1,0.0
4140,Idaho,"Idaho Falls, ID",2016,2017,4.1,4.3,0.0487804878048781
4141,Idaho,"Idaho Falls, ID",2017,2018,4.3,4.5,0.046511627906976785
4142,Idaho,"Idaho Falls, ID",2018,2019,4.5,4.7,0.04444444444444448
4143,Idaho,"Idaho Falls, ID",2019,2020,4.7,5.2,0.10638297872340426
4144,Idaho,"Idaho Falls, ID",2020,2021,5.2,5.4,0.03846153846153849
4145,Idaho,"Idaho Falls, ID",2021,2022,5.4,5.1,-0.055555555555555684
4146,Idaho,"Idaho Falls, ID",2022,2023,5.1,5.4,0.05882352941176485
4147,Idaho,"Idaho Falls, ID",2023,2024,5.4,5.5,0.01851851851851845
4148,Texas,"Waco, TX",2007,2008,16.3,15.7,-0.03680981595092033
4149,Texas,"Waco, TX",2008,2009,15.7,14.8,-0.05732484076433112
4150,Texas,"Waco, TX",2009,2010,14.8,14.8,0.0
4151,Texas,"Waco, TX",2010,2011,14.8,15.0,0.013513513513513466
4152,Texas,"Waco, TX",2011,2012,15.0,15.6,0.03999999999999997
4153,Texas,"Waco, TX",2012,2013,15.6,16.0,0.025641025641025664
4154,Texas,"Waco, TX",2013,2014,16.0,16.3,0.018750000000000044
4155,Texas,"Waco, TX",2014,2015,16.3,16.9,0.036809815950920116
4156,Texas,"Waco, TX",2015,2016,16.9,17.1,0.011834319526627389
4157,Texas,"Waco, TX",2016,2017,17.1,16.9,-0.011695906432748704
4158,Texas,"Waco, TX",2017,2018,16.9,16.5,-0.023668639053254354
4159,Texas,"Waco, TX",2018,2019,16.5,16.1,-0.024242424242424156
4160,Texas,"Waco, TX",2019,2020,16.1,15.6,-0.03105590062111812
4161,Texas,"Waco, TX",2020,2021,15.6,15.9,0.019230769230769277
4162,Texas,"Waco, TX",2021,2022,15.9,16.5,0.03773584905660375
4163,Texas,"Waco, TX",2022,2023,16.5,16.9,0.024242424242424156
4164,Texas,"Waco, TX",2023,2024,16.9,16.7,-0.011834319526627177
4165,Indiana,"Fort Wayne, IN",2007,2008,37.3,34.3,-0.0804289544235925
4166,Indiana,"Fort Wayne, IN",2008,2009,34.3,30.6,-0.10787172011661796
4167,Indiana,"Fort Wayne, IN",2009,2010,30.6,32.7,0.0686274509803922
4168,Indiana,"Fort Wayne, IN",2010,2011,32.7,33.0,0.009174311926605417
4169,Indiana,"Fort Wayne, IN",2011,2012,33.0,33.6,0.018181818181818226
4170,Indiana,"Fort Wayne, IN",2012,2013,33.6,34.6,0.02976190476190476
4171,Indiana,"Fort Wayne, IN",2013,2014,34.6,35.0,0.011560693641618455
4172,Indiana,"Fort Wayne, IN",2014,2015,35.0,35.3,0.00857142857142849
4173,Indiana,"Fort Wayne, IN",2015,2016,35.3,35.3,0.0
4174,Indiana,"Fort Wayne, IN",2016,2017,35.3,35.6,0.008498583569405221
4175,Indiana,"Fort Wayne, IN",2017,2018,35.6,37.9,0.06460674157303363
4176,Indiana,"Fort Wayne, IN",2018,2019,37.9,38.0,0.002638522427440671
4177,Indiana,"Fort Wayne, IN",2019,2020,38.0,36.6,-0.03684210526315786
4178,Indiana,"Fort Wayne, IN",2020,2021,36.6,37.4,0.02185792349726768
4179,Indiana,"Fort Wayne, IN",2021,2022,37.4,38.6,0.03208556149732628
4180,Indiana,"Fort Wayne, IN",2022,2023,38.6,39.0,0.010362694300518097
4181,Indiana,"Fort Wayne, IN",2023,2024,39.0,37.9,-0.02820512820512824
4182,Louisiana,"Lake Charles, LA",2007,2008,9.7,9.7,0.0
4183,Louisiana,"Lake Charles, LA",2008,2009,9.7,9.4,-0.030927835051546285
4184,Louisiana,"Lake Charles, LA",2009,2010,9.4,9.0,-0.042553191489361736
4185,Louisiana,"Lake Charles, LA",2010,2011,9.0,9.2,0.022222222222222143
4186,Louisiana,"Lake Charles, LA",2011,2012,9.2,9.3,0.01086956521739146
4187,Louisiana,"Lake Charles, LA",2012,2013,9.3,9.8,0.05376344086021505
4188,Louisiana,"Lake Charles, LA",2013,2014,9.8,10.6,0.08163265306122437
4189,Louisiana,"Lake Charles, LA",2014,2015,10.6,11.1,0.04716981132075472
4190,Louisiana,"Lake Charles, LA",2015,2016,11.1,10.7,-0.03603603603603607
4191,Louisiana,"Lake Charles, LA",2016,2017,10.7,11.0,0.028037383177570162
4192,Louisiana,"Lake Charles, LA",2017,2018,11.0,11.2,0.01818181818181812
4193,Louisiana,"Lake Charles, LA",2018,2019,11.2,11.3,0.008928571428571556
4194,Louisiana,"Lake Charles, LA",2019,2020,11.3,10.6,-0.061946902654867346
4195,Louisiana,"Lake Charles, LA",2020,2021,10.6,11.0,0.03773584905660381
4196,Louisiana,"Lake Charles, LA",2021,2022,11.0,11.6,0.054545454545454515
4197,Louisiana,"Lake Charles, LA",2022,2023,11.6,12.2,0.051724137931034454
4198,Louisiana,"Lake Charles, LA",2023,2024,12.2,12.2,0.0
4199,North Carolina,"Rocky Mount, NC",2007,2008,14.0,13.1,-0.06428571428571431
4200,North Carolina,"Rocky Mount, NC",2008,2009,13.1,11.3,-0.13740458015267168
4201,North Carolina,"Rocky Mount, NC",2009,2010,11.3,11.1,-0.01769911504424788
4202,North Carolina,"Rocky Mount, NC",2010,2011,11.1,10.8,-0.02702702702702693
4203,North Carolina,"Rocky Mount, NC",2011,2012,10.8,11.0,0.01851851851851845
4204,North Carolina,"Rocky Mount, NC",2012,2013,11.0,11.1,0.00909090909090906
4205,North Carolina,"Rocky Mount, NC",2013,2014,11.1,11.2,0.009009009009008978
4206,North Carolina,"Rocky Mount, NC",2014,2015,11.2,11.4,0.017857142857142953
4207,North Carolina,"Rocky Mount, NC",2015,2016,11.4,11.1,-0.02631578947368427
4208,North Carolina,"Rocky Mount, NC",2016,2017,11.1,10.6,-0.04504504504504505
4209,North Carolina,"Rocky Mount, NC",2017,2018,10.6,10.8,0.018867924528301987
4210,North Carolina,"Rocky Mount, NC",2018,2019,10.8,10.7,-0.00925925925925939
4211,North Carolina,"Rocky Mount, NC",2019,2020,10.7,10.4,-0.028037383177569996
4212,North Carolina,"Rocky Mount, NC",2020,2021,10.4,10.3,-0.009615384615384581
4213,North Carolina,"Rocky Mount, NC",2021,2022,10.3,11.2,0.08737864077669888
4214,North Carolina,"Rocky Mount, NC",2022,2023,11.2,11.3,0.008928571428571556
4215,North Carolina,"Rocky Mount, NC",2023,2024,11.3,11.2,-0.008849557522124019
4216,New York,"Watertown-Fort Drum, NY",2007,2008,2.7,2.5,-0.07407407407407414
4217,New York,"Watertown-Fort Drum, NY",2008,2009,2.5,2.4,-0.040000000000000036
4218,New York,"Watertown-Fort Drum, NY",2009,2010,2.4,2.4,0.0
4219,New York,"Watertown-Fort Drum, NY",2010,2011,2.4,2.3,-0.041666666666666706
4220,New York,"Watertown-Fort Drum, NY",2011,2012,2.3,2.3,0.0
4221,New York,"Watertown-Fort Drum, NY",2012,2013,2.3,2.3,0.0
4222,New York,"Watertown-Fort Drum, NY",2013,2014,2.3,2.4,0.04347826086956526
4223,New York,"Watertown-Fort Drum, NY",2014,2015,2.4,2.4,0.0
4224,New York,"Watertown-Fort Drum, NY",2015,2016,2.4,2.0,-0.16666666666666663
4225,New York,"Watertown-Fort Drum, NY",2016,2017,2.0,2.1,0.050000000000000044
4226,New York,"Watertown-Fort Drum, NY",2017,2018,2.1,2.1,0.0
4227,New York,"Watertown-Fort Drum, NY",2018,2019,2.1,2.0,-0.04761904761904766
4228,New York,"Watertown-Fort Drum, NY",2019,2020,2.0,1.7,-0.15000000000000002
4229,New York,"Watertown-Fort Drum, NY",2020,2021,1.7,1.8,0.05882352941176476
4230,New York,"Watertown-Fort Drum, NY",2021,2022,1.8,1.8,0.0
4231,New York,"Watertown-Fort Drum, NY",2022,2023,1.8,1.7,-0.0555555555555556
4232,New York,"Watertown-Fort Drum, NY",2023,2024,1.7,1.8,0.05882352941176476
4233,Washington,"Bellingham, WA",2007,2008,9.3,8.6,-0.07526881720430119
4234,Washington,"Bellingham, WA",2008,2009,8.6,7.5,-0.12790697674418602
4235,Washington,"Bellingham, WA",2009,2010,7.5,8.1,0.07999999999999995
4236,Washington,"Bellingham, WA",2010,2011,8.1,8.7,0.07407407407407403
4237,Washington,"Bellingham, WA",2011,2012,8.7,9.0,0.03448275862068974
4238,Washington,"Bellingham, WA",2012,2013,9.0,9.1,0.011111111111111072
4239,Washington,"Bellingham, WA",2013,2014,9.1,9.2,0.01098901098901095
4240,Washington,"Bellingham, WA",2014,2015,9.2,9.7,0.05434782608695653
4241,Washington,"Bellingham, WA",2015,2016,9.7,10.1,0.041237113402061897
4242,Washington,"Bellingham, WA",2016,2017,10.1,10.2,0.009900990099009866
4243,Washington,"Bellingham, WA",2017,2018,10.2,10.6,0.03921568627450984
4244,Washington,"Bellingham, WA",2018,2019,10.6,10.8,0.018867924528301987
4245,Washington,"Bellingham, WA",2019,2020,10.8,9.1,-0.1574074074074075
4246,Washington,"Bellingham, WA",2020,2021,9.1,9.1,0.0
4247,Washington,"Bellingham, WA",2021,2022,9.1,9.1,0.0
4248,Washington,"Bellingham, WA",2022,2023,9.1,9.2,0.01098901098901095
4249,Washington,"Bellingham, WA",2023,2024,9.2,9.0,-0.021739130434782532
4250,Wisconsin,"Appleton, WI",2007,2008,22.6,22.5,-0.004424778761062009
4251,Wisconsin,"Appleton, WI",2008,2009,22.5,20.6,-0.08444444444444438
4252,Wisconsin,"Appleton, WI",2009,2010,20.6,21.0,0.01941747572815527
4253,Wisconsin,"Appleton, WI",2010,2011,21.0,22.6,0.07619047619047625
4254,Wisconsin,"Appleton, WI",2011,2012,22.6,22.8,0.008849557522123862
4255,Wisconsin,"Appleton, WI",2012,2013,22.8,23.1,0.013157894736842136
4256,Wisconsin,"Appleton, WI",2013,2014,23.1,24.0,0.0389610389610389
4257,Wisconsin,"Appleton, WI",2014,2015,24.0,24.1,0.004166666666666726
4258,Wisconsin,"Appleton, WI",2015,2016,24.1,23.2,-0.03734439834024905
4259,Wisconsin,"Appleton, WI",2016,2017,23.2,23.2,0.0
4260,Wisconsin,"Appleton, WI",2017,2018,23.2,24.6,0.06034482758620699
4261,Wisconsin,"Appleton, WI",2018,2019,24.6,24.6,0.0
4262,Wisconsin,"Appleton, WI",2019,2020,24.6,24.0,-0.02439024390243908
4263,Wisconsin,"Appleton, WI",2020,2021,24.0,24.7,0.029166666666666636
4264,Wisconsin,"Appleton, WI",2021,2022,24.7,25.8,0.044534412955465646
4265,Wisconsin,"Appleton, WI",2022,2023,25.8,24.4,-0.05426356589147295
4266,Wisconsin,"Appleton, WI",2023,2024,24.4,24.5,0.004098360655737763
4267,Maine,"Portland-South Portland, ME",2007,2008,26.5,25.4,-0.041509433962264204
4268,Maine,"Portland-South Portland, ME",2008,2009,25.4,22.5,-0.11417322834645664
4269,Maine,"Portland-South Portland, ME",2009,2010,22.5,23.3,0.03555555555555559
4270,Maine,"Portland-South Portland, ME",2010,2011,23.3,22.8,-0.02145922746781116
4271,Maine,"Portland-South Portland, ME",2011,2012,22.8,22.3,-0.021929824561403508
4272,Maine,"Portland-South Portland, ME",2012,2013,22.3,22.1,-0.00896860986547082
4273,Maine,"Portland-South Portland, ME",2013,2014,22.1,22.6,0.02262443438914027
4274,Maine,"Portland-South Portland, ME",2014,2015,22.6,24.0,0.06194690265486719
4275,Maine,"Portland-South Portland, ME",2015,2016,24.0,24.6,0.02500000000000006
4276,Maine,"Portland-South Portland, ME",2016,2017,24.6,25.2,0.024390243902438935
4277,Maine,"Portland-South Portland, ME",2017,2018,25.2,26.0,0.03174603174603177
4278,Maine,"Portland-South Portland, ME",2018,2019,26.0,27.0,0.038461538461538464
4279,Maine,"Portland-South Portland, ME",2019,2020,27.0,26.6,-0.014814814814814762
4280,Maine,"Portland-South Portland, ME",2020,2021,26.6,27.9,0.04887218045112771
4281,Maine,"Portland-South Portland, ME",2021,2022,27.9,27.8,-0.0035842293906809273
4282,Maine,"Portland-South Portland, ME",2022,2023,27.8,26.9,-0.03237410071942454
4283,Maine,"Portland-South Portland, ME",2023,2024,26.9,26.8,-0.0037174721189590287
4284,Florida,"Fort Lauderdale-Pompano Beach-Sunrise, FL Metropolitan Division",2007,2008,32.7,29.3,-0.10397553516819577
4285,Florida,"Fort Lauderdale-Pompano Beach-Sunrise, FL Metropolitan Division",2008,2009,29.3,25.6,-0.12627986348122863
4286,Florida,"Fort Lauderdale-Pompano Beach-Sunrise, FL Metropolitan Division",2009,2010,25.6,25.0,-0.023437500000000056
4287,Florida,"Fort Lauderdale-Pompano Beach-Sunrise, FL Metropolitan Division",2010,2011,25.0,25.7,0.027999999999999973
4288,Florida,"Fort Lauderdale-Pompano Beach-Sunrise, FL Metropolitan Division",2011,2012,25.7,25.9,0.0077821011673151474
4289,Florida,"Fort Lauderdale-Pompano Beach-Sunrise, FL Metropolitan Division",2012,2013,25.9,26.7,0.030888030888030917
4290,Florida,"Fort Lauderdale-Pompano Beach-Sunrise, FL Metropolitan Division",2013,2014,26.7,27.6,0.03370786516853941
4291,Florida,"Fort Lauderdale-Pompano Beach-Sunrise, FL Metropolitan Division",2014,2015,27.6,28.0,0.014492753623188354
4292,Florida,"Fort Lauderdale-Pompano Beach-Sunrise, FL Metropolitan Division",2015,2016,28.0,27.8,-0.0071428571428571175
4293,Florida,"Fort Lauderdale-Pompano Beach-Sunrise, FL Metropolitan Division",2016,2017,27.8,27.8,0.0
4294,Florida,"Fort Lauderdale-Pompano Beach-Sunrise, FL Metropolitan Division",2017,2018,27.8,28.5,0.02517985611510789
4295,Florida,"Fort Lauderdale-Pompano Beach-Sunrise, FL Metropolitan Division",2018,2019,28.5,29.3,0.028070175438596516
4296,Florida,"Fort Lauderdale-Pompano Beach-Sunrise, FL Metropolitan Division",2019,2020,29.3,28.0,-0.04436860068259388
4297,Florida,"Fort Lauderdale-Pompano Beach-Sunrise, FL Metropolitan Division",2020,2021,28.0,29.4,0.04999999999999995
4298,Florida,"Fort Lauderdale-Pompano Beach-Sunrise, FL Metropolitan Division",2021,2022,29.4,30.5,0.037414965986394606
4299,Florida,"Fort Lauderdale-Pompano Beach-Sunrise, FL Metropolitan Division",2022,2023,30.5,31.9,0.04590163934426225
4300,Florida,"Fort Lauderdale-Pompano Beach-Sunrise, FL Metropolitan Division",2023,2024,31.9,32.5,0.01880877742946713
4301,Florida,"Cape Coral-Fort Myers, FL",2007,2008,5.9,4.9,-0.1694915254237288
4302,Florida,"Cape Coral-Fort Myers, FL",2008,2009,4.9,4.3,-0.12244897959183683
4303,Florida,"Cape Coral-Fort Myers, FL",2009,2010,4.3,4.3,0.0
4304,Florida,"Cape Coral-Fort Myers, FL",2010,2011,4.3,4.6,0.06976744186046507
4305,Florida,"Cape Coral-Fort Myers, FL",2011,2012,4.6,4.6,0.0
4306,Florida,"Cape Coral-Fort Myers, FL",2012,2013,4.6,4.9,0.06521739130434799
4307,Florida,"Cape Coral-Fort Myers, FL",2013,2014,4.9,5.2,0.061224489795918324
4308,Florida,"Cape Coral-Fort Myers, FL",2014,2015,5.2,5.7,0.09615384615384615
4309,Florida,"Cape Coral-Fort Myers, FL",2015,2016,5.7,6.0,0.05263157894736839
4310,Florida,"Cape Coral-Fort Myers, FL",2016,2017,6.0,6.1,0.016666666666666607
4311,Florida,"Cape Coral-Fort Myers, FL",2017,2018,6.1,6.6,0.0819672131147541
4312,Florida,"Cape Coral-Fort Myers, FL",2018,2019,6.6,6.6,0.0
4313,Florida,"Cape Coral-Fort Myers, FL",2019,2020,6.6,6.8,0.03030303030303033
4314,Florida,"Cape Coral-Fort Myers, FL",2020,2021,6.8,7.5,0.10294117647058826
4315,Florida,"Cape Coral-Fort Myers, FL",2021,2022,7.5,8.0,0.06666666666666667
4316,Florida,"Cape Coral-Fort Myers, FL",2022,2023,8.0,8.2,0.02499999999999991
4317,Florida,"Cape Coral-Fort Myers, FL",2023,2024,8.2,8.4,0.024390243902439157
4318,Massachusetts,"Boston, MA Metropolitan Division",2007,2008,47.2,45.0,-0.04661016949152548
4319,Massachusetts,"Boston, MA Metropolitan Division",2008,2009,45.0,41.4,-0.08000000000000003
4320,Massachusetts,"Boston, MA Metropolitan Division",2009,2010,41.4,41.9,0.012077294685990338
4321,Massachusetts,"Boston, MA Metropolitan Division",2010,2011,41.9,41.6,-0.007159904534606138
4322,Massachusetts,"Boston, MA Metropolitan Division",2011,2012,41.6,41.9,0.0072115384615383925
4323,Massachusetts,"Boston, MA Metropolitan Division",2012,2013,41.9,42.3,0.009546539379474906
4324,Massachusetts,"Boston, MA Metropolitan Division",2013,2014,42.3,42.2,-0.002364066193853294
4325,Massachusetts,"Boston, MA Metropolitan Division",2014,2015,42.2,42.2,0.0
4326,Massachusetts,"Boston, MA Metropolitan Division",2015,2016,42.2,41.0,-0.028436018957346036
4327,Massachusetts,"Boston, MA Metropolitan Division",2016,2017,41.0,41.4,0.009756097560975575
4328,Massachusetts,"Boston, MA Metropolitan Division",2017,2018,41.4,40.8,-0.01449275362318844
4329,Massachusetts,"Boston, MA Metropolitan Division",2018,2019,40.8,40.3,-0.012254901960784315
4330,Massachusetts,"Boston, MA Metropolitan Division",2019,2020,40.3,37.1,-0.0794044665012406
4331,Massachusetts,"Boston, MA Metropolitan Division",2020,2021,37.1,38.7,0.043126684636118635
4332,Massachusetts,"Boston, MA Metropolitan Division",2021,2022,38.7,38.8,0.0025839793281652278
4333,Massachusetts,"Boston, MA Metropolitan Division",2022,2023,38.8,37.6,-0.030927835051546285
4334,Massachusetts,"Boston, MA Metropolitan Division",2023,2024,37.6,36.3,-0.034574468085106495
4335,Ohio,"Cleveland, OH",2007,2008,150.1,139.4,-0.07128580946035969
4336,Ohio,"Cleveland, OH",2008,2009,139.4,121.7,-0.12697274031563846
4337,Ohio,"Cleveland, OH",2009,2010,121.7,124.7,0.024650780608052588
4338,Ohio,"Cleveland, OH",2010,2011,124.7,129.3,0.03688853247794714
4339,Ohio,"Cleveland, OH",2011,2012,129.3,131.2,0.01469450889404468
4340,Ohio,"Cleveland, OH",2012,2013,131.2,131.5,0.0022865853658537456
4341,Ohio,"Cleveland, OH",2013,2014,131.5,133.0,0.011406844106463879
4342,Ohio,"Cleveland, OH",2014,2015,133.0,130.5,-0.018796992481203006
4343,Ohio,"Cleveland, OH",2015,2016,130.5,128.1,-0.018390804597701194
4344,Ohio,"Cleveland, OH",2016,2017,128.1,129.7,0.012490241998438676
4345,Ohio,"Cleveland, OH",2017,2018,129.7,132.5,0.02158828064764851
4346,Ohio,"Cleveland, OH",2018,2019,132.5,130.4,-0.015849056603773542
4347,Ohio,"Cleveland, OH",2019,2020,130.4,122.0,-0.06441717791411047
4348,Ohio,"Cleveland, OH",2020,2021,122.0,124.6,0.02131147540983602
4349,Ohio,"Cleveland, OH",2021,2022,124.6,127.9,0.02648475120385242
4350,Ohio,"Cleveland, OH",2022,2023,127.9,127.5,-0.003127443315089958
4351,Ohio,"Cleveland, OH",2023,2024,127.5,126.4,-0.008627450980392113
4352,New York,"Kingston, NY",2007,2008,4.2,3.9,-0.0714285714285715
4353,New York,"Kingston, NY",2008,2009,3.9,3.6,-0.07692307692307689
4354,New York,"Kingston, NY",2009,2010,3.6,3.8,0.05555555555555548
4355,New York,"Kingston, NY",2010,2011,3.8,3.6,-0.052631578947368356
4356,New York,"Kingston, NY",2011,2012,3.6,3.4,-0.0555555555555556
4357,New York,"Kingston, NY",2012,2013,3.4,3.4,0.0
4358,New York,"Kingston, NY",2013,2014,3.4,3.4,0.0
4359,New York,"Kingston, NY",2014,2015,3.4,3.5,0.02941176470588238
4360,New York,"Kingston, NY",2015,2016,3.5,3.4,-0.0285714285714286
4361,New York,"Kingston, NY",2016,2017,3.4,3.4,0.0
4362,New York,"Kingston, NY",2017,2018,3.4,3.4,0.0
4363,New York,"Kingston, NY",2018,2019,3.4,3.4,0.0
4364,New York,"Kingston, NY",2019,2020,3.4,3.2,-0.05882352941176463
4365,New York,"Kingston, NY",2020,2021,3.2,3.4,0.06249999999999992
4366,New York,"Kingston, NY",2021,2022,3.4,3.6,0.05882352941176476
4367,New York,"Kingston, NY",2022,2023,3.6,3.5,-0.0277777777777778
4368,New York,"Kingston, NY",2023,2024,3.5,3.5,0.0
4369,Florida,"West Palm Beach-Boca Raton-Delray Beach, FL Metropolitan Division",2007,2008,19.2,17.9,-0.06770833333333337
4370,Florida,"West Palm Beach-Boca Raton-Delray Beach, FL Metropolitan Division",2008,2009,17.9,16.0,-0.10614525139664797
4371,Florida,"West Palm Beach-Boca Raton-Delray Beach, FL Metropolitan Division",2009,2010,16.0,15.8,-0.012499999999999956
4372,Florida,"West Palm Beach-Boca Raton-Delray Beach, FL Metropolitan Division",2010,2011,15.8,15.4,-0.025316455696202552
4373,Florida,"West Palm Beach-Boca Raton-Delray Beach, FL Metropolitan Division",2011,2012,15.4,15.9,0.032467532467532464
4374,Florida,"West Palm Beach-Boca Raton-Delray Beach, FL Metropolitan Division",2012,2013,15.9,16.2,0.01886792452830182
4375,Florida,"West Palm Beach-Boca Raton-Delray Beach, FL Metropolitan Division",2013,2014,16.2,17.5,0.08024691358024696
4376,Florida,"West Palm Beach-Boca Raton-Delray Beach, FL Metropolitan Division",2014,2015,17.5,18.8,0.07428571428571433
4377,Florida,"West Palm Beach-Boca Raton-Delray Beach, FL Metropolitan Division",2015,2016,18.8,19.8,0.05319148936170213
4378,Florida,"West Palm Beach-Boca Raton-Delray Beach, FL Metropolitan Division",2016,2017,19.8,20.5,0.03535353535353532
4379,Florida,"West Palm Beach-Boca Raton-Delray Beach, FL Metropolitan Division",2017,2018,20.5,20.6,0.004878048780487874
4380,Florida,"West Palm Beach-Boca Raton-Delray Beach, FL Metropolitan Division",2018,2019,20.6,20.4,-0.009708737864077808
4381,Florida,"West Palm Beach-Boca Raton-Delray Beach, FL Metropolitan Division",2019,2020,20.4,20.2,-0.009803921568627416
4382,Florida,"West Palm Beach-Boca Raton-Delray Beach, FL Metropolitan Division",2020,2021,20.2,20.7,0.024752475247524754
4383,Florida,"West Palm Beach-Boca Raton-Delray Beach, FL Metropolitan Division",2021,2022,20.7,21.5,0.038647342995169115
4384,Florida,"West Palm Beach-Boca Raton-Delray Beach, FL Metropolitan Division",2022,2023,21.5,22.5,0.046511627906976744
4385,Florida,"West Palm Beach-Boca Raton-Delray Beach, FL Metropolitan Division",2023,2024,22.5,23.0,0.022222222222222223
4386,Alabama,"Anniston-Oxford, AL",2007,2008,7.5,7.2,-0.03999999999999997
4387,Alabama,"Anniston-Oxford, AL",2008,2009,7.2,5.9,-0.18055555555555552
4388,Alabama,"Anniston-Oxford, AL",2009,2010,5.9,5.8,-0.01694915254237297
4389,Alabama,"Anniston-Oxford, AL",2010,2011,5.8,5.7,-0.01724137931034477
4390,Alabama,"Anniston-Oxford, AL",2011,2012,5.7,5.8,0.017543859649122744
4391,Alabama,"Anniston-Oxford, AL",2012,2013,5.8,5.9,0.01724137931034492
4392,Alabama,"Anniston-Oxford, AL",2013,2014,5.9,6.0,0.01694915254237282
4393,Alabama,"Anniston-Oxford, AL",2014,2015,6.0,6.1,0.016666666666666607
4394,Alabama,"Anniston-Oxford, AL",2015,2016,6.1,6.4,0.049180327868852576
4395,Alabama,"Anniston-Oxford, AL",2016,2017,6.4,6.6,0.03124999999999989
4396,Alabama,"Anniston-Oxford, AL",2017,2018,6.6,6.7,0.015151515151515233
4397,Alabama,"Anniston-Oxford, AL",2018,2019,6.7,6.7,0.0
4398,Alabama,"Anniston-Oxford, AL",2019,2020,6.7,6.5,-0.029850746268656744
4399,Alabama,"Anniston-Oxford, AL",2020,2021,6.5,6.6,0.01538461538461533
4400,Alabama,"Anniston-Oxford, AL",2021,2022,6.6,7.1,0.07575757575757576
4401,Alabama,"Anniston-Oxford, AL",2022,2023,7.1,6.8,-0.04225352112676054
4402,Alabama,"Anniston-Oxford, AL",2023,2024,6.8,6.8,0.0
4403,Florida,"Tampa, FL Metropolitan Division",2007,2008,36.2,32.8,-0.0939226519337018
4404,Florida,"Tampa, FL Metropolitan Division",2008,2009,32.8,27.9,-0.149390243902439
4405,Florida,"Tampa, FL Metropolitan Division",2009,2010,27.9,27.9,0.0
4406,Florida,"Tampa, FL Metropolitan Division",2010,2011,27.9,28.4,0.01792114695340502
4407,Florida,"Tampa, FL Metropolitan Division",2011,2012,28.4,28.7,0.010563380281690167
4408,Florida,"Tampa, FL Metropolitan Division",2012,2013,28.7,29.6,0.03135888501742168
4409,Florida,"Tampa, FL Metropolitan Division",2013,2014,29.6,30.1,0.01689189189189189
4410,Florida,"Tampa, FL Metropolitan Division",2014,2015,30.1,30.6,0.01661129568106312
4411,Florida,"Tampa, FL Metropolitan Division",2015,2016,30.6,32.3,0.055555555555555414
4412,Florida,"Tampa, FL Metropolitan Division",2016,2017,32.3,33.6,0.04024767801857599
4413,Florida,"Tampa, FL Metropolitan Division",2017,2018,33.6,34.0,0.011904761904761862
4414,Florida,"Tampa, FL Metropolitan Division",2018,2019,34.0,34.9,0.026470588235294076
4415,Florida,"Tampa, FL Metropolitan Division",2019,2020,34.9,34.5,-0.011461318051575891
4416,Florida,"Tampa, FL Metropolitan Division",2020,2021,34.5,36.5,0.057971014492753624
4417,Florida,"Tampa, FL Metropolitan Division",2021,2022,36.5,38.3,0.04931506849315061
4418,Florida,"Tampa, FL Metropolitan Division",2022,2023,38.3,39.2,0.023498694516971428
4419,Florida,"Tampa, FL Metropolitan Division",2023,2024,39.2,40.5,0.033163265306122375
4420,Connecticut,"Hartford-West Hartford-East Hartford, CT",2007,2008,70.1,68.5,-0.02282453637660477
4421,Connecticut,"Hartford-West Hartford-East Hartford, CT",2008,2009,68.5,62.2,-0.091970802919708
4422,Connecticut,"Hartford-West Hartford-East Hartford, CT",2009,2010,62.2,62.6,0.006430868167202549
4423,Connecticut,"Hartford-West Hartford-East Hartford, CT",2010,2011,62.6,62.7,0.0015974440894568917
4424,Connecticut,"Hartford-West Hartford-East Hartford, CT",2011,2012,62.7,62.5,-0.003189792663476919
4425,Connecticut,"Hartford-West Hartford-East Hartford, CT",2012,2013,62.5,61.0,-0.024
4426,Connecticut,"Hartford-West Hartford-East Hartford, CT",2013,2014,61.0,60.5,-0.00819672131147541
4427,Connecticut,"Hartford-West Hartford-East Hartford, CT",2014,2015,60.5,60.6,0.0016528925619834947
4428,Connecticut,"Hartford-West Hartford-East Hartford, CT",2015,2016,60.6,61.7,0.018151815181518174
4429,Connecticut,"Hartford-West Hartford-East Hartford, CT",2016,2017,61.7,63.4,0.027552674230145797
4430,Connecticut,"Hartford-West Hartford-East Hartford, CT",2017,2018,63.4,65.0,0.025236593059936932
4431,Connecticut,"Hartford-West Hartford-East Hartford, CT",2018,2019,65.0,65.2,0.0030769230769231207
4432,Connecticut,"Hartford-West Hartford-East Hartford, CT",2019,2020,65.2,60.3,-0.07515337423312891
4433,Connecticut,"Hartford-West Hartford-East Hartford, CT",2020,2021,60.3,61.0,0.011608623548922104
4434,Connecticut,"Hartford-West Hartford-East Hartford, CT",2021,2022,61.0,61.1,0.0016393442622951052
4435,Connecticut,"Hartford-West Hartford-East Hartford, CT",2022,2023,61.1,60.4,-0.01145662847790512
4436,Connecticut,"Hartford-West Hartford-East Hartford, CT",2023,2024,60.4,59.6,-0.013245033112582735
4437,Pennsylvania,"Altoona, PA",2007,2008,7.6,7.7,0.013157894736842176
4438,Pennsylvania,"Altoona, PA",2008,2009,7.7,7.4,-0.03896103896103894
4439,Pennsylvania,"Altoona, PA",2009,2010,7.4,7.4,0.0
4440,Pennsylvania,"Altoona, PA",2010,2011,7.4,7.4,0.0
4441,Pennsylvania,"Altoona, PA",2011,2012,7.4,7.6,0.02702702702702693
4442,Pennsylvania,"Altoona, PA",2012,2013,7.6,7.7,0.013157894736842176
4443,Pennsylvania,"Altoona, PA",2013,2014,7.7,7.7,0.0
4444,Pennsylvania,"Altoona, PA",2014,2015,7.7,7.5,-0.025974025974025997
4445,Pennsylvania,"Altoona, PA",2015,2016,7.5,7.3,-0.02666666666666669
4446,Pennsylvania,"Altoona, PA",2016,2017,7.3,7.4,0.013698630136986375
4447,Pennsylvania,"Altoona, PA",2017,2018,7.4,7.3,-0.013513513513513585
4448,Pennsylvania,"Altoona, PA",2018,2019,7.3,7.2,-0.013698630136986254
4449,Pennsylvania,"Altoona, PA",2019,2020,7.2,6.8,-0.0555555555555556
4450,Pennsylvania,"Altoona, PA",2020,2021,6.8,6.8,0.0
4451,Pennsylvania,"Altoona, PA",2021,2022,6.8,7.1,0.044117647058823505
4452,Pennsylvania,"Altoona, PA",2022,2023,7.1,7.0,-0.014084507042253471
4453,Pennsylvania,"Altoona, PA",2023,2024,7.0,7.2,0.0285714285714286
4454,Rhode Island,"Providence-Warwick, RI-MA",2007,2008,80.8,74.9,-0.07301980198019792
4455,Rhode Island,"Providence-Warwick, RI-MA",2008,2009,74.9,66.0,-0.11882510013351141
4456,Rhode Island,"Providence-Warwick, RI-MA",2009,2010,66.0,66.9,0.013636363636363722
4457,Rhode Island,"Providence-Warwick, RI-MA",2010,2011,66.9,66.4,-0.007473841554559043
4458,Rhode Island,"Providence-Warwick, RI-MA",2011,2012,66.4,65.6,-0.012048192771084508
4459,Rhode Island,"Providence-Warwick, RI-MA",2012,2013,65.6,65.9,0.004573170731707491
4460,Rhode Island,"Providence-Warwick, RI-MA",2013,2014,65.9,67.0,0.016691957511380792
4461,Rhode Island,"Providence-Warwick, RI-MA",2014,2015,67.0,67.2,0.002985074626865714
4462,Rhode Island,"Providence-Warwick, RI-MA",2015,2016,67.2,65.8,-0.020833333333333415
4463,Rhode Island,"Providence-Warwick, RI-MA",2016,2017,65.8,66.0,0.0030395136778115935
4464,Rhode Island,"Providence-Warwick, RI-MA",2017,2018,66.0,65.7,-0.004545454545454503
4465,Rhode Island,"Providence-Warwick, RI-MA",2018,2019,65.7,65.2,-0.0076103500761035
4466,Rhode Island,"Providence-Warwick, RI-MA",2019,2020,65.2,61.4,-0.05828220858895712
4467,Rhode Island,"Providence-Warwick, RI-MA",2020,2021,61.4,63.9,0.04071661237785017
4468,Rhode Island,"Providence-Warwick, RI-MA",2021,2022,63.9,64.3,0.006259780907668209
4469,Rhode Island,"Providence-Warwick, RI-MA",2022,2023,64.3,63.8,-0.007776049766718507
4470,Rhode Island,"Providence-Warwick, RI-MA",2023,2024,63.8,63.3,-0.007836990595611286
4471,North Dakota,"Grand Forks, ND-MN",2007,2008,4.6,4.1,-0.10869565217391305
4472,North Dakota,"Grand Forks, ND-MN",2008,2009,4.1,3.6,-0.12195121951219502
4473,North Dakota,"Grand Forks, ND-MN",2009,2010,3.6,3.6,0.0
4474,North Dakota,"Grand Forks, ND-MN",2010,2011,3.6,3.5,-0.0277777777777778
4475,North Dakota,"Grand Forks, ND-MN",2011,2012,3.5,3.4,-0.0285714285714286
4476,North Dakota,"Grand Forks, ND-MN",2012,2013,3.4,3.7,0.08823529411764713
4477,North Dakota,"Grand Forks, ND-MN",2013,2014,3.7,3.9,0.05405405405405398
4478,North Dakota,"Grand Forks, ND-MN",2014,2015,3.9,3.9,0.0
4479,North Dakota,"Grand Forks, ND-MN",2015,2016,3.9,4.2,0.076923076923077
4480,North Dakota,"Grand Forks, ND-MN",2016,2017,4.2,4.4,0.04761904761904766
4481,North Dakota,"Grand Forks, ND-MN",2017,2018,4.4,4.4,0.0
4482,North Dakota,"Grand Forks, ND-MN",2018,2019,4.4,4.6,0.04545454545454529
4483,North Dakota,"Grand Forks, ND-MN",2019,2020,4.6,3.9,-0.15217391304347822
4484,North Dakota,"Grand Forks, ND-MN",2020,2021,3.9,3.9,0.0
4485,North Dakota,"Grand Forks, ND-MN",2021,2022,3.9,4.2,0.076923076923077
4486,North Dakota,"Grand Forks, ND-MN",2022,2023,4.2,4.7,0.11904761904761904
4487,North Dakota,"Grand Forks, ND-MN",2023,2024,4.7,4.7,0.0
4488,Florida,"Port St. Lucie, FL",2007,2008,6.2,5.4,-0.1290322580645161
4489,Florida,"Port St. Lucie, FL",2008,2009,5.4,4.9,-0.09259259259259259
4490,Florida,"Port St. Lucie, FL",2009,2010,4.9,4.9,0.0
4491,Florida,"Port St. Lucie, FL",2010,2011,4.9,5.1,0.040816326530612096
4492,Florida,"Port St. Lucie, FL",2011,2012,5.1,5.4,0.05882352941176485
4493,Florida,"Port St. Lucie, FL",2012,2013,5.4,5.9,0.09259259259259259
4494,Florida,"Port St. Lucie, FL",2013,2014,5.9,6.1,0.03389830508474564
4495,Florida,"Port St. Lucie, FL",2014,2015,6.1,6.5,0.06557377049180334
4496,Florida,"Port St. Lucie, FL",2015,2016,6.5,6.7,0.030769230769230795
4497,Florida,"Port St. Lucie, FL",2016,2017,6.7,6.8,0.014925373134328304
4498,Florida,"Port St. Lucie, FL",2017,2018,6.8,7.2,0.05882352941176476
4499,Florida,"Port St. Lucie, FL",2018,2019,7.2,7.8,0.08333333333333329
4500,Florida,"Port St. Lucie, FL",2019,2020,7.8,7.5,-0.03846153846153844
4501,Florida,"Port St. Lucie, FL",2020,2021,7.5,8.0,0.06666666666666667
4502,Florida,"Port St. Lucie, FL",2021,2022,8.0,8.2,0.02499999999999991
4503,Florida,"Port St. Lucie, FL",2022,2023,8.2,8.6,0.0487804878048781
4504,Florida,"Port St. Lucie, FL",2023,2024,8.6,8.6,0.0
4505,New York,"Elmira, NY",2007,2008,6.5,6.3,-0.030769230769230795
4506,New York,"Elmira, NY",2008,2009,6.3,5.7,-0.09523809523809519
4507,New York,"Elmira, NY",2009,2010,5.7,6.2,0.08771929824561403
4508,New York,"Elmira, NY",2010,2011,6.2,5.7,-0.08064516129032258
4509,New York,"Elmira, NY",2011,2012,5.7,5.6,-0.0175438596491229
4510,New York,"Elmira, NY",2012,2013,5.6,5.1,-0.08928571428571429
4511,New York,"Elmira, NY",2013,2014,5.1,5.2,0.01960784313725501
4512,New York,"Elmira, NY",2014,2015,5.2,5.3,0.019230769230769162
4513,New York,"Elmira, NY",2015,2016,5.3,5.1,-0.03773584905660381
4514,New York,"Elmira, NY",2016,2017,5.1,5.1,0.0
4515,New York,"Elmira, NY",2017,2018,5.1,5.3,0.03921568627450984
4516,New York,"Elmira, NY",2018,2019,5.3,5.1,-0.03773584905660381
4517,New York,"Elmira, NY",2019,2020,5.1,4.9,-0.039215686274509665
4518,New York,"Elmira, NY",2020,2021,4.9,5.1,0.040816326530612096
4519,New York,"Elmira, NY",2021,2022,5.1,5.1,0.0
4520,New York,"Elmira, NY",2022,2023,5.1,4.8,-0.05882352941176468
4521,New York,"Elmira, NY",2023,2024,4.8,4.6,-0.041666666666666706
4522,Missouri,"Springfield, MO",2007,2008,18.1,15.5,-0.14364640883977908
4523,Missouri,"Springfield, MO",2008,2009,15.5,12.6,-0.18709677419354842
4524,Missouri,"Springfield, MO",2009,2010,12.6,13.3,0.05555555555555564
4525,Missouri,"Springfield, MO",2010,2011,13.3,13.8,0.03759398496240601
4526,Missouri,"Springfield, MO",2011,2012,13.8,14.1,0.021739130434782532
4527,Missouri,"Springfield, MO",2012,2013,14.1,14.2,0.007092198581560258
4528,Missouri,"Springfield, MO",2013,2014,14.2,15.0,0.056338028169014134
4529,Missouri,"Springfield, MO",2014,2015,15.0,14.9,-0.006666666666666643
4530,Missouri,"Springfield, MO",2015,2016,14.9,15.1,0.01342281879194626
4531,Missouri,"Springfield, MO",2016,2017,15.1,16.1,0.06622516556291402
4532,Missouri,"Springfield, MO",2017,2018,16.1,17.1,0.06211180124223602
4533,Missouri,"Springfield, MO",2018,2019,17.1,16.9,-0.011695906432748704
4534,Missouri,"Springfield, MO",2019,2020,16.9,17.4,0.02958579881656805
4535,Missouri,"Springfield, MO",2020,2021,17.4,18.8,0.08045977011494265
4536,Missouri,"Springfield, MO",2021,2022,18.8,19.7,0.04787234042553184
4537,Missouri,"Springfield, MO",2022,2023,19.7,19.8,0.005076142131979768
4538,Missouri,"Springfield, MO",2023,2024,19.8,19.0,-0.040404040404040435
4539,Wisconsin,"Green Bay, WI",2007,2008,30.4,29.1,-0.04276315789473675
4540,Wisconsin,"Green Bay, WI",2008,2009,29.1,27.1,-0.06872852233676975
4541,Wisconsin,"Green Bay, WI",2009,2010,27.1,27.4,0.011070110701106906
4542,Wisconsin,"Green Bay, WI",2010,2011,27.4,27.9,0.018248175182481754
4543,Wisconsin,"Green Bay, WI",2011,2012,27.9,28.4,0.01792114695340502
4544,Wisconsin,"Green Bay, WI",2012,2013,28.4,28.9,0.017605633802816902
4545,Wisconsin,"Green Bay, WI",2013,2014,28.9,29.2,0.010380622837370268
4546,Wisconsin,"Green Bay, WI",2014,2015,29.2,29.3,0.003424657534246624
4547,Wisconsin,"Green Bay, WI",2015,2016,29.3,29.8,0.017064846416382253
4548,Wisconsin,"Green Bay, WI",2016,2017,29.8,30.5,0.023489932885906017
4549,Wisconsin,"Green Bay, WI",2017,2018,30.5,31.5,0.03278688524590164
4550,Wisconsin,"Green Bay, WI",2018,2019,31.5,30.7,-0.02539682539682542
4551,Wisconsin,"Green Bay, WI",2019,2020,30.7,30.7,0.0
4552,Wisconsin,"Green Bay, WI",2020,2021,30.7,31.4,0.02280130293159607
4553,Wisconsin,"Green Bay, WI",2021,2022,31.4,32.5,0.03503184713375801
4554,Wisconsin,"Green Bay, WI",2022,2023,32.5,32.0,-0.015384615384615385
4555,Wisconsin,"Green Bay, WI",2023,2024,32.0,33.1,0.034375000000000044
4556,Pennsylvania,"Harrisburg-Carlisle, PA",2007,2008,24.3,22.7,-0.06584362139917702
4557,Pennsylvania,"Harrisburg-Carlisle, PA",2008,2009,22.7,20.1,-0.11453744493392061
4558,Pennsylvania,"Harrisburg-Carlisle, PA",2009,2010,20.1,20.0,-0.004975124378109523
4559,Pennsylvania,"Harrisburg-Carlisle, PA",2010,2011,20.0,20.3,0.015000000000000036
4560,Pennsylvania,"Harrisburg-Carlisle, PA",2011,2012,20.3,19.8,-0.02463054187192118
4561,Pennsylvania,"Harrisburg-Carlisle, PA",2012,2013,19.8,20.3,0.025252525252525252
4562,Pennsylvania,"Harrisburg-Carlisle, PA",2013,2014,20.3,21.5,0.0591133004926108
4563,Pennsylvania,"Harrisburg-Carlisle, PA",2014,2015,21.5,21.2,-0.013953488372093056
4564,Pennsylvania,"Harrisburg-Carlisle, PA",2015,2016,21.2,21.3,0.004716981132075539
4565,Pennsylvania,"Harrisburg-Carlisle, PA",2016,2017,21.3,21.2,-0.004694835680751241
4566,Pennsylvania,"Harrisburg-Carlisle, PA",2017,2018,21.2,21.7,0.02358490566037736
4567,Pennsylvania,"Harrisburg-Carlisle, PA",2018,2019,21.7,22.2,0.02304147465437788
4568,Pennsylvania,"Harrisburg-Carlisle, PA",2019,2020,22.2,21.4,-0.03603603603603607
4569,Pennsylvania,"Harrisburg-Carlisle, PA",2020,2021,21.4,22.1,0.03271028037383191
4570,Pennsylvania,"Harrisburg-Carlisle, PA",2021,2022,22.1,22.4,0.013574660633484033
4571,Pennsylvania,"Harrisburg-Carlisle, PA",2022,2023,22.4,22.2,-0.008928571428571397
4572,Pennsylvania,"Harrisburg-Carlisle, PA",2023,2024,22.2,21.7,-0.022522522522522525
4573,Texas,"Odessa, TX",2007,2008,4.6,4.6,0.0
4574,Texas,"Odessa, TX",2008,2009,4.6,4.0,-0.1304347826086956
4575,Texas,"Odessa, TX",2009,2010,4.0,4.4,0.10000000000000009
4576,Texas,"Odessa, TX",2010,2011,4.4,5.1,0.15909090909090892
4577,Texas,"Odessa, TX",2011,2012,5.1,5.4,0.05882352941176485
4578,Texas,"Odessa, TX",2012,2013,5.4,5.4,0.0
4579,Texas,"Odessa, TX",2013,2014,5.4,6.1,0.12962962962962948
4580,Texas,"Odessa, TX",2014,2015,6.1,4.6,-0.24590163934426232
4581,Texas,"Odessa, TX",2015,2016,4.6,4.1,-0.10869565217391305
4582,Texas,"Odessa, TX",2016,2017,4.1,4.5,0.0975609756097562
4583,Texas,"Odessa, TX",2017,2018,4.5,5.3,0.17777777777777773
4584,Texas,"Odessa, TX",2018,2019,5.3,5.1,-0.03773584905660381
4585,Texas,"Odessa, TX",2019,2020,5.1,3.7,-0.27450980392156854
4586,Texas,"Odessa, TX",2020,2021,3.7,3.9,0.05405405405405398
4587,Texas,"Odessa, TX",2021,2022,3.9,3.9,0.0
4588,Texas,"Odessa, TX",2022,2023,3.9,4.1,0.05128205128205122
4589,Texas,"Odessa, TX",2023,2024,4.1,4.5,0.0975609756097562
4590,Alabama,"Birmingham, AL",2007,2008,43.5,40.8,-0.06206896551724145
4591,Alabama,"Birmingham, AL",2008,2009,40.8,36.1,-0.11519607843137246
4592,Alabama,"Birmingham, AL",2009,2010,36.1,34.5,-0.04432132963988923
4593,Alabama,"Birmingham, AL",2010,2011,34.5,36.0,0.043478260869565216
4594,Alabama,"Birmingham, AL",2011,2012,36.0,37.6,0.04444444444444448
4595,Alabama,"Birmingham, AL",2012,2013,37.6,38.7,0.029255319148936205
4596,Alabama,"Birmingham, AL",2013,2014,38.7,39.0,0.00775193798449605
4597,Alabama,"Birmingham, AL",2014,2015,39.0,37.8,-0.030769230769230844
4598,Alabama,"Birmingham, AL",2015,2016,37.8,37.3,-0.013227513227513229
4599,Alabama,"Birmingham, AL",2016,2017,37.3,38.5,0.032171581769437074
4600,Alabama,"Birmingham, AL",2017,2018,38.5,39.4,0.02337662337662334
4601,Alabama,"Birmingham, AL",2018,2019,39.4,39.3,-0.002538071065989884
4602,Alabama,"Birmingham, AL",2019,2020,39.3,37.1,-0.055979643765903205
4603,Alabama,"Birmingham, AL",2020,2021,37.1,38.4,0.035040431266846285
4604,Alabama,"Birmingham, AL",2021,2022,38.4,39.6,0.031250000000000076
4605,Alabama,"Birmingham, AL",2022,2023,39.6,40.8,0.030303030303030193
4606,Alabama,"Birmingham, AL",2023,2024,40.8,40.7,-0.0024509803921567235
4607,Michigan,"Kalamazoo-Portage, MI",2007,2008,18.3,17.3,-0.0546448087431694
4608,Michigan,"Kalamazoo-Portage, MI",2008,2009,17.3,15.5,-0.1040462427745665
4609,Michigan,"Kalamazoo-Portage, MI",2009,2010,15.5,15.3,-0.012903225806451568
4610,Michigan,"Kalamazoo-Portage, MI",2010,2011,15.3,15.9,0.039215686274509776
4611,Michigan,"Kalamazoo-Portage, MI",2011,2012,15.9,16.2,0.01886792452830182
4612,Michigan,"Kalamazoo-Portage, MI",2012,2013,16.2,16.9,0.04320987654320983
4613,Michigan,"Kalamazoo-Portage, MI",2013,2014,16.9,17.9,0.0591715976331361
4614,Michigan,"Kalamazoo-Portage, MI",2014,2015,17.9,18.9,0.0558659217877095
4615,Michigan,"Kalamazoo-Portage, MI",2015,2016,18.9,19.4,0.026455026455026457
4616,Michigan,"Kalamazoo-Portage, MI",2016,2017,19.4,19.4,0.0
4617,Michigan,"Kalamazoo-Portage, MI",2017,2018,19.4,20.0,0.030927835051546466
4618,Michigan,"Kalamazoo-Portage, MI",2018,2019,20.0,19.8,-0.009999999999999964
4619,Michigan,"Kalamazoo-Portage, MI",2019,2020,19.8,19.3,-0.025252525252525252
4620,Michigan,"Kalamazoo-Portage, MI",2020,2021,19.3,20.1,0.041450777202072575
4621,Michigan,"Kalamazoo-Portage, MI",2021,2022,20.1,22.0,0.09452736318407952
4622,Michigan,"Kalamazoo-Portage, MI",2022,2023,22.0,22.1,0.00454545454545461
4623,Michigan,"Kalamazoo-Portage, MI",2023,2024,22.1,21.9,-0.009049773755656236
4624,New York,"Glens Falls, NY",2007,2008,6.6,6.6,0.0
4625,New York,"Glens Falls, NY",2008,2009,6.6,6.3,-0.04545454545454543
4626,New York,"Glens Falls, NY",2009,2010,6.3,6.5,0.03174603174603177
4627,New York,"Glens Falls, NY",2010,2011,6.5,6.3,-0.030769230769230795
4628,New York,"Glens Falls, NY",2011,2012,6.3,6.3,0.0
4629,New York,"Glens Falls, NY",2012,2013,6.3,6.0,-0.047619047619047596
4630,New York,"Glens Falls, NY",2013,2014,6.0,6.0,0.0
4631,New York,"Glens Falls, NY",2014,2015,6.0,5.8,-0.03333333333333336
4632,New York,"Glens Falls, NY",2015,2016,5.8,5.8,0.0
4633,New York,"Glens Falls, NY",2016,2017,5.8,5.9,0.01724137931034492
4634,New York,"Glens Falls, NY",2017,2018,5.9,6.1,0.03389830508474564
4635,New York,"Glens Falls, NY",2018,2019,6.1,5.9,-0.03278688524590152
4636,New York,"Glens Falls, NY",2019,2020,5.9,5.7,-0.03389830508474579
4637,New York,"Glens Falls, NY",2020,2021,5.7,5.8,0.017543859649122744
4638,New York,"Glens Falls, NY",2021,2022,5.8,6.0,0.03448275862068969
4639,New York,"Glens Falls, NY",2022,2023,6.0,5.8,-0.03333333333333336
4640,New York,"Glens Falls, NY",2023,2024,5.8,5.6,-0.03448275862068969
4641,California,"Yuba City, CA",2007,2008,2.4,2.0,-0.16666666666666663
4642,California,"Yuba City, CA",2008,2009,2.0,1.9,-0.050000000000000044
4643,California,"Yuba City, CA",2009,2010,1.9,2.0,0.052631578947368474
4644,California,"Yuba City, CA",2010,2011,2.0,2.1,0.050000000000000044
4645,California,"Yuba City, CA",2011,2012,2.1,2.1,0.0
4646,California,"Yuba City, CA",2012,2013,2.1,2.1,0.0
4647,California,"Yuba City, CA",2013,2014,2.1,2.1,0.0
4648,California,"Yuba City, CA",2014,2015,2.1,2.2,0.04761904761904766
4649,California,"Yuba City, CA",2015,2016,2.2,2.1,-0.04545454545454549
4650,California,"Yuba City, CA",2016,2017,2.1,2.2,0.04761904761904766
4651,California,"Yuba City, CA",2017,2018,2.2,2.2,0.0
4652,California,"Yuba City, CA",2018,2019,2.2,2.2,0.0
4653,California,"Yuba City, CA",2019,2020,2.2,2.1,-0.04545454545454549
4654,California,"Yuba City, CA",2020,2021,2.1,2.1,0.0
4655,California,"Yuba City, CA",2021,2022,2.1,2.2,0.04761904761904766
4656,California,"Yuba City, CA",2022,2023,2.2,2.4,0.09090909090909079
4657,California,"Yuba City, CA",2023,2024,2.4,2.4,0.0
4658,New Jersey,"Camden, NJ Metropolitan Division",2007,2008,46.5,43.0,-0.07526881720430108
4659,New Jersey,"Camden, NJ Metropolitan Division",2008,2009,43.0,38.8,-0.09767441860465123
4660,New Jersey,"Camden, NJ Metropolitan Division",2009,2010,38.8,37.4,-0.03608247422680409
4661,New Jersey,"Camden, NJ Metropolitan Division",2010,2011,37.4,36.3,-0.02941176470588239
4662,New Jersey,"Camden, NJ Metropolitan Division",2011,2012,36.3,35.5,-0.022038567493112872
4663,New Jersey,"Camden, NJ Metropolitan Division",2012,2013,35.5,35.5,0.0
4664,New Jersey,"Camden, NJ Metropolitan Division",2013,2014,35.5,35.6,0.0028169014084507443
4665,New Jersey,"Camden, NJ Metropolitan Division",2014,2015,35.6,36.8,0.03370786516853921
4666,New Jersey,"Camden, NJ Metropolitan Division",2015,2016,36.8,37.7,0.024456521739130592
4667,New Jersey,"Camden, NJ Metropolitan Division",2016,2017,37.7,38.8,0.029177718832891095
4668,New Jersey,"Camden, NJ Metropolitan Division",2017,2018,38.8,39.8,0.025773195876288662
4669,New Jersey,"Camden, NJ Metropolitan Division",2018,2019,39.8,40.4,0.015075376884422148
4670,New Jersey,"Camden, NJ Metropolitan Division",2019,2020,40.4,38.7,-0.04207920792079198
4671,New Jersey,"Camden, NJ Metropolitan Division",2020,2021,38.7,39.3,0.0155038759689921
4672,New Jersey,"Camden, NJ Metropolitan Division",2021,2022,39.3,40.5,0.030534351145038243
4673,New Jersey,"Camden, NJ Metropolitan Division",2022,2023,40.5,41.0,0.012345679012345678
4674,New Jersey,"Camden, NJ Metropolitan Division",2023,2024,41.0,40.2,-0.01951219512195115
4675,Massachusetts,"Cambridge-Newton-Framingham, MA Metropolitan Division",2007,2008,126.4,121.4,-0.03955696202531645
4676,Massachusetts,"Cambridge-Newton-Framingham, MA Metropolitan Division",2008,2009,121.4,112.2,-0.07578253706754533
4677,Massachusetts,"Cambridge-Newton-Framingham, MA Metropolitan Division",2009,2010,112.2,113.6,0.012477718360071225
4678,Massachusetts,"Cambridge-Newton-Framingham, MA Metropolitan Division",2010,2011,113.6,113.5,-0.0008802816901407951
4679,Massachusetts,"Cambridge-Newton-Framingham, MA Metropolitan Division",2011,2012,113.5,113.6,0.0008810572687224169
4680,Massachusetts,"Cambridge-Newton-Framingham, MA Metropolitan Division",2012,2013,113.6,112.8,-0.007042253521126736
4681,Massachusetts,"Cambridge-Newton-Framingham, MA Metropolitan Division",2013,2014,112.8,111.6,-0.010638297872340451
4682,Massachusetts,"Cambridge-Newton-Framingham, MA Metropolitan Division",2014,2015,111.6,110.2,-0.012544802867383437
4683,Massachusetts,"Cambridge-Newton-Framingham, MA Metropolitan Division",2015,2016,110.2,109.9,-0.002722323049001789
4684,Massachusetts,"Cambridge-Newton-Framingham, MA Metropolitan Division",2016,2017,109.9,110.3,0.0036396724294812687
4685,Massachusetts,"Cambridge-Newton-Framingham, MA Metropolitan Division",2017,2018,110.3,111.8,0.013599274705349048
4686,Massachusetts,"Cambridge-Newton-Framingham, MA Metropolitan Division",2018,2019,111.8,112.9,0.009838998211091311
4687,Massachusetts,"Cambridge-Newton-Framingham, MA Metropolitan Division",2019,2020,112.9,107.6,-0.04694419840566883
4688,Massachusetts,"Cambridge-Newton-Framingham, MA Metropolitan Division",2020,2021,107.6,108.9,0.012081784386617207
4689,Massachusetts,"Cambridge-Newton-Framingham, MA Metropolitan Division",2021,2022,108.9,110.4,0.013774104683195591
4690,Massachusetts,"Cambridge-Newton-Framingham, MA Metropolitan Division",2022,2023,110.4,108.7,-0.015398550724637706
4691,Massachusetts,"Cambridge-Newton-Framingham, MA Metropolitan Division",2023,2024,108.7,106.1,-0.023919043238270547
4692,Kansas,"Topeka, KS",2007,2008,7.5,7.4,-0.013333333333333286
4693,Kansas,"Topeka, KS",2008,2009,7.4,6.9,-0.06756756756756756
4694,Kansas,"Topeka, KS",2009,2010,6.9,7.2,0.04347826086956519
4695,Kansas,"Topeka, KS",2010,2011,7.2,7.4,0.0277777777777778
4696,Kansas,"Topeka, KS",2011,2012,7.4,7.2,-0.02702702702702705
4697,Kansas,"Topeka, KS",2012,2013,7.2,7.0,-0.0277777777777778
4698,Kansas,"Topeka, KS",2013,2014,7.0,7.2,0.0285714285714286
4699,Kansas,"Topeka, KS",2014,2015,7.2,7.1,-0.013888888888888963
4700,Kansas,"Topeka, KS",2015,2016,7.1,7.4,0.04225352112676067
4701,Kansas,"Topeka, KS",2016,2017,7.4,7.7,0.040540540540540515
4702,Kansas,"Topeka, KS",2017,2018,7.7,8.0,0.03896103896103894
4703,Kansas,"Topeka, KS",2018,2019,8.0,8.1,0.012499999999999956
4704,Kansas,"Topeka, KS",2019,2020,8.1,8.2,0.012345679012345635
4705,Kansas,"Topeka, KS",2020,2021,8.2,8.6,0.0487804878048781
4706,Kansas,"Topeka, KS",2021,2022,8.6,8.8,0.023255813953488497
4707,Kansas,"Topeka, KS",2022,2023,8.8,9.3,0.056818181818181816
4708,Kansas,"Topeka, KS",2023,2024,9.3,9.1,-0.021505376344086134
4709,California,"San Francisco-San Mateo-Redwood City, CA Metropolitan Division",2007,2008,42.3,39.5,-0.06619385342789592
4710,California,"San Francisco-San Mateo-Redwood City, CA Metropolitan Division",2008,2009,39.5,36.7,-0.07088607594936702
4711,California,"San Francisco-San Mateo-Redwood City, CA Metropolitan Division",2009,2010,36.7,36.3,-0.010899182561308056
4712,California,"San Francisco-San Mateo-Redwood City, CA Metropolitan Division",2010,2011,36.3,35.0,-0.035812672176308465
4713,California,"San Francisco-San Mateo-Redwood City, CA Metropolitan Division",2011,2012,35.0,35.9,0.025714285714285672
4714,California,"San Francisco-San Mateo-Redwood City, CA Metropolitan Division",2012,2013,35.9,37.1,0.03342618384401122
4715,California,"San Francisco-San Mateo-Redwood City, CA Metropolitan Division",2013,2014,37.1,38.1,0.026954177897574122
4716,California,"San Francisco-San Mateo-Redwood City, CA Metropolitan Division",2014,2015,38.1,39.0,0.02362204724409445
4717,California,"San Francisco-San Mateo-Redwood City, CA Metropolitan Division",2015,2016,39.0,40.9,0.048717948717948684
4718,California,"San Francisco-San Mateo-Redwood City, CA Metropolitan Division",2016,2017,40.9,40.9,0.0
4719,California,"San Francisco-San Mateo-Redwood City, CA Metropolitan Division",2017,2018,40.9,40.6,-0.007334963325183305
4720,California,"San Francisco-San Mateo-Redwood City, CA Metropolitan Division",2018,2019,40.6,41.1,0.01231527093596059
4721,California,"San Francisco-San Mateo-Redwood City, CA Metropolitan Division",2019,2020,41.1,37.1,-0.097323600973236
4722,California,"San Francisco-San Mateo-Redwood City, CA Metropolitan Division",2020,2021,37.1,38.0,0.024258760107816673
4723,California,"San Francisco-San Mateo-Redwood City, CA Metropolitan Division",2021,2022,38.0,36.6,-0.03684210526315786
4724,California,"San Francisco-San Mateo-Redwood City, CA Metropolitan Division",2022,2023,36.6,33.1,-0.09562841530054644
4725,California,"San Francisco-San Mateo-Redwood City, CA Metropolitan Division",2023,2024,33.1,29.6,-0.10574018126888217
4726,Mississippi,"Jackson, MS",2007,2008,28.6,26.4,-0.07692307692307702
4727,Mississippi,"Jackson, MS",2008,2009,26.4,24.2,-0.08333333333333331
4728,Mississippi,"Jackson, MS",2009,2010,24.2,24.7,0.02066115702479339
4729,Mississippi,"Jackson, MS",2010,2011,24.7,24.2,-0.020242914979757085
4730,Mississippi,"Jackson, MS",2011,2012,24.2,24.7,0.02066115702479339
4731,Mississippi,"Jackson, MS",2012,2013,24.7,24.7,0.0
4732,Mississippi,"Jackson, MS",2013,2014,24.7,25.7,0.04048582995951417
4733,Mississippi,"Jackson, MS",2014,2015,25.7,26.4,0.027237354085603085
4734,Mississippi,"Jackson, MS",2015,2016,26.4,27.4,0.03787878787878788
4735,Mississippi,"Jackson, MS",2016,2017,27.4,27.9,0.018248175182481754
4736,Mississippi,"Jackson, MS",2017,2018,27.9,27.9,0.0
4737,Mississippi,"Jackson, MS",2018,2019,27.9,27.4,-0.01792114695340502
4738,Mississippi,"Jackson, MS",2019,2020,27.4,25.9,-0.05474452554744526
4739,Mississippi,"Jackson, MS",2020,2021,25.9,26.9,0.03861003861003861
4740,Mississippi,"Jackson, MS",2021,2022,26.9,26.5,-0.014869888475836378
4741,Mississippi,"Jackson, MS",2022,2023,26.5,26.0,-0.018867924528301886
4742,Mississippi,"Jackson, MS",2023,2024,26.0,26.1,0.003846153846153901
4743,Illinois,"Kankakee, IL",2007,2008,5.4,5.1,-0.055555555555555684
4744,Illinois,"Kankakee, IL",2008,2009,5.1,4.6,-0.09803921568627452
4745,Illinois,"Kankakee, IL",2009,2010,4.6,4.8,0.04347826086956526
4746,Illinois,"Kankakee, IL",2010,2011,4.8,5.4,0.1250000000000001
4747,Illinois,"Kankakee, IL",2011,2012,5.4,5.5,0.01851851851851845
4748,Illinois,"Kankakee, IL",2012,2013,5.5,6.0,0.09090909090909091
4749,Illinois,"Kankakee, IL",2013,2014,6.0,5.9,-0.016666666666666607
4750,Illinois,"Kankakee, IL",2014,2015,5.9,5.7,-0.03389830508474579
4751,Illinois,"Kankakee, IL",2015,2016,5.7,6.0,0.05263157894736839
4752,Illinois,"Kankakee, IL",2016,2017,6.0,6.6,0.09999999999999994
4753,Illinois,"Kankakee, IL",2017,2018,6.6,7.1,0.07575757575757576
4754,Illinois,"Kankakee, IL",2018,2019,7.1,7.0,-0.014084507042253471
4755,Illinois,"Kankakee, IL",2019,2020,7.0,7.3,0.04285714285714283
4756,Illinois,"Kankakee, IL",2020,2021,7.3,6.9,-0.05479452054794513
4757,Illinois,"Kankakee, IL",2021,2022,6.9,6.9,0.0
4758,Illinois,"Kankakee, IL",2022,2023,6.9,6.7,-0.028985507246376836
4759,Illinois,"Kankakee, IL",2023,2024,6.7,6.7,0.0
4760,Florida,"St. Petersburg-Clearwater-Largo, FL Metropolitan Division",2007,2008,37.7,35.1,-0.06896551724137934
4761,Florida,"St. Petersburg-Clearwater-Largo, FL Metropolitan Division",2008,2009,35.1,30.5,-0.13105413105413108
4762,Florida,"St. Petersburg-Clearwater-Largo, FL Metropolitan Division",2009,2010,30.5,30.6,0.0032786885245902103
4763,Florida,"St. Petersburg-Clearwater-Largo, FL Metropolitan Division",2010,2011,30.6,30.7,0.0032679738562090806
4764,Florida,"St. Petersburg-Clearwater-Largo, FL Metropolitan Division",2011,2012,30.7,30.7,0.0
4765,Florida,"St. Petersburg-Clearwater-Largo, FL Metropolitan Division",2012,2013,30.7,31.4,0.02280130293159607
4766,Florida,"St. Petersburg-Clearwater-Largo, FL Metropolitan Division",2013,2014,31.4,31.7,0.009554140127388559
4767,Florida,"St. Petersburg-Clearwater-Largo, FL Metropolitan Division",2014,2015,31.7,33.0,0.0410094637223975
4768,Florida,"St. Petersburg-Clearwater-Largo, FL Metropolitan Division",2015,2016,33.0,33.4,0.012121212121212078
4769,Florida,"St. Petersburg-Clearwater-Largo, FL Metropolitan Division",2016,2017,33.4,33.4,0.0
4770,Florida,"St. Petersburg-Clearwater-Largo, FL Metropolitan Division",2017,2018,33.4,34.3,0.026946107784431097
4771,Florida,"St. Petersburg-Clearwater-Largo, FL Metropolitan Division",2018,2019,34.3,34.8,0.01457725947521866
4772,Florida,"St. Petersburg-Clearwater-Largo, FL Metropolitan Division",2019,2020,34.8,32.9,-0.05459770114942525
4773,Florida,"St. Petersburg-Clearwater-Largo, FL Metropolitan Division",2020,2021,32.9,34.7,0.054711246200608035
4774,Florida,"St. Petersburg-Clearwater-Largo, FL Metropolitan Division",2021,2022,34.7,36.0,0.03746397694524487
4775,Florida,"St. Petersburg-Clearwater-Largo, FL Metropolitan Division",2022,2023,36.0,36.7,0.019444444444444525
4776,Florida,"St. Petersburg-Clearwater-Largo, FL Metropolitan Division",2023,2024,36.7,36.1,-0.01634877384196189
4777,Missouri,"Kansas City, MO-KS",2007,2008,81.2,78.6,-0.032019704433497644
4778,Missouri,"Kansas City, MO-KS",2008,2009,78.6,71.6,-0.089058524173028
4779,Missouri,"Kansas City, MO-KS",2009,2010,71.6,73.6,0.02793296089385475
4780,Missouri,"Kansas City, MO-KS",2010,2011,73.6,72.8,-0.010869565217391266
4781,Missouri,"Kansas City, MO-KS",2011,2012,72.8,70.4,-0.03296703296703285
4782,Missouri,"Kansas City, MO-KS",2012,2013,70.4,72.7,0.0326704545454545
4783,Missouri,"Kansas City, MO-KS",2013,2014,72.7,76.4,0.05089408528198078
4784,Missouri,"Kansas City, MO-KS",2014,2015,76.4,79.6,0.04188481675392655
4785,Missouri,"Kansas City, MO-KS",2015,2016,79.6,80.3,0.008793969849246267
4786,Missouri,"Kansas City, MO-KS",2016,2017,80.3,79.5,-0.009962640099626366
4787,Missouri,"Kansas City, MO-KS",2017,2018,79.5,81.1,0.020125786163521942
4788,Missouri,"Kansas City, MO-KS",2018,2019,81.1,82.4,0.016029593094944655
4789,Missouri,"Kansas City, MO-KS",2019,2020,82.4,81.1,-0.01577669902912635
4790,Missouri,"Kansas City, MO-KS",2020,2021,81.1,82.8,0.02096177558569671
4791,Missouri,"Kansas City, MO-KS",2021,2022,82.8,88.0,0.0628019323671498
4792,Missouri,"Kansas City, MO-KS",2022,2023,88.0,90.8,0.03181818181818179
4793,Missouri,"Kansas City, MO-KS",2023,2024,90.8,91.0,0.002202643171806199
4794,Wisconsin,"Eau Claire, WI",2007,2008,11.1,10.6,-0.04504504504504505
4795,Wisconsin,"Eau Claire, WI",2008,2009,10.6,9.8,-0.07547169811320745
4796,Wisconsin,"Eau Claire, WI",2009,2010,9.8,10.3,0.0510204081632653
4797,Wisconsin,"Eau Claire, WI",2010,2011,10.3,10.3,0.0
4798,Wisconsin,"Eau Claire, WI",2011,2012,10.3,10.5,0.01941747572815527
4799,Wisconsin,"Eau Claire, WI",2012,2013,10.5,10.4,-0.00952380952380949
4800,Wisconsin,"Eau Claire, WI",2013,2014,10.4,10.6,0.019230769230769162
4801,Wisconsin,"Eau Claire, WI",2014,2015,10.6,10.5,-0.00943396226415091
4802,Wisconsin,"Eau Claire, WI",2015,2016,10.5,10.4,-0.00952380952380949
4803,Wisconsin,"Eau Claire, WI",2016,2017,10.4,10.8,0.03846153846153849
4804,Wisconsin,"Eau Claire, WI",2017,2018,10.8,11.0,0.01851851851851845
4805,Wisconsin,"Eau Claire, WI",2018,2019,11.0,10.8,-0.01818181818181812
4806,Wisconsin,"Eau Claire, WI",2019,2020,10.8,10.6,-0.018518518518518615
4807,Wisconsin,"Eau Claire, WI",2020,2021,10.6,10.9,0.028301886792452897
4808,Wisconsin,"Eau Claire, WI",2021,2022,10.9,11.2,0.027522935779816415
4809,Wisconsin,"Eau Claire, WI",2022,2023,11.2,10.6,-0.05357142857142854
4810,Wisconsin,"Eau Claire, WI",2023,2024,10.6,10.7,0.00943396226415091
4811,Oklahoma,"Lawton, OK",2007,2008,3.9,3.7,-0.05128205128205122
4812,Oklahoma,"Lawton, OK",2008,2009,3.7,3.7,0.0
4813,Oklahoma,"Lawton, OK",2009,2010,3.7,3.8,0.02702702702702693
4814,Oklahoma,"Lawton, OK",2010,2011,3.8,3.7,-0.02631578947368412
4815,Oklahoma,"Lawton, OK",2011,2012,3.7,3.6,-0.02702702702702705
4816,Oklahoma,"Lawton, OK",2012,2013,3.6,3.7,0.0277777777777778
4817,Oklahoma,"Lawton, OK",2013,2014,3.7,3.7,0.0
4818,Oklahoma,"Lawton, OK",2014,2015,3.7,3.6,-0.02702702702702705
4819,Oklahoma,"Lawton, OK",2015,2016,3.6,3.7,0.0277777777777778
4820,Oklahoma,"Lawton, OK",2016,2017,3.7,3.6,-0.02702702702702705
4821,Oklahoma,"Lawton, OK",2017,2018,3.6,3.6,0.0
4822,Oklahoma,"Lawton, OK",2018,2019,3.6,3.6,0.0
4823,Oklahoma,"Lawton, OK",2019,2020,3.6,3.8,0.05555555555555548
4824,Oklahoma,"Lawton, OK",2020,2021,3.8,3.9,0.026315789473684237
4825,Oklahoma,"Lawton, OK",2021,2022,3.9,3.8,-0.025641025641025664
4826,Oklahoma,"Lawton, OK",2022,2023,3.8,4.0,0.052631578947368474
4827,Oklahoma,"Lawton, OK",2023,2024,4.0,3.9,-0.025000000000000022
4828,Illinois,"Rockford, IL",2007,2008,34.5,29.9,-0.1333333333333334
4829,Illinois,"Rockford, IL",2008,2009,29.9,26.3,-0.12040133779264207
4830,Illinois,"Rockford, IL",2009,2010,26.3,27.6,0.04942965779467683
4831,Illinois,"Rockford, IL",2010,2011,27.6,29.5,0.06884057971014487
4832,Illinois,"Rockford, IL",2011,2012,29.5,32.4,0.09830508474576266
4833,Illinois,"Rockford, IL",2012,2013,32.4,31.6,-0.02469135802469127
4834,Illinois,"Rockford, IL",2013,2014,31.6,32.2,0.018987341772151944
4835,Illinois,"Rockford, IL",2014,2015,32.2,31.9,-0.009316770186335536
4836,Illinois,"Rockford, IL",2015,2016,31.9,30.4,-0.047021943573667714
4837,Illinois,"Rockford, IL",2016,2017,30.4,32.9,0.08223684210526316
4838,Illinois,"Rockford, IL",2017,2018,32.9,33.8,0.02735562310030391
4839,Illinois,"Rockford, IL",2018,2019,33.8,31.0,-0.08284023668639046
4840,Illinois,"Rockford, IL",2019,2020,31.0,29.1,-0.06129032258064512
4841,Illinois,"Rockford, IL",2020,2021,29.1,27.2,-0.06529209621993134
4842,Illinois,"Rockford, IL",2021,2022,27.2,26.4,-0.02941176470588238
4843,Illinois,"Rockford, IL",2022,2023,26.4,25.1,-0.049242424242424136
4844,Illinois,"Rockford, IL",2023,2024,25.1,24.4,-0.027888446215139553
4845,Alabama,"Tuscaloosa, AL",2007,2008,16.0,15.0,-0.0625
4846,Alabama,"Tuscaloosa, AL",2008,2009,15.0,14.1,-0.060000000000000026
4847,Alabama,"Tuscaloosa, AL",2009,2010,14.1,13.2,-0.06382978723404258
4848,Alabama,"Tuscaloosa, AL",2010,2011,13.2,13.6,0.03030303030303033
4849,Alabama,"Tuscaloosa, AL",2011,2012,13.6,14.1,0.03676470588235294
4850,Alabama,"Tuscaloosa, AL",2012,2013,14.1,14.4,0.021276595744680903
4851,Alabama,"Tuscaloosa, AL",2013,2014,14.4,15.5,0.07638888888888887
4852,Alabama,"Tuscaloosa, AL",2014,2015,15.5,16.2,0.0451612903225806
4853,Alabama,"Tuscaloosa, AL",2015,2016,16.2,16.4,0.012345679012345635
4854,Alabama,"Tuscaloosa, AL",2016,2017,16.4,17.3,0.05487804878048794
4855,Alabama,"Tuscaloosa, AL",2017,2018,17.3,18.3,0.057803468208092484
4856,Alabama,"Tuscaloosa, AL",2018,2019,18.3,17.9,-0.021857923497267874
4857,Alabama,"Tuscaloosa, AL",2019,2020,17.9,18.1,0.01117318435754206
4858,Alabama,"Tuscaloosa, AL",2020,2021,18.1,17.7,-0.022099447513812272
4859,Alabama,"Tuscaloosa, AL",2021,2022,17.7,19.8,0.11864406779661026
4860,Alabama,"Tuscaloosa, AL",2022,2023,19.8,20.0,0.010101010101010065
4861,Alabama,"Tuscaloosa, AL",2023,2024,20.0,20.0,0.0
4862,Nebraska,"Lincoln, NE",2007,2008,15.3,14.5,-0.05228758169934645
4863,Nebraska,"Lincoln, NE",2008,2009,14.5,12.6,-0.1310344827586207
4864,Nebraska,"Lincoln, NE",2009,2010,12.6,12.6,0.0
4865,Nebraska,"Lincoln, NE",2010,2011,12.6,13.1,0.03968253968253968
4866,Nebraska,"Lincoln, NE",2011,2012,13.1,13.6,0.03816793893129771
4867,Nebraska,"Lincoln, NE",2012,2013,13.6,13.7,0.007352941176470562
4868,Nebraska,"Lincoln, NE",2013,2014,13.7,13.7,0.0
4869,Nebraska,"Lincoln, NE",2014,2015,13.7,13.8,0.007299270072992805
4870,Nebraska,"Lincoln, NE",2015,2016,13.8,13.5,-0.02173913043478266
4871,Nebraska,"Lincoln, NE",2016,2017,13.5,13.4,-0.007407407407407381
4872,Nebraska,"Lincoln, NE",2017,2018,13.4,13.5,0.007462686567164152
4873,Nebraska,"Lincoln, NE",2018,2019,13.5,13.4,-0.007407407407407381
4874,Nebraska,"Lincoln, NE",2019,2020,13.4,13.3,-0.007462686567164152
4875,Nebraska,"Lincoln, NE",2020,2021,13.3,14.0,0.05263157894736836
4876,Nebraska,"Lincoln, NE",2021,2022,14.0,14.8,0.0571428571428572
4877,Nebraska,"Lincoln, NE",2022,2023,14.8,15.2,0.02702702702702693
4878,Nebraska,"Lincoln, NE",2023,2024,15.2,14.7,-0.03289473684210526
4879,Arizona,"Phoenix-Mesa-Chandler, AZ",2007,2008,136.0,124.4,-0.08529411764705878
4880,Arizona,"Phoenix-Mesa-Chandler, AZ",2008,2009,124.4,112.9,-0.09244372990353697
4881,Arizona,"Phoenix-Mesa-Chandler, AZ",2009,2010,112.9,112.7,-0.0017714791851195998
4882,Arizona,"Phoenix-Mesa-Chandler, AZ",2010,2011,112.7,115.9,0.028393966282165065
4883,Arizona,"Phoenix-Mesa-Chandler, AZ",2011,2012,115.9,118.6,0.023295944779982643
4884,Arizona,"Phoenix-Mesa-Chandler, AZ",2012,2013,118.6,118.6,0.0
4885,Arizona,"Phoenix-Mesa-Chandler, AZ",2013,2014,118.6,120.5,0.016020236087689762
4886,Arizona,"Phoenix-Mesa-Chandler, AZ",2014,2015,120.5,122.7,0.018257261410788404
4887,Arizona,"Phoenix-Mesa-Chandler, AZ",2015,2016,122.7,122.2,-0.004074979625101874
4888,Arizona,"Phoenix-Mesa-Chandler, AZ",2016,2017,122.2,127.2,0.0409165302782324
4889,Arizona,"Phoenix-Mesa-Chandler, AZ",2017,2018,127.2,131.2,0.031446540880503034
4890,Arizona,"Phoenix-Mesa-Chandler, AZ",2018,2019,131.2,136.5,0.040396341463414726
4891,Arizona,"Phoenix-Mesa-Chandler, AZ",2019,2020,136.5,136.8,0.002197802197802281
4892,Arizona,"Phoenix-Mesa-Chandler, AZ",2020,2021,136.8,143.3,0.04751461988304093
4893,Arizona,"Phoenix-Mesa-Chandler, AZ",2021,2022,143.3,151.8,0.05931612002791346
4894,Arizona,"Phoenix-Mesa-Chandler, AZ",2022,2023,151.8,148.9,-0.019104084321475662
4895,Arizona,"Phoenix-Mesa-Chandler, AZ",2023,2024,148.9,149.9,0.006715916722632639
4896,Maryland,"Lexington Park, MD",2007,2008,1.4,1.2,-0.14285714285714282
4897,Maryland,"Lexington Park, MD",2008,2009,1.2,1.0,-0.16666666666666663
4898,Maryland,"Lexington Park, MD",2009,2010,1.0,1.1,0.10000000000000009
4899,Maryland,"Lexington Park, MD",2010,2011,1.1,1.0,-0.09090909090909098
4900,Maryland,"Lexington Park, MD",2011,2012,1.0,0.9,-0.09999999999999998
4901,Maryland,"Lexington Park, MD",2012,2013,0.9,0.8,-0.11111111111111108
4902,Maryland,"Lexington Park, MD",2013,2014,0.8,0.8,0.0
4903,Maryland,"Lexington Park, MD",2014,2015,0.8,0.8,0.0
4904,Maryland,"Lexington Park, MD",2015,2016,0.8,0.8,0.0
4905,Maryland,"Lexington Park, MD",2016,2017,0.8,0.9,0.12499999999999997
4906,Maryland,"Lexington Park, MD",2017,2018,0.9,0.8,-0.11111111111111108
4907,Maryland,"Lexington Park, MD",2018,2019,0.8,0.9,0.12499999999999997
4908,Maryland,"Lexington Park, MD",2019,2020,0.9,0.8,-0.11111111111111108
4909,Maryland,"Lexington Park, MD",2020,2021,0.8,0.8,0.0
4910,Maryland,"Lexington Park, MD",2021,2022,0.8,0.8,0.0
4911,Maryland,"Lexington Park, MD",2022,2023,0.8,0.9,0.12499999999999997
4912,Maryland,"Lexington Park, MD",2023,2024,0.9,0.9,0.0
4913,Texas,"Fort Worth-Arlington-Grapevine, TX Metropolitan Division",2007,2008,100.4,95.8,-0.04581673306772917
4914,Texas,"Fort Worth-Arlington-Grapevine, TX Metropolitan Division",2008,2009,95.8,86.4,-0.09812108559498947
4915,Texas,"Fort Worth-Arlington-Grapevine, TX Metropolitan Division",2009,2010,86.4,88.6,0.02546296296296283
4916,Texas,"Fort Worth-Arlington-Grapevine, TX Metropolitan Division",2010,2011,88.6,92.3,0.041760722347629835
4917,Texas,"Fort Worth-Arlington-Grapevine, TX Metropolitan Division",2011,2012,92.3,94.6,0.024918743228602352
4918,Texas,"Fort Worth-Arlington-Grapevine, TX Metropolitan Division",2012,2013,94.6,95.0,0.004228329809725219
4919,Texas,"Fort Worth-Arlington-Grapevine, TX Metropolitan Division",2013,2014,95.0,97.1,0.022105263157894676
4920,Texas,"Fort Worth-Arlington-Grapevine, TX Metropolitan Division",2014,2015,97.1,91.8,-0.05458290422245105
4921,Texas,"Fort Worth-Arlington-Grapevine, TX Metropolitan Division",2015,2016,91.8,91.5,-0.0032679738562091196
4922,Texas,"Fort Worth-Arlington-Grapevine, TX Metropolitan Division",2016,2017,91.5,95.5,0.04371584699453552
4923,Texas,"Fort Worth-Arlington-Grapevine, TX Metropolitan Division",2017,2018,95.5,99.9,0.04607329842931943
4924,Texas,"Fort Worth-Arlington-Grapevine, TX Metropolitan Division",2018,2019,99.9,102.6,0.02702702702702691
4925,Texas,"Fort Worth-Arlington-Grapevine, TX Metropolitan Division",2019,2020,102.6,99.3,-0.03216374269005846
4926,Texas,"Fort Worth-Arlington-Grapevine, TX Metropolitan Division",2020,2021,99.3,102.6,0.033232628398791514
4927,Texas,"Fort Worth-Arlington-Grapevine, TX Metropolitan Division",2021,2022,102.6,107.7,0.049707602339181374
4928,Texas,"Fort Worth-Arlington-Grapevine, TX Metropolitan Division",2022,2023,107.7,108.9,0.011142061281337073
4929,Texas,"Fort Worth-Arlington-Grapevine, TX Metropolitan Division",2023,2024,108.9,107.8,-0.010101010101010178
4930,Massachusetts,"Boston-Cambridge-Newton, MA-NH",2007,2008,194.1,186.5,-0.03915507470376092
4931,Massachusetts,"Boston-Cambridge-Newton, MA-NH",2008,2009,186.5,171.4,-0.08096514745308309
4932,Massachusetts,"Boston-Cambridge-Newton, MA-NH",2009,2010,171.4,173.5,0.012252042007001133
4933,Massachusetts,"Boston-Cambridge-Newton, MA-NH",2010,2011,173.5,172.7,-0.004610951008645598
4934,Massachusetts,"Boston-Cambridge-Newton, MA-NH",2011,2012,172.7,173.9,0.006948465547191761
4935,Massachusetts,"Boston-Cambridge-Newton, MA-NH",2012,2013,173.9,174.0,0.0005750431282345849
4936,Massachusetts,"Boston-Cambridge-Newton, MA-NH",2013,2014,174.0,173.0,-0.005747126436781609
4937,Massachusetts,"Boston-Cambridge-Newton, MA-NH",2014,2015,173.0,172.4,-0.003468208092485516
4938,Massachusetts,"Boston-Cambridge-Newton, MA-NH",2015,2016,172.4,171.5,-0.005220417633410706
4939,Massachusetts,"Boston-Cambridge-Newton, MA-NH",2016,2017,171.5,172.4,0.0052478134110787505
4940,Massachusetts,"Boston-Cambridge-Newton, MA-NH",2017,2018,172.4,174.0,0.009280742459396718
4941,Massachusetts,"Boston-Cambridge-Newton, MA-NH",2018,2019,174.0,174.6,0.003448275862068933
4942,Massachusetts,"Boston-Cambridge-Newton, MA-NH",2019,2020,174.6,165.1,-0.05441008018327606
4943,Massachusetts,"Boston-Cambridge-Newton, MA-NH",2020,2021,165.1,169.0,0.023622047244094523
4944,Massachusetts,"Boston-Cambridge-Newton, MA-NH",2021,2022,169.0,171.0,0.011834319526627219
4945,Massachusetts,"Boston-Cambridge-Newton, MA-NH",2022,2023,171.0,167.9,-0.018128654970760202
4946,Massachusetts,"Boston-Cambridge-Newton, MA-NH",2023,2024,167.9,163.6,-0.025610482430017935
4947,West Virginia,"Parkersburg-Vienna, WV",2007,2008,3.9,4.0,0.025641025641025664
4948,West Virginia,"Parkersburg-Vienna, WV",2008,2009,4.0,3.6,-0.09999999999999998
4949,West Virginia,"Parkersburg-Vienna, WV",2009,2010,3.6,3.3,-0.08333333333333341
4950,West Virginia,"Parkersburg-Vienna, WV",2010,2011,3.3,3.2,-0.030303030303030196
4951,West Virginia,"Parkersburg-Vienna, WV",2011,2012,3.2,3.3,0.03124999999999989
4952,West Virginia,"Parkersburg-Vienna, WV",2012,2013,3.3,3.1,-0.06060606060606053
4953,West Virginia,"Parkersburg-Vienna, WV",2013,2014,3.1,2.9,-0.06451612903225812
4954,West Virginia,"Parkersburg-Vienna, WV",2014,2015,2.9,2.8,-0.03448275862068969
4955,West Virginia,"Parkersburg-Vienna, WV",2015,2016,2.8,2.5,-0.10714285714285708
4956,West Virginia,"Parkersburg-Vienna, WV",2016,2017,2.5,2.5,0.0
4957,West Virginia,"Parkersburg-Vienna, WV",2017,2018,2.5,2.8,0.11999999999999993
4958,West Virginia,"Parkersburg-Vienna, WV",2018,2019,2.8,2.8,0.0
4959,West Virginia,"Parkersburg-Vienna, WV",2019,2020,2.8,2.6,-0.07142857142857134
4960,West Virginia,"Parkersburg-Vienna, WV",2020,2021,2.6,2.6,0.0
4961,West Virginia,"Parkersburg-Vienna, WV",2021,2022,2.6,2.9,0.11538461538461531
4962,West Virginia,"Parkersburg-Vienna, WV",2022,2023,2.9,3.0,0.03448275862068969
4963,West Virginia,"Parkersburg-Vienna, WV",2023,2024,3.0,2.9,-0.03333333333333336
4964,West Virginia,"Morgantown, WV",2007,2008,4.1,4.1,0.0
4965,West Virginia,"Morgantown, WV",2008,2009,4.1,3.7,-0.09756097560975598
4966,West Virginia,"Morgantown, WV",2009,2010,3.7,3.9,0.05405405405405398
4967,West Virginia,"Morgantown, WV",2010,2011,3.9,4.1,0.05128205128205122
4968,West Virginia,"Morgantown, WV",2011,2012,4.1,4.2,0.024390243902439157
4969,West Virginia,"Morgantown, WV",2012,2013,4.2,4.4,0.04761904761904766
4970,West Virginia,"Morgantown, WV",2013,2014,4.4,4.5,0.022727272727272645
4971,West Virginia,"Morgantown, WV",2014,2015,4.5,4.5,0.0
4972,West Virginia,"Morgantown, WV",2015,2016,4.5,4.6,0.022222222222222143
4973,West Virginia,"Morgantown, WV",2016,2017,4.6,4.5,-0.021739130434782532
4974,West Virginia,"Morgantown, WV",2017,2018,4.5,3.8,-0.15555555555555559
4975,West Virginia,"Morgantown, WV",2018,2019,3.8,3.6,-0.052631578947368356
4976,West Virginia,"Morgantown, WV",2019,2020,3.6,3.3,-0.08333333333333341
4977,West Virginia,"Morgantown, WV",2020,2021,3.3,3.4,0.03030303030303033
4978,West Virginia,"Morgantown, WV",2021,2022,3.4,2.3,-0.3235294117647059
4979,West Virginia,"Morgantown, WV",2022,2023,2.3,2.2,-0.043478260869565064
4980,West Virginia,"Morgantown, WV",2023,2024,2.2,2.0,-0.09090909090909098
4981,Idaho,"Boise City, ID",2007,2008,30.1,25.9,-0.13953488372093031
4982,Idaho,"Boise City, ID",2008,2009,25.9,22.7,-0.12355212355212353
4983,Idaho,"Boise City, ID",2009,2010,22.7,23.1,0.017621145374449435
4984,Idaho,"Boise City, ID",2010,2011,23.1,24.2,0.047619047619047526
4985,Idaho,"Boise City, ID",2011,2012,24.2,25.0,0.03305785123966945
4986,Idaho,"Boise City, ID",2012,2013,25.0,25.3,0.012000000000000028
4987,Idaho,"Boise City, ID",2013,2014,25.3,25.6,0.01185770750988145
4988,Idaho,"Boise City, ID",2014,2015,25.6,26.7,0.04296874999999992
4989,Idaho,"Boise City, ID",2015,2016,26.7,27.0,0.011235955056179803
4990,Idaho,"Boise City, ID",2016,2017,27.0,29.3,0.08518518518518521
4991,Idaho,"Boise City, ID",2017,2018,29.3,30.9,0.05460750853242313
4992,Idaho,"Boise City, ID",2018,2019,30.9,30.3,-0.019417475728155272
4993,Idaho,"Boise City, ID",2019,2020,30.3,30.7,0.013201320132013155
4994,Idaho,"Boise City, ID",2020,2021,30.7,31.2,0.016286644951140065
4995,Idaho,"Boise City, ID",2021,2022,31.2,31.6,0.01282051282051289
4996,Idaho,"Boise City, ID",2022,2023,31.6,31.0,-0.018987341772151944
4997,Idaho,"Boise City, ID",2023,2024,31.0,31.4,0.012903225806451568
4998,Arkansas,"Little Rock-North Little Rock-Conway, AR",2007,2008,24.9,24.1,-0.032128514056224786
4999,Arkansas,"Little Rock-North Little Rock-Conway, AR",2008,2009,24.1,20.9,-0.13278008298755198
5000,Arkansas,"Little Rock-North Little Rock-Conway, AR",2009,2010,20.9,19.9,-0.04784688995215311
5001,Arkansas,"Little Rock-North Little Rock-Conway, AR",2010,2011,19.9,19.8,-0.005025125628140597
5002,Arkansas,"Little Rock-North Little Rock-Conway, AR",2011,2012,19.8,19.7,-0.005050505050505122
5003,Arkansas,"Little Rock-North Little Rock-Conway, AR",2012,2013,19.7,19.7,0.0
5004,Arkansas,"Little Rock-North Little Rock-Conway, AR",2013,2014,19.7,20.4,0.035532994923857836
5005,Arkansas,"Little Rock-North Little Rock-Conway, AR",2014,2015,20.4,20.5,0.004901960784313796
5006,Arkansas,"Little Rock-North Little Rock-Conway, AR",2015,2016,20.5,20.3,-0.009756097560975575
5007,Arkansas,"Little Rock-North Little Rock-Conway, AR",2016,2017,20.3,20.3,0.0
5008,Arkansas,"Little Rock-North Little Rock-Conway, AR",2017,2018,20.3,21.5,0.0591133004926108
5009,Arkansas,"Little Rock-North Little Rock-Conway, AR",2018,2019,21.5,20.6,-0.04186046511627901
5010,Arkansas,"Little Rock-North Little Rock-Conway, AR",2019,2020,20.6,18.6,-0.0970873786407767
5011,Arkansas,"Little Rock-North Little Rock-Conway, AR",2020,2021,18.6,19.5,0.04838709677419347
5012,Arkansas,"Little Rock-North Little Rock-Conway, AR",2021,2022,19.5,20.1,0.030769230769230844
5013,Arkansas,"Little Rock-North Little Rock-Conway, AR",2022,2023,20.1,20.4,0.014925373134328216
5014,Arkansas,"Little Rock-North Little Rock-Conway, AR",2023,2024,20.4,21.5,0.05392156862745105
5015,California,"San Jose-Sunnyvale-Santa Clara, CA",2007,2008,161.3,157.9,-0.02107873527588348
5016,California,"San Jose-Sunnyvale-Santa Clara, CA",2008,2009,157.9,143.0,-0.0943635212159595
5017,California,"San Jose-Sunnyvale-Santa Clara, CA",2009,2010,143.0,145.1,0.014685314685314645
5018,California,"San Jose-Sunnyvale-Santa Clara, CA",2010,2011,145.1,144.0,-0.007580978635423807
5019,California,"San Jose-Sunnyvale-Santa Clara, CA",2011,2012,144.0,143.4,-0.004166666666666628
5020,California,"San Jose-Sunnyvale-Santa Clara, CA",2012,2013,143.4,143.0,-0.0027894002789400673
5021,California,"San Jose-Sunnyvale-Santa Clara, CA",2013,2014,143.0,141.7,-0.00909090909090917
5022,California,"San Jose-Sunnyvale-Santa Clara, CA",2014,2015,141.7,140.6,-0.007762879322512311
5023,California,"San Jose-Sunnyvale-Santa Clara, CA",2015,2016,140.6,138.3,-0.01635846372688466
5024,California,"San Jose-Sunnyvale-Santa Clara, CA",2016,2017,138.3,137.3,-0.0072306579898770785
5025,California,"San Jose-Sunnyvale-Santa Clara, CA",2017,2018,137.3,135.9,-0.010196649672250587
5026,California,"San Jose-Sunnyvale-Santa Clara, CA",2018,2019,135.9,130.3,-0.041206769683590834
5027,California,"San Jose-Sunnyvale-Santa Clara, CA",2019,2020,130.3,123.9,-0.049117421335379934
5028,California,"San Jose-Sunnyvale-Santa Clara, CA",2020,2021,123.9,129.5,0.0451977401129943
5029,California,"San Jose-Sunnyvale-Santa Clara, CA",2021,2022,129.5,133.5,0.03088803088803089
5030,California,"San Jose-Sunnyvale-Santa Clara, CA",2022,2023,133.5,128.2,-0.03970037453183529
5031,California,"San Jose-Sunnyvale-Santa Clara, CA",2023,2024,128.2,123.7,-0.03510140405616214
5032,Connecticut,"Norwich-New London-Willimantic, CT",2007,2008,16.1,15.7,-0.02484472049689454
5033,Connecticut,"Norwich-New London-Willimantic, CT",2008,2009,15.7,15.0,-0.04458598726114645
5034,Connecticut,"Norwich-New London-Willimantic, CT",2009,2010,15.0,14.9,-0.006666666666666643
5035,Connecticut,"Norwich-New London-Willimantic, CT",2010,2011,14.9,14.5,-0.02684563758389264
5036,Connecticut,"Norwich-New London-Willimantic, CT",2011,2012,14.5,14.6,0.006896551724137907
5037,Connecticut,"Norwich-New London-Willimantic, CT",2012,2013,14.6,14.7,0.006849315068493127
5038,Connecticut,"Norwich-New London-Willimantic, CT",2013,2014,14.7,15.0,0.020408163265306173
5039,Connecticut,"Norwich-New London-Willimantic, CT",2014,2015,15.0,16.0,0.06666666666666667
5040,Connecticut,"Norwich-New London-Willimantic, CT",2015,2016,16.0,16.7,0.043749999999999956
5041,Connecticut,"Norwich-New London-Willimantic, CT",2016,2017,16.7,17.5,0.04790419161676651
5042,Connecticut,"Norwich-New London-Willimantic, CT",2017,2018,17.5,17.4,-0.005714285714285796
5043,Connecticut,"Norwich-New London-Willimantic, CT",2018,2019,17.4,17.6,0.011494252873563383
5044,Connecticut,"Norwich-New London-Willimantic, CT",2019,2020,17.6,17.3,-0.017045454545454586
5045,Connecticut,"Norwich-New London-Willimantic, CT",2020,2021,17.3,17.9,0.03468208092485537
5046,Connecticut,"Norwich-New London-Willimantic, CT",2021,2022,17.9,19.3,0.07821229050279342
5047,Connecticut,"Norwich-New London-Willimantic, CT",2022,2023,19.3,20.7,0.07253886010362687
5048,Connecticut,"Norwich-New London-Willimantic, CT",2023,2024,20.7,21.5,0.038647342995169115
5049,Utah,"Provo-Orem-Lehi, UT",2007,2008,20.4,18.1,-0.11274509803921555
5050,Utah,"Provo-Orem-Lehi, UT",2008,2009,18.1,16.2,-0.10497237569060784
5051,Utah,"Provo-Orem-Lehi, UT",2009,2010,16.2,16.5,0.018518518518518563
5052,Utah,"Provo-Orem-Lehi, UT",2010,2011,16.5,16.7,0.012121212121212078
5053,Utah,"Provo-Orem-Lehi, UT",2011,2012,16.7,17.5,0.04790419161676651
5054,Utah,"Provo-Orem-Lehi, UT",2012,2013,17.5,18.4,0.051428571428571344
5055,Utah,"Provo-Orem-Lehi, UT",2013,2014,18.4,18.6,0.01086956521739146
5056,Utah,"Provo-Orem-Lehi, UT",2014,2015,18.6,18.3,-0.016129032258064554
5057,Utah,"Provo-Orem-Lehi, UT",2015,2016,18.3,18.6,0.01639344262295086
5058,Utah,"Provo-Orem-Lehi, UT",2016,2017,18.6,19.7,0.05913978494623644
5059,Utah,"Provo-Orem-Lehi, UT",2017,2018,19.7,20.5,0.0406091370558376
5060,Utah,"Provo-Orem-Lehi, UT",2018,2019,20.5,20.8,0.014634146341463448
5061,Utah,"Provo-Orem-Lehi, UT",2019,2020,20.8,20.9,0.004807692307692205
5062,Utah,"Provo-Orem-Lehi, UT",2020,2021,20.9,23.2,0.1100478468899522
5063,Utah,"Provo-Orem-Lehi, UT",2021,2022,23.2,24.4,0.051724137931034454
5064,Utah,"Provo-Orem-Lehi, UT",2022,2023,24.4,24.7,0.012295081967213144
5065,Utah,"Provo-Orem-Lehi, UT",2023,2024,24.7,25.0,0.01214574898785428
5066,Florida,"Tampa-St. Petersburg-Clearwater, FL",2007,2008,73.9,67.9,-0.08119079837618402
5067,Florida,"Tampa-St. Petersburg-Clearwater, FL",2008,2009,67.9,58.4,-0.13991163475699567
5068,Florida,"Tampa-St. Petersburg-Clearwater, FL",2009,2010,58.4,58.5,0.001712328767123312
5069,Florida,"Tampa-St. Petersburg-Clearwater, FL",2010,2011,58.5,59.1,0.01025641025641028
5070,Florida,"Tampa-St. Petersburg-Clearwater, FL",2011,2012,59.1,59.4,0.005076142131979647
5071,Florida,"Tampa-St. Petersburg-Clearwater, FL",2012,2013,59.4,61.0,0.02693602693602696
5072,Florida,"Tampa-St. Petersburg-Clearwater, FL",2013,2014,61.0,61.8,0.013114754098360609
5073,Florida,"Tampa-St. Petersburg-Clearwater, FL",2014,2015,61.8,63.6,0.02912621359223308
5074,Florida,"Tampa-St. Petersburg-Clearwater, FL",2015,2016,63.6,65.7,0.03301886792452832
5075,Florida,"Tampa-St. Petersburg-Clearwater, FL",2016,2017,65.7,67.0,0.01978691019786906
5076,Florida,"Tampa-St. Petersburg-Clearwater, FL",2017,2018,67.0,68.3,0.019402985074626823
5077,Florida,"Tampa-St. Petersburg-Clearwater, FL",2018,2019,68.3,69.7,0.020497803806735077
5078,Florida,"Tampa-St. Petersburg-Clearwater, FL",2019,2020,69.7,67.4,-0.0329985652797704
5079,Florida,"Tampa-St. Petersburg-Clearwater, FL",2020,2021,67.4,71.2,0.05637982195845693
5080,Florida,"Tampa-St. Petersburg-Clearwater, FL",2021,2022,71.2,74.3,0.04353932584269655
5081,Florida,"Tampa-St. Petersburg-Clearwater, FL",2022,2023,74.3,75.9,0.02153432032301492
5082,Florida,"Tampa-St. Petersburg-Clearwater, FL",2023,2024,75.9,76.6,0.009222661396574289
5083,North Carolina,"Asheville, NC",2007,2008,18.3,17.5,-0.043715846994535554
5084,North Carolina,"Asheville, NC",2008,2009,17.5,15.7,-0.1028571428571429
5085,North Carolina,"Asheville, NC",2009,2010,15.7,15.5,-0.012738853503184669
5086,North Carolina,"Asheville, NC",2010,2011,15.5,16.1,0.03870967741935493
5087,North Carolina,"Asheville, NC",2011,2012,16.1,16.3,0.012422360248447159
5088,North Carolina,"Asheville, NC",2012,2013,16.3,16.4,0.006134969325153243
5089,North Carolina,"Asheville, NC",2013,2014,16.4,16.9,0.030487804878048783
5090,North Carolina,"Asheville, NC",2014,2015,16.9,17.3,0.023668639053254566
5091,North Carolina,"Asheville, NC",2015,2016,17.3,17.9,0.03468208092485537
5092,North Carolina,"Asheville, NC",2016,2017,17.9,18.5,0.03351955307262578
5093,North Carolina,"Asheville, NC",2017,2018,18.5,19.6,0.05945945945945954
5094,North Carolina,"Asheville, NC",2018,2019,19.6,19.7,0.005102040816326422
5095,North Carolina,"Asheville, NC",2019,2020,19.7,18.5,-0.06091370558375631
5096,North Carolina,"Asheville, NC",2020,2021,18.5,19.5,0.05405405405405406
5097,North Carolina,"Asheville, NC",2021,2022,19.5,19.5,0.0
5098,North Carolina,"Asheville, NC",2022,2023,19.5,19.4,-0.005128205128205201
5099,North Carolina,"Asheville, NC",2023,2024,19.4,19.0,-0.020618556701030855
5100,Louisiana,"Baton Rouge, LA",2007,2008,27.4,26.8,-0.021897810218978027
5101,Louisiana,"Baton Rouge, LA",2008,2009,26.8,25.0,-0.06716417910447764
5102,Louisiana,"Baton Rouge, LA",2009,2010,25.0,25.7,0.027999999999999973
5103,Louisiana,"Baton Rouge, LA",2010,2011,25.7,27.0,0.05058365758754867
5104,Louisiana,"Baton Rouge, LA",2011,2012,27.0,27.6,0.022222222222222275
5105,Louisiana,"Baton Rouge, LA",2012,2013,27.6,28.6,0.036231884057971016
5106,Louisiana,"Baton Rouge, LA",2013,2014,28.6,29.9,0.04545454545454535
5107,Louisiana,"Baton Rouge, LA",2014,2015,29.9,30.1,0.006688963210702436
5108,Louisiana,"Baton Rouge, LA",2015,2016,30.1,29.9,-0.006644518272425343
5109,Louisiana,"Baton Rouge, LA",2016,2017,29.9,29.8,-0.0033444816053510994
5110,Louisiana,"Baton Rouge, LA",2017,2018,29.8,30.8,0.03355704697986577
5111,Louisiana,"Baton Rouge, LA",2018,2019,30.8,31.0,0.0064935064935064705
5112,Louisiana,"Baton Rouge, LA",2019,2020,31.0,28.9,-0.06774193548387102
5113,Louisiana,"Baton Rouge, LA",2020,2021,28.9,29.0,0.003460207612456797
5114,Louisiana,"Baton Rouge, LA",2021,2022,29.0,30.4,0.04827586206896547
5115,Louisiana,"Baton Rouge, LA",2022,2023,30.4,30.9,0.01644736842105263
5116,Louisiana,"Baton Rouge, LA",2023,2024,30.9,31.6,0.022653721682847988
5117,Florida,"Miami-Fort Lauderdale-West Palm Beach, FL",2007,2008,98.8,88.8,-0.10121457489878542
5118,Florida,"Miami-Fort Lauderdale-West Palm Beach, FL",2008,2009,88.8,77.8,-0.12387387387387387
5119,Florida,"Miami-Fort Lauderdale-West Palm Beach, FL",2009,2010,77.8,76.8,-0.012853470437017995
5120,Florida,"Miami-Fort Lauderdale-West Palm Beach, FL",2010,2011,76.8,77.5,0.00911458333333337
5121,Florida,"Miami-Fort Lauderdale-West Palm Beach, FL",2011,2012,77.5,77.7,0.0025806451612903594
5122,Florida,"Miami-Fort Lauderdale-West Palm Beach, FL",2012,2013,77.7,79.9,0.02831402831402835
5123,Florida,"Miami-Fort Lauderdale-West Palm Beach, FL",2013,2014,79.9,83.5,0.04505632040050055
5124,Florida,"Miami-Fort Lauderdale-West Palm Beach, FL",2014,2015,83.5,87.5,0.04790419161676647
5125,Florida,"Miami-Fort Lauderdale-West Palm Beach, FL",2015,2016,87.5,89.1,0.01828571428571422
5126,Florida,"Miami-Fort Lauderdale-West Palm Beach, FL",2016,2017,89.1,89.2,0.0011223344556678847
5127,Florida,"Miami-Fort Lauderdale-West Palm Beach, FL",2017,2018,89.2,91.2,0.02242152466367713
5128,Florida,"Miami-Fort Lauderdale-West Palm Beach, FL",2018,2019,91.2,92.5,0.014254385964912249
5129,Florida,"Miami-Fort Lauderdale-West Palm Beach, FL",2019,2020,92.5,88.8,-0.04000000000000003
5130,Florida,"Miami-Fort Lauderdale-West Palm Beach, FL",2020,2021,88.8,91.9,0.034909909909910004
5131,Florida,"Miami-Fort Lauderdale-West Palm Beach, FL",2021,2022,91.9,96.5,0.05005440696409134
5132,Florida,"Miami-Fort Lauderdale-West Palm Beach, FL",2022,2023,96.5,101.4,0.05077720207253892
5133,Florida,"Miami-Fort Lauderdale-West Palm Beach, FL",2023,2024,101.4,103.7,0.022682445759368806
5134,Alabama,"Florence-Muscle Shoals, AL",2007,2008,7.4,7.5,0.013513513513513466
5135,Alabama,"Florence-Muscle Shoals, AL",2008,2009,7.5,7.0,-0.06666666666666667
5136,Alabama,"Florence-Muscle Shoals, AL",2009,2010,7.0,7.5,0.07142857142857142
5137,Alabama,"Florence-Muscle Shoals, AL",2010,2011,7.5,8.2,0.09333333333333324
5138,Alabama,"Florence-Muscle Shoals, AL",2011,2012,8.2,8.9,0.08536585365853672
5139,Alabama,"Florence-Muscle Shoals, AL",2012,2013,8.9,9.6,0.07865168539325834
5140,Alabama,"Florence-Muscle Shoals, AL",2013,2014,9.6,9.3,-0.03124999999999989
5141,Alabama,"Florence-Muscle Shoals, AL",2014,2015,9.3,9.7,0.04301075268817189
5142,Alabama,"Florence-Muscle Shoals, AL",2015,2016,9.7,9.6,-0.010309278350515427
5143,Alabama,"Florence-Muscle Shoals, AL",2016,2017,9.6,9.4,-0.02083333333333326
5144,Alabama,"Florence-Muscle Shoals, AL",2017,2018,9.4,9.4,0.0
5145,Alabama,"Florence-Muscle Shoals, AL",2018,2019,9.4,8.7,-0.07446808510638309
5146,Alabama,"Florence-Muscle Shoals, AL",2019,2020,8.7,8.3,-0.04597701149425271
5147,Alabama,"Florence-Muscle Shoals, AL",2020,2021,8.3,8.2,-0.012048192771084508
5148,Alabama,"Florence-Muscle Shoals, AL",2021,2022,8.2,8.7,0.06097560975609757
5149,Alabama,"Florence-Muscle Shoals, AL",2022,2023,8.7,8.6,-0.011494252873563178
5150,Alabama,"Florence-Muscle Shoals, AL",2023,2024,8.6,8.8,0.023255813953488497
5151,Wisconsin,"Sheboygan, WI",2007,2008,23.2,21.7,-0.06465517241379311
5152,Wisconsin,"Sheboygan, WI",2008,2009,21.7,19.2,-0.1152073732718894
5153,Wisconsin,"Sheboygan, WI",2009,2010,19.2,19.3,0.005208333333333408
5154,Wisconsin,"Sheboygan, WI",2010,2011,19.3,19.2,-0.00518134715025914
5155,Wisconsin,"Sheboygan, WI",2011,2012,19.2,19.7,0.026041666666666668
5156,Wisconsin,"Sheboygan, WI",2012,2013,19.7,20.8,0.05583756345177673
5157,Wisconsin,"Sheboygan, WI",2013,2014,20.8,21.4,0.028846153846153744
5158,Wisconsin,"Sheboygan, WI",2014,2015,21.4,21.5,0.004672897196261749
5159,Wisconsin,"Sheboygan, WI",2015,2016,21.5,21.8,0.013953488372093056
5160,Wisconsin,"Sheboygan, WI",2016,2017,21.8,22.5,0.03211009174311923
5161,Wisconsin,"Sheboygan, WI",2017,2018,22.5,22.8,0.013333333333333365
5162,Wisconsin,"Sheboygan, WI",2018,2019,22.8,22.1,-0.03070175438596488
5163,Wisconsin,"Sheboygan, WI",2019,2020,22.1,20.9,-0.05429864253393678
5164,Wisconsin,"Sheboygan, WI",2020,2021,20.9,21.7,0.03827751196172252
5165,Wisconsin,"Sheboygan, WI",2021,2022,21.7,22.0,0.013824884792626762
5166,Wisconsin,"Sheboygan, WI",2022,2023,22.0,21.7,-0.013636363636363669
5167,Wisconsin,"Sheboygan, WI",2023,2024,21.7,21.7,0.0
5168,Indiana,"Muncie, IN",2007,2008,5.3,4.5,-0.15094339622641506
5169,Indiana,"Muncie, IN",2008,2009,4.5,3.8,-0.15555555555555559
5170,Indiana,"Muncie, IN",2009,2010,3.8,3.5,-0.07894736842105259
5171,Indiana,"Muncie, IN",2010,2011,3.5,3.9,0.11428571428571425
5172,Indiana,"Muncie, IN",2011,2012,3.9,4.2,0.076923076923077
5173,Indiana,"Muncie, IN",2012,2013,4.2,4.2,0.0
5174,Indiana,"Muncie, IN",2013,2014,4.2,4.3,0.023809523809523725
5175,Indiana,"Muncie, IN",2014,2015,4.3,4.4,0.023255813953488497
5176,Indiana,"Muncie, IN",2015,2016,4.4,4.4,0.0
5177,Indiana,"Muncie, IN",2016,2017,4.4,4.3,-0.022727272727272846
5178,Indiana,"Muncie, IN",2017,2018,4.3,4.2,-0.023255813953488292
5179,Indiana,"Muncie, IN",2018,2019,4.2,3.9,-0.0714285714285715
5180,Indiana,"Muncie, IN",2019,2020,3.9,3.4,-0.12820512820512822
5181,Indiana,"Muncie, IN",2020,2021,3.4,3.7,0.08823529411764713
5182,Indiana,"Muncie, IN",2021,2022,3.7,3.9,0.05405405405405398
5183,Indiana,"Muncie, IN",2022,2023,3.9,4.2,0.076923076923077
5184,Indiana,"Muncie, IN",2023,2024,4.2,4.0,-0.04761904761904766
5185,Arizona,"Flagstaff, AZ",2007,2008,3.2,3.3,0.03124999999999989
5186,Arizona,"Flagstaff, AZ",2008,2009,3.3,3.1,-0.06060606060606053
5187,Arizona,"Flagstaff, AZ",2009,2010,3.1,3.1,0.0
5188,Arizona,"Flagstaff, AZ",2010,2011,3.1,3.2,0.03225806451612906
5189,Arizona,"Flagstaff, AZ",2011,2012,3.2,3.5,0.09374999999999994
5190,Arizona,"Flagstaff, AZ",2012,2013,3.5,3.5,0.0
5191,Arizona,"Flagstaff, AZ",2013,2014,3.5,3.5,0.0
5192,Arizona,"Flagstaff, AZ",2014,2015,3.5,3.5,0.0
5193,Arizona,"Flagstaff, AZ",2015,2016,3.5,3.6,0.0285714285714286
5194,Arizona,"Flagstaff, AZ",2016,2017,3.6,3.5,-0.0277777777777778
5195,Arizona,"Flagstaff, AZ",2017,2018,3.5,3.8,0.08571428571428566
5196,Arizona,"Flagstaff, AZ",2018,2019,3.8,3.9,0.026315789473684237
5197,Arizona,"Flagstaff, AZ",2019,2020,3.9,3.2,-0.17948717948717943
5198,Arizona,"Flagstaff, AZ",2020,2021,3.2,3.3,0.03124999999999989
5199,Arizona,"Flagstaff, AZ",2021,2022,3.3,3.9,0.18181818181818185
5200,Arizona,"Flagstaff, AZ",2022,2023,3.9,3.9,0.0
5201,Arizona,"Flagstaff, AZ",2023,2024,3.9,4.1,0.05128205128205122
5202,Texas,"Dallas-Fort Worth-Arlington, TX",2007,2008,295.1,283.2,-0.04032531345306687
5203,Texas,"Dallas-Fort Worth-Arlington, TX",2008,2009,283.2,254.3,-0.10204802259886998
5204,Texas,"Dallas-Fort Worth-Arlington, TX",2009,2010,254.3,255.3,0.003932363350373574
5205,Texas,"Dallas-Fort Worth-Arlington, TX",2010,2011,255.3,260.4,0.01997649823736767
5206,Texas,"Dallas-Fort Worth-Arlington, TX",2011,2012,260.4,262.7,0.008832565284178232
5207,Texas,"Dallas-Fort Worth-Arlington, TX",2012,2013,262.7,259.9,-0.01065854586981352
5208,Texas,"Dallas-Fort Worth-Arlington, TX",2013,2014,259.9,264.8,0.018853405155829298
5209,Texas,"Dallas-Fort Worth-Arlington, TX",2014,2015,264.8,262.6,-0.008308157099697842
5210,Texas,"Dallas-Fort Worth-Arlington, TX",2015,2016,262.6,266.6,0.01523229246001523
5211,Texas,"Dallas-Fort Worth-Arlington, TX",2016,2017,266.6,273.7,0.02663165791447849
5212,Texas,"Dallas-Fort Worth-Arlington, TX",2017,2018,273.7,283.2,0.034709535988308365
5213,Texas,"Dallas-Fort Worth-Arlington, TX",2018,2019,283.2,290.4,0.025423728813559282
5214,Texas,"Dallas-Fort Worth-Arlington, TX",2019,2020,290.4,281.5,-0.030647382920110117
5215,Texas,"Dallas-Fort Worth-Arlington, TX",2020,2021,281.5,292.6,0.039431616341030276
5216,Texas,"Dallas-Fort Worth-Arlington, TX",2021,2022,292.6,303.7,0.037935748462064135
5217,Texas,"Dallas-Fort Worth-Arlington, TX",2022,2023,303.7,310.2,0.02140270003292723
5218,Texas,"Dallas-Fort Worth-Arlington, TX",2023,2024,310.2,311.9,0.005480335267569273
5219,Tennessee,"Memphis, TN-MS-AR",2007,2008,48.5,46.9,-0.03298969072164951
5220,Tennessee,"Memphis, TN-MS-AR",2008,2009,46.9,42.3,-0.09808102345415781
5221,Tennessee,"Memphis, TN-MS-AR",2009,2010,42.3,42.5,0.004728132387706923
5222,Tennessee,"Memphis, TN-MS-AR",2010,2011,42.5,41.4,-0.025882352941176506
5223,Tennessee,"Memphis, TN-MS-AR",2011,2012,41.4,41.9,0.012077294685990338
5224,Tennessee,"Memphis, TN-MS-AR",2012,2013,41.9,41.4,-0.011933174224343675
5225,Tennessee,"Memphis, TN-MS-AR",2013,2014,41.4,42.5,0.02657004830917878
5226,Tennessee,"Memphis, TN-MS-AR",2014,2015,42.5,43.2,0.016470588235294185
5227,Tennessee,"Memphis, TN-MS-AR",2015,2016,43.2,42.9,-0.006944444444444543
5228,Tennessee,"Memphis, TN-MS-AR",2016,2017,42.9,43.0,0.0023310023310023644
5229,Tennessee,"Memphis, TN-MS-AR",2017,2018,43.0,44.4,0.032558139534883686
5230,Tennessee,"Memphis, TN-MS-AR",2018,2019,44.4,45.2,0.018018018018018115
5231,Tennessee,"Memphis, TN-MS-AR",2019,2020,45.2,44.0,-0.026548672566371743
5232,Tennessee,"Memphis, TN-MS-AR",2020,2021,44.0,43.9,-0.002272727272727305
5233,Tennessee,"Memphis, TN-MS-AR",2021,2022,43.9,44.3,0.009111617312072861
5234,Tennessee,"Memphis, TN-MS-AR",2022,2023,44.3,42.1,-0.04966139954853264
5235,Tennessee,"Memphis, TN-MS-AR",2023,2024,42.1,40.9,-0.028503562945368238
5236,South Carolina,"Charleston-North Charleston, SC",2007,2008,23.3,22.2,-0.04721030042918461
5237,South Carolina,"Charleston-North Charleston, SC",2008,2009,22.2,20.7,-0.06756756756756757
5238,South Carolina,"Charleston-North Charleston, SC",2009,2010,20.7,21.2,0.024154589371980676
5239,South Carolina,"Charleston-North Charleston, SC",2010,2011,21.2,23.3,0.09905660377358498
5240,South Carolina,"Charleston-North Charleston, SC",2011,2012,23.3,23.9,0.025751072961373297
5241,South Carolina,"Charleston-North Charleston, SC",2012,2013,23.9,24.3,0.016736401673640256
5242,South Carolina,"Charleston-North Charleston, SC",2013,2014,24.3,25.2,0.03703703703703698
5243,South Carolina,"Charleston-North Charleston, SC",2014,2015,25.2,25.7,0.01984126984126984
5244,South Carolina,"Charleston-North Charleston, SC",2015,2016,25.7,26.0,0.01167315175097279
5245,South Carolina,"Charleston-North Charleston, SC",2016,2017,26.0,26.8,0.030769230769230795
5246,South Carolina,"Charleston-North Charleston, SC",2017,2018,26.8,29.7,0.10820895522388053
5247,South Carolina,"Charleston-North Charleston, SC",2018,2019,29.7,29.8,0.003367003367003415
5248,South Carolina,"Charleston-North Charleston, SC",2019,2020,29.8,28.0,-0.06040268456375841
5249,South Carolina,"Charleston-North Charleston, SC",2020,2021,28.0,28.9,0.03214285714285709
5250,South Carolina,"Charleston-North Charleston, SC",2021,2022,28.9,31.4,0.08650519031141869
5251,South Carolina,"Charleston-North Charleston, SC",2022,2023,31.4,34.1,0.08598726114649691
5252,South Carolina,"Charleston-North Charleston, SC",2023,2024,34.1,35.0,0.0263929618768328
5253,Kentucky,"Elizabethtown, KY",2007,2008,6.3,5.6,-0.11111111111111115
5254,Kentucky,"Elizabethtown, KY",2008,2009,5.6,4.8,-0.14285714285714282
5255,Kentucky,"Elizabethtown, KY",2009,2010,4.8,5.3,0.10416666666666667
5256,Kentucky,"Elizabethtown, KY",2010,2011,5.3,5.5,0.03773584905660381
5257,Kentucky,"Elizabethtown, KY",2011,2012,5.5,6.2,0.12727272727272732
5258,Kentucky,"Elizabethtown, KY",2012,2013,6.2,6.3,0.016129032258064457
5259,Kentucky,"Elizabethtown, KY",2013,2014,6.3,6.8,0.07936507936507936
5260,Kentucky,"Elizabethtown, KY",2014,2015,6.8,7.9,0.16176470588235303
5261,Kentucky,"Elizabethtown, KY",2015,2016,7.9,7.8,-0.012658227848101333
5262,Kentucky,"Elizabethtown, KY",2016,2017,7.8,7.7,-0.012820512820512775
5263,Kentucky,"Elizabethtown, KY",2017,2018,7.7,7.8,0.012987012987012941
5264,Kentucky,"Elizabethtown, KY",2018,2019,7.8,7.7,-0.012820512820512775
5265,Kentucky,"Elizabethtown, KY",2019,2020,7.7,7.2,-0.06493506493506493
5266,Kentucky,"Elizabethtown, KY",2020,2021,7.2,7.3,0.01388888888888884
5267,Kentucky,"Elizabethtown, KY",2021,2022,7.3,7.7,0.05479452054794526
5268,Kentucky,"Elizabethtown, KY",2022,2023,7.7,9.2,0.19480519480519468
5269,Kentucky,"Elizabethtown, KY",2023,2024,9.2,9.3,0.01086956521739146
5270,Michigan,"Grand Rapids-Wyoming-Kentwood, MI",2007,2008,105.4,96.1,-0.08823529411764716
5271,Michigan,"Grand Rapids-Wyoming-Kentwood, MI",2008,2009,96.1,84.9,-0.1165452653485951
5272,Michigan,"Grand Rapids-Wyoming-Kentwood, MI",2009,2010,84.9,89.1,0.04946996466431082
5273,Michigan,"Grand Rapids-Wyoming-Kentwood, MI",2010,2011,89.1,95.4,0.07070707070707084
5274,Michigan,"Grand Rapids-Wyoming-Kentwood, MI",2011,2012,95.4,99.3,0.040880503144653996
5275,Michigan,"Grand Rapids-Wyoming-Kentwood, MI",2012,2013,99.3,104.3,0.050352467270896276
5276,Michigan,"Grand Rapids-Wyoming-Kentwood, MI",2013,2014,104.3,109.0,0.04506232023010549
5277,Michigan,"Grand Rapids-Wyoming-Kentwood, MI",2014,2015,109.0,114.7,0.0522935779816514
5278,Michigan,"Grand Rapids-Wyoming-Kentwood, MI",2015,2016,114.7,117.5,0.024411508282476
5279,Michigan,"Grand Rapids-Wyoming-Kentwood, MI",2016,2017,117.5,120.2,0.022978723404255344
5280,Michigan,"Grand Rapids-Wyoming-Kentwood, MI",2017,2018,120.2,123.4,0.026622296173044947
5281,Michigan,"Grand Rapids-Wyoming-Kentwood, MI",2018,2019,123.4,122.9,-0.004051863857374392
5282,Michigan,"Grand Rapids-Wyoming-Kentwood, MI",2019,2020,122.9,113.1,-0.07973962571196103
5283,Michigan,"Grand Rapids-Wyoming-Kentwood, MI",2020,2021,113.1,115.3,0.019451812555260857
5284,Michigan,"Grand Rapids-Wyoming-Kentwood, MI",2021,2022,115.3,118.5,0.02775368603642674
5285,Michigan,"Grand Rapids-Wyoming-Kentwood, MI",2022,2023,118.5,118.0,-0.004219409282700422
5286,Michigan,"Grand Rapids-Wyoming-Kentwood, MI",2023,2024,118.0,114.7,-0.02796610169491523
5287,California,"Sacramento-Roseville-Folsom, CA",2007,2008,39.8,37.0,-0.07035175879396978
5288,California,"Sacramento-Roseville-Folsom, CA",2008,2009,37.0,33.1,-0.10540540540540537
5289,California,"Sacramento-Roseville-Folsom, CA",2009,2010,33.1,32.8,-0.009063444108761459
5290,California,"Sacramento-Roseville-Folsom, CA",2010,2011,32.8,33.5,0.021341463414634235
5291,California,"Sacramento-Roseville-Folsom, CA",2011,2012,33.5,33.6,0.002985074626865714
5292,California,"Sacramento-Roseville-Folsom, CA",2012,2013,33.6,34.6,0.02976190476190476
5293,California,"Sacramento-Roseville-Folsom, CA",2013,2014,34.6,35.8,0.03468208092485537
5294,California,"Sacramento-Roseville-Folsom, CA",2014,2015,35.8,36.4,0.01675977653631289
5295,California,"Sacramento-Roseville-Folsom, CA",2015,2016,36.4,35.4,-0.027472527472527472
5296,California,"Sacramento-Roseville-Folsom, CA",2016,2017,35.4,36.1,0.01977401129943511
5297,California,"Sacramento-Roseville-Folsom, CA",2017,2018,36.1,36.4,0.008310249307479145
5298,California,"Sacramento-Roseville-Folsom, CA",2018,2019,36.4,37.4,0.027472527472527472
5299,California,"Sacramento-Roseville-Folsom, CA",2019,2020,37.4,35.8,-0.04278074866310164
5300,California,"Sacramento-Roseville-Folsom, CA",2020,2021,35.8,39.0,0.08938547486033528
5301,California,"Sacramento-Roseville-Folsom, CA",2021,2022,39.0,40.8,0.04615384615384608
5302,California,"Sacramento-Roseville-Folsom, CA",2022,2023,40.8,40.1,-0.017156862745097937
5303,California,"Sacramento-Roseville-Folsom, CA",2023,2024,40.1,40.0,-0.0024937655860349482
5304,California,"Santa Cruz-Watsonville, CA",2007,2008,5.7,4.9,-0.14035087719298242
5305,California,"Santa Cruz-Watsonville, CA",2008,2009,4.9,4.8,-0.02040816326530623
5306,California,"Santa Cruz-Watsonville, CA",2009,2010,4.8,5.3,0.10416666666666667
5307,California,"Santa Cruz-Watsonville, CA",2010,2011,5.3,4.9,-0.07547169811320745
5308,California,"Santa Cruz-Watsonville, CA",2011,2012,4.9,5.1,0.040816326530612096
5309,California,"Santa Cruz-Watsonville, CA",2012,2013,5.1,5.6,0.09803921568627452
5310,California,"Santa Cruz-Watsonville, CA",2013,2014,5.6,5.7,0.017857142857142953
5311,California,"Santa Cruz-Watsonville, CA",2014,2015,5.7,6.4,0.12280701754385967
5312,California,"Santa Cruz-Watsonville, CA",2015,2016,6.4,6.3,-0.015625000000000083
5313,California,"Santa Cruz-Watsonville, CA",2016,2017,6.3,6.6,0.047619047619047596
5314,California,"Santa Cruz-Watsonville, CA",2017,2018,6.6,6.9,0.04545454545454557
5315,California,"Santa Cruz-Watsonville, CA",2018,2019,6.9,7.0,0.014492753623188354
5316,California,"Santa Cruz-Watsonville, CA",2019,2020,7.0,7.1,0.014285714285714235
5317,California,"Santa Cruz-Watsonville, CA",2020,2021,7.1,7.6,0.07042253521126761
5318,California,"Santa Cruz-Watsonville, CA",2021,2022,7.6,7.8,0.026315789473684237
5319,California,"Santa Cruz-Watsonville, CA",2022,2023,7.8,8.1,0.03846153846153844
5320,California,"Santa Cruz-Watsonville, CA",2023,2024,8.1,8.2,0.012345679012345635
5321,Massachusetts,"Amherst Town-Northampton, MA",2007,2008,3.5,3.3,-0.0571428571428572
5322,Massachusetts,"Amherst Town-Northampton, MA",2008,2009,3.3,3.0,-0.09090909090909086
5323,Massachusetts,"Amherst Town-Northampton, MA",2009,2010,3.0,3.1,0.03333333333333336
5324,Massachusetts,"Amherst Town-Northampton, MA",2010,2011,3.1,3.0,-0.03225806451612906
5325,Massachusetts,"Amherst Town-Northampton, MA",2011,2012,3.0,3.1,0.03333333333333336
5326,Massachusetts,"Amherst Town-Northampton, MA",2012,2013,3.1,2.9,-0.06451612903225812
5327,Massachusetts,"Amherst Town-Northampton, MA",2013,2014,2.9,2.8,-0.03448275862068969
5328,Massachusetts,"Amherst Town-Northampton, MA",2014,2015,2.8,2.7,-0.03571428571428559
5329,Massachusetts,"Amherst Town-Northampton, MA",2015,2016,2.7,2.7,0.0
5330,Massachusetts,"Amherst Town-Northampton, MA",2016,2017,2.7,2.8,0.0370370370370369
5331,Massachusetts,"Amherst Town-Northampton, MA",2017,2018,2.8,2.9,0.03571428571428575
5332,Massachusetts,"Amherst Town-Northampton, MA",2018,2019,2.9,3.0,0.03448275862068969
5333,Massachusetts,"Amherst Town-Northampton, MA",2019,2020,3.0,2.9,-0.03333333333333336
5334,Massachusetts,"Amherst Town-Northampton, MA",2020,2021,2.9,3.0,0.03448275862068969
5335,Massachusetts,"Amherst Town-Northampton, MA",2021,2022,3.0,3.1,0.03333333333333336
5336,Massachusetts,"Amherst Town-Northampton, MA",2022,2023,3.1,2.8,-0.09677419354838718
5337,Massachusetts,"Amherst Town-Northampton, MA",2023,2024,2.8,2.7,-0.03571428571428559
5338,South Carolina,"Myrtle Beach-Conway-North Myrtle Beach, SC",2007,2008,4.2,3.6,-0.14285714285714288
5339,South Carolina,"Myrtle Beach-Conway-North Myrtle Beach, SC",2008,2009,3.6,3.0,-0.16666666666666669
5340,South Carolina,"Myrtle Beach-Conway-North Myrtle Beach, SC",2009,2010,3.0,3.0,0.0
5341,South Carolina,"Myrtle Beach-Conway-North Myrtle Beach, SC",2010,2011,3.0,3.0,0.0
5342,South Carolina,"Myrtle Beach-Conway-North Myrtle Beach, SC",2011,2012,3.0,3.1,0.03333333333333336
5343,South Carolina,"Myrtle Beach-Conway-North Myrtle Beach, SC",2012,2013,3.1,3.1,0.0
5344,South Carolina,"Myrtle Beach-Conway-North Myrtle Beach, SC",2013,2014,3.1,3.0,-0.03225806451612906
5345,South Carolina,"Myrtle Beach-Conway-North Myrtle Beach, SC",2014,2015,3.0,3.1,0.03333333333333336
5346,South Carolina,"Myrtle Beach-Conway-North Myrtle Beach, SC",2015,2016,3.1,3.1,0.0
5347,South Carolina,"Myrtle Beach-Conway-North Myrtle Beach, SC",2016,2017,3.1,3.3,0.06451612903225798
5348,South Carolina,"Myrtle Beach-Conway-North Myrtle Beach, SC",2017,2018,3.3,3.4,0.03030303030303033
5349,South Carolina,"Myrtle Beach-Conway-North Myrtle Beach, SC",2018,2019,3.4,3.2,-0.05882352941176463
5350,South Carolina,"Myrtle Beach-Conway-North Myrtle Beach, SC",2019,2020,3.2,3.1,-0.03125000000000003
5351,South Carolina,"Myrtle Beach-Conway-North Myrtle Beach, SC",2020,2021,3.1,3.5,0.1290322580645161
5352,South Carolina,"Myrtle Beach-Conway-North Myrtle Beach, SC",2021,2022,3.5,3.6,0.0285714285714286
5353,South Carolina,"Myrtle Beach-Conway-North Myrtle Beach, SC",2022,2023,3.6,3.5,-0.0277777777777778
5354,South Carolina,"Myrtle Beach-Conway-North Myrtle Beach, SC",2023,2024,3.5,3.5,0.0
5355,California,"Salinas, CA",2007,2008,6.2,6.1,-0.016129032258064602
5356,California,"Salinas, CA",2008,2009,6.1,5.1,-0.1639344262295082
5357,California,"Salinas, CA",2009,2010,5.1,5.3,0.03921568627450984
5358,California,"Salinas, CA",2010,2011,5.3,5.2,-0.01886792452830182
5359,California,"Salinas, CA",2011,2012,5.2,5.0,-0.03846153846153849
5360,California,"Salinas, CA",2012,2013,5.0,5.0,0.0
5361,California,"Salinas, CA",2013,2014,5.0,5.3,0.05999999999999996
5362,California,"Salinas, CA",2014,2015,5.3,5.1,-0.03773584905660381
5363,California,"Salinas, CA",2015,2016,5.1,5.1,0.0
5364,California,"Salinas, CA",2016,2017,5.1,5.2,0.01960784313725501
5365,California,"Salinas, CA",2017,2018,5.2,5.2,0.0
5366,California,"Salinas, CA",2018,2019,5.2,4.9,-0.057692307692307654
5367,California,"Salinas, CA",2019,2020,4.9,4.5,-0.08163265306122455
5368,California,"Salinas, CA",2020,2021,4.5,4.8,0.06666666666666662
5369,California,"Salinas, CA",2021,2022,4.8,4.9,0.020833333333333447
5370,California,"Salinas, CA",2022,2023,4.9,4.7,-0.040816326530612276
5371,California,"Salinas, CA",2023,2024,4.7,4.9,0.042553191489361736
5372,Washington,"Spokane-Spokane Valley, WA",2007,2008,19.9,18.3,-0.08040201005025116
5373,Washington,"Spokane-Spokane Valley, WA",2008,2009,18.3,15.3,-0.16393442622950818
5374,Washington,"Spokane-Spokane Valley, WA",2009,2010,15.3,15.4,0.006535947712418277
5375,Washington,"Spokane-Spokane Valley, WA",2010,2011,15.4,15.7,0.01948051948051941
5376,Washington,"Spokane-Spokane Valley, WA",2011,2012,15.7,16.2,0.03184713375796178
5377,Washington,"Spokane-Spokane Valley, WA",2012,2013,16.2,16.4,0.012345679012345635
5378,Washington,"Spokane-Spokane Valley, WA",2013,2014,16.4,16.7,0.018292682926829312
5379,Washington,"Spokane-Spokane Valley, WA",2014,2015,16.7,16.6,-0.005988023952095681
5380,Washington,"Spokane-Spokane Valley, WA",2015,2016,16.6,16.7,0.00602409638554204
5381,Washington,"Spokane-Spokane Valley, WA",2016,2017,16.7,16.9,0.011976047904191574
5382,Washington,"Spokane-Spokane Valley, WA",2017,2018,16.9,17.6,0.041420118343195436
5383,Washington,"Spokane-Spokane Valley, WA",2018,2019,17.6,17.8,0.011363636363636322
5384,Washington,"Spokane-Spokane Valley, WA",2019,2020,17.8,16.4,-0.07865168539325855
5385,Washington,"Spokane-Spokane Valley, WA",2020,2021,16.4,17.3,0.05487804878048794
5386,Washington,"Spokane-Spokane Valley, WA",2021,2022,17.3,18.3,0.057803468208092484
5387,Washington,"Spokane-Spokane Valley, WA",2022,2023,18.3,17.8,-0.0273224043715847
5388,Washington,"Spokane-Spokane Valley, WA",2023,2024,17.8,17.3,-0.028089887640449437
5389,California,"Oakland-Fremont-Berkeley, CA Metropolitan Division",2007,2008,94.9,89.0,-0.062170706006322504
5390,California,"Oakland-Fremont-Berkeley, CA Metropolitan Division",2008,2009,89.0,80.8,-0.0921348314606742
5391,California,"Oakland-Fremont-Berkeley, CA Metropolitan Division",2009,2010,80.8,79.6,-0.014851485148514887
5392,California,"Oakland-Fremont-Berkeley, CA Metropolitan Division",2010,2011,79.6,80.4,0.010050251256281551
5393,California,"Oakland-Fremont-Berkeley, CA Metropolitan Division",2011,2012,80.4,80.2,-0.0024875621890547614
5394,California,"Oakland-Fremont-Berkeley, CA Metropolitan Division",2012,2013,80.2,81.6,0.017456359102244284
5395,California,"Oakland-Fremont-Berkeley, CA Metropolitan Division",2013,2014,81.6,86.2,0.05637254901960795
5396,California,"Oakland-Fremont-Berkeley, CA Metropolitan Division",2014,2015,86.2,89.7,0.04060324825986079
5397,California,"Oakland-Fremont-Berkeley, CA Metropolitan Division",2015,2016,89.7,92.5,0.031215161649944225
5398,California,"Oakland-Fremont-Berkeley, CA Metropolitan Division",2016,2017,92.5,98.4,0.06378378378378384
5399,California,"Oakland-Fremont-Berkeley, CA Metropolitan Division",2017,2018,98.4,101.8,0.034552845528455195
5400,California,"Oakland-Fremont-Berkeley, CA Metropolitan Division",2018,2019,101.8,101.9,0.0009823182711199267
5401,California,"Oakland-Fremont-Berkeley, CA Metropolitan Division",2019,2020,101.9,102.1,0.0019627085377820278
5402,California,"Oakland-Fremont-Berkeley, CA Metropolitan Division",2020,2021,102.1,109.9,0.0763956904995104
5403,California,"Oakland-Fremont-Berkeley, CA Metropolitan Division",2021,2022,109.9,113.2,0.030027297543221084
5404,California,"Oakland-Fremont-Berkeley, CA Metropolitan Division",2022,2023,113.2,108.0,-0.045936395759717336
5405,California,"Oakland-Fremont-Berkeley, CA Metropolitan Division",2023,2024,108.0,100.8,-0.0666666666666667
5406,North Dakota,"Fargo, ND-MN",2007,2008,9.5,9.7,0.021052631578947295
5407,North Dakota,"Fargo, ND-MN",2008,2009,9.7,8.6,-0.11340206185567007
5408,North Dakota,"Fargo, ND-MN",2009,2010,8.6,9.0,0.046511627906976785
5409,North Dakota,"Fargo, ND-MN",2010,2011,9.0,9.9,0.10000000000000003
5410,North Dakota,"Fargo, ND-MN",2011,2012,9.9,10.0,0.010101010101010065
5411,North Dakota,"Fargo, ND-MN",2012,2013,10.0,10.2,0.019999999999999928
5412,North Dakota,"Fargo, ND-MN",2013,2014,10.2,10.3,0.009803921568627591
5413,North Dakota,"Fargo, ND-MN",2014,2015,10.3,9.9,-0.03883495145631071
5414,North Dakota,"Fargo, ND-MN",2015,2016,9.9,9.6,-0.030303030303030373
5415,North Dakota,"Fargo, ND-MN",2016,2017,9.6,10.0,0.041666666666666706
5416,North Dakota,"Fargo, ND-MN",2017,2018,10.0,10.6,0.05999999999999996
5417,North Dakota,"Fargo, ND-MN",2018,2019,10.6,10.3,-0.02830188679245273
5418,North Dakota,"Fargo, ND-MN",2019,2020,10.3,10.2,-0.009708737864077808
5419,North Dakota,"Fargo, ND-MN",2020,2021,10.2,10.9,0.06862745098039226
5420,North Dakota,"Fargo, ND-MN",2021,2022,10.9,11.8,0.08256880733944957
5421,North Dakota,"Fargo, ND-MN",2022,2023,11.8,12.2,0.03389830508474564
5422,North Dakota,"Fargo, ND-MN",2023,2024,12.2,12.3,0.008196721311475526
5423,Pennsylvania,"Lancaster, PA",2007,2008,42.6,40.0,-0.06103286384976529
5424,Pennsylvania,"Lancaster, PA",2008,2009,40.0,36.4,-0.09000000000000004
5425,Pennsylvania,"Lancaster, PA",2009,2010,36.4,35.8,-0.016483516483516522
5426,Pennsylvania,"Lancaster, PA",2010,2011,35.8,35.9,0.002793296089385515
5427,Pennsylvania,"Lancaster, PA",2011,2012,35.9,35.6,-0.008356545961002706
5428,Pennsylvania,"Lancaster, PA",2012,2013,35.6,35.8,0.005617977528089768
5429,Pennsylvania,"Lancaster, PA",2013,2014,35.8,36.2,0.01117318435754206
5430,Pennsylvania,"Lancaster, PA",2014,2015,36.2,36.5,0.00828729281767948
5431,Pennsylvania,"Lancaster, PA",2015,2016,36.5,36.7,0.005479452054794599
5432,Pennsylvania,"Lancaster, PA",2016,2017,36.7,37.6,0.02452316076294274
5433,Pennsylvania,"Lancaster, PA",2017,2018,37.6,37.7,0.002659574468085144
5434,Pennsylvania,"Lancaster, PA",2018,2019,37.7,37.2,-0.01326259946949602
5435,Pennsylvania,"Lancaster, PA",2019,2020,37.2,35.7,-0.04032258064516129
5436,Pennsylvania,"Lancaster, PA",2020,2021,35.7,37.6,0.05322128851540612
5437,Pennsylvania,"Lancaster, PA",2021,2022,37.6,38.4,0.021276595744680774
5438,Pennsylvania,"Lancaster, PA",2022,2023,38.4,37.4,-0.026041666666666668
5439,Pennsylvania,"Lancaster, PA",2023,2024,37.4,36.7,-0.01871657754010684
5440,West Virginia,"Wheeling, WV-OH",2007,2008,4.3,4.1,-0.046511627906976785
5441,West Virginia,"Wheeling, WV-OH",2008,2009,4.1,3.6,-0.12195121951219502
5442,West Virginia,"Wheeling, WV-OH",2009,2010,3.6,3.6,0.0
5443,West Virginia,"Wheeling, WV-OH",2010,2011,3.6,3.7,0.0277777777777778
5444,West Virginia,"Wheeling, WV-OH",2011,2012,3.7,3.3,-0.1081081081081082
5445,West Virginia,"Wheeling, WV-OH",2012,2013,3.3,3.2,-0.030303030303030196
5446,West Virginia,"Wheeling, WV-OH",2013,2014,3.2,3.1,-0.03125000000000003
5447,West Virginia,"Wheeling, WV-OH",2014,2015,3.1,3.1,0.0
5448,West Virginia,"Wheeling, WV-OH",2015,2016,3.1,3.0,-0.03225806451612906
5449,West Virginia,"Wheeling, WV-OH",2016,2017,3.0,2.9,-0.03333333333333336
5450,West Virginia,"Wheeling, WV-OH",2017,2018,2.9,2.9,0.0
5451,West Virginia,"Wheeling, WV-OH",2018,2019,2.9,3.0,0.03448275862068969
5452,West Virginia,"Wheeling, WV-OH",2019,2020,3.0,3.0,0.0
5453,West Virginia,"Wheeling, WV-OH",2020,2021,3.0,3.0,0.0
5454,West Virginia,"Wheeling, WV-OH",2021,2022,3.0,3.1,0.03333333333333336
5455,West Virginia,"Wheeling, WV-OH",2022,2023,3.1,3.0,-0.03225806451612906
5456,West Virginia,"Wheeling, WV-OH",2023,2024,3.0,3.0,0.0
5457,Tennessee,"Jackson, TN",2007,2008,14.6,13.5,-0.07534246575342464
5458,Tennessee,"Jackson, TN",2008,2009,13.5,11.9,-0.1185185185185185
5459,Tennessee,"Jackson, TN",2009,2010,11.9,11.7,-0.01680672268907572
5460,Tennessee,"Jackson, TN",2010,2011,11.7,12.0,0.025641025641025703
5461,Tennessee,"Jackson, TN",2011,2012,12.0,11.6,-0.03333333333333336
5462,Tennessee,"Jackson, TN",2012,2013,11.6,11.8,0.01724137931034492
5463,Tennessee,"Jackson, TN",2013,2014,11.8,12.0,0.01694915254237282
5464,Tennessee,"Jackson, TN",2014,2015,12.0,12.5,0.041666666666666664
5465,Tennessee,"Jackson, TN",2015,2016,12.5,12.9,0.03200000000000003
5466,Tennessee,"Jackson, TN",2016,2017,12.9,13.1,0.015503875968992192
5467,Tennessee,"Jackson, TN",2017,2018,13.1,13.3,0.015267175572519165
5468,Tennessee,"Jackson, TN",2018,2019,13.3,13.5,0.015037593984962351
5469,Tennessee,"Jackson, TN",2019,2020,13.5,13.4,-0.007407407407407381
5470,Tennessee,"Jackson, TN",2020,2021,13.4,14.6,0.08955223880597009
5471,Tennessee,"Jackson, TN",2021,2022,14.6,15.1,0.03424657534246575
5472,Tennessee,"Jackson, TN",2022,2023,15.1,14.9,-0.013245033112582735
5473,Tennessee,"Jackson, TN",2023,2024,14.9,15.0,0.00671140939597313
5474,Tennessee,"Cleveland, TN",2007,2008,8.9,8.1,-0.08988764044943828
5475,Tennessee,"Cleveland, TN",2008,2009,8.1,7.5,-0.07407407407407403
5476,Tennessee,"Cleveland, TN",2009,2010,7.5,8.0,0.06666666666666667
5477,Tennessee,"Cleveland, TN",2010,2011,8.0,8.2,0.02499999999999991
5478,Tennessee,"Cleveland, TN",2011,2012,8.2,8.8,0.07317073170731725
5479,Tennessee,"Cleveland, TN",2012,2013,8.8,9.2,0.04545454545454529
5480,Tennessee,"Cleveland, TN",2013,2014,9.2,8.8,-0.043478260869565064
5481,Tennessee,"Cleveland, TN",2014,2015,8.8,9.7,0.1022727272727271
5482,Tennessee,"Cleveland, TN",2015,2016,9.7,9.5,-0.020618556701030855
5483,Tennessee,"Cleveland, TN",2016,2017,9.5,9.4,-0.010526315789473648
5484,Tennessee,"Cleveland, TN",2017,2018,9.4,9.2,-0.021276595744680965
5485,Tennessee,"Cleveland, TN",2018,2019,9.2,8.9,-0.0326086956521738
5486,Tennessee,"Cleveland, TN",2019,2020,8.9,8.9,0.0
5487,Tennessee,"Cleveland, TN",2020,2021,8.9,9.0,0.011235955056179735
5488,Tennessee,"Cleveland, TN",2021,2022,9.0,8.7,-0.03333333333333341
5489,Tennessee,"Cleveland, TN",2022,2023,8.7,8.4,-0.03448275862068954
5490,Tennessee,"Cleveland, TN",2023,2024,8.4,7.8,-0.0714285714285715
5491,Tennessee,"Johnson City, TN",2007,2008,10.1,9.1,-0.09900990099009901
5492,Tennessee,"Johnson City, TN",2008,2009,9.1,7.9,-0.1318681318681318
5493,Tennessee,"Johnson City, TN",2009,2010,7.9,8.0,0.01265822784810122
5494,Tennessee,"Johnson City, TN",2010,2011,8.0,8.0,0.0
5495,Tennessee,"Johnson City, TN",2011,2012,8.0,7.7,-0.03749999999999998
5496,Tennessee,"Johnson City, TN",2012,2013,7.7,7.5,-0.025974025974025997
5497,Tennessee,"Johnson City, TN",2013,2014,7.5,7.7,0.02666666666666669
5498,Tennessee,"Johnson City, TN",2014,2015,7.7,7.8,0.012987012987012941
5499,Tennessee,"Johnson City, TN",2015,2016,7.8,7.7,-0.012820512820512775
5500,Tennessee,"Johnson City, TN",2016,2017,7.7,7.9,0.025974025974025997
5501,Tennessee,"Johnson City, TN",2017,2018,7.9,8.0,0.01265822784810122
5502,Tennessee,"Johnson City, TN",2018,2019,8.0,8.2,0.02499999999999991
5503,Tennessee,"Johnson City, TN",2019,2020,8.2,8.3,0.012195121951219686
5504,Tennessee,"Johnson City, TN",2020,2021,8.3,8.6,0.03614457831325288
5505,Tennessee,"Johnson City, TN",2021,2022,8.6,8.4,-0.023255813953488292
5506,Tennessee,"Johnson City, TN",2022,2023,8.4,8.5,0.011904761904761862
5507,Tennessee,"Johnson City, TN",2023,2024,8.5,8.4,-0.0117647058823529
5508,Montana,"Helena, MT",2007,2008,1.2,1.2,0.0
5509,Montana,"Helena, MT",2008,2009,1.2,1.1,-0.08333333333333323
5510,Montana,"Helena, MT",2009,2010,1.1,1.2,0.09090909090909079
5511,Montana,"Helena, MT",2010,2011,1.2,1.2,0.0
5512,Montana,"Helena, MT",2011,2012,1.2,1.3,0.08333333333333341
5513,Montana,"Helena, MT",2012,2013,1.3,1.2,-0.07692307692307698
5514,Montana,"Helena, MT",2013,2014,1.2,1.3,0.08333333333333341
5515,Montana,"Helena, MT",2014,2015,1.3,1.3,0.0
5516,Montana,"Helena, MT",2015,2016,1.3,1.3,0.0
5517,Montana,"Helena, MT",2016,2017,1.3,1.3,0.0
5518,Montana,"Helena, MT",2017,2018,1.3,1.4,0.07692307692307682
5519,Montana,"Helena, MT",2018,2019,1.4,1.4,0.0
5520,Montana,"Helena, MT",2019,2020,1.4,1.3,-0.07142857142857134
5521,Montana,"Helena, MT",2020,2021,1.3,1.3,0.0
5522,Montana,"Helena, MT",2021,2022,1.3,1.3,0.0
5523,Montana,"Helena, MT",2022,2023,1.3,1.5,0.1538461538461538
5524,Montana,"Helena, MT",2023,2024,1.5,1.4,-0.06666666666666672
5525,Montana,"Bozeman, MT",2007,2008,2.8,2.6,-0.07142857142857134
5526,Montana,"Bozeman, MT",2008,2009,2.6,2.4,-0.07692307692307698
5527,Montana,"Bozeman, MT",2009,2010,2.4,2.4,0.0
5528,Montana,"Bozeman, MT",2010,2011,2.4,2.5,0.041666666666666706
5529,Montana,"Bozeman, MT",2011,2012,2.5,2.7,0.08000000000000007
5530,Montana,"Bozeman, MT",2012,2013,2.7,2.9,0.07407407407407397
5531,Montana,"Bozeman, MT",2013,2014,2.9,3.0,0.03448275862068969
5532,Montana,"Bozeman, MT",2014,2015,3.0,3.2,0.06666666666666672
5533,Montana,"Bozeman, MT",2015,2016,3.2,3.4,0.06249999999999992
5534,Montana,"Bozeman, MT",2016,2017,3.4,3.5,0.02941176470588238
5535,Montana,"Bozeman, MT",2017,2018,3.5,3.6,0.0285714285714286
5536,Montana,"Bozeman, MT",2018,2019,3.6,3.7,0.0277777777777778
5537,Montana,"Bozeman, MT",2019,2020,3.7,3.8,0.02702702702702693
5538,Montana,"Bozeman, MT",2020,2021,3.8,4.0,0.052631578947368474
5539,Montana,"Bozeman, MT",2021,2022,4.0,4.0,0.0
5540,Montana,"Bozeman, MT",2022,2023,4.0,3.9,-0.025000000000000022
5541,Montana,"Bozeman, MT",2023,2024,3.9,3.6,-0.07692307692307689
5542,Arkansas,"Fort Smith, AR-OK",2007,2008,22.9,21.5,-0.06113537117903924
5543,Arkansas,"Fort Smith, AR-OK",2008,2009,21.5,18.5,-0.13953488372093023
5544,Arkansas,"Fort Smith, AR-OK",2009,2010,18.5,19.5,0.05405405405405406
5545,Arkansas,"Fort Smith, AR-OK",2010,2011,19.5,17.5,-0.10256410256410256
5546,Arkansas,"Fort Smith, AR-OK",2011,2012,17.5,16.3,-0.06857142857142853
5547,Arkansas,"Fort Smith, AR-OK",2012,2013,16.3,16.6,0.018404907975460166
5548,Arkansas,"Fort Smith, AR-OK",2013,2014,16.6,17.3,0.042168674698795136
5549,Arkansas,"Fort Smith, AR-OK",2014,2015,17.3,16.9,-0.023121387283237118
5550,Arkansas,"Fort Smith, AR-OK",2015,2016,16.9,17.0,0.005917159763313694
5551,Arkansas,"Fort Smith, AR-OK",2016,2017,17.0,16.9,-0.005882352941176554
5552,Arkansas,"Fort Smith, AR-OK",2017,2018,16.9,16.6,-0.017751479289940662
5553,Arkansas,"Fort Smith, AR-OK",2018,2019,16.6,16.3,-0.018072289156626547
5554,Arkansas,"Fort Smith, AR-OK",2019,2020,16.3,15.8,-0.03067484662576687
5555,Arkansas,"Fort Smith, AR-OK",2020,2021,15.8,16.6,0.050632911392405104
5556,Arkansas,"Fort Smith, AR-OK",2021,2022,16.6,17.5,0.05421686746987943
5557,Arkansas,"Fort Smith, AR-OK",2022,2023,17.5,18.0,0.02857142857142857
5558,Arkansas,"Fort Smith, AR-OK",2023,2024,18.0,18.1,0.005555555555555635
5559,Idaho,"Coeur d'Alene, ID",2007,2008,4.8,4.7,-0.02083333333333326
5560,Idaho,"Coeur d'Alene, ID",2008,2009,4.7,4.0,-0.14893617021276598
5561,Idaho,"Coeur d'Alene, ID",2009,2010,4.0,4.2,0.050000000000000044
5562,Idaho,"Coeur d'Alene, ID",2010,2011,4.2,4.4,0.04761904761904766
5563,Idaho,"Coeur d'Alene, ID",2011,2012,4.4,4.5,0.022727272727272645
5564,Idaho,"Coeur d'Alene, ID",2012,2013,4.5,5.1,0.13333333333333325
5565,Idaho,"Coeur d'Alene, ID",2013,2014,5.1,4.9,-0.039215686274509665
5566,Idaho,"Coeur d'Alene, ID",2014,2015,4.9,5.0,0.020408163265306048
5567,Idaho,"Coeur d'Alene, ID",2015,2016,5.0,5.0,0.0
5568,Idaho,"Coeur d'Alene, ID",2016,2017,5.0,4.8,-0.040000000000000036
5569,Idaho,"Coeur d'Alene, ID",2017,2018,4.8,4.9,0.020833333333333447
5570,Idaho,"Coeur d'Alene, ID",2018,2019,4.9,5.2,0.061224489795918324
5571,Idaho,"Coeur d'Alene, ID",2019,2020,5.2,5.1,-0.019230769230769332
5572,Idaho,"Coeur d'Alene, ID",2020,2021,5.1,5.3,0.03921568627450984
5573,Idaho,"Coeur d'Alene, ID",2021,2022,5.3,5.6,0.05660377358490563
5574,Idaho,"Coeur d'Alene, ID",2022,2023,5.6,5.6,0.0
5575,Idaho,"Coeur d'Alene, ID",2023,2024,5.6,5.3,-0.05357142857142854
5576,Michigan,"Jackson, MI",2007,2008,9.4,8.8,-0.0638297872340425
5577,Michigan,"Jackson, MI",2008,2009,8.8,7.2,-0.18181818181818185
5578,Michigan,"Jackson, MI",2009,2010,7.2,7.9,0.09722222222222224
5579,Michigan,"Jackson, MI",2010,2011,7.9,8.4,0.06329113924050632
5580,Michigan,"Jackson, MI",2011,2012,8.4,8.8,0.04761904761904766
5581,Michigan,"Jackson, MI",2012,2013,8.8,9.3,0.056818181818181816
5582,Michigan,"Jackson, MI",2013,2014,9.3,9.7,0.04301075268817189
5583,Michigan,"Jackson, MI",2014,2015,9.7,9.8,0.010309278350515611
5584,Michigan,"Jackson, MI",2015,2016,9.8,9.9,0.010204081632653024
5585,Michigan,"Jackson, MI",2016,2017,9.9,9.9,0.0
5586,Michigan,"Jackson, MI",2017,2018,9.9,10.0,0.010101010101010065
5587,Michigan,"Jackson, MI",2018,2019,10.0,9.9,-0.009999999999999964
5588,Michigan,"Jackson, MI",2019,2020,9.9,8.9,-0.10101010101010101
5589,Michigan,"Jackson, MI",2020,2021,8.9,9.1,0.02247191011235947
5590,Michigan,"Jackson, MI",2021,2022,9.1,9.6,0.054945054945054944
5591,Michigan,"Jackson, MI",2022,2023,9.6,9.5,-0.01041666666666663
5592,Michigan,"Jackson, MI",2023,2024,9.5,8.9,-0.06315789473684207
5593,Ohio,"Canton-Massillon, OH",2007,2008,30.9,28.8,-0.06796116504854362
5594,Ohio,"Canton-Massillon, OH",2008,2009,28.8,24.7,-0.14236111111111116
5595,Ohio,"Canton-Massillon, OH",2009,2010,24.7,25.7,0.04048582995951417
5596,Ohio,"Canton-Massillon, OH",2010,2011,25.7,26.7,0.038910505836575876
5597,Ohio,"Canton-Massillon, OH",2011,2012,26.7,27.6,0.03370786516853941
5598,Ohio,"Canton-Massillon, OH",2012,2013,27.6,28.1,0.018115942028985508
5599,Ohio,"Canton-Massillon, OH",2013,2014,28.1,28.9,0.028469750889679613
5600,Ohio,"Canton-Massillon, OH",2014,2015,28.9,28.2,-0.024221453287197207
5601,Ohio,"Canton-Massillon, OH",2015,2016,28.2,26.9,-0.04609929078014187
5602,Ohio,"Canton-Massillon, OH",2016,2017,26.9,27.0,0.003717472118959161
5603,Ohio,"Canton-Massillon, OH",2017,2018,27.0,27.2,0.007407407407407381
5604,Ohio,"Canton-Massillon, OH",2018,2019,27.2,26.4,-0.02941176470588238
5605,Ohio,"Canton-Massillon, OH",2019,2020,26.4,25.3,-0.04166666666666659
5606,Ohio,"Canton-Massillon, OH",2020,2021,25.3,25.0,-0.01185770750988145
5607,Ohio,"Canton-Massillon, OH",2021,2022,25.0,25.5,0.02
5608,Ohio,"Canton-Massillon, OH",2022,2023,25.5,25.3,-0.007843137254901933
5609,Ohio,"Canton-Massillon, OH",2023,2024,25.3,25.0,-0.01185770750988145
5610,Alaska,"Anchorage, AK",2007,2008,2.2,2.2,0.0
5611,Alaska,"Anchorage, AK",2008,2009,2.2,2.1,-0.04545454545454549
5612,Alaska,"Anchorage, AK",2009,2010,2.1,2.1,0.0
5613,Alaska,"Anchorage, AK",2010,2011,2.1,2.4,0.14285714285714277
5614,Alaska,"Anchorage, AK",2011,2012,2.4,2.3,-0.041666666666666706
5615,Alaska,"Anchorage, AK",2012,2013,2.3,2.3,0.0
5616,Alaska,"Anchorage, AK",2013,2014,2.3,2.5,0.08695652173913052
5617,Alaska,"Anchorage, AK",2014,2015,2.5,2.1,-0.15999999999999998
5618,Alaska,"Anchorage, AK",2015,2016,2.1,2.1,0.0
5619,Alaska,"Anchorage, AK",2016,2017,2.1,2.1,0.0
5620,Alaska,"Anchorage, AK",2017,2018,2.1,2.2,0.04761904761904766
5621,Alaska,"Anchorage, AK",2018,2019,2.2,2.2,0.0
5622,Alaska,"Anchorage, AK",2019,2020,2.2,2.1,-0.04545454545454549
5623,Alaska,"Anchorage, AK",2020,2021,2.1,2.2,0.04761904761904766
5624,Alaska,"Anchorage, AK",2021,2022,2.2,2.2,0.0
5625,Alaska,"Anchorage, AK",2022,2023,2.2,2.2,0.0
5626,Alaska,"Anchorage, AK",2023,2024,2.2,2.3,0.04545454545454529
5627,California,"Santa Maria-Santa Barbara, CA",2007,2008,13.0,12.5,-0.038461538461538464
5628,California,"Santa Maria-Santa Barbara, CA",2008,2009,12.5,11.5,-0.08
5629,California,"Santa Maria-Santa Barbara, CA",2009,2010,11.5,11.4,-0.008695652173913012
5630,California,"Santa Maria-Santa Barbara, CA",2010,2011,11.4,11.7,0.026315789473684115
5631,California,"Santa Maria-Santa Barbara, CA",2011,2012,11.7,12.1,0.03418803418803422
5632,California,"Santa Maria-Santa Barbara, CA",2012,2013,12.1,11.9,-0.016528925619834652
5633,California,"Santa Maria-Santa Barbara, CA",2013,2014,11.9,12.4,0.04201680672268907
5634,California,"Santa Maria-Santa Barbara, CA",2014,2015,12.4,13.1,0.05645161290322575
5635,California,"Santa Maria-Santa Barbara, CA",2015,2016,13.1,13.2,0.007633587786259515
5636,California,"Santa Maria-Santa Barbara, CA",2016,2017,13.2,12.8,-0.030303030303030196
5637,California,"Santa Maria-Santa Barbara, CA",2017,2018,12.8,13.1,0.023437499999999917
5638,California,"Santa Maria-Santa Barbara, CA",2018,2019,13.1,12.7,-0.030534351145038195
5639,California,"Santa Maria-Santa Barbara, CA",2019,2020,12.7,11.7,-0.07874015748031496
5640,California,"Santa Maria-Santa Barbara, CA",2020,2021,11.7,12.2,0.042735042735042736
5641,California,"Santa Maria-Santa Barbara, CA",2021,2022,12.2,12.6,0.03278688524590167
5642,California,"Santa Maria-Santa Barbara, CA",2022,2023,12.6,12.9,0.023809523809523867
5643,California,"Santa Maria-Santa Barbara, CA",2023,2024,12.9,12.1,-0.06201550387596905
5644,Georgia,"Augusta-Richmond County, GA-SC",2007,2008,23.3,22.5,-0.03433476394849788
5645,Georgia,"Augusta-Richmond County, GA-SC",2008,2009,22.5,20.2,-0.10222222222222226
5646,Georgia,"Augusta-Richmond County, GA-SC",2009,2010,20.2,19.9,-0.014851485148514887
5647,Georgia,"Augusta-Richmond County, GA-SC",2010,2011,19.9,20.0,0.005025125628140776
5648,Georgia,"Augusta-Richmond County, GA-SC",2011,2012,20.0,20.4,0.019999999999999928
5649,Georgia,"Augusta-Richmond County, GA-SC",2012,2013,20.4,20.3,-0.004901960784313621
5650,Georgia,"Augusta-Richmond County, GA-SC",2013,2014,20.3,20.4,0.0049261083743841316
5651,Georgia,"Augusta-Richmond County, GA-SC",2014,2015,20.4,21.2,0.03921568627450984
5652,Georgia,"Augusta-Richmond County, GA-SC",2015,2016,21.2,21.5,0.014150943396226448
5653,Georgia,"Augusta-Richmond County, GA-SC",2016,2017,21.5,22.1,0.027906976744186112
5654,Georgia,"Augusta-Richmond County, GA-SC",2017,2018,22.1,22.3,0.009049773755656076
5655,Georgia,"Augusta-Richmond County, GA-SC",2018,2019,22.3,23.6,0.05829596412556057
5656,Georgia,"Augusta-Richmond County, GA-SC",2019,2020,23.6,23.0,-0.02542372881355938
5657,Georgia,"Augusta-Richmond County, GA-SC",2020,2021,23.0,24.3,0.05652173913043481
5658,Georgia,"Augusta-Richmond County, GA-SC",2021,2022,24.3,25.0,0.028806584362139887
5659,Georgia,"Augusta-Richmond County, GA-SC",2022,2023,25.0,24.5,-0.02
5660,Georgia,"Augusta-Richmond County, GA-SC",2023,2024,24.5,24.1,-0.01632653061224484
5661,California,"Santa Rosa-Petaluma, CA",2007,2008,21.5,21.2,-0.013953488372093056
5662,California,"Santa Rosa-Petaluma, CA",2008,2009,21.2,19.5,-0.08018867924528299
5663,California,"Santa Rosa-Petaluma, CA",2009,2010,19.5,20.0,0.02564102564102564
5664,California,"Santa Rosa-Petaluma, CA",2010,2011,20.0,19.5,-0.025
5665,California,"Santa Rosa-Petaluma, CA",2011,2012,19.5,19.6,0.005128205128205201
5666,California,"Santa Rosa-Petaluma, CA",2012,2013,19.6,20.1,0.02551020408163265
5667,California,"Santa Rosa-Petaluma, CA",2013,2014,20.1,21.0,0.044776119402985
5668,California,"Santa Rosa-Petaluma, CA",2014,2015,21.0,22.1,0.05238095238095245
5669,California,"Santa Rosa-Petaluma, CA",2015,2016,22.1,22.7,0.027149321266968226
5670,California,"Santa Rosa-Petaluma, CA",2016,2017,22.7,22.8,0.004405286343612398
5671,California,"Santa Rosa-Petaluma, CA",2017,2018,22.8,23.3,0.021929824561403508
5672,California,"Santa Rosa-Petaluma, CA",2018,2019,23.3,23.2,-0.0042918454935622925
5673,California,"Santa Rosa-Petaluma, CA",2019,2020,23.2,22.0,-0.051724137931034454
5674,California,"Santa Rosa-Petaluma, CA",2020,2021,22.0,23.5,0.06818181818181818
5675,California,"Santa Rosa-Petaluma, CA",2021,2022,23.5,23.1,-0.01702127659574462
5676,California,"Santa Rosa-Petaluma, CA",2022,2023,23.1,22.1,-0.04329004329004329
5677,California,"Santa Rosa-Petaluma, CA",2023,2024,22.1,21.6,-0.02262443438914027
5678,New Hampshire,"Manchester-Nashua, NH",2007,2008,27.9,27.1,-0.028673835125447928
5679,New Hampshire,"Manchester-Nashua, NH",2008,2009,27.1,24.8,-0.0848708487084871
5680,New Hampshire,"Manchester-Nashua, NH",2009,2010,24.8,25.6,0.03225806451612906
5681,New Hampshire,"Manchester-Nashua, NH",2010,2011,25.6,25.4,-0.007812500000000111
5682,New Hampshire,"Manchester-Nashua, NH",2011,2012,25.4,24.9,-0.01968503937007874
5683,New Hampshire,"Manchester-Nashua, NH",2012,2013,24.9,24.4,-0.020080321285140562
5684,New Hampshire,"Manchester-Nashua, NH",2013,2014,24.4,24.5,0.004098360655737763
5685,New Hampshire,"Manchester-Nashua, NH",2014,2015,24.5,24.3,-0.00816326530612242
5686,New Hampshire,"Manchester-Nashua, NH",2015,2016,24.3,24.8,0.0205761316872428
5687,New Hampshire,"Manchester-Nashua, NH",2016,2017,24.8,25.2,0.016129032258064457
5688,New Hampshire,"Manchester-Nashua, NH",2017,2018,25.2,26.5,0.05158730158730162
5689,New Hampshire,"Manchester-Nashua, NH",2018,2019,26.5,26.6,0.003773584905660431
5690,New Hampshire,"Manchester-Nashua, NH",2019,2020,26.6,25.1,-0.05639097744360902
5691,New Hampshire,"Manchester-Nashua, NH",2020,2021,25.1,25.2,0.003984063745019835
5692,New Hampshire,"Manchester-Nashua, NH",2021,2022,25.2,26.0,0.03174603174603177
5693,New Hampshire,"Manchester-Nashua, NH",2022,2023,26.0,25.7,-0.011538461538461565
5694,New Hampshire,"Manchester-Nashua, NH",2023,2024,25.7,25.2,-0.019455252918287938
5695,Michigan,"Traverse City, MI",2007,2008,6.3,6.0,-0.047619047619047596
5696,Michigan,"Traverse City, MI",2008,2009,6.0,4.9,-0.18333333333333326
5697,Michigan,"Traverse City, MI",2009,2010,4.9,5.1,0.040816326530612096
5698,Michigan,"Traverse City, MI",2010,2011,5.1,5.7,0.11764705882352952
5699,Michigan,"Traverse City, MI",2011,2012,5.7,5.7,0.0
5700,Michigan,"Traverse City, MI",2012,2013,5.7,6.1,0.07017543859649113
5701,Michigan,"Traverse City, MI",2013,2014,6.1,6.2,0.016393442622950907
5702,Michigan,"Traverse City, MI",2014,2015,6.2,6.2,0.0
5703,Michigan,"Traverse City, MI",2015,2016,6.2,6.2,0.0
5704,Michigan,"Traverse City, MI",2016,2017,6.2,6.2,0.0
5705,Michigan,"Traverse City, MI",2017,2018,6.2,6.3,0.016129032258064457
5706,Michigan,"Traverse City, MI",2018,2019,6.3,6.1,-0.03174603174603177
5707,Michigan,"Traverse City, MI",2019,2020,6.1,5.6,-0.0819672131147541
5708,Michigan,"Traverse City, MI",2020,2021,5.6,5.8,0.03571428571428575
5709,Michigan,"Traverse City, MI",2021,2022,5.8,5.9,0.01724137931034492
5710,Michigan,"Traverse City, MI",2022,2023,5.9,5.7,-0.03389830508474579
5711,Michigan,"Traverse City, MI",2023,2024,5.7,5.9,0.03508771929824565
5712,North Dakota,"Bismarck, ND",2007,2008,2.8,2.7,-0.03571428571428559
5713,North Dakota,"Bismarck, ND",2008,2009,2.7,2.2,-0.18518518518518517
5714,North Dakota,"Bismarck, ND",2009,2010,2.2,1.9,-0.13636363636363646
5715,North Dakota,"Bismarck, ND",2010,2011,1.9,2.1,0.10526315789473695
5716,North Dakota,"Bismarck, ND",2011,2012,2.1,2.0,-0.04761904761904766
5717,North Dakota,"Bismarck, ND",2012,2013,2.0,2.2,0.10000000000000009
5718,North Dakota,"Bismarck, ND",2013,2014,2.2,2.2,0.0
5719,North Dakota,"Bismarck, ND",2014,2015,2.2,2.3,0.04545454545454529
5720,North Dakota,"Bismarck, ND",2015,2016,2.3,1.9,-0.17391304347826084
5721,North Dakota,"Bismarck, ND",2016,2017,1.9,2.0,0.052631578947368474
5722,North Dakota,"Bismarck, ND",2017,2018,2.0,2.3,0.1499999999999999
5723,North Dakota,"Bismarck, ND",2018,2019,2.3,2.4,0.04347826086956526
5724,North Dakota,"Bismarck, ND",2019,2020,2.4,2.6,0.08333333333333341
5725,North Dakota,"Bismarck, ND",2020,2021,2.6,2.8,0.07692307692307682
5726,North Dakota,"Bismarck, ND",2021,2022,2.8,2.9,0.03571428571428575
5727,North Dakota,"Bismarck, ND",2022,2023,2.9,2.8,-0.03448275862068969
5728,North Dakota,"Bismarck, ND",2023,2024,2.8,2.8,0.0
5729,Michigan,"Lansing-East Lansing, MI",2007,2008,21.5,18.8,-0.12558139534883717
5730,Michigan,"Lansing-East Lansing, MI",2008,2009,18.8,15.8,-0.15957446808510636
5731,Michigan,"Lansing-East Lansing, MI",2009,2010,15.8,17.4,0.10126582278480999
5732,Michigan,"Lansing-East Lansing, MI",2010,2011,17.4,17.1,-0.017241379310344664
5733,Michigan,"Lansing-East Lansing, MI",2011,2012,17.1,17.7,0.03508771929824549
5734,Michigan,"Lansing-East Lansing, MI",2012,2013,17.7,18.7,0.05649717514124294
5735,Michigan,"Lansing-East Lansing, MI",2013,2014,18.7,19.3,0.03208556149732628
5736,Michigan,"Lansing-East Lansing, MI",2014,2015,19.3,19.8,0.025906735751295335
5737,Michigan,"Lansing-East Lansing, MI",2015,2016,19.8,21.1,0.06565656565656569
5738,Michigan,"Lansing-East Lansing, MI",2016,2017,21.1,20.4,-0.0331753554502371
5739,Michigan,"Lansing-East Lansing, MI",2017,2018,20.4,20.2,-0.009803921568627416
5740,Michigan,"Lansing-East Lansing, MI",2018,2019,20.2,19.6,-0.029702970297029598
5741,Michigan,"Lansing-East Lansing, MI",2019,2020,19.6,18.6,-0.0510204081632653
5742,Michigan,"Lansing-East Lansing, MI",2020,2021,18.6,20.7,0.11290322580645148
5743,Michigan,"Lansing-East Lansing, MI",2021,2022,20.7,21.5,0.038647342995169115
5744,Michigan,"Lansing-East Lansing, MI",2022,2023,21.5,21.0,-0.023255813953488372
5745,Michigan,"Lansing-East Lansing, MI",2023,2024,21.0,21.5,0.023809523809523808
5746,Wisconsin,"Racine-Mount Pleasant, WI",2007,2008,19.0,18.2,-0.04210526315789478
5747,Wisconsin,"Racine-Mount Pleasant, WI",2008,2009,18.2,16.3,-0.10439560439560432
5748,Wisconsin,"Racine-Mount Pleasant, WI",2009,2010,16.3,16.7,0.024539877300613407
5749,Wisconsin,"Racine-Mount Pleasant, WI",2010,2011,16.7,18.0,0.07784431137724555
5750,Wisconsin,"Racine-Mount Pleasant, WI",2011,2012,18.0,18.7,0.03888888888888885
5751,Wisconsin,"Racine-Mount Pleasant, WI",2012,2013,18.7,18.8,0.0053475935828877766
5752,Wisconsin,"Racine-Mount Pleasant, WI",2013,2014,18.8,19.2,0.021276595744680774
5753,Wisconsin,"Racine-Mount Pleasant, WI",2014,2015,19.2,18.4,-0.041666666666666706
5754,Wisconsin,"Racine-Mount Pleasant, WI",2015,2016,18.4,18.0,-0.021739130434782532
5755,Wisconsin,"Racine-Mount Pleasant, WI",2016,2017,18.0,17.8,-0.011111111111111072
5756,Wisconsin,"Racine-Mount Pleasant, WI",2017,2018,17.8,18.1,0.0168539325842697
5757,Wisconsin,"Racine-Mount Pleasant, WI",2018,2019,18.1,17.7,-0.022099447513812272
5758,Wisconsin,"Racine-Mount Pleasant, WI",2019,2020,17.7,17.1,-0.033898305084745645
5759,Wisconsin,"Racine-Mount Pleasant, WI",2020,2021,17.1,18.2,0.06432748538011683
5760,Wisconsin,"Racine-Mount Pleasant, WI",2021,2022,18.2,18.6,0.021978021978022098
5761,Wisconsin,"Racine-Mount Pleasant, WI",2022,2023,18.6,18.5,-0.005376344086021581
5762,Wisconsin,"Racine-Mount Pleasant, WI",2023,2024,18.5,17.2,-0.0702702702702703
5763,North Carolina,"Fayetteville, NC",2007,2008,9.7,10.1,0.041237113402061897
5764,North Carolina,"Fayetteville, NC",2008,2009,10.1,9.7,-0.03960396039603964
5765,North Carolina,"Fayetteville, NC",2009,2010,9.7,9.4,-0.030927835051546285
5766,North Carolina,"Fayetteville, NC",2010,2011,9.4,9.0,-0.042553191489361736
5767,North Carolina,"Fayetteville, NC",2011,2012,9.0,9.2,0.022222222222222143
5768,North Carolina,"Fayetteville, NC",2012,2013,9.2,8.4,-0.08695652173913032
5769,North Carolina,"Fayetteville, NC",2013,2014,8.4,8.0,-0.04761904761904766
5770,North Carolina,"Fayetteville, NC",2014,2015,8.0,7.9,-0.012499999999999956
5771,North Carolina,"Fayetteville, NC",2015,2016,7.9,8.1,0.02531645569620244
5772,North Carolina,"Fayetteville, NC",2016,2017,8.1,8.1,0.0
5773,North Carolina,"Fayetteville, NC",2017,2018,8.1,8.5,0.04938271604938276
5774,North Carolina,"Fayetteville, NC",2018,2019,8.5,8.8,0.035294117647058906
5775,North Carolina,"Fayetteville, NC",2019,2020,8.8,8.2,-0.06818181818181834
5776,North Carolina,"Fayetteville, NC",2020,2021,8.2,8.5,0.036585365853658625
5777,North Carolina,"Fayetteville, NC",2021,2022,8.5,8.4,-0.0117647058823529
5778,North Carolina,"Fayetteville, NC",2022,2023,8.4,7.9,-0.05952380952380952
5779,North Carolina,"Fayetteville, NC",2023,2024,7.9,7.7,-0.025316455696202552
5780,Washington,"Wenatchee-East Wenatchee, WA",2007,2008,2.4,2.1,-0.12499999999999993
5781,Washington,"Wenatchee-East Wenatchee, WA",2008,2009,2.1,2.1,0.0
5782,Washington,"Wenatchee-East Wenatchee, WA",2009,2010,2.1,2.1,0.0
5783,Washington,"Wenatchee-East Wenatchee, WA",2010,2011,2.1,2.3,0.09523809523809511
5784,Washington,"Wenatchee-East Wenatchee, WA",2011,2012,2.3,2.4,0.04347826086956526
5785,Washington,"Wenatchee-East Wenatchee, WA",2012,2013,2.4,2.4,0.0
5786,Washington,"Wenatchee-East Wenatchee, WA",2013,2014,2.4,2.5,0.041666666666666706
5787,Washington,"Wenatchee-East Wenatchee, WA",2014,2015,2.5,2.8,0.11999999999999993
5788,Washington,"Wenatchee-East Wenatchee, WA",2015,2016,2.8,2.4,-0.14285714285714282
5789,Washington,"Wenatchee-East Wenatchee, WA",2016,2017,2.4,2.3,-0.041666666666666706
5790,Washington,"Wenatchee-East Wenatchee, WA",2017,2018,2.3,2.5,0.08695652173913052
5791,Washington,"Wenatchee-East Wenatchee, WA",2018,2019,2.5,2.5,0.0
5792,Washington,"Wenatchee-East Wenatchee, WA",2019,2020,2.5,2.4,-0.040000000000000036
5793,Washington,"Wenatchee-East Wenatchee, WA",2020,2021,2.4,2.7,0.1250000000000001
5794,Washington,"Wenatchee-East Wenatchee, WA",2021,2022,2.7,2.7,0.0
5795,Washington,"Wenatchee-East Wenatchee, WA",2022,2023,2.7,2.8,0.0370370370370369
5796,Washington,"Wenatchee-East Wenatchee, WA",2023,2024,2.8,3.0,0.0714285714285715
5797,North Carolina,"Charlotte-Concord-Gastonia, NC-SC",2007,2008,117.5,107.3,-0.08680851063829789
5798,North Carolina,"Charlotte-Concord-Gastonia, NC-SC",2008,2009,107.3,93.7,-0.12674743709226463
5799,North Carolina,"Charlotte-Concord-Gastonia, NC-SC",2009,2010,93.7,93.2,-0.005336179295624333
5800,North Carolina,"Charlotte-Concord-Gastonia, NC-SC",2010,2011,93.2,97.2,0.04291845493562232
5801,North Carolina,"Charlotte-Concord-Gastonia, NC-SC",2011,2012,97.2,100.6,0.03497942386831267
5802,North Carolina,"Charlotte-Concord-Gastonia, NC-SC",2012,2013,100.6,100.0,-0.005964214711729566
5803,North Carolina,"Charlotte-Concord-Gastonia, NC-SC",2013,2014,100.0,104.0,0.04
5804,North Carolina,"Charlotte-Concord-Gastonia, NC-SC",2014,2015,104.0,107.6,0.03461538461538456
5805,North Carolina,"Charlotte-Concord-Gastonia, NC-SC",2015,2016,107.6,106.3,-0.012081784386617075
5806,North Carolina,"Charlotte-Concord-Gastonia, NC-SC",2016,2017,106.3,108.8,0.023518344308560677
5807,North Carolina,"Charlotte-Concord-Gastonia, NC-SC",2017,2018,108.8,112.1,0.030330882352941152
5808,North Carolina,"Charlotte-Concord-Gastonia, NC-SC",2018,2019,112.1,111.4,-0.006244424620874119
5809,North Carolina,"Charlotte-Concord-Gastonia, NC-SC",2019,2020,111.4,105.6,-0.052064631956912126
5810,North Carolina,"Charlotte-Concord-Gastonia, NC-SC",2020,2021,105.6,109.7,0.03882575757575766
5811,North Carolina,"Charlotte-Concord-Gastonia, NC-SC",2021,2022,109.7,111.6,0.01731996353691879
5812,North Carolina,"Charlotte-Concord-Gastonia, NC-SC",2022,2023,111.6,109.2,-0.021505376344085947
5813,North Carolina,"Charlotte-Concord-Gastonia, NC-SC",2023,2024,109.2,107.5,-0.015567765567765594
5814,Georgia,"Marietta, GA Metropolitan Division",2007,2008,37.4,35.7,-0.045454545454545345
5815,Georgia,"Marietta, GA Metropolitan Division",2008,2009,35.7,32.2,-0.09803921568627451
5816,Georgia,"Marietta, GA Metropolitan Division",2009,2010,32.2,33.5,0.040372670807453326
5817,Georgia,"Marietta, GA Metropolitan Division",2010,2011,33.5,34.5,0.029850746268656716
5818,Georgia,"Marietta, GA Metropolitan Division",2011,2012,34.5,34.4,-0.0028985507246377224
5819,Georgia,"Marietta, GA Metropolitan Division",2012,2013,34.4,33.5,-0.02616279069767438
5820,Georgia,"Marietta, GA Metropolitan Division",2013,2014,33.5,34.6,0.03283582089552243
5821,Georgia,"Marietta, GA Metropolitan Division",2014,2015,34.6,36.2,0.04624277456647403
5822,Georgia,"Marietta, GA Metropolitan Division",2015,2016,36.2,37.7,0.04143646408839779
5823,Georgia,"Marietta, GA Metropolitan Division",2016,2017,37.7,38.5,0.021220159151193557
5824,Georgia,"Marietta, GA Metropolitan Division",2017,2018,38.5,40.2,0.04415584415584423
5825,Georgia,"Marietta, GA Metropolitan Division",2018,2019,40.2,40.2,0.0
5826,Georgia,"Marietta, GA Metropolitan Division",2019,2020,40.2,37.6,-0.06467661691542291
5827,Georgia,"Marietta, GA Metropolitan Division",2020,2021,37.6,39.1,0.03989361702127659
5828,Georgia,"Marietta, GA Metropolitan Division",2021,2022,39.1,41.4,0.05882352941176463
5829,Georgia,"Marietta, GA Metropolitan Division",2022,2023,41.4,42.8,0.03381642512077292
5830,Georgia,"Marietta, GA Metropolitan Division",2023,2024,42.8,41.6,-0.028037383177569996
5831,Texas,"Laredo, TX",2007,2008,1.2,1.0,-0.16666666666666663
5832,Texas,"Laredo, TX",2008,2009,1.0,0.8,-0.19999999999999996
5833,Texas,"Laredo, TX",2009,2010,0.8,0.8,0.0
5834,Texas,"Laredo, TX",2010,2011,0.8,0.8,0.0
5835,Texas,"Laredo, TX",2011,2012,0.8,0.8,0.0
5836,Texas,"Laredo, TX",2012,2013,0.8,0.8,0.0
5837,Texas,"Laredo, TX",2013,2014,0.8,0.8,0.0
5838,Texas,"Laredo, TX",2014,2015,0.8,0.7,-0.1250000000000001
5839,Texas,"Laredo, TX",2015,2016,0.7,0.7,0.0
5840,Texas,"Laredo, TX",2016,2017,0.7,0.6,-0.14285714285714282
5841,Texas,"Laredo, TX",2017,2018,0.6,0.6,0.0
5842,Texas,"Laredo, TX",2018,2019,0.6,0.7,0.16666666666666663
5843,Texas,"Laredo, TX",2019,2020,0.7,0.8,0.142857142857143
5844,Texas,"Laredo, TX",2020,2021,0.8,0.8,0.0
5845,Texas,"Laredo, TX",2021,2022,0.8,0.9,0.12499999999999997
5846,Texas,"Laredo, TX",2022,2023,0.9,1.0,0.11111111111111108
5847,Texas,"Laredo, TX",2023,2024,1.0,1.0,0.0
5848,Indiana,"Michigan City-La Porte, IN",2007,2008,9.1,8.6,-0.054945054945054944
5849,Indiana,"Michigan City-La Porte, IN",2008,2009,8.6,7.2,-0.16279069767441856
5850,Indiana,"Michigan City-La Porte, IN",2009,2010,7.2,7.7,0.06944444444444445
5851,Indiana,"Michigan City-La Porte, IN",2010,2011,7.7,8.1,0.051948051948051875
5852,Indiana,"Michigan City-La Porte, IN",2011,2012,8.1,7.7,-0.04938271604938265
5853,Indiana,"Michigan City-La Porte, IN",2012,2013,7.7,7.5,-0.025974025974025997
5854,Indiana,"Michigan City-La Porte, IN",2013,2014,7.5,7.7,0.02666666666666669
5855,Indiana,"Michigan City-La Porte, IN",2014,2015,7.7,7.6,-0.012987012987013056
5856,Indiana,"Michigan City-La Porte, IN",2015,2016,7.6,7.5,-0.01315789473684206
5857,Indiana,"Michigan City-La Porte, IN",2016,2017,7.5,7.7,0.02666666666666669
5858,Indiana,"Michigan City-La Porte, IN",2017,2018,7.7,8.0,0.03896103896103894
5859,Indiana,"Michigan City-La Porte, IN",2018,2019,8.0,8.2,0.02499999999999991
5860,Indiana,"Michigan City-La Porte, IN",2019,2020,8.2,7.6,-0.07317073170731704
5861,Indiana,"Michigan City-La Porte, IN",2020,2021,7.6,8.2,0.07894736842105259
5862,Indiana,"Michigan City-La Porte, IN",2021,2022,8.2,8.2,0.0
5863,Indiana,"Michigan City-La Porte, IN",2022,2023,8.2,8.6,0.0487804878048781
5864,Indiana,"Michigan City-La Porte, IN",2023,2024,8.6,8.4,-0.023255813953488292
5865,Washington,"Kennewick-Richland, WA",2007,2008,6.1,6.4,0.049180327868852576
5866,Washington,"Kennewick-Richland, WA",2008,2009,6.4,6.6,0.03124999999999989
5867,Washington,"Kennewick-Richland, WA",2009,2010,6.6,6.6,0.0
5868,Washington,"Kennewick-Richland, WA",2010,2011,6.6,6.7,0.015151515151515233
5869,Washington,"Kennewick-Richland, WA",2011,2012,6.7,6.8,0.014925373134328304
5870,Washington,"Kennewick-Richland, WA",2012,2013,6.8,7.0,0.02941176470588238
5871,Washington,"Kennewick-Richland, WA",2013,2014,7.0,7.2,0.0285714285714286
5872,Washington,"Kennewick-Richland, WA",2014,2015,7.2,7.7,0.06944444444444445
5873,Washington,"Kennewick-Richland, WA",2015,2016,7.7,7.2,-0.06493506493506493
5874,Washington,"Kennewick-Richland, WA",2016,2017,7.2,7.6,0.05555555555555548
5875,Washington,"Kennewick-Richland, WA",2017,2018,7.6,8.1,0.06578947368421052
5876,Washington,"Kennewick-Richland, WA",2018,2019,8.1,8.1,0.0
5877,Washington,"Kennewick-Richland, WA",2019,2020,8.1,7.6,-0.0617283950617284
5878,Washington,"Kennewick-Richland, WA",2020,2021,7.6,8.7,0.1447368421052631
5879,Washington,"Kennewick-Richland, WA",2021,2022,8.7,9.4,0.08045977011494265
5880,Washington,"Kennewick-Richland, WA",2022,2023,9.4,9.3,-0.010638297872340387
5881,Washington,"Kennewick-Richland, WA",2023,2024,9.3,9.4,0.010752688172042972
5882,Texas,"Abilene, TX",2007,2008,3.4,3.1,-0.08823529411764701
5883,Texas,"Abilene, TX",2008,2009,3.1,2.9,-0.06451612903225812
5884,Texas,"Abilene, TX",2009,2010,2.9,2.7,-0.06896551724137923
5885,Texas,"Abilene, TX",2010,2011,2.7,2.6,-0.03703703703703707
5886,Texas,"Abilene, TX",2011,2012,2.6,2.7,0.03846153846153849
5887,Texas,"Abilene, TX",2012,2013,2.7,2.8,0.0370370370370369
5888,Texas,"Abilene, TX",2013,2014,2.8,2.9,0.03571428571428575
5889,Texas,"Abilene, TX",2014,2015,2.9,3.0,0.03448275862068969
5890,Texas,"Abilene, TX",2015,2016,3.0,2.9,-0.03333333333333336
5891,Texas,"Abilene, TX",2016,2017,2.9,3.0,0.03448275862068969
5892,Texas,"Abilene, TX",2017,2018,3.0,3.2,0.06666666666666672
5893,Texas,"Abilene, TX",2018,2019,3.2,3.3,0.03124999999999989
5894,Texas,"Abilene, TX",2019,2020,3.3,3.2,-0.030303030303030196
5895,Texas,"Abilene, TX",2020,2021,3.2,3.3,0.03124999999999989
5896,Texas,"Abilene, TX",2021,2022,3.3,3.5,0.06060606060606066
5897,Texas,"Abilene, TX",2022,2023,3.5,3.5,0.0
5898,Texas,"Abilene, TX",2023,2024,3.5,3.3,-0.0571428571428572
5899,Kentucky,"Lexington-Fayette, KY",2007,2008,35.6,33.9,-0.04775280898876412
5900,Kentucky,"Lexington-Fayette, KY",2008,2009,33.9,29.8,-0.12094395280235982
5901,Kentucky,"Lexington-Fayette, KY",2009,2010,29.8,28.8,-0.03355704697986577
5902,Kentucky,"Lexington-Fayette, KY",2010,2011,28.8,28.7,-0.0034722222222222715
5903,Kentucky,"Lexington-Fayette, KY",2011,2012,28.7,29.4,0.024390243902439
5904,Kentucky,"Lexington-Fayette, KY",2012,2013,29.4,30.1,0.02380952380952391
5905,Kentucky,"Lexington-Fayette, KY",2013,2014,30.1,31.0,0.029900332225913574
5906,Kentucky,"Lexington-Fayette, KY",2014,2015,31.0,30.9,-0.003225806451612949
5907,Kentucky,"Lexington-Fayette, KY",2015,2016,30.9,31.0,0.0032362459546926028
5908,Kentucky,"Lexington-Fayette, KY",2016,2017,31.0,30.9,-0.003225806451612949
5909,Kentucky,"Lexington-Fayette, KY",2017,2018,30.9,30.7,-0.00647249190938509
5910,Kentucky,"Lexington-Fayette, KY",2018,2019,30.7,30.0,-0.02280130293159607
5911,Kentucky,"Lexington-Fayette, KY",2019,2020,30.0,28.7,-0.043333333333333356
5912,Kentucky,"Lexington-Fayette, KY",2020,2021,28.7,29.6,0.03135888501742168
5913,Kentucky,"Lexington-Fayette, KY",2021,2022,29.6,31.5,0.06418918918918914
5914,Kentucky,"Lexington-Fayette, KY",2022,2023,31.5,32.1,0.019047619047619094
5915,Kentucky,"Lexington-Fayette, KY",2023,2024,32.1,32.0,-0.0031152647975078323
5916,Wisconsin,"Fond du Lac, WI",2007,2008,10.4,9.1,-0.12500000000000006
5917,Wisconsin,"Fond du Lac, WI",2008,2009,9.1,8.2,-0.09890109890109894
5918,Wisconsin,"Fond du Lac, WI",2009,2010,8.2,8.6,0.0487804878048781
5919,Wisconsin,"Fond du Lac, WI",2010,2011,8.6,9.3,0.08139534883720943
5920,Wisconsin,"Fond du Lac, WI",2011,2012,9.3,10.0,0.075268817204301
5921,Wisconsin,"Fond du Lac, WI",2012,2013,10.0,10.7,0.06999999999999992
5922,Wisconsin,"Fond du Lac, WI",2013,2014,10.7,10.5,-0.018691588785046665
5923,Wisconsin,"Fond du Lac, WI",2014,2015,10.5,10.2,-0.02857142857142864
5924,Wisconsin,"Fond du Lac, WI",2015,2016,10.2,10.1,-0.009803921568627416
5925,Wisconsin,"Fond du Lac, WI",2016,2017,10.1,10.5,0.03960396039603964
5926,Wisconsin,"Fond du Lac, WI",2017,2018,10.5,11.1,0.057142857142857106
5927,Wisconsin,"Fond du Lac, WI",2018,2019,11.1,10.6,-0.04504504504504505
5928,Wisconsin,"Fond du Lac, WI",2019,2020,10.6,10.2,-0.03773584905660381
5929,Wisconsin,"Fond du Lac, WI",2020,2021,10.2,11.2,0.09803921568627452
5930,Wisconsin,"Fond du Lac, WI",2021,2022,11.2,11.0,-0.017857142857142794
5931,Wisconsin,"Fond du Lac, WI",2022,2023,11.0,10.4,-0.054545454545454515
5932,Wisconsin,"Fond du Lac, WI",2023,2024,10.4,9.8,-0.057692307692307654
5933,Washington,"Bremerton-Silverdale-Port Orchard, WA",2007,2008,2.1,2.0,-0.04761904761904766
5934,Washington,"Bremerton-Silverdale-Port Orchard, WA",2008,2009,2.0,1.9,-0.050000000000000044
5935,Washington,"Bremerton-Silverdale-Port Orchard, WA",2009,2010,1.9,1.9,0.0
5936,Washington,"Bremerton-Silverdale-Port Orchard, WA",2010,2011,1.9,1.8,-0.052631578947368356
5937,Washington,"Bremerton-Silverdale-Port Orchard, WA",2011,2012,1.8,2.1,0.16666666666666669
5938,Washington,"Bremerton-Silverdale-Port Orchard, WA",2012,2013,2.1,2.2,0.04761904761904766
5939,Washington,"Bremerton-Silverdale-Port Orchard, WA",2013,2014,2.2,2.3,0.04545454545454529
5940,Washington,"Bremerton-Silverdale-Port Orchard, WA",2014,2015,2.3,2.6,0.1304347826086958
5941,Washington,"Bremerton-Silverdale-Port Orchard, WA",2015,2016,2.6,2.6,0.0
5942,Washington,"Bremerton-Silverdale-Port Orchard, WA",2016,2017,2.6,2.7,0.03846153846153849
5943,Washington,"Bremerton-Silverdale-Port Orchard, WA",2017,2018,2.7,3.0,0.11111111111111104
5944,Washington,"Bremerton-Silverdale-Port Orchard, WA",2018,2019,3.0,3.0,0.0
5945,Washington,"Bremerton-Silverdale-Port Orchard, WA",2019,2020,3.0,2.6,-0.1333333333333333
5946,Washington,"Bremerton-Silverdale-Port Orchard, WA",2020,2021,2.6,2.9,0.11538461538461531
5947,Washington,"Bremerton-Silverdale-Port Orchard, WA",2021,2022,2.9,2.8,-0.03448275862068969
5948,Washington,"Bremerton-Silverdale-Port Orchard, WA",2022,2023,2.8,2.6,-0.07142857142857134
5949,Washington,"Bremerton-Silverdale-Port Orchard, WA",2023,2024,2.6,2.6,0.0
5950,Ohio,"Sandusky, OH",2007,2008,8.4,7.4,-0.11904761904761904
5951,Ohio,"Sandusky, OH",2008,2009,7.4,7.3,-0.013513513513513585
5952,Ohio,"Sandusky, OH",2009,2010,7.3,7.6,0.04109589041095888
5953,Ohio,"Sandusky, OH",2010,2011,7.6,8.0,0.052631578947368474
5954,Ohio,"Sandusky, OH",2011,2012,8.0,8.1,0.012499999999999956
5955,Ohio,"Sandusky, OH",2012,2013,8.1,8.2,0.012345679012345635
5956,Ohio,"Sandusky, OH",2013,2014,8.2,8.3,0.012195121951219686
5957,Ohio,"Sandusky, OH",2014,2015,8.3,8.1,-0.0240963855421688
5958,Ohio,"Sandusky, OH",2015,2016,8.1,8.1,0.0
5959,Ohio,"Sandusky, OH",2016,2017,8.1,8.4,0.037037037037037125
5960,Ohio,"Sandusky, OH",2017,2018,8.4,8.1,-0.035714285714285796
5961,Ohio,"Sandusky, OH",2018,2019,8.1,8.0,-0.012345679012345635
5962,Ohio,"Sandusky, OH",2019,2020,8.0,7.5,-0.0625
5963,Ohio,"Sandusky, OH",2020,2021,7.5,7.8,0.03999999999999997
5964,Ohio,"Sandusky, OH",2021,2022,7.8,7.6,-0.025641025641025664
5965,Ohio,"Sandusky, OH",2022,2023,7.6,7.5,-0.01315789473684206
5966,Ohio,"Sandusky, OH",2023,2024,7.5,7.5,0.0
5967,South Carolina,"Columbia, SC",2007,2008,31.4,29.8,-0.05095541401273879
5968,South Carolina,"Columbia, SC",2008,2009,29.8,26.8,-0.10067114093959731
5969,South Carolina,"Columbia, SC",2009,2010,26.8,27.0,0.007462686567164152
5970,South Carolina,"Columbia, SC",2010,2011,27.0,27.1,0.0037037037037037563
5971,South Carolina,"Columbia, SC",2011,2012,27.1,27.0,-0.003690036900369056
5972,South Carolina,"Columbia, SC",2012,2013,27.0,27.0,0.0
5973,South Carolina,"Columbia, SC",2013,2014,27.0,28.6,0.05925925925925931
5974,South Carolina,"Columbia, SC",2014,2015,28.6,28.9,0.01048951048951039
5975,South Carolina,"Columbia, SC",2015,2016,28.9,28.1,-0.027681660899653883
5976,South Carolina,"Columbia, SC",2016,2017,28.1,29.4,0.04626334519572944
5977,South Carolina,"Columbia, SC",2017,2018,29.4,30.7,0.04421768707482996
5978,South Carolina,"Columbia, SC",2018,2019,30.7,32.0,0.042345276872964195
5979,South Carolina,"Columbia, SC",2019,2020,32.0,31.1,-0.028124999999999956
5980,South Carolina,"Columbia, SC",2020,2021,31.1,33.4,0.07395498392282948
5981,South Carolina,"Columbia, SC",2021,2022,33.4,31.9,-0.04491017964071856
5982,South Carolina,"Columbia, SC",2022,2023,31.9,32.6,0.02194357366771169
5983,South Carolina,"Columbia, SC",2023,2024,32.6,32.4,-0.006134969325153461
5984,New York,"New York City, NY",2007,2008,99.0,91.5,-0.07575757575757576
5985,New York,"New York City, NY",2008,2009,91.5,77.9,-0.1486338797814207
5986,New York,"New York City, NY",2009,2010,77.9,76.1,-0.02310654685494238
5987,New York,"New York City, NY",2010,2011,76.1,76.8,0.009198423127463901
5988,New York,"New York City, NY",2011,2012,76.8,76.3,-0.006510416666666667
5989,New York,"New York City, NY",2012,2013,76.3,77.8,0.019659239842726082
5990,New York,"New York City, NY",2013,2014,77.8,78.2,0.005141388174807271
5991,New York,"New York City, NY",2014,2015,78.2,79.1,0.011508951406649507
5992,New York,"New York City, NY",2015,2016,79.1,76.0,-0.03919089759797718
5993,New York,"New York City, NY",2016,2017,76.0,73.4,-0.0342105263157894
5994,New York,"New York City, NY",2017,2018,73.4,70.3,-0.04223433242506823
5995,New York,"New York City, NY",2018,2019,70.3,67.2,-0.04409672830725454
5996,New York,"New York City, NY",2019,2020,67.2,52.9,-0.2127976190476191
5997,New York,"New York City, NY",2020,2021,52.9,57.4,0.08506616257088848
5998,New York,"New York City, NY",2021,2022,57.4,58.6,0.020905923344947785
5999,New York,"New York City, NY",2022,2023,58.6,56.5,-0.03583617747440276
6000,New York,"New York City, NY",2023,2024,56.5,55.3,-0.021238938053097397
6001,Ohio,"Columbus, OH",2007,2008,78.5,75.0,-0.044585987261146494
6002,Ohio,"Columbus, OH",2008,2009,75.0,65.7,-0.12399999999999996
6003,Ohio,"Columbus, OH",2009,2010,65.7,65.6,-0.00152207001522083
6004,Ohio,"Columbus, OH",2010,2011,65.6,67.1,0.02286585365853659
6005,Ohio,"Columbus, OH",2011,2012,67.1,69.0,0.02831594634873332
6006,Ohio,"Columbus, OH",2012,2013,69.0,70.4,0.02028985507246385
6007,Ohio,"Columbus, OH",2013,2014,70.4,70.9,0.007102272727272727
6008,Ohio,"Columbus, OH",2014,2015,70.9,72.6,0.02397743300423115
6009,Ohio,"Columbus, OH",2015,2016,72.6,71.9,-0.009641873278236759
6010,Ohio,"Columbus, OH",2016,2017,71.9,73.5,0.022253129346314245
6011,Ohio,"Columbus, OH",2017,2018,73.5,74.3,0.01088435374149656
6012,Ohio,"Columbus, OH",2018,2019,74.3,73.8,-0.006729475100942127
6013,Ohio,"Columbus, OH",2019,2020,73.8,71.8,-0.02710027100271003
6014,Ohio,"Columbus, OH",2020,2021,71.8,73.8,0.02785515320334262
6015,Ohio,"Columbus, OH",2021,2022,73.8,74.7,0.012195121951219589
6016,Ohio,"Columbus, OH",2022,2023,74.7,75.6,0.012048192771084223
6017,Ohio,"Columbus, OH",2023,2024,75.6,77.1,0.019841269841269844
6018,Texas,"Amarillo, TX",2007,2008,13.0,13.0,0.0
6019,Texas,"Amarillo, TX",2008,2009,13.0,12.9,-0.007692307692307665
6020,Texas,"Amarillo, TX",2009,2010,12.9,13.3,0.031007751937984523
6021,Texas,"Amarillo, TX",2010,2011,13.3,13.5,0.015037593984962351
6022,Texas,"Amarillo, TX",2011,2012,13.5,13.3,-0.014814814814814762
6023,Texas,"Amarillo, TX",2012,2013,13.3,13.3,0.0
6024,Texas,"Amarillo, TX",2013,2014,13.3,13.1,-0.015037593984962485
6025,Texas,"Amarillo, TX",2014,2015,13.1,12.8,-0.022900763358778546
6026,Texas,"Amarillo, TX",2015,2016,12.8,13.1,0.023437499999999917
6027,Texas,"Amarillo, TX",2016,2017,13.1,13.4,0.02290076335877868
6028,Texas,"Amarillo, TX",2017,2018,13.4,13.6,0.014925373134328304
6029,Texas,"Amarillo, TX",2018,2019,13.6,14.2,0.044117647058823505
6030,Texas,"Amarillo, TX",2019,2020,14.2,14.1,-0.007042253521126736
6031,Texas,"Amarillo, TX",2020,2021,14.1,14.1,0.0
6032,Texas,"Amarillo, TX",2021,2022,14.1,13.7,-0.028368794326241162
6033,Texas,"Amarillo, TX",2022,2023,13.7,14.1,0.02919708029197083
6034,Texas,"Amarillo, TX",2023,2024,14.1,14.3,0.014184397163120643
6035,California,"Visalia, CA",2007,2008,11.8,11.7,-0.00847457627118656
6036,California,"Visalia, CA",2008,2009,11.7,11.4,-0.02564102564102555
6037,California,"Visalia, CA",2009,2010,11.4,11.1,-0.02631578947368427
6038,California,"Visalia, CA",2010,2011,11.1,11.3,0.018018018018018115
6039,California,"Visalia, CA",2011,2012,11.3,11.5,0.017699115044247725
6040,California,"Visalia, CA",2012,2013,11.5,11.6,0.008695652173913012
6041,California,"Visalia, CA",2013,2014,11.6,12.1,0.04310344827586207
6042,California,"Visalia, CA",2014,2015,12.1,12.4,0.024793388429752126
6043,California,"Visalia, CA",2015,2016,12.4,12.9,0.04032258064516129
6044,California,"Visalia, CA",2016,2017,12.9,12.8,-0.007751937984496096
6045,California,"Visalia, CA",2017,2018,12.8,12.9,0.007812499999999972
6046,California,"Visalia, CA",2018,2019,12.9,12.9,0.0
6047,California,"Visalia, CA",2019,2020,12.9,12.7,-0.015503875968992331
6048,California,"Visalia, CA",2020,2021,12.7,13.3,0.047244094488189094
6049,California,"Visalia, CA",2021,2022,13.3,13.8,0.03759398496240601
6050,California,"Visalia, CA",2022,2023,13.8,13.6,-0.014492753623188482
6051,California,"Visalia, CA",2023,2024,13.6,13.1,-0.03676470588235294
6052,Illinois,"Springfield, IL",2007,2008,3.4,3.5,0.02941176470588238
6053,Illinois,"Springfield, IL",2008,2009,3.5,3.3,-0.0571428571428572
6054,Illinois,"Springfield, IL",2009,2010,3.3,3.1,-0.06060606060606053
6055,Illinois,"Springfield, IL",2010,2011,3.1,3.1,0.0
6056,Illinois,"Springfield, IL",2011,2012,3.1,3.0,-0.03225806451612906
6057,Illinois,"Springfield, IL",2012,2013,3.0,3.0,0.0
6058,Illinois,"Springfield, IL",2013,2014,3.0,3.1,0.03333333333333336
6059,Illinois,"Springfield, IL",2014,2015,3.1,3.1,0.0
6060,Illinois,"Springfield, IL",2015,2016,3.1,3.4,0.09677419354838704
6061,Illinois,"Springfield, IL",2016,2017,3.4,3.4,0.0
6062,Illinois,"Springfield, IL",2017,2018,3.4,3.4,0.0
6063,Illinois,"Springfield, IL",2018,2019,3.4,3.4,0.0
6064,Illinois,"Springfield, IL",2019,2020,3.4,3.1,-0.08823529411764701
6065,Illinois,"Springfield, IL",2020,2021,3.1,3.3,0.06451612903225798
6066,Illinois,"Springfield, IL",2021,2022,3.3,3.7,0.12121212121212133
6067,Illinois,"Springfield, IL",2022,2023,3.7,3.7,0.0
6068,Illinois,"Springfield, IL",2023,2024,3.7,3.8,0.02702702702702693
6069,Florida,"Orlando-Kissimmee-Sanford, FL",2007,2008,44.4,41.2,-0.07207207207207197
6070,Florida,"Orlando-Kissimmee-Sanford, FL",2008,2009,41.2,37.7,-0.0849514563106796
6071,Florida,"Orlando-Kissimmee-Sanford, FL",2009,2010,37.7,38.5,0.021220159151193557
6072,Florida,"Orlando-Kissimmee-Sanford, FL",2010,2011,38.5,37.8,-0.018181818181818257
6073,Florida,"Orlando-Kissimmee-Sanford, FL",2011,2012,37.8,37.7,-0.0026455026455024953
6074,Florida,"Orlando-Kissimmee-Sanford, FL",2012,2013,37.7,38.7,0.02652519893899204
6075,Florida,"Orlando-Kissimmee-Sanford, FL",2013,2014,38.7,40.2,0.03875968992248062
6076,Florida,"Orlando-Kissimmee-Sanford, FL",2014,2015,40.2,41.9,0.04228855721393024
6077,Florida,"Orlando-Kissimmee-Sanford, FL",2015,2016,41.9,43.2,0.03102625298329366
6078,Florida,"Orlando-Kissimmee-Sanford, FL",2016,2017,43.2,45.5,0.05324074074074067
6079,Florida,"Orlando-Kissimmee-Sanford, FL",2017,2018,45.5,47.6,0.046153846153846184
6080,Florida,"Orlando-Kissimmee-Sanford, FL",2018,2019,47.6,49.8,0.046218487394957895
6081,Florida,"Orlando-Kissimmee-Sanford, FL",2019,2020,49.8,48.7,-0.022088353413654505
6082,Florida,"Orlando-Kissimmee-Sanford, FL",2020,2021,48.7,51.9,0.06570841889117034
6083,Florida,"Orlando-Kissimmee-Sanford, FL",2021,2022,51.9,52.3,0.007707129094412304
6084,Florida,"Orlando-Kissimmee-Sanford, FL",2022,2023,52.3,53.0,0.013384321223709424
6085,Florida,"Orlando-Kissimmee-Sanford, FL",2023,2024,53.0,52.8,-0.003773584905660431
6086,Texas,"Austin-Round Rock-San Marcos, TX",2007,2008,65.1,59.5,-0.08602150537634401
6087,Texas,"Austin-Round Rock-San Marcos, TX",2008,2009,59.5,52.3,-0.12100840336134458
6088,Texas,"Austin-Round Rock-San Marcos, TX",2009,2010,52.3,53.8,0.02868068833652008
6089,Texas,"Austin-Round Rock-San Marcos, TX",2010,2011,53.8,55.9,0.03903345724907066
6090,Texas,"Austin-Round Rock-San Marcos, TX",2011,2012,55.9,56.7,0.01431127012522369
6091,Texas,"Austin-Round Rock-San Marcos, TX",2012,2013,56.7,58.2,0.026455026455026454
6092,Texas,"Austin-Round Rock-San Marcos, TX",2013,2014,58.2,56.2,-0.034364261168384876
6093,Texas,"Austin-Round Rock-San Marcos, TX",2014,2015,56.2,54.9,-0.023131672597864843
6094,Texas,"Austin-Round Rock-San Marcos, TX",2015,2016,54.9,56.0,0.020036429872495473
6095,Texas,"Austin-Round Rock-San Marcos, TX",2016,2017,56.0,58.8,0.04999999999999995
6096,Texas,"Austin-Round Rock-San Marcos, TX",2017,2018,58.8,61.7,0.04931972789115656
6097,Texas,"Austin-Round Rock-San Marcos, TX",2018,2019,61.7,63.4,0.027552674230145797
6098,Texas,"Austin-Round Rock-San Marcos, TX",2019,2020,63.4,62.9,-0.007886435331230283
6099,Texas,"Austin-Round Rock-San Marcos, TX",2020,2021,62.9,67.5,0.07313195548489669
6100,Texas,"Austin-Round Rock-San Marcos, TX",2021,2022,67.5,72.7,0.07703703703703708
6101,Texas,"Austin-Round Rock-San Marcos, TX",2022,2023,72.7,74.3,0.022008253094910512
6102,Texas,"Austin-Round Rock-San Marcos, TX",2023,2024,74.3,73.2,-0.014804845222072602
6103,New Jersey,"Newark, NJ Metropolitan Division",2007,2008,82.1,75.2,-0.08404384896467712
6104,New Jersey,"Newark, NJ Metropolitan Division",2008,2009,75.2,68.5,-0.0890957446808511
6105,New Jersey,"Newark, NJ Metropolitan Division",2009,2010,68.5,67.4,-0.01605839416058386
6106,New Jersey,"Newark, NJ Metropolitan Division",2010,2011,67.4,64.7,-0.04005934718100894
6107,New Jersey,"Newark, NJ Metropolitan Division",2011,2012,64.7,65.4,0.010819165378670831
6108,New Jersey,"Newark, NJ Metropolitan Division",2012,2013,65.4,65.4,0.0
6109,New Jersey,"Newark, NJ Metropolitan Division",2013,2014,65.4,62.3,-0.04740061162079523
6110,New Jersey,"Newark, NJ Metropolitan Division",2014,2015,62.3,61.8,-0.008025682182985555
6111,New Jersey,"Newark, NJ Metropolitan Division",2015,2016,61.8,60.8,-0.016181229773462785
6112,New Jersey,"Newark, NJ Metropolitan Division",2016,2017,60.8,60.6,-0.0032894736842104563
6113,New Jersey,"Newark, NJ Metropolitan Division",2017,2018,60.6,61.8,0.019801980198019733
6114,New Jersey,"Newark, NJ Metropolitan Division",2018,2019,61.8,62.2,0.0064724919093852055
6115,New Jersey,"Newark, NJ Metropolitan Division",2019,2020,62.2,59.4,-0.04501607717041807
6116,New Jersey,"Newark, NJ Metropolitan Division",2020,2021,59.4,60.9,0.025252525252525252
6117,New Jersey,"Newark, NJ Metropolitan Division",2021,2022,60.9,62.1,0.019704433497536995
6118,New Jersey,"Newark, NJ Metropolitan Division",2022,2023,62.1,64.1,0.03220611916264079
6119,New Jersey,"Newark, NJ Metropolitan Division",2023,2024,64.1,64.8,0.010920436817472744
6120,California,"Los Angeles-Long Beach-Glendale, CA Metropolitan Division",2007,2008,449.1,425.7,-0.05210420841683374
6121,California,"Los Angeles-Long Beach-Glendale, CA Metropolitan Division",2008,2009,425.7,382.1,-0.10241954428000932
6122,California,"Los Angeles-Long Beach-Glendale, CA Metropolitan Division",2009,2010,382.1,377.2,-0.012823868097356802
6123,California,"Los Angeles-Long Beach-Glendale, CA Metropolitan Division",2010,2011,377.2,372.5,-0.012460233297985124
6124,California,"Los Angeles-Long Beach-Glendale, CA Metropolitan Division",2011,2012,372.5,376.1,0.009664429530201404
6125,California,"Los Angeles-Long Beach-Glendale, CA Metropolitan Division",2012,2013,376.1,378.0,0.005051847912789091
6126,California,"Los Angeles-Long Beach-Glendale, CA Metropolitan Division",2013,2014,378.0,371.0,-0.018518518518518517
6127,California,"Los Angeles-Long Beach-Glendale, CA Metropolitan Division",2014,2015,371.0,368.0,-0.008086253369272238
6128,California,"Los Angeles-Long Beach-Glendale, CA Metropolitan Division",2015,2016,368.0,357.9,-0.027445652173913104
6129,California,"Los Angeles-Long Beach-Glendale, CA Metropolitan Division",2016,2017,357.9,347.7,-0.028499580888516316
6130,California,"Los Angeles-Long Beach-Glendale, CA Metropolitan Division",2017,2018,347.7,342.2,-0.015818234109864826
6131,California,"Los Angeles-Long Beach-Glendale, CA Metropolitan Division",2018,2019,342.2,340.9,-0.003798947983635334
6132,California,"Los Angeles-Long Beach-Glendale, CA Metropolitan Division",2019,2020,340.9,311.7,-0.08565561748313286
6133,California,"Los Angeles-Long Beach-Glendale, CA Metropolitan Division",2020,2021,311.7,319.1,0.023740776387552245
6134,California,"Los Angeles-Long Beach-Glendale, CA Metropolitan Division",2021,2022,319.1,323.4,0.013475399561265918
6135,California,"Los Angeles-Long Beach-Glendale, CA Metropolitan Division",2022,2023,323.4,317.0,-0.019789734075448293
6136,California,"Los Angeles-Long Beach-Glendale, CA Metropolitan Division",2023,2024,317.0,304.9,-0.038170347003154644
6137,New York,"Binghamton, NY",2007,2008,17.9,17.3,-0.03351955307262558
6138,New York,"Binghamton, NY",2008,2009,17.3,14.9,-0.13872832369942198
6139,New York,"Binghamton, NY",2009,2010,14.9,14.0,-0.06040268456375841
6140,New York,"Binghamton, NY",2010,2011,14.0,13.4,-0.04285714285714283
6141,New York,"Binghamton, NY",2011,2012,13.4,12.5,-0.06716417910447764
6142,New York,"Binghamton, NY",2012,2013,12.5,12.0,-0.04
6143,New York,"Binghamton, NY",2013,2014,12.0,11.5,-0.041666666666666664
6144,New York,"Binghamton, NY",2014,2015,11.5,11.5,0.0
6145,New York,"Binghamton, NY",2015,2016,11.5,11.3,-0.017391304347826025
6146,New York,"Binghamton, NY",2016,2017,11.3,11.4,0.008849557522123862
6147,New York,"Binghamton, NY",2017,2018,11.4,11.4,0.0
6148,New York,"Binghamton, NY",2018,2019,11.4,10.8,-0.05263157894736839
6149,New York,"Binghamton, NY",2019,2020,10.8,10.5,-0.027777777777777842
6150,New York,"Binghamton, NY",2020,2021,10.5,10.7,0.01904761904761898
6151,New York,"Binghamton, NY",2021,2022,10.7,10.8,0.009345794392523497
6152,New York,"Binghamton, NY",2022,2023,10.8,10.7,-0.00925925925925939
6153,New York,"Binghamton, NY",2023,2024,10.7,10.7,0.0
6154,California,"San Luis Obispo-Paso Robles, CA",2007,2008,6.0,5.9,-0.016666666666666607
6155,California,"San Luis Obispo-Paso Robles, CA",2008,2009,5.9,5.9,0.0
6156,California,"San Luis Obispo-Paso Robles, CA",2009,2010,5.9,5.9,0.0
6157,California,"San Luis Obispo-Paso Robles, CA",2010,2011,5.9,6.1,0.03389830508474564
6158,California,"San Luis Obispo-Paso Robles, CA",2011,2012,6.1,6.4,0.049180327868852576
6159,California,"San Luis Obispo-Paso Robles, CA",2012,2013,6.4,6.5,0.015624999999999944
6160,California,"San Luis Obispo-Paso Robles, CA",2013,2014,6.5,7.0,0.07692307692307693
6161,California,"San Luis Obispo-Paso Robles, CA",2014,2015,7.0,7.0,0.0
6162,California,"San Luis Obispo-Paso Robles, CA",2015,2016,7.0,6.9,-0.014285714285714235
6163,California,"San Luis Obispo-Paso Robles, CA",2016,2017,6.9,7.5,0.08695652173913038
6164,California,"San Luis Obispo-Paso Robles, CA",2017,2018,7.5,7.7,0.02666666666666669
6165,California,"San Luis Obispo-Paso Robles, CA",2018,2019,7.7,7.9,0.025974025974025997
6166,California,"San Luis Obispo-Paso Robles, CA",2019,2020,7.9,7.3,-0.07594936708860765
6167,California,"San Luis Obispo-Paso Robles, CA",2020,2021,7.3,8.1,0.10958904109589039
6168,California,"San Luis Obispo-Paso Robles, CA",2021,2022,8.1,8.2,0.012345679012345635
6169,California,"San Luis Obispo-Paso Robles, CA",2022,2023,8.2,8.4,0.024390243902439157
6170,California,"San Luis Obispo-Paso Robles, CA",2023,2024,8.4,8.4,0.0
6171,Massachusetts,"Pittsfield, MA",2007,2008,5.4,5.2,-0.03703703703703707
6172,Massachusetts,"Pittsfield, MA",2008,2009,5.2,4.8,-0.07692307692307698
6173,Massachusetts,"Pittsfield, MA",2009,2010,4.8,4.7,-0.02083333333333326
6174,Massachusetts,"Pittsfield, MA",2010,2011,4.7,4.6,-0.021276595744680965
6175,Massachusetts,"Pittsfield, MA",2011,2012,4.6,4.9,0.06521739130434799
6176,Massachusetts,"Pittsfield, MA",2012,2013,4.9,4.7,-0.040816326530612276
6177,Massachusetts,"Pittsfield, MA",2013,2014,4.7,4.9,0.042553191489361736
6178,Massachusetts,"Pittsfield, MA",2014,2015,4.9,5.0,0.020408163265306048
6179,Massachusetts,"Pittsfield, MA",2015,2016,5.0,4.5,-0.1
6180,Massachusetts,"Pittsfield, MA",2016,2017,4.5,4.3,-0.04444444444444448
6181,Massachusetts,"Pittsfield, MA",2017,2018,4.3,4.1,-0.046511627906976785
6182,Massachusetts,"Pittsfield, MA",2018,2019,4.1,3.9,-0.04878048780487799
6183,Massachusetts,"Pittsfield, MA",2019,2020,3.9,3.4,-0.12820512820512822
6184,Massachusetts,"Pittsfield, MA",2020,2021,3.4,3.5,0.02941176470588238
6185,Massachusetts,"Pittsfield, MA",2021,2022,3.5,3.5,0.0
6186,Massachusetts,"Pittsfield, MA",2022,2023,3.5,3.3,-0.0571428571428572
6187,Massachusetts,"Pittsfield, MA",2023,2024,3.3,3.3,0.0
6188,Pennsylvania,"Gettysburg, PA",2007,2008,8.0,7.2,-0.09999999999999998
6189,Pennsylvania,"Gettysburg, PA",2008,2009,7.2,6.2,-0.1388888888888889
6190,Pennsylvania,"Gettysburg, PA",2009,2010,6.2,6.2,0.0
6191,Pennsylvania,"Gettysburg, PA",2010,2011,6.2,6.4,0.03225806451612906
6192,Pennsylvania,"Gettysburg, PA",2011,2012,6.4,6.5,0.015624999999999944
6193,Pennsylvania,"Gettysburg, PA",2012,2013,6.5,6.7,0.030769230769230795
6194,Pennsylvania,"Gettysburg, PA",2013,2014,6.7,6.8,0.014925373134328304
6195,Pennsylvania,"Gettysburg, PA",2014,2015,6.8,6.9,0.014705882352941256
6196,Pennsylvania,"Gettysburg, PA",2015,2016,6.9,7.1,0.028985507246376708
6197,Pennsylvania,"Gettysburg, PA",2016,2017,7.1,7.4,0.04225352112676067
6198,Pennsylvania,"Gettysburg, PA",2017,2018,7.4,7.7,0.040540540540540515
6199,Pennsylvania,"Gettysburg, PA",2018,2019,7.7,7.6,-0.012987012987013056
6200,Pennsylvania,"Gettysburg, PA",2019,2020,7.6,7.3,-0.03947368421052629
6201,Pennsylvania,"Gettysburg, PA",2020,2021,7.3,7.5,0.02739726027397263
6202,Pennsylvania,"Gettysburg, PA",2021,2022,7.5,7.5,0.0
6203,Pennsylvania,"Gettysburg, PA",2022,2023,7.5,7.0,-0.06666666666666667
6204,Pennsylvania,"Gettysburg, PA",2023,2024,7.0,6.8,-0.0285714285714286
6205,Michigan,"Battle Creek, MI",2007,2008,12.4,11.6,-0.06451612903225812
6206,Michigan,"Battle Creek, MI",2008,2009,11.6,10.2,-0.12068965517241383
6207,Michigan,"Battle Creek, MI",2009,2010,10.2,10.2,0.0
6208,Michigan,"Battle Creek, MI",2010,2011,10.2,10.5,0.029411764705882425
6209,Michigan,"Battle Creek, MI",2011,2012,10.5,10.9,0.038095238095238126
6210,Michigan,"Battle Creek, MI",2012,2013,10.9,11.2,0.027522935779816415
6211,Michigan,"Battle Creek, MI",2013,2014,11.2,11.6,0.03571428571428575
6212,Michigan,"Battle Creek, MI",2014,2015,11.6,12.3,0.06034482758620699
6213,Michigan,"Battle Creek, MI",2015,2016,12.3,12.4,0.00813008130081298
6214,Michigan,"Battle Creek, MI",2016,2017,12.4,11.8,-0.04838709677419352
6215,Michigan,"Battle Creek, MI",2017,2018,11.8,11.9,0.00847457627118641
6216,Michigan,"Battle Creek, MI",2018,2019,11.9,11.1,-0.06722689075630257
6217,Michigan,"Battle Creek, MI",2019,2020,11.1,10.6,-0.04504504504504505
6218,Michigan,"Battle Creek, MI",2020,2021,10.6,9.9,-0.06603773584905653
6219,Michigan,"Battle Creek, MI",2021,2022,9.9,10.5,0.060606060606060566
6220,Michigan,"Battle Creek, MI",2022,2023,10.5,10.5,0.0
6221,Michigan,"Battle Creek, MI",2023,2024,10.5,10.1,-0.038095238095238126
6222,Massachusetts,"Springfield, MA",2007,2008,24.2,23.2,-0.04132231404958678
6223,Massachusetts,"Springfield, MA",2008,2009,23.2,20.6,-0.11206896551724128
6224,Massachusetts,"Springfield, MA",2009,2010,20.6,20.5,-0.004854368932038904
6225,Massachusetts,"Springfield, MA",2010,2011,20.5,20.1,-0.01951219512195115
6226,Massachusetts,"Springfield, MA",2011,2012,20.1,20.4,0.014925373134328216
6227,Massachusetts,"Springfield, MA",2012,2013,20.4,19.6,-0.039215686274509665
6228,Massachusetts,"Springfield, MA",2013,2014,19.6,18.8,-0.040816326530612276
6229,Massachusetts,"Springfield, MA",2014,2015,18.8,18.8,0.0
6230,Massachusetts,"Springfield, MA",2015,2016,18.8,18.8,0.0
6231,Massachusetts,"Springfield, MA",2016,2017,18.8,18.5,-0.015957446808510675
6232,Massachusetts,"Springfield, MA",2017,2018,18.5,18.9,0.021621621621621546
6233,Massachusetts,"Springfield, MA",2018,2019,18.9,18.9,0.0
6234,Massachusetts,"Springfield, MA",2019,2020,18.9,18.8,-0.005291005291005179
6235,Massachusetts,"Springfield, MA",2020,2021,18.8,18.3,-0.026595744680851064
6236,Massachusetts,"Springfield, MA",2021,2022,18.3,17.8,-0.0273224043715847
6237,Massachusetts,"Springfield, MA",2022,2023,17.8,17.6,-0.011235955056179735
6238,Massachusetts,"Springfield, MA",2023,2024,17.6,16.9,-0.03977272727272743
6239,Michigan,"Ann Arbor, MI",2007,2008,18.5,15.3,-0.17297297297297293
6240,Michigan,"Ann Arbor, MI",2008,2009,15.3,13.8,-0.09803921568627451
6241,Michigan,"Ann Arbor, MI",2009,2010,13.8,14.3,0.036231884057971016
6242,Michigan,"Ann Arbor, MI",2010,2011,14.3,14.3,0.0
6243,Michigan,"Ann Arbor, MI",2011,2012,14.3,14.0,-0.02097902097902103
6244,Michigan,"Ann Arbor, MI",2012,2013,14.0,14.0,0.0
6245,Michigan,"Ann Arbor, MI",2013,2014,14.0,14.4,0.0285714285714286
6246,Michigan,"Ann Arbor, MI",2014,2015,14.4,14.6,0.01388888888888884
6247,Michigan,"Ann Arbor, MI",2015,2016,14.6,14.6,0.0
6248,Michigan,"Ann Arbor, MI",2016,2017,14.6,14.8,0.013698630136986375
6249,Michigan,"Ann Arbor, MI",2017,2018,14.8,15.1,0.0202702702702702
6250,Michigan,"Ann Arbor, MI",2018,2019,15.1,14.2,-0.05960264900662254
6251,Michigan,"Ann Arbor, MI",2019,2020,14.2,13.1,-0.07746478873239435
6252,Michigan,"Ann Arbor, MI",2020,2021,13.1,12.6,-0.03816793893129771
6253,Michigan,"Ann Arbor, MI",2021,2022,12.6,12.6,0.0
6254,Michigan,"Ann Arbor, MI",2022,2023,12.6,12.4,-0.015873015873015817
6255,Michigan,"Ann Arbor, MI",2023,2024,12.4,12.0,-0.03225806451612906
6256,Florida,"Ocala, FL",2007,2008,9.1,7.2,-0.20879120879120874
6257,Florida,"Ocala, FL",2008,2009,7.2,6.5,-0.09722222222222224
6258,Florida,"Ocala, FL",2009,2010,6.5,6.3,-0.030769230769230795
6259,Florida,"Ocala, FL",2010,2011,6.3,6.5,0.03174603174603177
6260,Florida,"Ocala, FL",2011,2012,6.5,6.9,0.06153846153846159
6261,Florida,"Ocala, FL",2012,2013,6.9,6.9,0.0
6262,Florida,"Ocala, FL",2013,2014,6.9,7.3,0.05797101449275354
6263,Florida,"Ocala, FL",2014,2015,7.3,7.8,0.0684931506849315
6264,Florida,"Ocala, FL",2015,2016,7.8,7.9,0.01282051282051289
6265,Florida,"Ocala, FL",2016,2017,7.9,8.4,0.06329113924050632
6266,Florida,"Ocala, FL",2017,2018,8.4,9.0,0.07142857142857138
6267,Florida,"Ocala, FL",2018,2019,9.0,9.4,0.04444444444444448
6268,Florida,"Ocala, FL",2019,2020,9.4,9.8,0.042553191489361736
6269,Florida,"Ocala, FL",2020,2021,9.8,10.1,0.030612244897959072
6270,Florida,"Ocala, FL",2021,2022,10.1,10.3,0.01980198019801991
6271,Florida,"Ocala, FL",2022,2023,10.3,9.6,-0.06796116504854378
6272,Florida,"Ocala, FL",2023,2024,9.6,9.6,0.0
6273,Minnesota,"St. Cloud, MN",2007,2008,17.0,16.0,-0.058823529411764705
6274,Minnesota,"St. Cloud, MN",2008,2009,16.0,14.2,-0.11250000000000004
6275,Minnesota,"St. Cloud, MN",2009,2010,14.2,14.4,0.014084507042253596
6276,Minnesota,"St. Cloud, MN",2010,2011,14.4,15.0,0.041666666666666644
6277,Minnesota,"St. Cloud, MN",2011,2012,15.0,14.8,-0.013333333333333286
6278,Minnesota,"St. Cloud, MN",2012,2013,14.8,15.0,0.013513513513513466
6279,Minnesota,"St. Cloud, MN",2013,2014,15.0,15.3,0.02000000000000005
6280,Minnesota,"St. Cloud, MN",2014,2015,15.3,15.0,-0.019607843137254947
6281,Minnesota,"St. Cloud, MN",2015,2016,15.0,15.0,0.0
6282,Minnesota,"St. Cloud, MN",2016,2017,15.0,14.9,-0.006666666666666643
6283,Minnesota,"St. Cloud, MN",2017,2018,14.9,15.6,0.046979865771812034
6284,Minnesota,"St. Cloud, MN",2018,2019,15.6,15.4,-0.012820512820512775
6285,Minnesota,"St. Cloud, MN",2019,2020,15.4,13.7,-0.11038961038961045
6286,Minnesota,"St. Cloud, MN",2020,2021,13.7,14.3,0.04379562043795631
6287,Minnesota,"St. Cloud, MN",2021,2022,14.3,15.3,0.06993006993006992
6288,Minnesota,"St. Cloud, MN",2022,2023,15.3,15.0,-0.019607843137254947
6289,Minnesota,"St. Cloud, MN",2023,2024,15.0,15.0,0.0
6290,California,"Chico, CA",2007,2008,3.8,3.5,-0.07894736842105259
6291,California,"Chico, CA",2008,2009,3.5,3.3,-0.0571428571428572
6292,California,"Chico, CA",2009,2010,3.3,3.3,0.0
6293,California,"Chico, CA",2010,2011,3.3,3.4,0.03030303030303033
6294,California,"Chico, CA",2011,2012,3.4,3.8,0.11764705882352938
6295,California,"Chico, CA",2012,2013,3.8,3.7,-0.02631578947368412
6296,California,"Chico, CA",2013,2014,3.7,3.9,0.05405405405405398
6297,California,"Chico, CA",2014,2015,3.9,3.9,0.0
6298,California,"Chico, CA",2015,2016,3.9,4.1,0.05128205128205122
6299,California,"Chico, CA",2016,2017,4.1,4.1,0.0
6300,California,"Chico, CA",2017,2018,4.1,4.0,-0.02439024390243894
6301,California,"Chico, CA",2018,2019,4.0,4.0,0.0
6302,California,"Chico, CA",2019,2020,4.0,3.7,-0.07499999999999996
6303,California,"Chico, CA",2020,2021,3.7,4.1,0.10810810810810796
6304,California,"Chico, CA",2021,2022,4.1,4.2,0.024390243902439157
6305,California,"Chico, CA",2022,2023,4.2,3.8,-0.09523809523809532
6306,California,"Chico, CA",2023,2024,3.8,4.0,0.052631578947368474
6307,Nevada,"Carson City, NV",2007,2008,3.1,2.9,-0.06451612903225812
6308,Nevada,"Carson City, NV",2008,2009,2.9,2.5,-0.1379310344827586
6309,Nevada,"Carson City, NV",2009,2010,2.5,2.7,0.08000000000000007
6310,Nevada,"Carson City, NV",2010,2011,2.7,2.6,-0.03703703703703707
6311,Nevada,"Carson City, NV",2011,2012,2.6,2.6,0.0
6312,Nevada,"Carson City, NV",2012,2013,2.6,2.7,0.03846153846153849
6313,Nevada,"Carson City, NV",2013,2014,2.7,2.7,0.0
6314,Nevada,"Carson City, NV",2014,2015,2.7,2.6,-0.03703703703703707
6315,Nevada,"Carson City, NV",2015,2016,2.6,2.6,0.0
6316,Nevada,"Carson City, NV",2016,2017,2.6,2.7,0.03846153846153849
6317,Nevada,"Carson City, NV",2017,2018,2.7,2.6,-0.03703703703703707
6318,Nevada,"Carson City, NV",2018,2019,2.6,2.8,0.07692307692307682
6319,Nevada,"Carson City, NV",2019,2020,2.8,2.5,-0.10714285714285708
6320,Nevada,"Carson City, NV",2020,2021,2.5,2.6,0.040000000000000036
6321,Nevada,"Carson City, NV",2021,2022,2.6,2.7,0.03846153846153849
6322,Nevada,"Carson City, NV",2022,2023,2.7,2.6,-0.03703703703703707
6323,Nevada,"Carson City, NV",2023,2024,2.6,2.8,0.07692307692307682
6324,Pennsylvania,"State College, PA",2007,2008,4.6,4.2,-0.08695652173913032
6325,Pennsylvania,"State College, PA",2008,2009,4.2,3.8,-0.09523809523809532
6326,Pennsylvania,"State College, PA",2009,2010,3.8,4.1,0.07894736842105259
6327,Pennsylvania,"State College, PA",2010,2011,4.1,4.1,0.0
6328,Pennsylvania,"State College, PA",2011,2012,4.1,4.1,0.0
6329,Pennsylvania,"State College, PA",2012,2013,4.1,4.0,-0.02439024390243894
6330,Pennsylvania,"State College, PA",2013,2014,4.0,4.1,0.02499999999999991
6331,Pennsylvania,"State College, PA",2014,2015,4.1,4.0,-0.02439024390243894
6332,Pennsylvania,"State College, PA",2015,2016,4.0,3.9,-0.025000000000000022
6333,Pennsylvania,"State College, PA",2016,2017,3.9,4.0,0.025641025641025664
6334,Pennsylvania,"State College, PA",2017,2018,4.0,4.2,0.050000000000000044
6335,Pennsylvania,"State College, PA",2018,2019,4.2,4.3,0.023809523809523725
6336,Pennsylvania,"State College, PA",2019,2020,4.3,4.3,0.0
6337,Pennsylvania,"State College, PA",2020,2021,4.3,4.5,0.046511627906976785
6338,Pennsylvania,"State College, PA",2021,2022,4.5,4.7,0.04444444444444448
6339,Pennsylvania,"State College, PA",2022,2023,4.7,4.4,-0.0638297872340425
6340,Pennsylvania,"State College, PA",2023,2024,4.4,4.3,-0.022727272727272846
6341,Texas,"McAllen-Edinburg-Mission, TX",2007,2008,8.7,7.6,-0.12643678160919536
6342,Texas,"McAllen-Edinburg-Mission, TX",2008,2009,7.6,6.7,-0.11842105263157889
6343,Texas,"McAllen-Edinburg-Mission, TX",2009,2010,6.7,6.3,-0.05970149253731349
6344,Texas,"McAllen-Edinburg-Mission, TX",2010,2011,6.3,6.6,0.047619047619047596
6345,Texas,"McAllen-Edinburg-Mission, TX",2011,2012,6.6,7.0,0.06060606060606066
6346,Texas,"McAllen-Edinburg-Mission, TX",2012,2013,7.0,6.8,-0.0285714285714286
6347,Texas,"McAllen-Edinburg-Mission, TX",2013,2014,6.8,6.6,-0.02941176470588238
6348,Texas,"McAllen-Edinburg-Mission, TX",2014,2015,6.6,6.9,0.04545454545454557
6349,Texas,"McAllen-Edinburg-Mission, TX",2015,2016,6.9,6.7,-0.028985507246376836
6350,Texas,"McAllen-Edinburg-Mission, TX",2016,2017,6.7,7.2,0.07462686567164178
6351,Texas,"McAllen-Edinburg-Mission, TX",2017,2018,7.2,7.2,0.0
6352,Texas,"McAllen-Edinburg-Mission, TX",2018,2019,7.2,7.5,0.041666666666666644
6353,Texas,"McAllen-Edinburg-Mission, TX",2019,2020,7.5,7.1,-0.05333333333333338
6354,Texas,"McAllen-Edinburg-Mission, TX",2020,2021,7.1,7.4,0.04225352112676067
6355,Texas,"McAllen-Edinburg-Mission, TX",2021,2022,7.4,7.4,0.0
6356,Texas,"McAllen-Edinburg-Mission, TX",2022,2023,7.4,7.3,-0.013513513513513585
6357,Texas,"McAllen-Edinburg-Mission, TX",2023,2024,7.3,7.0,-0.04109589041095888
6358,California,"Bakersfield-Delano, CA",2007,2008,13.5,13.9,0.029629629629629655
6359,California,"Bakersfield-Delano, CA",2008,2009,13.9,12.7,-0.08633093525179864
6360,California,"Bakersfield-Delano, CA",2009,2010,12.7,13.2,0.03937007874015748
6361,California,"Bakersfield-Delano, CA",2010,2011,13.2,13.1,-0.007575757575757549
6362,California,"Bakersfield-Delano, CA",2011,2012,13.1,13.7,0.045801526717557224
6363,California,"Bakersfield-Delano, CA",2012,2013,13.7,14.4,0.05109489051094899
6364,California,"Bakersfield-Delano, CA",2013,2014,14.4,14.4,0.0
6365,California,"Bakersfield-Delano, CA",2014,2015,14.4,13.8,-0.041666666666666644
6366,California,"Bakersfield-Delano, CA",2015,2016,13.8,13.4,-0.028985507246376836
6367,California,"Bakersfield-Delano, CA",2016,2017,13.4,13.1,-0.022388059701492588
6368,California,"Bakersfield-Delano, CA",2017,2018,13.1,12.9,-0.01526717557251903
6369,California,"Bakersfield-Delano, CA",2018,2019,12.9,12.9,0.0
6370,California,"Bakersfield-Delano, CA",2019,2020,12.9,12.0,-0.06976744186046514
6371,California,"Bakersfield-Delano, CA",2020,2021,12.0,12.6,0.04999999999999997
6372,California,"Bakersfield-Delano, CA",2021,2022,12.6,12.8,0.01587301587301596
6373,California,"Bakersfield-Delano, CA",2022,2023,12.8,13.0,0.015624999999999944
6374,California,"Bakersfield-Delano, CA",2023,2024,13.0,13.1,0.007692307692307665
6375,New York,"Nassau County-Suffolk County, NY Metropolitan Division",2007,2008,83.9,79.3,-0.05482717520858174
6376,New York,"Nassau County-Suffolk County, NY Metropolitan Division",2008,2009,79.3,73.8,-0.06935687263556116
6377,New York,"Nassau County-Suffolk County, NY Metropolitan Division",2009,2010,73.8,73.6,-0.0027100271002710413
6378,New York,"Nassau County-Suffolk County, NY Metropolitan Division",2010,2011,73.6,74.3,0.00951086956521743
6379,New York,"Nassau County-Suffolk County, NY Metropolitan Division",2011,2012,74.3,74.3,0.0
6380,New York,"Nassau County-Suffolk County, NY Metropolitan Division",2012,2013,74.3,73.5,-0.010767160161507364
6381,New York,"Nassau County-Suffolk County, NY Metropolitan Division",2013,2014,73.5,72.0,-0.02040816326530612
6382,New York,"Nassau County-Suffolk County, NY Metropolitan Division",2014,2015,72.0,71.9,-0.00138888888888881
6383,New York,"Nassau County-Suffolk County, NY Metropolitan Division",2015,2016,71.9,72.3,0.005563282336578462
6384,New York,"Nassau County-Suffolk County, NY Metropolitan Division",2016,2017,72.3,71.7,-0.008298755186721914
6385,New York,"Nassau County-Suffolk County, NY Metropolitan Division",2017,2018,71.7,71.8,0.0013947001394699345
6386,New York,"Nassau County-Suffolk County, NY Metropolitan Division",2018,2019,71.8,70.3,-0.020891364902506964
6387,New York,"Nassau County-Suffolk County, NY Metropolitan Division",2019,2020,70.3,67.5,-0.03982930298719769
6388,New York,"Nassau County-Suffolk County, NY Metropolitan Division",2020,2021,67.5,69.7,0.03259259259259263
6389,New York,"Nassau County-Suffolk County, NY Metropolitan Division",2021,2022,69.7,69.7,0.0
6390,New York,"Nassau County-Suffolk County, NY Metropolitan Division",2022,2023,69.7,69.6,-0.001434720229555359
6391,New York,"Nassau County-Suffolk County, NY Metropolitan Division",2023,2024,69.6,69.1,-0.007183908045977012
6392,Tennessee,"Morristown, TN",2007,2008,12.7,11.9,-0.06299212598425188
6393,Tennessee,"Morristown, TN",2008,2009,11.9,10.4,-0.12605042016806722
6394,Tennessee,"Morristown, TN",2009,2010,10.4,10.1,-0.028846153846153914
6395,Tennessee,"Morristown, TN",2010,2011,10.1,9.6,-0.04950495049504951
6396,Tennessee,"Morristown, TN",2011,2012,9.6,9.7,0.01041666666666663
6397,Tennessee,"Morristown, TN",2012,2013,9.7,10.3,0.06185567010309293
6398,Tennessee,"Morristown, TN",2013,2014,10.3,10.5,0.01941747572815527
6399,Tennessee,"Morristown, TN",2014,2015,10.5,10.9,0.038095238095238126
6400,Tennessee,"Morristown, TN",2015,2016,10.9,11.2,0.027522935779816415
6401,Tennessee,"Morristown, TN",2016,2017,11.2,11.6,0.03571428571428575
6402,Tennessee,"Morristown, TN",2017,2018,11.6,12.0,0.03448275862068969
6403,Tennessee,"Morristown, TN",2018,2019,12.0,12.4,0.03333333333333336
6404,Tennessee,"Morristown, TN",2019,2020,12.4,12.0,-0.03225806451612906
6405,Tennessee,"Morristown, TN",2020,2021,12.0,12.1,0.008333333333333304
6406,Tennessee,"Morristown, TN",2021,2022,12.1,12.3,0.016528925619834798
6407,Tennessee,"Morristown, TN",2022,2023,12.3,12.3,0.0
6408,Tennessee,"Morristown, TN",2023,2024,12.3,12.6,0.024390243902438935
6409,Idaho,"Pocatello, ID",2007,2008,2.6,2.5,-0.03846153846153849
6410,Idaho,"Pocatello, ID",2008,2009,2.5,2.1,-0.15999999999999998
6411,Idaho,"Pocatello, ID",2009,2010,2.1,2.1,0.0
6412,Idaho,"Pocatello, ID",2010,2011,2.1,2.2,0.04761904761904766
6413,Idaho,"Pocatello, ID",2011,2012,2.2,2.0,-0.09090909090909098
6414,Idaho,"Pocatello, ID",2012,2013,2.0,1.9,-0.050000000000000044
6415,Idaho,"Pocatello, ID",2013,2014,1.9,1.6,-0.15789473684210517
6416,Idaho,"Pocatello, ID",2014,2015,1.6,1.9,0.1874999999999999
6417,Idaho,"Pocatello, ID",2015,2016,1.9,1.9,0.0
6418,Idaho,"Pocatello, ID",2016,2017,1.9,2.1,0.10526315789473695
6419,Idaho,"Pocatello, ID",2017,2018,2.1,2.3,0.09523809523809511
6420,Idaho,"Pocatello, ID",2018,2019,2.3,2.4,0.04347826086956526
6421,Idaho,"Pocatello, ID",2019,2020,2.4,2.4,0.0
6422,Idaho,"Pocatello, ID",2020,2021,2.4,2.2,-0.08333333333333323
6423,Idaho,"Pocatello, ID",2021,2022,2.2,2.4,0.09090909090909079
6424,Idaho,"Pocatello, ID",2022,2023,2.4,2.4,0.0
6425,Idaho,"Pocatello, ID",2023,2024,2.4,2.5,0.041666666666666706
6426,Wisconsin,"Milwaukee-Waukesha, WI",2007,2008,133.4,127.4,-0.04497751124437781
6427,Wisconsin,"Milwaukee-Waukesha, WI",2008,2009,127.4,112.2,-0.11930926216640504
6428,Wisconsin,"Milwaukee-Waukesha, WI",2009,2010,112.2,114.6,0.021390374331550725
6429,Wisconsin,"Milwaukee-Waukesha, WI",2010,2011,114.6,118.5,0.034031413612565495
6430,Wisconsin,"Milwaukee-Waukesha, WI",2011,2012,118.5,120.0,0.012658227848101266
6431,Wisconsin,"Milwaukee-Waukesha, WI",2012,2013,120.0,119.5,-0.004166666666666667
6432,Wisconsin,"Milwaukee-Waukesha, WI",2013,2014,119.5,120.8,0.010878661087866085
6433,Wisconsin,"Milwaukee-Waukesha, WI",2014,2015,120.8,120.1,-0.00579470198675499
6434,Wisconsin,"Milwaukee-Waukesha, WI",2015,2016,120.1,118.1,-0.01665278934221482
6435,Wisconsin,"Milwaukee-Waukesha, WI",2016,2017,118.1,117.9,-0.00169348010160871
6436,Wisconsin,"Milwaukee-Waukesha, WI",2017,2018,117.9,119.9,0.016963528413910092
6437,Wisconsin,"Milwaukee-Waukesha, WI",2018,2019,119.9,119.8,-0.0008340283569642079
6438,Wisconsin,"Milwaukee-Waukesha, WI",2019,2020,119.8,111.0,-0.0734557595993322
6439,Wisconsin,"Milwaukee-Waukesha, WI",2020,2021,111.0,113.6,0.02342342342342337
6440,Wisconsin,"Milwaukee-Waukesha, WI",2021,2022,113.6,115.7,0.018485915492957822
6441,Wisconsin,"Milwaukee-Waukesha, WI",2022,2023,115.7,113.6,-0.018150388936905865
6442,Wisconsin,"Milwaukee-Waukesha, WI",2023,2024,113.6,110.8,-0.02464788732394364
6443,Florida,"Punta Gorda, FL",2007,2008,0.9,0.6,-0.33333333333333337
6444,Florida,"Punta Gorda, FL",2008,2009,0.6,0.5,-0.16666666666666663
6445,Florida,"Punta Gorda, FL",2009,2010,0.5,0.5,0.0
6446,Florida,"Punta Gorda, FL",2010,2011,0.5,0.6,0.19999999999999996
6447,Florida,"Punta Gorda, FL",2011,2012,0.6,0.7,0.16666666666666663
6448,Florida,"Punta Gorda, FL",2012,2013,0.7,0.7,0.0
6449,Florida,"Punta Gorda, FL",2013,2014,0.7,0.7,0.0
6450,Florida,"Punta Gorda, FL",2014,2015,0.7,0.8,0.142857142857143
6451,Florida,"Punta Gorda, FL",2015,2016,0.8,0.8,0.0
6452,Florida,"Punta Gorda, FL",2016,2017,0.8,0.8,0.0
6453,Florida,"Punta Gorda, FL",2017,2018,0.8,0.8,0.0
6454,Florida,"Punta Gorda, FL",2018,2019,0.8,0.8,0.0
6455,Florida,"Punta Gorda, FL",2019,2020,0.8,0.8,0.0
6456,Florida,"Punta Gorda, FL",2020,2021,0.8,0.9,0.12499999999999997
6457,Florida,"Punta Gorda, FL",2021,2022,0.9,0.9,0.0
6458,Florida,"Punta Gorda, FL",2022,2023,0.9,1.0,0.11111111111111108
6459,Florida,"Punta Gorda, FL",2023,2024,1.0,1.1,0.10000000000000009
6460,Florida,"Miami-Miami Beach-Kendall, FL Metropolitan Division",2007,2008,46.9,41.6,-0.11300639658848609
6461,Florida,"Miami-Miami Beach-Kendall, FL Metropolitan Division",2008,2009,41.6,36.2,-0.12980769230769226
6462,Florida,"Miami-Miami Beach-Kendall, FL Metropolitan Division",2009,2010,36.2,36.0,-0.0055248618784531165
6463,Florida,"Miami-Miami Beach-Kendall, FL Metropolitan Division",2010,2011,36.0,36.4,0.011111111111111072
6464,Florida,"Miami-Miami Beach-Kendall, FL Metropolitan Division",2011,2012,36.4,35.9,-0.013736263736263736
6465,Florida,"Miami-Miami Beach-Kendall, FL Metropolitan Division",2012,2013,35.9,37.0,0.03064066852367692
6466,Florida,"Miami-Miami Beach-Kendall, FL Metropolitan Division",2013,2014,37.0,38.4,0.0378378378378378
6467,Florida,"Miami-Miami Beach-Kendall, FL Metropolitan Division",2014,2015,38.4,40.7,0.05989583333333345
6468,Florida,"Miami-Miami Beach-Kendall, FL Metropolitan Division",2015,2016,40.7,41.5,0.019656019656019586
6469,Florida,"Miami-Miami Beach-Kendall, FL Metropolitan Division",2016,2017,41.5,40.9,-0.01445783132530124
6470,Florida,"Miami-Miami Beach-Kendall, FL Metropolitan Division",2017,2018,40.9,42.1,0.029339853300733566
6471,Florida,"Miami-Miami Beach-Kendall, FL Metropolitan Division",2018,2019,42.1,42.8,0.016627078384798
6472,Florida,"Miami-Miami Beach-Kendall, FL Metropolitan Division",2019,2020,42.8,40.6,-0.051401869158878406
6473,Florida,"Miami-Miami Beach-Kendall, FL Metropolitan Division",2020,2021,40.6,41.8,0.029556650246305313
6474,Florida,"Miami-Miami Beach-Kendall, FL Metropolitan Division",2021,2022,41.8,44.5,0.06459330143540677
6475,Florida,"Miami-Miami Beach-Kendall, FL Metropolitan Division",2022,2023,44.5,47.0,0.056179775280898875
6476,Florida,"Miami-Miami Beach-Kendall, FL Metropolitan Division",2023,2024,47.0,48.2,0.025531914893617082
6477,Indiana,"Bloomington, IN",2007,2008,9.5,8.3,-0.12631578947368413
6478,Indiana,"Bloomington, IN",2008,2009,8.3,8.5,0.024096385542168586
6479,Indiana,"Bloomington, IN",2009,2010,8.5,8.4,-0.0117647058823529
6480,Indiana,"Bloomington, IN",2010,2011,8.4,8.2,-0.023809523809523937
6481,Indiana,"Bloomington, IN",2011,2012,8.2,9.0,0.0975609756097562
6482,Indiana,"Bloomington, IN",2012,2013,9.0,8.5,-0.05555555555555555
6483,Indiana,"Bloomington, IN",2013,2014,8.5,8.7,0.0235294117647058
6484,Indiana,"Bloomington, IN",2014,2015,8.7,8.5,-0.022988505747126357
6485,Indiana,"Bloomington, IN",2015,2016,8.5,8.8,0.035294117647058906
6486,Indiana,"Bloomington, IN",2016,2017,8.8,8.8,0.0
6487,Indiana,"Bloomington, IN",2017,2018,8.8,9.2,0.04545454545454529
6488,Indiana,"Bloomington, IN",2018,2019,9.2,9.8,0.06521739130434799
6489,Indiana,"Bloomington, IN",2019,2020,9.8,9.8,0.0
6490,Indiana,"Bloomington, IN",2020,2021,9.8,12.0,0.22448979591836726
6491,Indiana,"Bloomington, IN",2021,2022,12.0,12.5,0.041666666666666664
6492,Indiana,"Bloomington, IN",2022,2023,12.5,11.0,-0.12
6493,Indiana,"Bloomington, IN",2023,2024,11.0,10.4,-0.054545454545454515
6494,New York,"Ithaca, NY",2007,2008,3.8,3.5,-0.07894736842105259
6495,New York,"Ithaca, NY",2008,2009,3.5,3.0,-0.14285714285714285
6496,New York,"Ithaca, NY",2009,2010,3.0,3.2,0.06666666666666672
6497,New York,"Ithaca, NY",2010,2011,3.2,3.2,0.0
6498,New York,"Ithaca, NY",2011,2012,3.2,3.3,0.03124999999999989
6499,New York,"Ithaca, NY",2012,2013,3.3,3.5,0.06060606060606066
6500,New York,"Ithaca, NY",2013,2014,3.5,3.4,-0.0285714285714286
6501,New York,"Ithaca, NY",2014,2015,3.4,3.4,0.0
6502,New York,"Ithaca, NY",2015,2016,3.4,3.4,0.0
6503,New York,"Ithaca, NY",2016,2017,3.4,3.3,-0.02941176470588238
6504,New York,"Ithaca, NY",2017,2018,3.3,3.0,-0.09090909090909086
6505,New York,"Ithaca, NY",2018,2019,3.0,2.7,-0.09999999999999994
6506,New York,"Ithaca, NY",2019,2020,2.7,2.4,-0.1111111111111112
6507,New York,"Ithaca, NY",2020,2021,2.4,2.5,0.041666666666666706
6508,New York,"Ithaca, NY",2021,2022,2.5,2.6,0.040000000000000036
6509,New York,"Ithaca, NY",2022,2023,2.6,2.6,0.0
6510,New York,"Ithaca, NY",2023,2024,2.6,2.5,-0.03846153846153849
6511,Maine,"Bangor, ME",2007,2008,4.7,4.7,0.0
6512,Maine,"Bangor, ME",2008,2009,4.7,4.4,-0.0638297872340425
6513,Maine,"Bangor, ME",2009,2010,4.4,3.8,-0.13636363636363646
6514,Maine,"Bangor, ME",2010,2011,3.8,3.7,-0.02631578947368412
6515,Maine,"Bangor, ME",2011,2012,3.7,3.6,-0.02702702702702705
6516,Maine,"Bangor, ME",2012,2013,3.6,3.5,-0.0277777777777778
6517,Maine,"Bangor, ME",2013,2014,3.5,2.9,-0.17142857142857146
6518,Maine,"Bangor, ME",2014,2015,2.9,2.8,-0.03448275862068969
6519,Maine,"Bangor, ME",2015,2016,2.8,2.7,-0.03571428571428559
6520,Maine,"Bangor, ME",2016,2017,2.7,2.6,-0.03703703703703707
6521,Maine,"Bangor, ME",2017,2018,2.6,2.8,0.07692307692307682
6522,Maine,"Bangor, ME",2018,2019,2.8,2.8,0.0
6523,Maine,"Bangor, ME",2019,2020,2.8,2.7,-0.03571428571428559
6524,Maine,"Bangor, ME",2020,2021,2.7,2.7,0.0
6525,Maine,"Bangor, ME",2021,2022,2.7,2.8,0.0370370370370369
6526,Maine,"Bangor, ME",2022,2023,2.8,2.8,0.0
6527,Maine,"Bangor, ME",2023,2024,2.8,2.9,0.03571428571428575
6528,Louisiana,"Monroe, LA",2007,2008,8.6,7.7,-0.10465116279069761
6529,Louisiana,"Monroe, LA",2008,2009,7.7,7.0,-0.09090909090909093
6530,Louisiana,"Monroe, LA",2009,2010,7.0,7.5,0.07142857142857142
6531,Louisiana,"Monroe, LA",2010,2011,7.5,7.8,0.03999999999999997
6532,Louisiana,"Monroe, LA",2011,2012,7.8,7.9,0.01282051282051289
6533,Louisiana,"Monroe, LA",2012,2013,7.9,7.9,0.0
6534,Louisiana,"Monroe, LA",2013,2014,7.9,8.0,0.01265822784810122
6535,Louisiana,"Monroe, LA",2014,2015,8.0,7.9,-0.012499999999999956
6536,Louisiana,"Monroe, LA",2015,2016,7.9,7.7,-0.025316455696202552
6537,Louisiana,"Monroe, LA",2016,2017,7.7,7.7,0.0
6538,Louisiana,"Monroe, LA",2017,2018,7.7,7.6,-0.012987012987013056
6539,Louisiana,"Monroe, LA",2018,2019,7.6,7.3,-0.03947368421052629
6540,Louisiana,"Monroe, LA",2019,2020,7.3,6.7,-0.08219178082191776
6541,Louisiana,"Monroe, LA",2020,2021,6.7,6.7,0.0
6542,Louisiana,"Monroe, LA",2021,2022,6.7,7.2,0.07462686567164178
6543,Louisiana,"Monroe, LA",2022,2023,7.2,7.4,0.0277777777777778
6544,Louisiana,"Monroe, LA",2023,2024,7.4,7.3,-0.013513513513513585
6545,California,"Fresno, CA",2007,2008,30.5,29.1,-0.04590163934426225
6546,California,"Fresno, CA",2008,2009,29.1,27.0,-0.0721649484536083
6547,California,"Fresno, CA",2009,2010,27.0,26.6,-0.014814814814814762
6548,California,"Fresno, CA",2010,2011,26.6,26.4,-0.007518796992481309
6549,California,"Fresno, CA",2011,2012,26.4,26.2,-0.007575757575757549
6550,California,"Fresno, CA",2012,2013,26.2,26.5,0.01145038167938934
6551,California,"Fresno, CA",2013,2014,26.5,27.7,0.045283018867924504
6552,California,"Fresno, CA",2014,2015,27.7,27.9,0.007220216606498169
6553,California,"Fresno, CA",2015,2016,27.9,27.9,0.0
6554,California,"Fresno, CA",2016,2017,27.9,28.7,0.028673835125448056
6555,California,"Fresno, CA",2017,2018,28.7,29.1,0.013937282229965231
6556,California,"Fresno, CA",2018,2019,29.1,29.7,0.020618556701030855
6557,California,"Fresno, CA",2019,2020,29.7,28.4,-0.043771043771043794
6558,California,"Fresno, CA",2020,2021,28.4,29.4,0.035211267605633804
6559,California,"Fresno, CA",2021,2022,29.4,29.6,0.006802721088435471
6560,California,"Fresno, CA",2022,2023,29.6,30.3,0.023648648648648622
6561,California,"Fresno, CA",2023,2024,30.3,30.7,0.013201320132013155
6562,Florida,"Deltona-Daytona Beach-Ormond Beach, FL",2007,2008,11.2,9.2,-0.17857142857142858
6563,Florida,"Deltona-Daytona Beach-Ormond Beach, FL",2008,2009,9.2,8.5,-0.07608695652173907
6564,Florida,"Deltona-Daytona Beach-Ormond Beach, FL",2009,2010,8.5,8.6,0.0117647058823529
6565,Florida,"Deltona-Daytona Beach-Ormond Beach, FL",2010,2011,8.6,9.1,0.05813953488372093
6566,Florida,"Deltona-Daytona Beach-Ormond Beach, FL",2011,2012,9.1,9.4,0.032967032967033044
6567,Florida,"Deltona-Daytona Beach-Ormond Beach, FL",2012,2013,9.4,10.2,0.08510638297872329
6568,Florida,"Deltona-Daytona Beach-Ormond Beach, FL",2013,2014,10.2,10.5,0.029411764705882425
6569,Florida,"Deltona-Daytona Beach-Ormond Beach, FL",2014,2015,10.5,11.3,0.07619047619047625
6570,Florida,"Deltona-Daytona Beach-Ormond Beach, FL",2015,2016,11.3,11.7,0.03539823008849545
6571,Florida,"Deltona-Daytona Beach-Ormond Beach, FL",2016,2017,11.7,11.6,-0.008547008547008517
6572,Florida,"Deltona-Daytona Beach-Ormond Beach, FL",2017,2018,11.6,11.7,0.008620689655172384
6573,Florida,"Deltona-Daytona Beach-Ormond Beach, FL",2018,2019,11.7,11.2,-0.042735042735042736
6574,Florida,"Deltona-Daytona Beach-Ormond Beach, FL",2019,2020,11.2,10.8,-0.03571428571428559
6575,Florida,"Deltona-Daytona Beach-Ormond Beach, FL",2020,2021,10.8,12.1,0.12037037037037027
6576,Florida,"Deltona-Daytona Beach-Ormond Beach, FL",2021,2022,12.1,12.8,0.05785123966942158
6577,Florida,"Deltona-Daytona Beach-Ormond Beach, FL",2022,2023,12.8,13.0,0.015624999999999944
6578,Florida,"Deltona-Daytona Beach-Ormond Beach, FL",2023,2024,13.0,12.7,-0.02307692307692313
6579,Illinois,"Lake County, IL Metropolitan Division",2007,2008,54.0,52.4,-0.029629629629629655
6580,Illinois,"Lake County, IL Metropolitan Division",2008,2009,52.4,47.8,-0.08778625954198477
6581,Illinois,"Lake County, IL Metropolitan Division",2009,2010,47.8,48.1,0.006276150627615152
6582,Illinois,"Lake County, IL Metropolitan Division",2010,2011,48.1,48.1,0.0
6583,Illinois,"Lake County, IL Metropolitan Division",2011,2012,48.1,50.4,0.04781704781704776
6584,Illinois,"Lake County, IL Metropolitan Division",2012,2013,50.4,51.8,0.027777777777777752
6585,Illinois,"Lake County, IL Metropolitan Division",2013,2014,51.8,52.3,0.009652509652509652
6586,Illinois,"Lake County, IL Metropolitan Division",2014,2015,52.3,52.1,-0.0038240917782025956
6587,Illinois,"Lake County, IL Metropolitan Division",2015,2016,52.1,52.3,0.003838771593090129
6588,Illinois,"Lake County, IL Metropolitan Division",2016,2017,52.3,52.8,0.009560229445506692
6589,Illinois,"Lake County, IL Metropolitan Division",2017,2018,52.8,54.4,0.03030303030303033
6590,Illinois,"Lake County, IL Metropolitan Division",2018,2019,54.4,54.1,-0.0055147058823528895
6591,Illinois,"Lake County, IL Metropolitan Division",2019,2020,54.1,52.9,-0.022181146025878055
6592,Illinois,"Lake County, IL Metropolitan Division",2020,2021,52.9,53.3,0.007561436672967837
6593,Illinois,"Lake County, IL Metropolitan Division",2021,2022,53.3,54.7,0.02626641651031906
6594,Illinois,"Lake County, IL Metropolitan Division",2022,2023,54.7,53.8,-0.016453382084095167
6595,Illinois,"Lake County, IL Metropolitan Division",2023,2024,53.8,54.3,0.00929368029739777
6596,Arizona,"Yuma, AZ",2007,2008,2.9,2.4,-0.1724137931034483
6597,Arizona,"Yuma, AZ",2008,2009,2.4,1.7,-0.2916666666666667
6598,Arizona,"Yuma, AZ",2009,2010,1.7,2.0,0.17647058823529416
6599,Arizona,"Yuma, AZ",2010,2011,2.0,2.0,0.0
6600,Arizona,"Yuma, AZ",2011,2012,2.0,2.2,0.10000000000000009
6601,Arizona,"Yuma, AZ",2012,2013,2.2,2.3,0.04545454545454529
6602,Arizona,"Yuma, AZ",2013,2014,2.3,2.4,0.04347826086956526
6603,Arizona,"Yuma, AZ",2014,2015,2.4,2.6,0.08333333333333341
6604,Arizona,"Yuma, AZ",2015,2016,2.6,2.9,0.11538461538461531
6605,Arizona,"Yuma, AZ",2016,2017,2.9,2.9,0.0
6606,Arizona,"Yuma, AZ",2017,2018,2.9,3.0,0.03448275862068969
6607,Arizona,"Yuma, AZ",2018,2019,3.0,3.1,0.03333333333333336
6608,Arizona,"Yuma, AZ",2019,2020,3.1,3.1,0.0
6609,Arizona,"Yuma, AZ",2020,2021,3.1,3.5,0.1290322580645161
6610,Arizona,"Yuma, AZ",2021,2022,3.5,3.5,0.0
6611,Arizona,"Yuma, AZ",2022,2023,3.5,3.1,-0.11428571428571425
6612,Arizona,"Yuma, AZ",2023,2024,3.1,2.3,-0.25806451612903236
6613,Washington,"Olympia-Lacey-Tumwater, WA",2007,2008,3.0,2.9,-0.03333333333333336
6614,Washington,"Olympia-Lacey-Tumwater, WA",2008,2009,2.9,2.6,-0.10344827586206891
6615,Washington,"Olympia-Lacey-Tumwater, WA",2009,2010,2.6,2.5,-0.03846153846153849
6616,Washington,"Olympia-Lacey-Tumwater, WA",2010,2011,2.5,2.6,0.040000000000000036
6617,Washington,"Olympia-Lacey-Tumwater, WA",2011,2012,2.6,2.7,0.03846153846153849
6618,Washington,"Olympia-Lacey-Tumwater, WA",2012,2013,2.7,2.7,0.0
6619,Washington,"Olympia-Lacey-Tumwater, WA",2013,2014,2.7,3.0,0.11111111111111104
6620,Washington,"Olympia-Lacey-Tumwater, WA",2014,2015,3.0,2.9,-0.03333333333333336
6621,Washington,"Olympia-Lacey-Tumwater, WA",2015,2016,2.9,3.1,0.06896551724137938
6622,Washington,"Olympia-Lacey-Tumwater, WA",2016,2017,3.1,3.1,0.0
6623,Washington,"Olympia-Lacey-Tumwater, WA",2017,2018,3.1,3.1,0.0
6624,Washington,"Olympia-Lacey-Tumwater, WA",2018,2019,3.1,3.2,0.03225806451612906
6625,Washington,"Olympia-Lacey-Tumwater, WA",2019,2020,3.2,3.1,-0.03125000000000003
6626,Washington,"Olympia-Lacey-Tumwater, WA",2020,2021,3.1,3.3,0.06451612903225798
6627,Washington,"Olympia-Lacey-Tumwater, WA",2021,2022,3.3,3.4,0.03030303030303033
6628,Washington,"Olympia-Lacey-Tumwater, WA",2022,2023,3.4,3.2,-0.05882352941176463
6629,Washington,"Olympia-Lacey-Tumwater, WA",2023,2024,3.2,3.3,0.03124999999999989
6630,Florida,"Crestview-Fort Walton Beach-Destin, FL",2007,2008,5.2,5.3,0.019230769230769162
6631,Florida,"Crestview-Fort Walton Beach-Destin, FL",2008,2009,5.3,4.6,-0.13207547169811323
6632,Florida,"Crestview-Fort Walton Beach-Destin, FL",2009,2010,4.6,4.3,-0.0652173913043478
6633,Florida,"Crestview-Fort Walton Beach-Destin, FL",2010,2011,4.3,4.0,-0.06976744186046507
6634,Florida,"Crestview-Fort Walton Beach-Destin, FL",2011,2012,4.0,3.8,-0.050000000000000044
6635,Florida,"Crestview-Fort Walton Beach-Destin, FL",2012,2013,3.8,3.8,0.0
6636,Florida,"Crestview-Fort Walton Beach-Destin, FL",2013,2014,3.8,3.5,-0.07894736842105259
6637,Florida,"Crestview-Fort Walton Beach-Destin, FL",2014,2015,3.5,3.6,0.0285714285714286
6638,Florida,"Crestview-Fort Walton Beach-Destin, FL",2015,2016,3.6,3.4,-0.0555555555555556
6639,Florida,"Crestview-Fort Walton Beach-Destin, FL",2016,2017,3.4,3.1,-0.08823529411764701
6640,Florida,"Crestview-Fort Walton Beach-Destin, FL",2017,2018,3.1,3.1,0.0
6641,Florida,"Crestview-Fort Walton Beach-Destin, FL",2018,2019,3.1,3.2,0.03225806451612906
6642,Florida,"Crestview-Fort Walton Beach-Destin, FL",2019,2020,3.2,3.4,0.06249999999999992
6643,Florida,"Crestview-Fort Walton Beach-Destin, FL",2020,2021,3.4,3.4,0.0
6644,Florida,"Crestview-Fort Walton Beach-Destin, FL",2021,2022,3.4,3.6,0.05882352941176476
6645,Florida,"Crestview-Fort Walton Beach-Destin, FL",2022,2023,3.6,3.4,-0.0555555555555556
6646,Florida,"Crestview-Fort Walton Beach-Destin, FL",2023,2024,3.4,3.4,0.0
6647,Colorado,"Greeley, CO",2007,2008,10.9,11.3,0.03669724770642205
6648,Colorado,"Greeley, CO",2008,2009,11.3,10.3,-0.08849557522123894
6649,Colorado,"Greeley, CO",2009,2010,10.3,10.7,0.03883495145631054
6650,Colorado,"Greeley, CO",2010,2011,10.7,11.6,0.08411214953271032
6651,Colorado,"Greeley, CO",2011,2012,11.6,11.4,-0.01724137931034477
6652,Colorado,"Greeley, CO",2012,2013,11.4,11.6,0.017543859649122744
6653,Colorado,"Greeley, CO",2013,2014,11.6,12.5,0.07758620689655175
6654,Colorado,"Greeley, CO",2014,2015,12.5,13.2,0.055999999999999946
6655,Colorado,"Greeley, CO",2015,2016,13.2,13.5,0.022727272727272783
6656,Colorado,"Greeley, CO",2016,2017,13.5,13.3,-0.014814814814814762
6657,Colorado,"Greeley, CO",2017,2018,13.3,14.0,0.05263157894736836
6658,Colorado,"Greeley, CO",2018,2019,14.0,14.4,0.0285714285714286
6659,Colorado,"Greeley, CO",2019,2020,14.4,13.8,-0.041666666666666644
6660,Colorado,"Greeley, CO",2020,2021,13.8,13.2,-0.04347826086956532
6661,Colorado,"Greeley, CO",2021,2022,13.2,13.6,0.03030303030303033
6662,Colorado,"Greeley, CO",2022,2023,13.6,13.6,0.0
6663,Colorado,"Greeley, CO",2023,2024,13.6,14.2,0.044117647058823505
