series_id	state	area	year	period	month	value
SMU48417003000000006	Texas	San Antonio-New Braunfels, TX	2025	M12	December	46.5
SMU48417003000000006	Texas	San Antonio-New Braunfels, TX	2025	M11	November	44.8
SMU48417003000000006	Texas	San Antonio-New Braunfels, TX	2025	M10	October	44.0
SMU48417003000000006	Texas	San Antonio-New Braunfels, TX	2025	M09	September	43.3
SMU48417003000000006	Texas	San Antonio-New Braunfels, TX	2025	M08	August	44.3
SMU48417003000000006	Texas	San Antonio-New Braunfels, TX	2025	M07	July	45.3
SMU48417003000000006	Texas	San Antonio-New Braunfels, TX	2025	M06	June	44.6
SMU48417003000000006	Texas	San Antonio-New Braunfels, TX	2025	M05	May	44.2
SMU48417003000000006	Texas	San Antonio-New Braunfels, TX	2025	M04	April	44.1
SMU48417003000000006	Texas	San Antonio-New Braunfels, TX	2025	M03	March	43.8
SMU48417003000000006	Texas	San Antonio-New Braunfels, TX	2025	M02	February	43.1
SMU48417003000000006	Texas	San Antonio-New Braunfels, TX	2025	M01	January	43.4
SMU48417003000000006	Texas	San Antonio-New Braunfels, TX	2024	M12	December	43.6
SMU48417003000000006	Texas	San Antonio-New Braunfels, TX	2024	M11	November	42.8
SMU48417003000000006	Texas	San Antonio-New Braunfels, TX	2024	M10	October	42.4
SMU48417003000000006	Texas	San Antonio-New Braunfels, TX	2024	M09	September	42.1
SMU48417003000000006	Texas	San Antonio-New Braunfels, TX	2024	M08	August	41.9
SMU48417003000000006	Texas	San Antonio-New Braunfels, TX	2024	M07	July	42.2
SMU48417003000000006	Texas	San Antonio-New Braunfels, TX	2024	M06	June	41.4
SMU48417003000000006	Texas	San Antonio-New Braunfels, TX	2024	M05	May	40.2
SMU48417003000000006	Texas	San Antonio-New Braunfels, TX	2024	M04	April	38.9
SMU48417003000000006	Texas	San Antonio-New Braunfels, TX	2024	M03	March	39.0
SMU48417003000000006	Texas	San Antonio-New Braunfels, TX	2024	M02	February	38.4
SMU48417003000000006	Texas	San Antonio-New Braunfels, TX	2024	M01	January	37.7
SMU48417003000000006	Texas	San Antonio-New Braunfels, TX	2023	M12	December	37.1
SMU48417003000000006	Texas	San Antonio-New Braunfels, TX	2023	M11	November	36.2
SMU48417003000000006	Texas	San Antonio-New Braunfels, TX	2023	M10	October	35.8
SMU48417003000000006	Texas	San Antonio-New Braunfels, TX	2023	M09	September	36.1
SMU48417003000000006	Texas	San Antonio-New Braunfels, TX	2023	M08	August	35.9
SMU48417003000000006	Texas	San Antonio-New Braunfels, TX	2023	M07	July	34.8
SMU48417003000000006	Texas	San Antonio-New Braunfels, TX	2023	M06	June	34.3
SMU48417003000000006	Texas	San Antonio-New Braunfels, TX	2023	M05	May	34.3
SMU48417003000000006	Texas	San Antonio-New Braunfels, TX	2023	M04	April	34.1
SMU48417003000000006	Texas	San Antonio-New Braunfels, TX	2023	M03	March	34.3
SMU48417003000000006	Texas	San Antonio-New Braunfels, TX	2023	M02	February	34.4
SMU48417003000000006	Texas	San Antonio-New Braunfels, TX	2023	M01	January	33.0
SMU48417003000000006	Texas	San Antonio-New Braunfels, TX	2022	M12	December	31.4
SMU48417003000000006	Texas	San Antonio-New Braunfels, TX	2022	M11	November	32.5
SMU48417003000000006	Texas	San Antonio-New Braunfels, TX	2022	M10	October	32.1
SMU48417003000000006	Texas	San Antonio-New Braunfels, TX	2022	M09	September	32.4
SMU48417003000000006	Texas	San Antonio-New Braunfels, TX	2022	M08	August	33.3
SMU48417003000000006	Texas	San Antonio-New Braunfels, TX	2022	M07	July	35.1
SMU48417003000000006	Texas	San Antonio-New Braunfels, TX	2022	M06	June	35.7
SMU48417003000000006	Texas	San Antonio-New Braunfels, TX	2022	M05	May	36.7
SMU48417003000000006	Texas	San Antonio-New Braunfels, TX	2022	M04	April	37.0
SMU48417003000000006	Texas	San Antonio-New Braunfels, TX	2022	M03	March	35.9
SMU48417003000000006	Texas	San Antonio-New Braunfels, TX	2022	M02	February	36.3
SMU48417003000000006	Texas	San Antonio-New Braunfels, TX	2022	M01	January	36.6
SMU48417003000000006	Texas	San Antonio-New Braunfels, TX	2021	M12	December	37.7
SMU48417003000000006	Texas	San Antonio-New Braunfels, TX	2021	M11	November	37.4
SMU48417003000000006	Texas	San Antonio-New Braunfels, TX	2021	M10	October	36.5
SMU48417003000000006	Texas	San Antonio-New Braunfels, TX	2021	M09	September	36.4
SMU48417003000000006	Texas	San Antonio-New Braunfels, TX	2021	M08	August	35.7
SMU48417003000000006	Texas	San Antonio-New Braunfels, TX	2021	M07	July	35.4
SMU48417003000000006	Texas	San Antonio-New Braunfels, TX	2021	M06	June	34.7
SMU48417003000000006	Texas	San Antonio-New Braunfels, TX	2021	M05	May	36.5
SMU48417003000000006	Texas	San Antonio-New Braunfels, TX	2021	M04	April	36.5
SMU48417003000000006	Texas	San Antonio-New Braunfels, TX	2021	M03	March	35.9
SMU48417003000000006	Texas	San Antonio-New Braunfels, TX	2021	M02	February	37.0
SMU48417003000000006	Texas	San Antonio-New Braunfels, TX	2021	M01	January	36.5
SMU48417003000000006	Texas	San Antonio-New Braunfels, TX	2020	M12	December	36.5
SMU48417003000000006	Texas	San Antonio-New Braunfels, TX	2020	M11	November	35.7
SMU48417003000000006	Texas	San Antonio-New Braunfels, TX	2020	M10	October	35.3
SMU48417003000000006	Texas	San Antonio-New Braunfels, TX	2020	M09	September	33.5
SMU48417003000000006	Texas	San Antonio-New Braunfels, TX	2020	M08	August	33.2
SMU48417003000000006	Texas	San Antonio-New Braunfels, TX	2020	M07	July	33.4
SMU48417003000000006	Texas	San Antonio-New Braunfels, TX	2020	M06	June	34.2
SMU48417003000000006	Texas	San Antonio-New Braunfels, TX	2020	M05	May	31.8
SMU48417003000000006	Texas	San Antonio-New Braunfels, TX	2020	M04	April	31.4
SMU48417003000000006	Texas	San Antonio-New Braunfels, TX	2020	M03	March	35.0
SMU48417003000000006	Texas	San Antonio-New Braunfels, TX	2020	M02	February	35.8
SMU48417003000000006	Texas	San Antonio-New Braunfels, TX	2020	M01	January	36.3
SMU48417003000000006	Texas	San Antonio-New Braunfels, TX	2019	M12	December	36.9
SMU48417003000000006	Texas	San Antonio-New Braunfels, TX	2019	M11	November	36.3
SMU48417003000000006	Texas	San Antonio-New Braunfels, TX	2019	M10	October	35.9
SMU48417003000000006	Texas	San Antonio-New Braunfels, TX	2019	M09	September	35.8
SMU48417003000000006	Texas	San Antonio-New Braunfels, TX	2019	M08	August	35.8
SMU48417003000000006	Texas	San Antonio-New Braunfels, TX	2019	M07	July	35.0
SMU48417003000000006	Texas	San Antonio-New Braunfels, TX	2019	M06	June	35.5
SMU48417003000000006	Texas	San Antonio-New Braunfels, TX	2019	M05	May	34.3
SMU48417003000000006	Texas	San Antonio-New Braunfels, TX	2019	M04	April	33.1
SMU48417003000000006	Texas	San Antonio-New Braunfels, TX	2019	M03	March	32.3
SMU48417003000000006	Texas	San Antonio-New Braunfels, TX	2019	M02	February	31.1
SMU48417003000000006	Texas	San Antonio-New Braunfels, TX	2019	M01	January	30.4
SMU48417003000000006	Texas	San Antonio-New Braunfels, TX	2018	M12	December	31.8
SMU48417003000000006	Texas	San Antonio-New Braunfels, TX	2018	M11	November	31.5
SMU48417003000000006	Texas	San Antonio-New Braunfels, TX	2018	M10	October	31.5
SMU48417003000000006	Texas	San Antonio-New Braunfels, TX	2018	M09	September	30.9
SMU48417003000000006	Texas	San Antonio-New Braunfels, TX	2018	M08	August	31.6
SMU48417003000000006	Texas	San Antonio-New Braunfels, TX	2018	M07	July	31.0
SMU48417003000000006	Texas	San Antonio-New Braunfels, TX	2018	M06	June	30.7
SMU48417003000000006	Texas	San Antonio-New Braunfels, TX	2018	M05	May	31.1
SMU48417003000000006	Texas	San Antonio-New Braunfels, TX	2018	M04	April	30.7
SMU48417003000000006	Texas	San Antonio-New Braunfels, TX	2018	M03	March	30.1
SMU48417003000000006	Texas	San Antonio-New Braunfels, TX	2018	M02	February	31.1
SMU48417003000000006	Texas	San Antonio-New Braunfels, TX	2018	M01	January	29.9
SMU48417003000000006	Texas	San Antonio-New Braunfels, TX	2017	M12	December	29.8
SMU48417003000000006	Texas	San Antonio-New Braunfels, TX	2017	M11	November	29.9
SMU48417003000000006	Texas	San Antonio-New Braunfels, TX	2017	M10	October	29.7
SMU48417003000000006	Texas	San Antonio-New Braunfels, TX	2017	M09	September	29.6
SMU48417003000000006	Texas	San Antonio-New Braunfels, TX	2017	M08	August	30.2
SMU48417003000000006	Texas	San Antonio-New Braunfels, TX	2017	M07	July	29.8
SMU48417003000000006	Texas	San Antonio-New Braunfels, TX	2017	M06	June	29.3
SMU48417003000000006	Texas	San Antonio-New Braunfels, TX	2017	M05	May	29.1
SMU48417003000000006	Texas	San Antonio-New Braunfels, TX	2017	M04	April	28.8
SMU48417003000000006	Texas	San Antonio-New Braunfels, TX	2017	M03	March	28.3
SMU48417003000000006	Texas	San Antonio-New Braunfels, TX	2017	M02	February	28.4
SMU48417003000000006	Texas	San Antonio-New Braunfels, TX	2017	M01	January	29.2
SMU48417003000000006	Texas	San Antonio-New Braunfels, TX	2016	M12	December	30.9
SMU48417003000000006	Texas	San Antonio-New Braunfels, TX	2016	M11	November	31.7
SMU48417003000000006	Texas	San Antonio-New Braunfels, TX	2016	M10	October	31.9
SMU48417003000000006	Texas	San Antonio-New Braunfels, TX	2016	M09	September	32.4
SMU48417003000000006	Texas	San Antonio-New Braunfels, TX	2016	M08	August	33.0
SMU48417003000000006	Texas	San Antonio-New Braunfels, TX	2016	M07	July	33.9
SMU48417003000000006	Texas	San Antonio-New Braunfels, TX	2016	M06	June	34.2
SMU48417003000000006	Texas	San Antonio-New Braunfels, TX	2016	M05	May	34.3
SMU48417003000000006	Texas	San Antonio-New Braunfels, TX	2016	M04	April	34.8
SMU48417003000000006	Texas	San Antonio-New Braunfels, TX	2016	M03	March	34.7
SMU48417003000000006	Texas	San Antonio-New Braunfels, TX	2016	M02	February	35.3
SMU48417003000000006	Texas	San Antonio-New Braunfels, TX	2016	M01	January	35.1
SMU48417003000000006	Texas	San Antonio-New Braunfels, TX	2015	M12	December	34.8
SMU48417003000000006	Texas	San Antonio-New Braunfels, TX	2015	M11	November	34.7
SMU48417003000000006	Texas	San Antonio-New Braunfels, TX	2015	M10	October	34.3
SMU48417003000000006	Texas	San Antonio-New Braunfels, TX	2015	M09	September	34.3
SMU48417003000000006	Texas	San Antonio-New Braunfels, TX	2015	M08	August	34.6
SMU48417003000000006	Texas	San Antonio-New Braunfels, TX	2015	M07	July	34.1
SMU48417003000000006	Texas	San Antonio-New Braunfels, TX	2015	M06	June	34.3
SMU48417003000000006	Texas	San Antonio-New Braunfels, TX	2015	M05	May	33.9
SMU48417003000000006	Texas	San Antonio-New Braunfels, TX	2015	M04	April	32.5
SMU48417003000000006	Texas	San Antonio-New Braunfels, TX	2015	M03	March	31.8
SMU48417003000000006	Texas	San Antonio-New Braunfels, TX	2015	M02	February	31.0
SMU48417003000000006	Texas	San Antonio-New Braunfels, TX	2015	M01	January	30.1
SMU48417003000000006	Texas	San Antonio-New Braunfels, TX	2014	M12	December	29.8
SMU48417003000000006	Texas	San Antonio-New Braunfels, TX	2014	M11	November	29.8
SMU48417003000000006	Texas	San Antonio-New Braunfels, TX	2014	M10	October	30.0
SMU48417003000000006	Texas	San Antonio-New Braunfels, TX	2014	M09	September	30.3
SMU48417003000000006	Texas	San Antonio-New Braunfels, TX	2014	M08	August	30.1
SMU48417003000000006	Texas	San Antonio-New Braunfels, TX	2014	M07	July	30.2
SMU48417003000000006	Texas	San Antonio-New Braunfels, TX	2014	M06	June	30.9
SMU48417003000000006	Texas	San Antonio-New Braunfels, TX	2014	M05	May	30.4
SMU48417003000000006	Texas	San Antonio-New Braunfels, TX	2014	M04	April	31.0
SMU48417003000000006	Texas	San Antonio-New Braunfels, TX	2014	M03	March	30.9
SMU48417003000000006	Texas	San Antonio-New Braunfels, TX	2014	M02	February	30.9
SMU48417003000000006	Texas	San Antonio-New Braunfels, TX	2014	M01	January	30.6
SMU48417003000000006	Texas	San Antonio-New Braunfels, TX	2013	M12	December	31.0
SMU48417003000000006	Texas	San Antonio-New Braunfels, TX	2013	M11	November	31.4
SMU48417003000000006	Texas	San Antonio-New Braunfels, TX	2013	M10	October	31.5
SMU48417003000000006	Texas	San Antonio-New Braunfels, TX	2013	M09	September	32.2
SMU48417003000000006	Texas	San Antonio-New Braunfels, TX	2013	M08	August	32.8
SMU48417003000000006	Texas	San Antonio-New Braunfels, TX	2013	M07	July	32.2
SMU48417003000000006	Texas	San Antonio-New Braunfels, TX	2013	M06	June	31.4
SMU48417003000000006	Texas	San Antonio-New Braunfels, TX	2013	M05	May	32.0
SMU48417003000000006	Texas	San Antonio-New Braunfels, TX	2013	M04	April	32.8
SMU48417003000000006	Texas	San Antonio-New Braunfels, TX	2013	M03	March	33.0
SMU48417003000000006	Texas	San Antonio-New Braunfels, TX	2013	M02	February	33.9
SMU48417003000000006	Texas	San Antonio-New Braunfels, TX	2013	M01	January	34.4
SMU48417003000000006	Texas	San Antonio-New Braunfels, TX	2012	M12	December	35.0
SMU48417003000000006	Texas	San Antonio-New Braunfels, TX	2012	M11	November	35.3
SMU48417003000000006	Texas	San Antonio-New Braunfels, TX	2012	M10	October	35.2
SMU48417003000000006	Texas	San Antonio-New Braunfels, TX	2012	M09	September	34.3
SMU48417003000000006	Texas	San Antonio-New Braunfels, TX	2012	M08	August	33.4
SMU48417003000000006	Texas	San Antonio-New Braunfels, TX	2012	M07	July	32.9
SMU48417003000000006	Texas	San Antonio-New Braunfels, TX	2012	M06	June	33.2
SMU48417003000000006	Texas	San Antonio-New Braunfels, TX	2012	M05	May	33.2
SMU48417003000000006	Texas	San Antonio-New Braunfels, TX	2012	M04	April	33.4
SMU48417003000000006	Texas	San Antonio-New Braunfels, TX	2012	M03	March	32.4
SMU48417003000000006	Texas	San Antonio-New Braunfels, TX	2012	M02	February	32.9
SMU48417003000000006	Texas	San Antonio-New Braunfels, TX	2012	M01	January	33.1
SMU48417003000000006	Texas	San Antonio-New Braunfels, TX	2011	M12	December	32.3
SMU48417003000000006	Texas	San Antonio-New Braunfels, TX	2011	M11	November	31.5
SMU48417003000000006	Texas	San Antonio-New Braunfels, TX	2011	M10	October	31.1
SMU48417003000000006	Texas	San Antonio-New Braunfels, TX	2011	M09	September	31.3
SMU48417003000000006	Texas	San Antonio-New Braunfels, TX	2011	M08	August	32.0
SMU48417003000000006	Texas	San Antonio-New Braunfels, TX	2011	M07	July	32.3
SMU48417003000000006	Texas	San Antonio-New Braunfels, TX	2011	M06	June	32.3
SMU48417003000000006	Texas	San Antonio-New Braunfels, TX	2011	M05	May	32.4
SMU48417003000000006	Texas	San Antonio-New Braunfels, TX	2011	M04	April	32.4
SMU48417003000000006	Texas	San Antonio-New Braunfels, TX	2011	M03	March	31.3
SMU48417003000000006	Texas	San Antonio-New Braunfels, TX	2011	M02	February	31.6
SMU48417003000000006	Texas	San Antonio-New Braunfels, TX	2011	M01	January	32.8
SMU48417003000000006	Texas	San Antonio-New Braunfels, TX	2010	M12	December	34.0
SMU48417003000000006	Texas	San Antonio-New Braunfels, TX	2010	M11	November	33.7
SMU48417003000000006	Texas	San Antonio-New Braunfels, TX	2010	M10	October	31.5
SMU48417003000000006	Texas	San Antonio-New Braunfels, TX	2010	M09	September	32.7
SMU48417003000000006	Texas	San Antonio-New Braunfels, TX	2010	M08	August	32.6
SMU48417003000000006	Texas	San Antonio-New Braunfels, TX	2010	M07	July	33.0
SMU48417003000000006	Texas	San Antonio-New Braunfels, TX	2010	M06	June	33.0
SMU48417003000000006	Texas	San Antonio-New Braunfels, TX	2010	M05	May	32.6
SMU48417003000000006	Texas	San Antonio-New Braunfels, TX	2010	M04	April	33.5
SMU48417003000000006	Texas	San Antonio-New Braunfels, TX	2010	M03	March	31.7
SMU48417003000000006	Texas	San Antonio-New Braunfels, TX	2010	M02	February	31.1
SMU48417003000000006	Texas	San Antonio-New Braunfels, TX	2010	M01	January	31.8
SMU48417003000000006	Texas	San Antonio-New Braunfels, TX	2009	M12	December	31.5
SMU48417003000000006	Texas	San Antonio-New Braunfels, TX	2009	M11	November	32.5
SMU48417003000000006	Texas	San Antonio-New Braunfels, TX	2009	M10	October	31.4
SMU48417003000000006	Texas	San Antonio-New Braunfels, TX	2009	M09	September	31.9
SMU48417003000000006	Texas	San Antonio-New Braunfels, TX	2009	M08	August	32.1
SMU48417003000000006	Texas	San Antonio-New Braunfels, TX	2009	M07	July	32.8
SMU48417003000000006	Texas	San Antonio-New Braunfels, TX	2009	M06	June	33.0
SMU48417003000000006	Texas	San Antonio-New Braunfels, TX	2009	M05	May	34.1
SMU48417003000000006	Texas	San Antonio-New Braunfels, TX	2009	M04	April	34.2
SMU48417003000000006	Texas	San Antonio-New Braunfels, TX	2009	M03	March	34.4
SMU48417003000000006	Texas	San Antonio-New Braunfels, TX	2009	M02	February	34.2
SMU48417003000000006	Texas	San Antonio-New Braunfels, TX	2009	M01	January	34.3
SMU48417003000000006	Texas	San Antonio-New Braunfels, TX	2008	M12	December	34.1
SMU48417003000000006	Texas	San Antonio-New Braunfels, TX	2008	M11	November	33.4
SMU48417003000000006	Texas	San Antonio-New Braunfels, TX	2008	M10	October	33.2
SMU48417003000000006	Texas	San Antonio-New Braunfels, TX	2008	M09	September	33.4
SMU48417003000000006	Texas	San Antonio-New Braunfels, TX	2008	M08	August	33.1
SMU48417003000000006	Texas	San Antonio-New Braunfels, TX	2008	M07	July	33.3
SMU48417003000000006	Texas	San Antonio-New Braunfels, TX	2008	M06	June	33.8
SMU48417003000000006	Texas	San Antonio-New Braunfels, TX	2008	M05	May	33.3
SMU48417003000000006	Texas	San Antonio-New Braunfels, TX	2008	M04	April	32.9
SMU48417003000000006	Texas	San Antonio-New Braunfels, TX	2008	M03	March	33.0
SMU48417003000000006	Texas	San Antonio-New Braunfels, TX	2008	M02	February	32.7
SMU48417003000000006	Texas	San Antonio-New Braunfels, TX	2008	M01	January	32.7
SMU48417003000000006	Texas	San Antonio-New Braunfels, TX	2007	M12	December	32.1
SMU48417003000000006	Texas	San Antonio-New Braunfels, TX	2007	M11	November	32.5
SMU48417003000000006	Texas	San Antonio-New Braunfels, TX	2007	M10	October	32.9
SMU48417003000000006	Texas	San Antonio-New Braunfels, TX	2007	M09	September	32.9
SMU48417003000000006	Texas	San Antonio-New Braunfels, TX	2007	M08	August	33.0
SMU48417003000000006	Texas	San Antonio-New Braunfels, TX	2007	M07	July	33.9
SMU48417003000000006	Texas	San Antonio-New Braunfels, TX	2007	M06	June	34.4
SMU48417003000000006	Texas	San Antonio-New Braunfels, TX	2007	M05	May	34.2
SMU48417003000000006	Texas	San Antonio-New Braunfels, TX	2007	M04	April	34.4
SMU48417003000000006	Texas	San Antonio-New Braunfels, TX	2007	M03	March	33.6
SMU48417003000000006	Texas	San Antonio-New Braunfels, TX	2007	M02	February	33.4
SMU48417003000000006	Texas	San Antonio-New Braunfels, TX	2007	M01	January	33.3
SMU48231043000000006	Texas	Fort Worth-Arlington-Grapevine, TX Metropolitan Division	2025	M12	December	82.5
SMU48231043000000006	Texas	Fort Worth-Arlington-Grapevine, TX Metropolitan Division	2025	M11	November	82.0
SMU48231043000000006	Texas	Fort Worth-Arlington-Grapevine, TX Metropolitan Division	2025	M10	October	81.8
SMU48231043000000006	Texas	Fort Worth-Arlington-Grapevine, TX Metropolitan Division	2025	M09	September	82.4
SMU48231043000000006	Texas	Fort Worth-Arlington-Grapevine, TX Metropolitan Division	2025	M08	August	81.9
SMU48231043000000006	Texas	Fort Worth-Arlington-Grapevine, TX Metropolitan Division	2025	M07	July	82.0
SMU48231043000000006	Texas	Fort Worth-Arlington-Grapevine, TX Metropolitan Division	2025	M06	June	82.8
SMU48231043000000006	Texas	Fort Worth-Arlington-Grapevine, TX Metropolitan Division	2025	M05	May	82.5
SMU48231043000000006	Texas	Fort Worth-Arlington-Grapevine, TX Metropolitan Division	2025	M04	April	82.5
SMU48231043000000006	Texas	Fort Worth-Arlington-Grapevine, TX Metropolitan Division	2025	M03	March	83.7
SMU48231043000000006	Texas	Fort Worth-Arlington-Grapevine, TX Metropolitan Division	2025	M02	February	84.0
SMU48231043000000006	Texas	Fort Worth-Arlington-Grapevine, TX Metropolitan Division	2025	M01	January	84.5
SMU48231043000000006	Texas	Fort Worth-Arlington-Grapevine, TX Metropolitan Division	2024	M12	December	84.0
SMU48231043000000006	Texas	Fort Worth-Arlington-Grapevine, TX Metropolitan Division	2024	M11	November	83.7
SMU48231043000000006	Texas	Fort Worth-Arlington-Grapevine, TX Metropolitan Division	2024	M10	October	83.7
SMU48231043000000006	Texas	Fort Worth-Arlington-Grapevine, TX Metropolitan Division	2024	M09	September	83.5
SMU48231043000000006	Texas	Fort Worth-Arlington-Grapevine, TX Metropolitan Division	2024	M08	August	83.7
SMU48231043000000006	Texas	Fort Worth-Arlington-Grapevine, TX Metropolitan Division	2024	M07	July	83.9
SMU48231043000000006	Texas	Fort Worth-Arlington-Grapevine, TX Metropolitan Division	2024	M06	June	84.0
SMU48231043000000006	Texas	Fort Worth-Arlington-Grapevine, TX Metropolitan Division	2024	M05	May	83.1
SMU48231043000000006	Texas	Fort Worth-Arlington-Grapevine, TX Metropolitan Division	2024	M04	April	82.6
SMU48231043000000006	Texas	Fort Worth-Arlington-Grapevine, TX Metropolitan Division	2024	M03	March	82.6
SMU48231043000000006	Texas	Fort Worth-Arlington-Grapevine, TX Metropolitan Division	2024	M02	February	83.4
SMU48231043000000006	Texas	Fort Worth-Arlington-Grapevine, TX Metropolitan Division	2024	M01	January	82.8
SMU48231043000000006	Texas	Fort Worth-Arlington-Grapevine, TX Metropolitan Division	2023	M12	December	84.3
SMU48231043000000006	Texas	Fort Worth-Arlington-Grapevine, TX Metropolitan Division	2023	M11	November	84.4
SMU48231043000000006	Texas	Fort Worth-Arlington-Grapevine, TX Metropolitan Division	2023	M10	October	84.4
SMU48231043000000006	Texas	Fort Worth-Arlington-Grapevine, TX Metropolitan Division	2023	M09	September	84.7
SMU48231043000000006	Texas	Fort Worth-Arlington-Grapevine, TX Metropolitan Division	2023	M08	August	84.3
SMU48231043000000006	Texas	Fort Worth-Arlington-Grapevine, TX Metropolitan Division	2023	M07	July	84.6
SMU48231043000000006	Texas	Fort Worth-Arlington-Grapevine, TX Metropolitan Division	2023	M06	June	85.6
SMU48231043000000006	Texas	Fort Worth-Arlington-Grapevine, TX Metropolitan Division	2023	M05	May	84.1
SMU48231043000000006	Texas	Fort Worth-Arlington-Grapevine, TX Metropolitan Division	2023	M04	April	83.9
SMU48231043000000006	Texas	Fort Worth-Arlington-Grapevine, TX Metropolitan Division	2023	M03	March	83.6
SMU48231043000000006	Texas	Fort Worth-Arlington-Grapevine, TX Metropolitan Division	2023	M02	February	82.5
SMU48231043000000006	Texas	Fort Worth-Arlington-Grapevine, TX Metropolitan Division	2023	M01	January	82.3
SMU48231043000000006	Texas	Fort Worth-Arlington-Grapevine, TX Metropolitan Division	2022	M12	December	82.8
SMU48231043000000006	Texas	Fort Worth-Arlington-Grapevine, TX Metropolitan Division	2022	M11	November	82.1
SMU48231043000000006	Texas	Fort Worth-Arlington-Grapevine, TX Metropolitan Division	2022	M10	October	80.9
SMU48231043000000006	Texas	Fort Worth-Arlington-Grapevine, TX Metropolitan Division	2022	M09	September	80.8
SMU48231043000000006	Texas	Fort Worth-Arlington-Grapevine, TX Metropolitan Division	2022	M08	August	80.4
SMU48231043000000006	Texas	Fort Worth-Arlington-Grapevine, TX Metropolitan Division	2022	M07	July	79.0
SMU48231043000000006	Texas	Fort Worth-Arlington-Grapevine, TX Metropolitan Division	2022	M06	June	78.0
SMU48231043000000006	Texas	Fort Worth-Arlington-Grapevine, TX Metropolitan Division	2022	M05	May	76.9
SMU48231043000000006	Texas	Fort Worth-Arlington-Grapevine, TX Metropolitan Division	2022	M04	April	75.6
SMU48231043000000006	Texas	Fort Worth-Arlington-Grapevine, TX Metropolitan Division	2022	M03	March	74.5
SMU48231043000000006	Texas	Fort Worth-Arlington-Grapevine, TX Metropolitan Division	2022	M02	February	75.0
SMU48231043000000006	Texas	Fort Worth-Arlington-Grapevine, TX Metropolitan Division	2022	M01	January	73.1
SMU48231043000000006	Texas	Fort Worth-Arlington-Grapevine, TX Metropolitan Division	2021	M12	December	74.7
SMU48231043000000006	Texas	Fort Worth-Arlington-Grapevine, TX Metropolitan Division	2021	M11	November	75.4
SMU48231043000000006	Texas	Fort Worth-Arlington-Grapevine, TX Metropolitan Division	2021	M10	October	76.2
SMU48231043000000006	Texas	Fort Worth-Arlington-Grapevine, TX Metropolitan Division	2021	M09	September	76.8
SMU48231043000000006	Texas	Fort Worth-Arlington-Grapevine, TX Metropolitan Division	2021	M08	August	77.4
SMU48231043000000006	Texas	Fort Worth-Arlington-Grapevine, TX Metropolitan Division	2021	M07	July	79.7
SMU48231043000000006	Texas	Fort Worth-Arlington-Grapevine, TX Metropolitan Division	2021	M06	June	80.6
SMU48231043000000006	Texas	Fort Worth-Arlington-Grapevine, TX Metropolitan Division	2021	M05	May	79.6
SMU48231043000000006	Texas	Fort Worth-Arlington-Grapevine, TX Metropolitan Division	2021	M04	April	79.0
SMU48231043000000006	Texas	Fort Worth-Arlington-Grapevine, TX Metropolitan Division	2021	M03	March	78.6
SMU48231043000000006	Texas	Fort Worth-Arlington-Grapevine, TX Metropolitan Division	2021	M02	February	77.7
SMU48231043000000006	Texas	Fort Worth-Arlington-Grapevine, TX Metropolitan Division	2021	M01	January	77.1
SMU48231043000000006	Texas	Fort Worth-Arlington-Grapevine, TX Metropolitan Division	2020	M12	December	77.5
SMU48231043000000006	Texas	Fort Worth-Arlington-Grapevine, TX Metropolitan Division	2020	M11	November	76.8
SMU48231043000000006	Texas	Fort Worth-Arlington-Grapevine, TX Metropolitan Division	2020	M10	October	76.9
SMU48231043000000006	Texas	Fort Worth-Arlington-Grapevine, TX Metropolitan Division	2020	M09	September	77.8
SMU48231043000000006	Texas	Fort Worth-Arlington-Grapevine, TX Metropolitan Division	2020	M08	August	77.4
SMU48231043000000006	Texas	Fort Worth-Arlington-Grapevine, TX Metropolitan Division	2020	M07	July	78.4
SMU48231043000000006	Texas	Fort Worth-Arlington-Grapevine, TX Metropolitan Division	2020	M06	June	78.0
SMU48231043000000006	Texas	Fort Worth-Arlington-Grapevine, TX Metropolitan Division	2020	M05	May	76.3
SMU48231043000000006	Texas	Fort Worth-Arlington-Grapevine, TX Metropolitan Division	2020	M04	April	76.4
SMU48231043000000006	Texas	Fort Worth-Arlington-Grapevine, TX Metropolitan Division	2020	M03	March	80.4
SMU48231043000000006	Texas	Fort Worth-Arlington-Grapevine, TX Metropolitan Division	2020	M02	February	80.6
SMU48231043000000006	Texas	Fort Worth-Arlington-Grapevine, TX Metropolitan Division	2020	M01	January	79.3
SMU48231043000000006	Texas	Fort Worth-Arlington-Grapevine, TX Metropolitan Division	2019	M12	December	80.6
SMU48231043000000006	Texas	Fort Worth-Arlington-Grapevine, TX Metropolitan Division	2019	M11	November	80.1
SMU48231043000000006	Texas	Fort Worth-Arlington-Grapevine, TX Metropolitan Division	2019	M10	October	76.3
SMU48231043000000006	Texas	Fort Worth-Arlington-Grapevine, TX Metropolitan Division	2019	M09	September	79.6
SMU48231043000000006	Texas	Fort Worth-Arlington-Grapevine, TX Metropolitan Division	2019	M08	August	79.4
SMU48231043000000006	Texas	Fort Worth-Arlington-Grapevine, TX Metropolitan Division	2019	M07	July	80.4
SMU48231043000000006	Texas	Fort Worth-Arlington-Grapevine, TX Metropolitan Division	2019	M06	June	80.3
SMU48231043000000006	Texas	Fort Worth-Arlington-Grapevine, TX Metropolitan Division	2019	M05	May	78.9
SMU48231043000000006	Texas	Fort Worth-Arlington-Grapevine, TX Metropolitan Division	2019	M04	April	79.6
SMU48231043000000006	Texas	Fort Worth-Arlington-Grapevine, TX Metropolitan Division	2019	M03	March	79.4
SMU48231043000000006	Texas	Fort Worth-Arlington-Grapevine, TX Metropolitan Division	2019	M02	February	79.4
SMU48231043000000006	Texas	Fort Worth-Arlington-Grapevine, TX Metropolitan Division	2019	M01	January	78.2
SMU48231043000000006	Texas	Fort Worth-Arlington-Grapevine, TX Metropolitan Division	2018	M12	December	77.8
SMU48231043000000006	Texas	Fort Worth-Arlington-Grapevine, TX Metropolitan Division	2018	M11	November	77.6
SMU48231043000000006	Texas	Fort Worth-Arlington-Grapevine, TX Metropolitan Division	2018	M10	October	77.5
SMU48231043000000006	Texas	Fort Worth-Arlington-Grapevine, TX Metropolitan Division	2018	M09	September	77.1
SMU48231043000000006	Texas	Fort Worth-Arlington-Grapevine, TX Metropolitan Division	2018	M08	August	77.0
SMU48231043000000006	Texas	Fort Worth-Arlington-Grapevine, TX Metropolitan Division	2018	M07	July	76.6
SMU48231043000000006	Texas	Fort Worth-Arlington-Grapevine, TX Metropolitan Division	2018	M06	June	76.2
SMU48231043000000006	Texas	Fort Worth-Arlington-Grapevine, TX Metropolitan Division	2018	M05	May	75.0
SMU48231043000000006	Texas	Fort Worth-Arlington-Grapevine, TX Metropolitan Division	2018	M04	April	74.2
SMU48231043000000006	Texas	Fort Worth-Arlington-Grapevine, TX Metropolitan Division	2018	M03	March	74.0
SMU48231043000000006	Texas	Fort Worth-Arlington-Grapevine, TX Metropolitan Division	2018	M02	February	73.7
SMU48231043000000006	Texas	Fort Worth-Arlington-Grapevine, TX Metropolitan Division	2018	M01	January	72.5
SMU48231043000000006	Texas	Fort Worth-Arlington-Grapevine, TX Metropolitan Division	2017	M12	December	72.2
SMU48231043000000006	Texas	Fort Worth-Arlington-Grapevine, TX Metropolitan Division	2017	M11	November	71.0
SMU48231043000000006	Texas	Fort Worth-Arlington-Grapevine, TX Metropolitan Division	2017	M10	October	71.2
SMU48231043000000006	Texas	Fort Worth-Arlington-Grapevine, TX Metropolitan Division	2017	M09	September	71.1
SMU48231043000000006	Texas	Fort Worth-Arlington-Grapevine, TX Metropolitan Division	2017	M08	August	71.4
SMU48231043000000006	Texas	Fort Worth-Arlington-Grapevine, TX Metropolitan Division	2017	M07	July	70.6
SMU48231043000000006	Texas	Fort Worth-Arlington-Grapevine, TX Metropolitan Division	2017	M06	June	70.6
SMU48231043000000006	Texas	Fort Worth-Arlington-Grapevine, TX Metropolitan Division	2017	M05	May	70.2
SMU48231043000000006	Texas	Fort Worth-Arlington-Grapevine, TX Metropolitan Division	2017	M04	April	68.9
SMU48231043000000006	Texas	Fort Worth-Arlington-Grapevine, TX Metropolitan Division	2017	M03	March	68.2
SMU48231043000000006	Texas	Fort Worth-Arlington-Grapevine, TX Metropolitan Division	2017	M02	February	68.0
SMU48231043000000006	Texas	Fort Worth-Arlington-Grapevine, TX Metropolitan Division	2017	M01	January	68.1
SMU48231043000000006	Texas	Fort Worth-Arlington-Grapevine, TX Metropolitan Division	2016	M12	December	68.6
SMU48231043000000006	Texas	Fort Worth-Arlington-Grapevine, TX Metropolitan Division	2016	M11	November	68.5
SMU48231043000000006	Texas	Fort Worth-Arlington-Grapevine, TX Metropolitan Division	2016	M10	October	69.2
SMU48231043000000006	Texas	Fort Worth-Arlington-Grapevine, TX Metropolitan Division	2016	M09	September	69.3
SMU48231043000000006	Texas	Fort Worth-Arlington-Grapevine, TX Metropolitan Division	2016	M08	August	69.7
SMU48231043000000006	Texas	Fort Worth-Arlington-Grapevine, TX Metropolitan Division	2016	M07	July	68.5
SMU48231043000000006	Texas	Fort Worth-Arlington-Grapevine, TX Metropolitan Division	2016	M06	June	68.3
SMU48231043000000006	Texas	Fort Worth-Arlington-Grapevine, TX Metropolitan Division	2016	M05	May	68.6
SMU48231043000000006	Texas	Fort Worth-Arlington-Grapevine, TX Metropolitan Division	2016	M04	April	68.5
SMU48231043000000006	Texas	Fort Worth-Arlington-Grapevine, TX Metropolitan Division	2016	M03	March	68.7
SMU48231043000000006	Texas	Fort Worth-Arlington-Grapevine, TX Metropolitan Division	2016	M02	February	68.8
SMU48231043000000006	Texas	Fort Worth-Arlington-Grapevine, TX Metropolitan Division	2016	M01	January	68.8
SMU48231043000000006	Texas	Fort Worth-Arlington-Grapevine, TX Metropolitan Division	2015	M12	December	69.2
SMU48231043000000006	Texas	Fort Worth-Arlington-Grapevine, TX Metropolitan Division	2015	M11	November	69.3
SMU48231043000000006	Texas	Fort Worth-Arlington-Grapevine, TX Metropolitan Division	2015	M10	October	70.1
SMU48231043000000006	Texas	Fort Worth-Arlington-Grapevine, TX Metropolitan Division	2015	M09	September	71.3
SMU48231043000000006	Texas	Fort Worth-Arlington-Grapevine, TX Metropolitan Division	2015	M08	August	71.4
SMU48231043000000006	Texas	Fort Worth-Arlington-Grapevine, TX Metropolitan Division	2015	M07	July	72.4
SMU48231043000000006	Texas	Fort Worth-Arlington-Grapevine, TX Metropolitan Division	2015	M06	June	72.4
SMU48231043000000006	Texas	Fort Worth-Arlington-Grapevine, TX Metropolitan Division	2015	M05	May	72.8
SMU48231043000000006	Texas	Fort Worth-Arlington-Grapevine, TX Metropolitan Division	2015	M04	April	73.3
SMU48231043000000006	Texas	Fort Worth-Arlington-Grapevine, TX Metropolitan Division	2015	M03	March	72.7
SMU48231043000000006	Texas	Fort Worth-Arlington-Grapevine, TX Metropolitan Division	2015	M02	February	72.7
SMU48231043000000006	Texas	Fort Worth-Arlington-Grapevine, TX Metropolitan Division	2015	M01	January	73.2
SMU48231043000000006	Texas	Fort Worth-Arlington-Grapevine, TX Metropolitan Division	2014	M12	December	73.2
SMU48231043000000006	Texas	Fort Worth-Arlington-Grapevine, TX Metropolitan Division	2014	M11	November	72.9
SMU48231043000000006	Texas	Fort Worth-Arlington-Grapevine, TX Metropolitan Division	2014	M10	October	72.7
SMU48231043000000006	Texas	Fort Worth-Arlington-Grapevine, TX Metropolitan Division	2014	M09	September	72.2
SMU48231043000000006	Texas	Fort Worth-Arlington-Grapevine, TX Metropolitan Division	2014	M08	August	72.4
SMU48231043000000006	Texas	Fort Worth-Arlington-Grapevine, TX Metropolitan Division	2014	M07	July	73.5
SMU48231043000000006	Texas	Fort Worth-Arlington-Grapevine, TX Metropolitan Division	2014	M06	June	73.3
SMU48231043000000006	Texas	Fort Worth-Arlington-Grapevine, TX Metropolitan Division	2014	M05	May	72.2
SMU48231043000000006	Texas	Fort Worth-Arlington-Grapevine, TX Metropolitan Division	2014	M04	April	71.7
SMU48231043000000006	Texas	Fort Worth-Arlington-Grapevine, TX Metropolitan Division	2014	M03	March	71.1
SMU48231043000000006	Texas	Fort Worth-Arlington-Grapevine, TX Metropolitan Division	2014	M02	February	71.3
SMU48231043000000006	Texas	Fort Worth-Arlington-Grapevine, TX Metropolitan Division	2014	M01	January	67.8
SMU48231043000000006	Texas	Fort Worth-Arlington-Grapevine, TX Metropolitan Division	2013	M12	December	71.6
SMU48231043000000006	Texas	Fort Worth-Arlington-Grapevine, TX Metropolitan Division	2013	M11	November	72.7
SMU48231043000000006	Texas	Fort Worth-Arlington-Grapevine, TX Metropolitan Division	2013	M10	October	73.0
SMU48231043000000006	Texas	Fort Worth-Arlington-Grapevine, TX Metropolitan Division	2013	M09	September	73.3
SMU48231043000000006	Texas	Fort Worth-Arlington-Grapevine, TX Metropolitan Division	2013	M08	August	73.8
SMU48231043000000006	Texas	Fort Worth-Arlington-Grapevine, TX Metropolitan Division	2013	M07	July	72.3
SMU48231043000000006	Texas	Fort Worth-Arlington-Grapevine, TX Metropolitan Division	2013	M06	June	72.2
SMU48231043000000006	Texas	Fort Worth-Arlington-Grapevine, TX Metropolitan Division	2013	M05	May	71.4
SMU48231043000000006	Texas	Fort Worth-Arlington-Grapevine, TX Metropolitan Division	2013	M04	April	70.6
SMU48231043000000006	Texas	Fort Worth-Arlington-Grapevine, TX Metropolitan Division	2013	M03	March	70.5
SMU48231043000000006	Texas	Fort Worth-Arlington-Grapevine, TX Metropolitan Division	2013	M02	February	69.8
SMU48231043000000006	Texas	Fort Worth-Arlington-Grapevine, TX Metropolitan Division	2013	M01	January	69.1
SMU48231043000000006	Texas	Fort Worth-Arlington-Grapevine, TX Metropolitan Division	2012	M12	December	70.0
SMU48231043000000006	Texas	Fort Worth-Arlington-Grapevine, TX Metropolitan Division	2012	M11	November	70.1
SMU48231043000000006	Texas	Fort Worth-Arlington-Grapevine, TX Metropolitan Division	2012	M10	October	69.8
SMU48231043000000006	Texas	Fort Worth-Arlington-Grapevine, TX Metropolitan Division	2012	M09	September	70.4
SMU48231043000000006	Texas	Fort Worth-Arlington-Grapevine, TX Metropolitan Division	2012	M08	August	69.8
SMU48231043000000006	Texas	Fort Worth-Arlington-Grapevine, TX Metropolitan Division	2012	M07	July	70.3
SMU48231043000000006	Texas	Fort Worth-Arlington-Grapevine, TX Metropolitan Division	2012	M06	June	66.8
SMU48231043000000006	Texas	Fort Worth-Arlington-Grapevine, TX Metropolitan Division	2012	M05	May	65.2
SMU48231043000000006	Texas	Fort Worth-Arlington-Grapevine, TX Metropolitan Division	2012	M04	April	68.9
SMU48231043000000006	Texas	Fort Worth-Arlington-Grapevine, TX Metropolitan Division	2012	M03	March	69.0
SMU48231043000000006	Texas	Fort Worth-Arlington-Grapevine, TX Metropolitan Division	2012	M02	February	68.9
SMU48231043000000006	Texas	Fort Worth-Arlington-Grapevine, TX Metropolitan Division	2012	M01	January	69.0
SMU48231043000000006	Texas	Fort Worth-Arlington-Grapevine, TX Metropolitan Division	2011	M12	December	69.4
SMU48231043000000006	Texas	Fort Worth-Arlington-Grapevine, TX Metropolitan Division	2011	M11	November	68.7
SMU48231043000000006	Texas	Fort Worth-Arlington-Grapevine, TX Metropolitan Division	2011	M10	October	68.8
SMU48231043000000006	Texas	Fort Worth-Arlington-Grapevine, TX Metropolitan Division	2011	M09	September	68.7
SMU48231043000000006	Texas	Fort Worth-Arlington-Grapevine, TX Metropolitan Division	2011	M08	August	68.1
SMU48231043000000006	Texas	Fort Worth-Arlington-Grapevine, TX Metropolitan Division	2011	M07	July	67.8
SMU48231043000000006	Texas	Fort Worth-Arlington-Grapevine, TX Metropolitan Division	2011	M06	June	67.3
SMU48231043000000006	Texas	Fort Worth-Arlington-Grapevine, TX Metropolitan Division	2011	M05	May	67.8
SMU48231043000000006	Texas	Fort Worth-Arlington-Grapevine, TX Metropolitan Division	2011	M04	April	67.8
SMU48231043000000006	Texas	Fort Worth-Arlington-Grapevine, TX Metropolitan Division	2011	M03	March	65.3
SMU48231043000000006	Texas	Fort Worth-Arlington-Grapevine, TX Metropolitan Division	2011	M02	February	65.0
SMU48231043000000006	Texas	Fort Worth-Arlington-Grapevine, TX Metropolitan Division	2011	M01	January	64.7
SMU48231043000000006	Texas	Fort Worth-Arlington-Grapevine, TX Metropolitan Division	2010	M12	December	66.7
SMU48231043000000006	Texas	Fort Worth-Arlington-Grapevine, TX Metropolitan Division	2010	M11	November	66.4
SMU48231043000000006	Texas	Fort Worth-Arlington-Grapevine, TX Metropolitan Division	2010	M10	October	66.0
SMU48231043000000006	Texas	Fort Worth-Arlington-Grapevine, TX Metropolitan Division	2010	M09	September	66.4
SMU48231043000000006	Texas	Fort Worth-Arlington-Grapevine, TX Metropolitan Division	2010	M08	August	67.8
SMU48231043000000006	Texas	Fort Worth-Arlington-Grapevine, TX Metropolitan Division	2010	M07	July	67.2
SMU48231043000000006	Texas	Fort Worth-Arlington-Grapevine, TX Metropolitan Division	2010	M06	June	66.7
SMU48231043000000006	Texas	Fort Worth-Arlington-Grapevine, TX Metropolitan Division	2010	M05	May	66.3
SMU48231043000000006	Texas	Fort Worth-Arlington-Grapevine, TX Metropolitan Division	2010	M04	April	65.8
SMU48231043000000006	Texas	Fort Worth-Arlington-Grapevine, TX Metropolitan Division	2010	M03	March	65.4
SMU48231043000000006	Texas	Fort Worth-Arlington-Grapevine, TX Metropolitan Division	2010	M02	February	64.7
SMU48231043000000006	Texas	Fort Worth-Arlington-Grapevine, TX Metropolitan Division	2010	M01	January	65.1
SMU48231043000000006	Texas	Fort Worth-Arlington-Grapevine, TX Metropolitan Division	2009	M12	December	65.9
SMU48231043000000006	Texas	Fort Worth-Arlington-Grapevine, TX Metropolitan Division	2009	M11	November	66.0
SMU48231043000000006	Texas	Fort Worth-Arlington-Grapevine, TX Metropolitan Division	2009	M10	October	66.2
SMU48231043000000006	Texas	Fort Worth-Arlington-Grapevine, TX Metropolitan Division	2009	M09	September	67.0
SMU48231043000000006	Texas	Fort Worth-Arlington-Grapevine, TX Metropolitan Division	2009	M08	August	68.0
SMU48231043000000006	Texas	Fort Worth-Arlington-Grapevine, TX Metropolitan Division	2009	M07	July	64.2
SMU48231043000000006	Texas	Fort Worth-Arlington-Grapevine, TX Metropolitan Division	2009	M06	June	66.0
SMU48231043000000006	Texas	Fort Worth-Arlington-Grapevine, TX Metropolitan Division	2009	M05	May	68.8
SMU48231043000000006	Texas	Fort Worth-Arlington-Grapevine, TX Metropolitan Division	2009	M04	April	70.3
SMU48231043000000006	Texas	Fort Worth-Arlington-Grapevine, TX Metropolitan Division	2009	M03	March	70.6
SMU48231043000000006	Texas	Fort Worth-Arlington-Grapevine, TX Metropolitan Division	2009	M02	February	71.6
SMU48231043000000006	Texas	Fort Worth-Arlington-Grapevine, TX Metropolitan Division	2009	M01	January	69.9
SMU48231043000000006	Texas	Fort Worth-Arlington-Grapevine, TX Metropolitan Division	2008	M12	December	71.2
SMU48231043000000006	Texas	Fort Worth-Arlington-Grapevine, TX Metropolitan Division	2008	M11	November	70.3
SMU48231043000000006	Texas	Fort Worth-Arlington-Grapevine, TX Metropolitan Division	2008	M10	October	78.3
SMU48231043000000006	Texas	Fort Worth-Arlington-Grapevine, TX Metropolitan Division	2008	M09	September	79.0
SMU48231043000000006	Texas	Fort Worth-Arlington-Grapevine, TX Metropolitan Division	2008	M08	August	79.6
SMU48231043000000006	Texas	Fort Worth-Arlington-Grapevine, TX Metropolitan Division	2008	M07	July	81.2
SMU48231043000000006	Texas	Fort Worth-Arlington-Grapevine, TX Metropolitan Division	2008	M06	June	79.3
SMU48231043000000006	Texas	Fort Worth-Arlington-Grapevine, TX Metropolitan Division	2008	M05	May	80.9
SMU48231043000000006	Texas	Fort Worth-Arlington-Grapevine, TX Metropolitan Division	2008	M04	April	81.0
SMU48231043000000006	Texas	Fort Worth-Arlington-Grapevine, TX Metropolitan Division	2008	M03	March	80.7
SMU48231043000000006	Texas	Fort Worth-Arlington-Grapevine, TX Metropolitan Division	2008	M02	February	81.1
SMU48231043000000006	Texas	Fort Worth-Arlington-Grapevine, TX Metropolitan Division	2008	M01	January	78.4
SMU48231043000000006	Texas	Fort Worth-Arlington-Grapevine, TX Metropolitan Division	2007	M12	December	78.9
SMU48231043000000006	Texas	Fort Worth-Arlington-Grapevine, TX Metropolitan Division	2007	M11	November	78.0
SMU48231043000000006	Texas	Fort Worth-Arlington-Grapevine, TX Metropolitan Division	2007	M10	October	82.7
SMU48231043000000006	Texas	Fort Worth-Arlington-Grapevine, TX Metropolitan Division	2007	M09	September	83.0
SMU48231043000000006	Texas	Fort Worth-Arlington-Grapevine, TX Metropolitan Division	2007	M08	August	82.5
SMU48231043000000006	Texas	Fort Worth-Arlington-Grapevine, TX Metropolitan Division	2007	M07	July	82.4
SMU48231043000000006	Texas	Fort Worth-Arlington-Grapevine, TX Metropolitan Division	2007	M06	June	81.6
SMU48231043000000006	Texas	Fort Worth-Arlington-Grapevine, TX Metropolitan Division	2007	M05	May	81.6
SMU48231043000000006	Texas	Fort Worth-Arlington-Grapevine, TX Metropolitan Division	2007	M04	April	80.4
SMU48231043000000006	Texas	Fort Worth-Arlington-Grapevine, TX Metropolitan Division	2007	M03	March	79.3
SMU48231043000000006	Texas	Fort Worth-Arlington-Grapevine, TX Metropolitan Division	2007	M02	February	78.5
SMU48231043000000006	Texas	Fort Worth-Arlington-Grapevine, TX Metropolitan Division	2007	M01	January	75.1
SMU48191243000000006	Texas	Dallas-Plano-Irving, TX Metropolitan Division	2025	M12	December	162.8
SMU48191243000000006	Texas	Dallas-Plano-Irving, TX Metropolitan Division	2025	M11	November	161.5
SMU48191243000000006	Texas	Dallas-Plano-Irving, TX Metropolitan Division	2025	M10	October	162.6
SMU48191243000000006	Texas	Dallas-Plano-Irving, TX Metropolitan Division	2025	M09	September	163.0
SMU48191243000000006	Texas	Dallas-Plano-Irving, TX Metropolitan Division	2025	M08	August	161.9
SMU48191243000000006	Texas	Dallas-Plano-Irving, TX Metropolitan Division	2025	M07	July	163.8
SMU48191243000000006	Texas	Dallas-Plano-Irving, TX Metropolitan Division	2025	M06	June	163.7
SMU48191243000000006	Texas	Dallas-Plano-Irving, TX Metropolitan Division	2025	M05	May	162.5
SMU48191243000000006	Texas	Dallas-Plano-Irving, TX Metropolitan Division	2025	M04	April	161.5
SMU48191243000000006	Texas	Dallas-Plano-Irving, TX Metropolitan Division	2025	M03	March	160.3
SMU48191243000000006	Texas	Dallas-Plano-Irving, TX Metropolitan Division	2025	M02	February	160.4
SMU48191243000000006	Texas	Dallas-Plano-Irving, TX Metropolitan Division	2025	M01	January	160.7
SMU48191243000000006	Texas	Dallas-Plano-Irving, TX Metropolitan Division	2024	M12	December	161.1
SMU48191243000000006	Texas	Dallas-Plano-Irving, TX Metropolitan Division	2024	M11	November	160.0
SMU48191243000000006	Texas	Dallas-Plano-Irving, TX Metropolitan Division	2024	M10	October	161.4
SMU48191243000000006	Texas	Dallas-Plano-Irving, TX Metropolitan Division	2024	M09	September	160.0
SMU48191243000000006	Texas	Dallas-Plano-Irving, TX Metropolitan Division	2024	M08	August	159.1
SMU48191243000000006	Texas	Dallas-Plano-Irving, TX Metropolitan Division	2024	M07	July	159.1
SMU48191243000000006	Texas	Dallas-Plano-Irving, TX Metropolitan Division	2024	M06	June	156.7
SMU48191243000000006	Texas	Dallas-Plano-Irving, TX Metropolitan Division	2024	M05	May	153.2
SMU48191243000000006	Texas	Dallas-Plano-Irving, TX Metropolitan Division	2024	M04	April	151.2
SMU48191243000000006	Texas	Dallas-Plano-Irving, TX Metropolitan Division	2024	M03	March	151.8
SMU48191243000000006	Texas	Dallas-Plano-Irving, TX Metropolitan Division	2024	M02	February	148.8
SMU48191243000000006	Texas	Dallas-Plano-Irving, TX Metropolitan Division	2024	M01	January	146.6
SMU48191243000000006	Texas	Dallas-Plano-Irving, TX Metropolitan Division	2023	M12	December	146.2
SMU48191243000000006	Texas	Dallas-Plano-Irving, TX Metropolitan Division	2023	M11	November	143.7
SMU48191243000000006	Texas	Dallas-Plano-Irving, TX Metropolitan Division	2023	M10	October	142.2
SMU48191243000000006	Texas	Dallas-Plano-Irving, TX Metropolitan Division	2023	M09	September	141.1
SMU48191243000000006	Texas	Dallas-Plano-Irving, TX Metropolitan Division	2023	M08	August	143.0
SMU48191243000000006	Texas	Dallas-Plano-Irving, TX Metropolitan Division	2023	M07	July	142.7
SMU48191243000000006	Texas	Dallas-Plano-Irving, TX Metropolitan Division	2023	M06	June	141.5
SMU48191243000000006	Texas	Dallas-Plano-Irving, TX Metropolitan Division	2023	M05	May	139.5
SMU48191243000000006	Texas	Dallas-Plano-Irving, TX Metropolitan Division	2023	M04	April	138.5
SMU48191243000000006	Texas	Dallas-Plano-Irving, TX Metropolitan Division	2023	M03	March	139.4
SMU48191243000000006	Texas	Dallas-Plano-Irving, TX Metropolitan Division	2023	M02	February	142.0
SMU48191243000000006	Texas	Dallas-Plano-Irving, TX Metropolitan Division	2023	M01	January	140.7
SMU48191243000000006	Texas	Dallas-Plano-Irving, TX Metropolitan Division	2022	M12	December	142.3
SMU48191243000000006	Texas	Dallas-Plano-Irving, TX Metropolitan Division	2022	M11	November	141.4
SMU48191243000000006	Texas	Dallas-Plano-Irving, TX Metropolitan Division	2022	M10	October	142.8
SMU48191243000000006	Texas	Dallas-Plano-Irving, TX Metropolitan Division	2022	M09	September	144.3
SMU48191243000000006	Texas	Dallas-Plano-Irving, TX Metropolitan Division	2022	M08	August	143.6
SMU48191243000000006	Texas	Dallas-Plano-Irving, TX Metropolitan Division	2022	M07	July	140.9
SMU48191243000000006	Texas	Dallas-Plano-Irving, TX Metropolitan Division	2022	M06	June	140.4
SMU48191243000000006	Texas	Dallas-Plano-Irving, TX Metropolitan Division	2022	M05	May	137.8
SMU48191243000000006	Texas	Dallas-Plano-Irving, TX Metropolitan Division	2022	M04	April	138.1
SMU48191243000000006	Texas	Dallas-Plano-Irving, TX Metropolitan Division	2022	M03	March	136.5
SMU48191243000000006	Texas	Dallas-Plano-Irving, TX Metropolitan Division	2022	M02	February	135.9
SMU48191243000000006	Texas	Dallas-Plano-Irving, TX Metropolitan Division	2022	M01	January	133.6
SMU48191243000000006	Texas	Dallas-Plano-Irving, TX Metropolitan Division	2021	M12	December	134.9
SMU48191243000000006	Texas	Dallas-Plano-Irving, TX Metropolitan Division	2021	M11	November	134.1
SMU48191243000000006	Texas	Dallas-Plano-Irving, TX Metropolitan Division	2021	M10	October	132.9
SMU48191243000000006	Texas	Dallas-Plano-Irving, TX Metropolitan Division	2021	M09	September	132.5
SMU48191243000000006	Texas	Dallas-Plano-Irving, TX Metropolitan Division	2021	M08	August	133.0
SMU48191243000000006	Texas	Dallas-Plano-Irving, TX Metropolitan Division	2021	M07	July	134.1
SMU48191243000000006	Texas	Dallas-Plano-Irving, TX Metropolitan Division	2021	M06	June	130.9
SMU48191243000000006	Texas	Dallas-Plano-Irving, TX Metropolitan Division	2021	M05	May	129.5
SMU48191243000000006	Texas	Dallas-Plano-Irving, TX Metropolitan Division	2021	M04	April	128.9
SMU48191243000000006	Texas	Dallas-Plano-Irving, TX Metropolitan Division	2021	M03	March	128.5
SMU48191243000000006	Texas	Dallas-Plano-Irving, TX Metropolitan Division	2021	M02	February	126.6
SMU48191243000000006	Texas	Dallas-Plano-Irving, TX Metropolitan Division	2021	M01	January	124.8
SMU48191243000000006	Texas	Dallas-Plano-Irving, TX Metropolitan Division	2020	M12	December	125.7
SMU48191243000000006	Texas	Dallas-Plano-Irving, TX Metropolitan Division	2020	M11	November	124.5
SMU48191243000000006	Texas	Dallas-Plano-Irving, TX Metropolitan Division	2020	M10	October	125.4
SMU48191243000000006	Texas	Dallas-Plano-Irving, TX Metropolitan Division	2020	M09	September	126.4
SMU48191243000000006	Texas	Dallas-Plano-Irving, TX Metropolitan Division	2020	M08	August	125.1
SMU48191243000000006	Texas	Dallas-Plano-Irving, TX Metropolitan Division	2020	M07	July	124.7
SMU48191243000000006	Texas	Dallas-Plano-Irving, TX Metropolitan Division	2020	M06	June	123.0
SMU48191243000000006	Texas	Dallas-Plano-Irving, TX Metropolitan Division	2020	M05	May	121.1
SMU48191243000000006	Texas	Dallas-Plano-Irving, TX Metropolitan Division	2020	M04	April	120.6
SMU48191243000000006	Texas	Dallas-Plano-Irving, TX Metropolitan Division	2020	M03	March	129.3
SMU48191243000000006	Texas	Dallas-Plano-Irving, TX Metropolitan Division	2020	M02	February	129.4
SMU48191243000000006	Texas	Dallas-Plano-Irving, TX Metropolitan Division	2020	M01	January	128.2
SMU48191243000000006	Texas	Dallas-Plano-Irving, TX Metropolitan Division	2019	M12	December	129.0
SMU48191243000000006	Texas	Dallas-Plano-Irving, TX Metropolitan Division	2019	M11	November	128.4
SMU48191243000000006	Texas	Dallas-Plano-Irving, TX Metropolitan Division	2019	M10	October	128.6
SMU48191243000000006	Texas	Dallas-Plano-Irving, TX Metropolitan Division	2019	M09	September	130.4
SMU48191243000000006	Texas	Dallas-Plano-Irving, TX Metropolitan Division	2019	M08	August	129.0
SMU48191243000000006	Texas	Dallas-Plano-Irving, TX Metropolitan Division	2019	M07	July	128.9
SMU48191243000000006	Texas	Dallas-Plano-Irving, TX Metropolitan Division	2019	M06	June	129.2
SMU48191243000000006	Texas	Dallas-Plano-Irving, TX Metropolitan Division	2019	M05	May	126.7
SMU48191243000000006	Texas	Dallas-Plano-Irving, TX Metropolitan Division	2019	M04	April	126.0
SMU48191243000000006	Texas	Dallas-Plano-Irving, TX Metropolitan Division	2019	M03	March	125.5
SMU48191243000000006	Texas	Dallas-Plano-Irving, TX Metropolitan Division	2019	M02	February	125.0
SMU48191243000000006	Texas	Dallas-Plano-Irving, TX Metropolitan Division	2019	M01	January	124.6
SMU48191243000000006	Texas	Dallas-Plano-Irving, TX Metropolitan Division	2018	M12	December	124.6
SMU48191243000000006	Texas	Dallas-Plano-Irving, TX Metropolitan Division	2018	M11	November	125.7
SMU48191243000000006	Texas	Dallas-Plano-Irving, TX Metropolitan Division	2018	M10	October	124.3
SMU48191243000000006	Texas	Dallas-Plano-Irving, TX Metropolitan Division	2018	M09	September	123.1
SMU48191243000000006	Texas	Dallas-Plano-Irving, TX Metropolitan Division	2018	M08	August	122.1
SMU48191243000000006	Texas	Dallas-Plano-Irving, TX Metropolitan Division	2018	M07	July	120.5
SMU48191243000000006	Texas	Dallas-Plano-Irving, TX Metropolitan Division	2018	M06	June	120.0
SMU48191243000000006	Texas	Dallas-Plano-Irving, TX Metropolitan Division	2018	M05	May	119.2
SMU48191243000000006	Texas	Dallas-Plano-Irving, TX Metropolitan Division	2018	M04	April	117.5
SMU48191243000000006	Texas	Dallas-Plano-Irving, TX Metropolitan Division	2018	M03	March	115.5
SMU48191243000000006	Texas	Dallas-Plano-Irving, TX Metropolitan Division	2018	M02	February	116.2
SMU48191243000000006	Texas	Dallas-Plano-Irving, TX Metropolitan Division	2018	M01	January	114.8
SMU48191243000000006	Texas	Dallas-Plano-Irving, TX Metropolitan Division	2017	M12	December	114.6
SMU48191243000000006	Texas	Dallas-Plano-Irving, TX Metropolitan Division	2017	M11	November	114.9
SMU48191243000000006	Texas	Dallas-Plano-Irving, TX Metropolitan Division	2017	M10	October	113.9
SMU48191243000000006	Texas	Dallas-Plano-Irving, TX Metropolitan Division	2017	M09	September	113.1
SMU48191243000000006	Texas	Dallas-Plano-Irving, TX Metropolitan Division	2017	M08	August	114.3
SMU48191243000000006	Texas	Dallas-Plano-Irving, TX Metropolitan Division	2017	M07	July	113.2
SMU48191243000000006	Texas	Dallas-Plano-Irving, TX Metropolitan Division	2017	M06	June	113.4
SMU48191243000000006	Texas	Dallas-Plano-Irving, TX Metropolitan Division	2017	M05	May	113.7
SMU48191243000000006	Texas	Dallas-Plano-Irving, TX Metropolitan Division	2017	M04	April	113.2
SMU48191243000000006	Texas	Dallas-Plano-Irving, TX Metropolitan Division	2017	M03	March	112.9
SMU48191243000000006	Texas	Dallas-Plano-Irving, TX Metropolitan Division	2017	M02	February	113.1
SMU48191243000000006	Texas	Dallas-Plano-Irving, TX Metropolitan Division	2017	M01	January	113.2
SMU48191243000000006	Texas	Dallas-Plano-Irving, TX Metropolitan Division	2016	M12	December	114.2
SMU48191243000000006	Texas	Dallas-Plano-Irving, TX Metropolitan Division	2016	M11	November	113.3
SMU48191243000000006	Texas	Dallas-Plano-Irving, TX Metropolitan Division	2016	M10	October	111.9
SMU48191243000000006	Texas	Dallas-Plano-Irving, TX Metropolitan Division	2016	M09	September	113.3
SMU48191243000000006	Texas	Dallas-Plano-Irving, TX Metropolitan Division	2016	M08	August	112.6
SMU48191243000000006	Texas	Dallas-Plano-Irving, TX Metropolitan Division	2016	M07	July	112.1
SMU48191243000000006	Texas	Dallas-Plano-Irving, TX Metropolitan Division	2016	M06	June	111.7
SMU48191243000000006	Texas	Dallas-Plano-Irving, TX Metropolitan Division	2016	M05	May	110.5
SMU48191243000000006	Texas	Dallas-Plano-Irving, TX Metropolitan Division	2016	M04	April	111.4
SMU48191243000000006	Texas	Dallas-Plano-Irving, TX Metropolitan Division	2016	M03	March	110.8
SMU48191243000000006	Texas	Dallas-Plano-Irving, TX Metropolitan Division	2016	M02	February	108.9
SMU48191243000000006	Texas	Dallas-Plano-Irving, TX Metropolitan Division	2016	M01	January	108.5
SMU48191243000000006	Texas	Dallas-Plano-Irving, TX Metropolitan Division	2015	M12	December	107.3
SMU48191243000000006	Texas	Dallas-Plano-Irving, TX Metropolitan Division	2015	M11	November	108.3
SMU48191243000000006	Texas	Dallas-Plano-Irving, TX Metropolitan Division	2015	M10	October	108.9
SMU48191243000000006	Texas	Dallas-Plano-Irving, TX Metropolitan Division	2015	M09	September	108.6
SMU48191243000000006	Texas	Dallas-Plano-Irving, TX Metropolitan Division	2015	M08	August	109.0
SMU48191243000000006	Texas	Dallas-Plano-Irving, TX Metropolitan Division	2015	M07	July	109.4
SMU48191243000000006	Texas	Dallas-Plano-Irving, TX Metropolitan Division	2015	M06	June	109.0
SMU48191243000000006	Texas	Dallas-Plano-Irving, TX Metropolitan Division	2015	M05	May	108.6
SMU48191243000000006	Texas	Dallas-Plano-Irving, TX Metropolitan Division	2015	M04	April	107.6
SMU48191243000000006	Texas	Dallas-Plano-Irving, TX Metropolitan Division	2015	M03	March	108.7
SMU48191243000000006	Texas	Dallas-Plano-Irving, TX Metropolitan Division	2015	M02	February	109.5
SMU48191243000000006	Texas	Dallas-Plano-Irving, TX Metropolitan Division	2015	M01	January	108.7
SMU48191243000000006	Texas	Dallas-Plano-Irving, TX Metropolitan Division	2014	M12	December	111.2
SMU48191243000000006	Texas	Dallas-Plano-Irving, TX Metropolitan Division	2014	M11	November	112.0
SMU48191243000000006	Texas	Dallas-Plano-Irving, TX Metropolitan Division	2014	M10	October	110.5
SMU48191243000000006	Texas	Dallas-Plano-Irving, TX Metropolitan Division	2014	M09	September	108.7
SMU48191243000000006	Texas	Dallas-Plano-Irving, TX Metropolitan Division	2014	M08	August	108.5
SMU48191243000000006	Texas	Dallas-Plano-Irving, TX Metropolitan Division	2014	M07	July	107.8
SMU48191243000000006	Texas	Dallas-Plano-Irving, TX Metropolitan Division	2014	M06	June	106.4
SMU48191243000000006	Texas	Dallas-Plano-Irving, TX Metropolitan Division	2014	M05	May	106.4
SMU48191243000000006	Texas	Dallas-Plano-Irving, TX Metropolitan Division	2014	M04	April	105.0
SMU48191243000000006	Texas	Dallas-Plano-Irving, TX Metropolitan Division	2014	M03	March	103.4
SMU48191243000000006	Texas	Dallas-Plano-Irving, TX Metropolitan Division	2014	M02	February	104.1
SMU48191243000000006	Texas	Dallas-Plano-Irving, TX Metropolitan Division	2014	M01	January	104.2
SMU48191243000000006	Texas	Dallas-Plano-Irving, TX Metropolitan Division	2013	M12	December	102.9
SMU48191243000000006	Texas	Dallas-Plano-Irving, TX Metropolitan Division	2013	M11	November	104.6
SMU48191243000000006	Texas	Dallas-Plano-Irving, TX Metropolitan Division	2013	M10	October	105.5
SMU48191243000000006	Texas	Dallas-Plano-Irving, TX Metropolitan Division	2013	M09	September	104.2
SMU48191243000000006	Texas	Dallas-Plano-Irving, TX Metropolitan Division	2013	M08	August	105.7
SMU48191243000000006	Texas	Dallas-Plano-Irving, TX Metropolitan Division	2013	M07	July	104.5
SMU48191243000000006	Texas	Dallas-Plano-Irving, TX Metropolitan Division	2013	M06	June	105.6
SMU48191243000000006	Texas	Dallas-Plano-Irving, TX Metropolitan Division	2013	M05	May	105.5
SMU48191243000000006	Texas	Dallas-Plano-Irving, TX Metropolitan Division	2013	M04	April	105.0
SMU48191243000000006	Texas	Dallas-Plano-Irving, TX Metropolitan Division	2013	M03	March	105.1
SMU48191243000000006	Texas	Dallas-Plano-Irving, TX Metropolitan Division	2013	M02	February	104.4
SMU48191243000000006	Texas	Dallas-Plano-Irving, TX Metropolitan Division	2013	M01	January	104.1
SMU48191243000000006	Texas	Dallas-Plano-Irving, TX Metropolitan Division	2012	M12	December	104.8
SMU48191243000000006	Texas	Dallas-Plano-Irving, TX Metropolitan Division	2012	M11	November	104.4
SMU48191243000000006	Texas	Dallas-Plano-Irving, TX Metropolitan Division	2012	M10	October	104.9
SMU48191243000000006	Texas	Dallas-Plano-Irving, TX Metropolitan Division	2012	M09	September	106.4
SMU48191243000000006	Texas	Dallas-Plano-Irving, TX Metropolitan Division	2012	M08	August	106.9
SMU48191243000000006	Texas	Dallas-Plano-Irving, TX Metropolitan Division	2012	M07	July	107.1
SMU48191243000000006	Texas	Dallas-Plano-Irving, TX Metropolitan Division	2012	M06	June	105.4
SMU48191243000000006	Texas	Dallas-Plano-Irving, TX Metropolitan Division	2012	M05	May	106.8
SMU48191243000000006	Texas	Dallas-Plano-Irving, TX Metropolitan Division	2012	M04	April	106.4
SMU48191243000000006	Texas	Dallas-Plano-Irving, TX Metropolitan Division	2012	M03	March	107.3
SMU48191243000000006	Texas	Dallas-Plano-Irving, TX Metropolitan Division	2012	M02	February	106.8
SMU48191243000000006	Texas	Dallas-Plano-Irving, TX Metropolitan Division	2012	M01	January	106.4
SMU48191243000000006	Texas	Dallas-Plano-Irving, TX Metropolitan Division	2011	M12	December	106.8
SMU48191243000000006	Texas	Dallas-Plano-Irving, TX Metropolitan Division	2011	M11	November	108.6
SMU48191243000000006	Texas	Dallas-Plano-Irving, TX Metropolitan Division	2011	M10	October	111.5
SMU48191243000000006	Texas	Dallas-Plano-Irving, TX Metropolitan Division	2011	M09	September	113.4
SMU48191243000000006	Texas	Dallas-Plano-Irving, TX Metropolitan Division	2011	M08	August	116.0
SMU48191243000000006	Texas	Dallas-Plano-Irving, TX Metropolitan Division	2011	M07	July	118.6
SMU48191243000000006	Texas	Dallas-Plano-Irving, TX Metropolitan Division	2011	M06	June	119.3
SMU48191243000000006	Texas	Dallas-Plano-Irving, TX Metropolitan Division	2011	M05	May	119.0
SMU48191243000000006	Texas	Dallas-Plano-Irving, TX Metropolitan Division	2011	M04	April	118.5
SMU48191243000000006	Texas	Dallas-Plano-Irving, TX Metropolitan Division	2011	M03	March	117.9
SMU48191243000000006	Texas	Dallas-Plano-Irving, TX Metropolitan Division	2011	M02	February	116.2
SMU48191243000000006	Texas	Dallas-Plano-Irving, TX Metropolitan Division	2011	M01	January	114.1
SMU48191243000000006	Texas	Dallas-Plano-Irving, TX Metropolitan Division	2010	M12	December	114.1
SMU48191243000000006	Texas	Dallas-Plano-Irving, TX Metropolitan Division	2010	M11	November	114.3
SMU48191243000000006	Texas	Dallas-Plano-Irving, TX Metropolitan Division	2010	M10	October	114.4
SMU48191243000000006	Texas	Dallas-Plano-Irving, TX Metropolitan Division	2010	M09	September	116.2
SMU48191243000000006	Texas	Dallas-Plano-Irving, TX Metropolitan Division	2010	M08	August	116.8
SMU48191243000000006	Texas	Dallas-Plano-Irving, TX Metropolitan Division	2010	M07	July	117.7
SMU48191243000000006	Texas	Dallas-Plano-Irving, TX Metropolitan Division	2010	M06	June	117.9
SMU48191243000000006	Texas	Dallas-Plano-Irving, TX Metropolitan Division	2010	M05	May	116.7
SMU48191243000000006	Texas	Dallas-Plano-Irving, TX Metropolitan Division	2010	M04	April	115.7
SMU48191243000000006	Texas	Dallas-Plano-Irving, TX Metropolitan Division	2010	M03	March	115.3
SMU48191243000000006	Texas	Dallas-Plano-Irving, TX Metropolitan Division	2010	M02	February	110.6
SMU48191243000000006	Texas	Dallas-Plano-Irving, TX Metropolitan Division	2010	M01	January	110.8
SMU48191243000000006	Texas	Dallas-Plano-Irving, TX Metropolitan Division	2009	M12	December	112.5
SMU48191243000000006	Texas	Dallas-Plano-Irving, TX Metropolitan Division	2009	M11	November	114.7
SMU48191243000000006	Texas	Dallas-Plano-Irving, TX Metropolitan Division	2009	M10	October	115.2
SMU48191243000000006	Texas	Dallas-Plano-Irving, TX Metropolitan Division	2009	M09	September	117.6
SMU48191243000000006	Texas	Dallas-Plano-Irving, TX Metropolitan Division	2009	M08	August	119.0
SMU48191243000000006	Texas	Dallas-Plano-Irving, TX Metropolitan Division	2009	M07	July	121.4
SMU48191243000000006	Texas	Dallas-Plano-Irving, TX Metropolitan Division	2009	M06	June	122.8
SMU48191243000000006	Texas	Dallas-Plano-Irving, TX Metropolitan Division	2009	M05	May	122.8
SMU48191243000000006	Texas	Dallas-Plano-Irving, TX Metropolitan Division	2009	M04	April	126.2
SMU48191243000000006	Texas	Dallas-Plano-Irving, TX Metropolitan Division	2009	M03	March	126.3
SMU48191243000000006	Texas	Dallas-Plano-Irving, TX Metropolitan Division	2009	M02	February	125.8
SMU48191243000000006	Texas	Dallas-Plano-Irving, TX Metropolitan Division	2009	M01	January	126.9
SMU48191243000000006	Texas	Dallas-Plano-Irving, TX Metropolitan Division	2008	M12	December	129.1
SMU48191243000000006	Texas	Dallas-Plano-Irving, TX Metropolitan Division	2008	M11	November	132.6
SMU48191243000000006	Texas	Dallas-Plano-Irving, TX Metropolitan Division	2008	M10	October	134.8
SMU48191243000000006	Texas	Dallas-Plano-Irving, TX Metropolitan Division	2008	M09	September	138.7
SMU48191243000000006	Texas	Dallas-Plano-Irving, TX Metropolitan Division	2008	M08	August	140.2
SMU48191243000000006	Texas	Dallas-Plano-Irving, TX Metropolitan Division	2008	M07	July	140.3
SMU48191243000000006	Texas	Dallas-Plano-Irving, TX Metropolitan Division	2008	M06	June	142.7
SMU48191243000000006	Texas	Dallas-Plano-Irving, TX Metropolitan Division	2008	M05	May	143.6
SMU48191243000000006	Texas	Dallas-Plano-Irving, TX Metropolitan Division	2008	M04	April	143.5
SMU48191243000000006	Texas	Dallas-Plano-Irving, TX Metropolitan Division	2008	M03	March	144.9
SMU48191243000000006	Texas	Dallas-Plano-Irving, TX Metropolitan Division	2008	M02	February	146.9
SMU48191243000000006	Texas	Dallas-Plano-Irving, TX Metropolitan Division	2008	M01	January	146.2
SMU48191243000000006	Texas	Dallas-Plano-Irving, TX Metropolitan Division	2007	M12	December	140.6
SMU48191243000000006	Texas	Dallas-Plano-Irving, TX Metropolitan Division	2007	M11	November	140.4
SMU48191243000000006	Texas	Dallas-Plano-Irving, TX Metropolitan Division	2007	M10	October	140.5
SMU48191243000000006	Texas	Dallas-Plano-Irving, TX Metropolitan Division	2007	M09	September	139.3
SMU48191243000000006	Texas	Dallas-Plano-Irving, TX Metropolitan Division	2007	M08	August	134.8
SMU48191243000000006	Texas	Dallas-Plano-Irving, TX Metropolitan Division	2007	M07	July	133.4
SMU48191243000000006	Texas	Dallas-Plano-Irving, TX Metropolitan Division	2007	M06	June	134.5
SMU48191243000000006	Texas	Dallas-Plano-Irving, TX Metropolitan Division	2007	M05	May	134.2
SMU48191243000000006	Texas	Dallas-Plano-Irving, TX Metropolitan Division	2007	M04	April	134.9
SMU48191243000000006	Texas	Dallas-Plano-Irving, TX Metropolitan Division	2007	M03	March	133.6
SMU48191243000000006	Texas	Dallas-Plano-Irving, TX Metropolitan Division	2007	M02	February	132.1
SMU48191243000000006	Texas	Dallas-Plano-Irving, TX Metropolitan Division	2007	M01	January	131.2
SMU48191003000000006	Texas	Dallas-Fort Worth-Arlington, TX	2025	M12	December	245.3
SMU48191003000000006	Texas	Dallas-Fort Worth-Arlington, TX	2025	M11	November	243.5
SMU48191003000000006	Texas	Dallas-Fort Worth-Arlington, TX	2025	M10	October	244.4
SMU48191003000000006	Texas	Dallas-Fort Worth-Arlington, TX	2025	M09	September	245.4
SMU48191003000000006	Texas	Dallas-Fort Worth-Arlington, TX	2025	M08	August	243.8
SMU48191003000000006	Texas	Dallas-Fort Worth-Arlington, TX	2025	M07	July	245.8
SMU48191003000000006	Texas	Dallas-Fort Worth-Arlington, TX	2025	M06	June	246.5
SMU48191003000000006	Texas	Dallas-Fort Worth-Arlington, TX	2025	M05	May	245.0
SMU48191003000000006	Texas	Dallas-Fort Worth-Arlington, TX	2025	M04	April	244.0
SMU48191003000000006	Texas	Dallas-Fort Worth-Arlington, TX	2025	M03	March	244.0
SMU48191003000000006	Texas	Dallas-Fort Worth-Arlington, TX	2025	M02	February	244.4
SMU48191003000000006	Texas	Dallas-Fort Worth-Arlington, TX	2025	M01	January	245.2
SMU48191003000000006	Texas	Dallas-Fort Worth-Arlington, TX	2024	M12	December	245.1
SMU48191003000000006	Texas	Dallas-Fort Worth-Arlington, TX	2024	M11	November	243.7
SMU48191003000000006	Texas	Dallas-Fort Worth-Arlington, TX	2024	M10	October	245.1
SMU48191003000000006	Texas	Dallas-Fort Worth-Arlington, TX	2024	M09	September	243.5
SMU48191003000000006	Texas	Dallas-Fort Worth-Arlington, TX	2024	M08	August	242.8
SMU48191003000000006	Texas	Dallas-Fort Worth-Arlington, TX	2024	M07	July	243.0
SMU48191003000000006	Texas	Dallas-Fort Worth-Arlington, TX	2024	M06	June	240.7
SMU48191003000000006	Texas	Dallas-Fort Worth-Arlington, TX	2024	M05	May	236.3
SMU48191003000000006	Texas	Dallas-Fort Worth-Arlington, TX	2024	M04	April	233.8
SMU48191003000000006	Texas	Dallas-Fort Worth-Arlington, TX	2024	M03	March	234.4
SMU48191003000000006	Texas	Dallas-Fort Worth-Arlington, TX	2024	M02	February	232.2
SMU48191003000000006	Texas	Dallas-Fort Worth-Arlington, TX	2024	M01	January	229.4
SMU48191003000000006	Texas	Dallas-Fort Worth-Arlington, TX	2023	M12	December	230.5
SMU48191003000000006	Texas	Dallas-Fort Worth-Arlington, TX	2023	M11	November	228.1
SMU48191003000000006	Texas	Dallas-Fort Worth-Arlington, TX	2023	M10	October	226.6
SMU48191003000000006	Texas	Dallas-Fort Worth-Arlington, TX	2023	M09	September	225.8
SMU48191003000000006	Texas	Dallas-Fort Worth-Arlington, TX	2023	M08	August	227.3
SMU48191003000000006	Texas	Dallas-Fort Worth-Arlington, TX	2023	M07	July	227.3
SMU48191003000000006	Texas	Dallas-Fort Worth-Arlington, TX	2023	M06	June	227.1
SMU48191003000000006	Texas	Dallas-Fort Worth-Arlington, TX	2023	M05	May	223.6
SMU48191003000000006	Texas	Dallas-Fort Worth-Arlington, TX	2023	M04	April	222.4
SMU48191003000000006	Texas	Dallas-Fort Worth-Arlington, TX	2023	M03	March	223.0
SMU48191003000000006	Texas	Dallas-Fort Worth-Arlington, TX	2023	M02	February	224.5
SMU48191003000000006	Texas	Dallas-Fort Worth-Arlington, TX	2023	M01	January	223.0
SMU48191003000000006	Texas	Dallas-Fort Worth-Arlington, TX	2022	M12	December	225.1
SMU48191003000000006	Texas	Dallas-Fort Worth-Arlington, TX	2022	M11	November	223.5
SMU48191003000000006	Texas	Dallas-Fort Worth-Arlington, TX	2022	M10	October	223.7
SMU48191003000000006	Texas	Dallas-Fort Worth-Arlington, TX	2022	M09	September	225.1
SMU48191003000000006	Texas	Dallas-Fort Worth-Arlington, TX	2022	M08	August	224.0
SMU48191003000000006	Texas	Dallas-Fort Worth-Arlington, TX	2022	M07	July	219.9
SMU48191003000000006	Texas	Dallas-Fort Worth-Arlington, TX	2022	M06	June	218.4
SMU48191003000000006	Texas	Dallas-Fort Worth-Arlington, TX	2022	M05	May	214.7
SMU48191003000000006	Texas	Dallas-Fort Worth-Arlington, TX	2022	M04	April	213.7
SMU48191003000000006	Texas	Dallas-Fort Worth-Arlington, TX	2022	M03	March	211.0
SMU48191003000000006	Texas	Dallas-Fort Worth-Arlington, TX	2022	M02	February	210.9
SMU48191003000000006	Texas	Dallas-Fort Worth-Arlington, TX	2022	M01	January	206.7
SMU48191003000000006	Texas	Dallas-Fort Worth-Arlington, TX	2021	M12	December	209.6
SMU48191003000000006	Texas	Dallas-Fort Worth-Arlington, TX	2021	M11	November	209.5
SMU48191003000000006	Texas	Dallas-Fort Worth-Arlington, TX	2021	M10	October	209.1
SMU48191003000000006	Texas	Dallas-Fort Worth-Arlington, TX	2021	M09	September	209.3
SMU48191003000000006	Texas	Dallas-Fort Worth-Arlington, TX	2021	M08	August	210.4
SMU48191003000000006	Texas	Dallas-Fort Worth-Arlington, TX	2021	M07	July	213.8
SMU48191003000000006	Texas	Dallas-Fort Worth-Arlington, TX	2021	M06	June	211.5
SMU48191003000000006	Texas	Dallas-Fort Worth-Arlington, TX	2021	M05	May	209.1
SMU48191003000000006	Texas	Dallas-Fort Worth-Arlington, TX	2021	M04	April	207.9
SMU48191003000000006	Texas	Dallas-Fort Worth-Arlington, TX	2021	M03	March	207.1
SMU48191003000000006	Texas	Dallas-Fort Worth-Arlington, TX	2021	M02	February	204.3
SMU48191003000000006	Texas	Dallas-Fort Worth-Arlington, TX	2021	M01	January	201.9
SMU48191003000000006	Texas	Dallas-Fort Worth-Arlington, TX	2020	M12	December	203.2
SMU48191003000000006	Texas	Dallas-Fort Worth-Arlington, TX	2020	M11	November	201.3
SMU48191003000000006	Texas	Dallas-Fort Worth-Arlington, TX	2020	M10	October	202.3
SMU48191003000000006	Texas	Dallas-Fort Worth-Arlington, TX	2020	M09	September	204.2
SMU48191003000000006	Texas	Dallas-Fort Worth-Arlington, TX	2020	M08	August	202.5
SMU48191003000000006	Texas	Dallas-Fort Worth-Arlington, TX	2020	M07	July	203.1
SMU48191003000000006	Texas	Dallas-Fort Worth-Arlington, TX	2020	M06	June	201.0
SMU48191003000000006	Texas	Dallas-Fort Worth-Arlington, TX	2020	M05	May	197.4
SMU48191003000000006	Texas	Dallas-Fort Worth-Arlington, TX	2020	M04	April	197.0
SMU48191003000000006	Texas	Dallas-Fort Worth-Arlington, TX	2020	M03	March	209.7
SMU48191003000000006	Texas	Dallas-Fort Worth-Arlington, TX	2020	M02	February	210.0
SMU48191003000000006	Texas	Dallas-Fort Worth-Arlington, TX	2020	M01	January	207.5
SMU48191003000000006	Texas	Dallas-Fort Worth-Arlington, TX	2019	M12	December	209.6
SMU48191003000000006	Texas	Dallas-Fort Worth-Arlington, TX	2019	M11	November	208.5
SMU48191003000000006	Texas	Dallas-Fort Worth-Arlington, TX	2019	M10	October	204.9
SMU48191003000000006	Texas	Dallas-Fort Worth-Arlington, TX	2019	M09	September	210.0
SMU48191003000000006	Texas	Dallas-Fort Worth-Arlington, TX	2019	M08	August	208.4
SMU48191003000000006	Texas	Dallas-Fort Worth-Arlington, TX	2019	M07	July	209.3
SMU48191003000000006	Texas	Dallas-Fort Worth-Arlington, TX	2019	M06	June	209.5
SMU48191003000000006	Texas	Dallas-Fort Worth-Arlington, TX	2019	M05	May	205.6
SMU48191003000000006	Texas	Dallas-Fort Worth-Arlington, TX	2019	M04	April	205.6
SMU48191003000000006	Texas	Dallas-Fort Worth-Arlington, TX	2019	M03	March	204.9
SMU48191003000000006	Texas	Dallas-Fort Worth-Arlington, TX	2019	M02	February	204.4
SMU48191003000000006	Texas	Dallas-Fort Worth-Arlington, TX	2019	M01	January	202.8
SMU48191003000000006	Texas	Dallas-Fort Worth-Arlington, TX	2018	M12	December	202.4
SMU48191003000000006	Texas	Dallas-Fort Worth-Arlington, TX	2018	M11	November	203.3
SMU48191003000000006	Texas	Dallas-Fort Worth-Arlington, TX	2018	M10	October	201.8
SMU48191003000000006	Texas	Dallas-Fort Worth-Arlington, TX	2018	M09	September	200.2
SMU48191003000000006	Texas	Dallas-Fort Worth-Arlington, TX	2018	M08	August	199.1
SMU48191003000000006	Texas	Dallas-Fort Worth-Arlington, TX	2018	M07	July	197.1
SMU48191003000000006	Texas	Dallas-Fort Worth-Arlington, TX	2018	M06	June	196.2
SMU48191003000000006	Texas	Dallas-Fort Worth-Arlington, TX	2018	M05	May	194.2
SMU48191003000000006	Texas	Dallas-Fort Worth-Arlington, TX	2018	M04	April	191.7
SMU48191003000000006	Texas	Dallas-Fort Worth-Arlington, TX	2018	M03	March	189.5
SMU48191003000000006	Texas	Dallas-Fort Worth-Arlington, TX	2018	M02	February	189.9
SMU48191003000000006	Texas	Dallas-Fort Worth-Arlington, TX	2018	M01	January	187.3
SMU48191003000000006	Texas	Dallas-Fort Worth-Arlington, TX	2017	M12	December	186.8
SMU48191003000000006	Texas	Dallas-Fort Worth-Arlington, TX	2017	M11	November	185.9
SMU48191003000000006	Texas	Dallas-Fort Worth-Arlington, TX	2017	M10	October	185.1
SMU48191003000000006	Texas	Dallas-Fort Worth-Arlington, TX	2017	M09	September	184.2
SMU48191003000000006	Texas	Dallas-Fort Worth-Arlington, TX	2017	M08	August	185.7
SMU48191003000000006	Texas	Dallas-Fort Worth-Arlington, TX	2017	M07	July	183.8
SMU48191003000000006	Texas	Dallas-Fort Worth-Arlington, TX	2017	M06	June	184.0
SMU48191003000000006	Texas	Dallas-Fort Worth-Arlington, TX	2017	M05	May	183.9
SMU48191003000000006	Texas	Dallas-Fort Worth-Arlington, TX	2017	M04	April	182.1
SMU48191003000000006	Texas	Dallas-Fort Worth-Arlington, TX	2017	M03	March	181.1
SMU48191003000000006	Texas	Dallas-Fort Worth-Arlington, TX	2017	M02	February	181.1
SMU48191003000000006	Texas	Dallas-Fort Worth-Arlington, TX	2017	M01	January	181.3
SMU48191003000000006	Texas	Dallas-Fort Worth-Arlington, TX	2016	M12	December	182.8
SMU48191003000000006	Texas	Dallas-Fort Worth-Arlington, TX	2016	M11	November	181.8
SMU48191003000000006	Texas	Dallas-Fort Worth-Arlington, TX	2016	M10	October	181.1
SMU48191003000000006	Texas	Dallas-Fort Worth-Arlington, TX	2016	M09	September	182.6
SMU48191003000000006	Texas	Dallas-Fort Worth-Arlington, TX	2016	M08	August	182.3
SMU48191003000000006	Texas	Dallas-Fort Worth-Arlington, TX	2016	M07	July	180.6
SMU48191003000000006	Texas	Dallas-Fort Worth-Arlington, TX	2016	M06	June	180.0
SMU48191003000000006	Texas	Dallas-Fort Worth-Arlington, TX	2016	M05	May	179.1
SMU48191003000000006	Texas	Dallas-Fort Worth-Arlington, TX	2016	M04	April	179.9
SMU48191003000000006	Texas	Dallas-Fort Worth-Arlington, TX	2016	M03	March	179.5
SMU48191003000000006	Texas	Dallas-Fort Worth-Arlington, TX	2016	M02	February	177.7
SMU48191003000000006	Texas	Dallas-Fort Worth-Arlington, TX	2016	M01	January	177.3
SMU48191003000000006	Texas	Dallas-Fort Worth-Arlington, TX	2015	M12	December	176.5
SMU48191003000000006	Texas	Dallas-Fort Worth-Arlington, TX	2015	M11	November	177.6
SMU48191003000000006	Texas	Dallas-Fort Worth-Arlington, TX	2015	M10	October	179.0
SMU48191003000000006	Texas	Dallas-Fort Worth-Arlington, TX	2015	M09	September	179.9
SMU48191003000000006	Texas	Dallas-Fort Worth-Arlington, TX	2015	M08	August	180.4
SMU48191003000000006	Texas	Dallas-Fort Worth-Arlington, TX	2015	M07	July	181.8
SMU48191003000000006	Texas	Dallas-Fort Worth-Arlington, TX	2015	M06	June	181.4
SMU48191003000000006	Texas	Dallas-Fort Worth-Arlington, TX	2015	M05	May	181.4
SMU48191003000000006	Texas	Dallas-Fort Worth-Arlington, TX	2015	M04	April	180.9
SMU48191003000000006	Texas	Dallas-Fort Worth-Arlington, TX	2015	M03	March	181.4
SMU48191003000000006	Texas	Dallas-Fort Worth-Arlington, TX	2015	M02	February	182.2
SMU48191003000000006	Texas	Dallas-Fort Worth-Arlington, TX	2015	M01	January	181.9
SMU48191003000000006	Texas	Dallas-Fort Worth-Arlington, TX	2014	M12	December	184.4
SMU48191003000000006	Texas	Dallas-Fort Worth-Arlington, TX	2014	M11	November	184.9
SMU48191003000000006	Texas	Dallas-Fort Worth-Arlington, TX	2014	M10	October	183.2
SMU48191003000000006	Texas	Dallas-Fort Worth-Arlington, TX	2014	M09	September	180.9
SMU48191003000000006	Texas	Dallas-Fort Worth-Arlington, TX	2014	M08	August	180.9
SMU48191003000000006	Texas	Dallas-Fort Worth-Arlington, TX	2014	M07	July	181.3
SMU48191003000000006	Texas	Dallas-Fort Worth-Arlington, TX	2014	M06	June	179.7
SMU48191003000000006	Texas	Dallas-Fort Worth-Arlington, TX	2014	M05	May	178.6
SMU48191003000000006	Texas	Dallas-Fort Worth-Arlington, TX	2014	M04	April	176.7
SMU48191003000000006	Texas	Dallas-Fort Worth-Arlington, TX	2014	M03	March	174.5
SMU48191003000000006	Texas	Dallas-Fort Worth-Arlington, TX	2014	M02	February	175.4
SMU48191003000000006	Texas	Dallas-Fort Worth-Arlington, TX	2014	M01	January	172.0
SMU48191003000000006	Texas	Dallas-Fort Worth-Arlington, TX	2013	M12	December	174.5
SMU48191003000000006	Texas	Dallas-Fort Worth-Arlington, TX	2013	M11	November	177.3
SMU48191003000000006	Texas	Dallas-Fort Worth-Arlington, TX	2013	M10	October	178.5
SMU48191003000000006	Texas	Dallas-Fort Worth-Arlington, TX	2013	M09	September	177.5
SMU48191003000000006	Texas	Dallas-Fort Worth-Arlington, TX	2013	M08	August	179.5
SMU48191003000000006	Texas	Dallas-Fort Worth-Arlington, TX	2013	M07	July	176.8
SMU48191003000000006	Texas	Dallas-Fort Worth-Arlington, TX	2013	M06	June	177.8
SMU48191003000000006	Texas	Dallas-Fort Worth-Arlington, TX	2013	M05	May	176.9
SMU48191003000000006	Texas	Dallas-Fort Worth-Arlington, TX	2013	M04	April	175.6
SMU48191003000000006	Texas	Dallas-Fort Worth-Arlington, TX	2013	M03	March	175.6
SMU48191003000000006	Texas	Dallas-Fort Worth-Arlington, TX	2013	M02	February	174.2
SMU48191003000000006	Texas	Dallas-Fort Worth-Arlington, TX	2013	M01	January	173.2
SMU48191003000000006	Texas	Dallas-Fort Worth-Arlington, TX	2012	M12	December	174.8
SMU48191003000000006	Texas	Dallas-Fort Worth-Arlington, TX	2012	M11	November	174.5
SMU48191003000000006	Texas	Dallas-Fort Worth-Arlington, TX	2012	M10	October	174.7
SMU48191003000000006	Texas	Dallas-Fort Worth-Arlington, TX	2012	M09	September	176.8
SMU48191003000000006	Texas	Dallas-Fort Worth-Arlington, TX	2012	M08	August	176.7
SMU48191003000000006	Texas	Dallas-Fort Worth-Arlington, TX	2012	M07	July	177.4
SMU48191003000000006	Texas	Dallas-Fort Worth-Arlington, TX	2012	M06	June	172.2
SMU48191003000000006	Texas	Dallas-Fort Worth-Arlington, TX	2012	M05	May	172.0
SMU48191003000000006	Texas	Dallas-Fort Worth-Arlington, TX	2012	M04	April	175.3
SMU48191003000000006	Texas	Dallas-Fort Worth-Arlington, TX	2012	M03	March	176.3
SMU48191003000000006	Texas	Dallas-Fort Worth-Arlington, TX	2012	M02	February	175.7
SMU48191003000000006	Texas	Dallas-Fort Worth-Arlington, TX	2012	M01	January	175.4
SMU48191003000000006	Texas	Dallas-Fort Worth-Arlington, TX	2011	M12	December	176.2
SMU48191003000000006	Texas	Dallas-Fort Worth-Arlington, TX	2011	M11	November	177.3
SMU48191003000000006	Texas	Dallas-Fort Worth-Arlington, TX	2011	M10	October	180.3
SMU48191003000000006	Texas	Dallas-Fort Worth-Arlington, TX	2011	M09	September	182.1
SMU48191003000000006	Texas	Dallas-Fort Worth-Arlington, TX	2011	M08	August	184.1
SMU48191003000000006	Texas	Dallas-Fort Worth-Arlington, TX	2011	M07	July	186.4
SMU48191003000000006	Texas	Dallas-Fort Worth-Arlington, TX	2011	M06	June	186.6
SMU48191003000000006	Texas	Dallas-Fort Worth-Arlington, TX	2011	M05	May	186.8
SMU48191003000000006	Texas	Dallas-Fort Worth-Arlington, TX	2011	M04	April	186.3
SMU48191003000000006	Texas	Dallas-Fort Worth-Arlington, TX	2011	M03	March	183.2
SMU48191003000000006	Texas	Dallas-Fort Worth-Arlington, TX	2011	M02	February	181.2
SMU48191003000000006	Texas	Dallas-Fort Worth-Arlington, TX	2011	M01	January	178.8
SMU48191003000000006	Texas	Dallas-Fort Worth-Arlington, TX	2010	M12	December	180.8
SMU48191003000000006	Texas	Dallas-Fort Worth-Arlington, TX	2010	M11	November	180.7
SMU48191003000000006	Texas	Dallas-Fort Worth-Arlington, TX	2010	M10	October	180.4
SMU48191003000000006	Texas	Dallas-Fort Worth-Arlington, TX	2010	M09	September	182.6
SMU48191003000000006	Texas	Dallas-Fort Worth-Arlington, TX	2010	M08	August	184.6
SMU48191003000000006	Texas	Dallas-Fort Worth-Arlington, TX	2010	M07	July	184.9
SMU48191003000000006	Texas	Dallas-Fort Worth-Arlington, TX	2010	M06	June	184.6
SMU48191003000000006	Texas	Dallas-Fort Worth-Arlington, TX	2010	M05	May	183.0
SMU48191003000000006	Texas	Dallas-Fort Worth-Arlington, TX	2010	M04	April	181.5
SMU48191003000000006	Texas	Dallas-Fort Worth-Arlington, TX	2010	M03	March	180.7
SMU48191003000000006	Texas	Dallas-Fort Worth-Arlington, TX	2010	M02	February	175.3
SMU48191003000000006	Texas	Dallas-Fort Worth-Arlington, TX	2010	M01	January	175.9
SMU48191003000000006	Texas	Dallas-Fort Worth-Arlington, TX	2009	M12	December	178.4
SMU48191003000000006	Texas	Dallas-Fort Worth-Arlington, TX	2009	M11	November	180.7
SMU48191003000000006	Texas	Dallas-Fort Worth-Arlington, TX	2009	M10	October	181.4
SMU48191003000000006	Texas	Dallas-Fort Worth-Arlington, TX	2009	M09	September	184.6
SMU48191003000000006	Texas	Dallas-Fort Worth-Arlington, TX	2009	M08	August	187.0
SMU48191003000000006	Texas	Dallas-Fort Worth-Arlington, TX	2009	M07	July	185.6
SMU48191003000000006	Texas	Dallas-Fort Worth-Arlington, TX	2009	M06	June	188.8
SMU48191003000000006	Texas	Dallas-Fort Worth-Arlington, TX	2009	M05	May	191.6
SMU48191003000000006	Texas	Dallas-Fort Worth-Arlington, TX	2009	M04	April	196.5
SMU48191003000000006	Texas	Dallas-Fort Worth-Arlington, TX	2009	M03	March	196.9
SMU48191003000000006	Texas	Dallas-Fort Worth-Arlington, TX	2009	M02	February	197.4
SMU48191003000000006	Texas	Dallas-Fort Worth-Arlington, TX	2009	M01	January	196.8
SMU48191003000000006	Texas	Dallas-Fort Worth-Arlington, TX	2008	M12	December	200.3
SMU48191003000000006	Texas	Dallas-Fort Worth-Arlington, TX	2008	M11	November	202.9
SMU48191003000000006	Texas	Dallas-Fort Worth-Arlington, TX	2008	M10	October	213.1
SMU48191003000000006	Texas	Dallas-Fort Worth-Arlington, TX	2008	M09	September	217.7
SMU48191003000000006	Texas	Dallas-Fort Worth-Arlington, TX	2008	M08	August	219.8
SMU48191003000000006	Texas	Dallas-Fort Worth-Arlington, TX	2008	M07	July	221.5
SMU48191003000000006	Texas	Dallas-Fort Worth-Arlington, TX	2008	M06	June	222.0
SMU48191003000000006	Texas	Dallas-Fort Worth-Arlington, TX	2008	M05	May	224.5
SMU48191003000000006	Texas	Dallas-Fort Worth-Arlington, TX	2008	M04	April	224.5
SMU48191003000000006	Texas	Dallas-Fort Worth-Arlington, TX	2008	M03	March	225.6
SMU48191003000000006	Texas	Dallas-Fort Worth-Arlington, TX	2008	M02	February	228.0
SMU48191003000000006	Texas	Dallas-Fort Worth-Arlington, TX	2008	M01	January	224.6
SMU48191003000000006	Texas	Dallas-Fort Worth-Arlington, TX	2007	M12	December	219.5
SMU48191003000000006	Texas	Dallas-Fort Worth-Arlington, TX	2007	M11	November	218.4
SMU48191003000000006	Texas	Dallas-Fort Worth-Arlington, TX	2007	M10	October	223.2
SMU48191003000000006	Texas	Dallas-Fort Worth-Arlington, TX	2007	M09	September	222.3
SMU48191003000000006	Texas	Dallas-Fort Worth-Arlington, TX	2007	M08	August	217.3
SMU48191003000000006	Texas	Dallas-Fort Worth-Arlington, TX	2007	M07	July	215.8
SMU48191003000000006	Texas	Dallas-Fort Worth-Arlington, TX	2007	M06	June	216.1
SMU48191003000000006	Texas	Dallas-Fort Worth-Arlington, TX	2007	M05	May	215.8
SMU48191003000000006	Texas	Dallas-Fort Worth-Arlington, TX	2007	M04	April	215.3
SMU48191003000000006	Texas	Dallas-Fort Worth-Arlington, TX	2007	M03	March	212.9
SMU48191003000000006	Texas	Dallas-Fort Worth-Arlington, TX	2007	M02	February	210.6
SMU48191003000000006	Texas	Dallas-Fort Worth-Arlington, TX	2007	M01	January	206.3
SMU32298203000000006	Nevada	Las Vegas-Henderson-North Las Vegas, NV	2025	M12	December	21.1
SMU32298203000000006	Nevada	Las Vegas-Henderson-North Las Vegas, NV	2025	M11	November	21.3
SMU32298203000000006	Nevada	Las Vegas-Henderson-North Las Vegas, NV	2025	M10	October	21.2
SMU32298203000000006	Nevada	Las Vegas-Henderson-North Las Vegas, NV	2025	M09	September	21.7
SMU32298203000000006	Nevada	Las Vegas-Henderson-North Las Vegas, NV	2025	M08	August	22.1
SMU32298203000000006	Nevada	Las Vegas-Henderson-North Las Vegas, NV	2025	M07	July	22.4
SMU32298203000000006	Nevada	Las Vegas-Henderson-North Las Vegas, NV	2025	M06	June	22.6
SMU32298203000000006	Nevada	Las Vegas-Henderson-North Las Vegas, NV	2025	M05	May	22.3
SMU32298203000000006	Nevada	Las Vegas-Henderson-North Las Vegas, NV	2025	M04	April	22.2
SMU32298203000000006	Nevada	Las Vegas-Henderson-North Las Vegas, NV	2025	M03	March	22.2
SMU32298203000000006	Nevada	Las Vegas-Henderson-North Las Vegas, NV	2025	M02	February	22.5
SMU32298203000000006	Nevada	Las Vegas-Henderson-North Las Vegas, NV	2025	M01	January	22.8
SMU32298203000000006	Nevada	Las Vegas-Henderson-North Las Vegas, NV	2024	M12	December	22.9
SMU32298203000000006	Nevada	Las Vegas-Henderson-North Las Vegas, NV	2024	M11	November	23.3
SMU32298203000000006	Nevada	Las Vegas-Henderson-North Las Vegas, NV	2024	M10	October	23.8
SMU32298203000000006	Nevada	Las Vegas-Henderson-North Las Vegas, NV	2024	M09	September	23.8
SMU32298203000000006	Nevada	Las Vegas-Henderson-North Las Vegas, NV	2024	M08	August	23.9
SMU32298203000000006	Nevada	Las Vegas-Henderson-North Las Vegas, NV	2024	M07	July	24.0
SMU32298203000000006	Nevada	Las Vegas-Henderson-North Las Vegas, NV	2024	M06	June	23.8
SMU32298203000000006	Nevada	Las Vegas-Henderson-North Las Vegas, NV	2024	M05	May	23.9
SMU32298203000000006	Nevada	Las Vegas-Henderson-North Las Vegas, NV	2024	M04	April	23.7
SMU32298203000000006	Nevada	Las Vegas-Henderson-North Las Vegas, NV	2024	M03	March	23.5
SMU32298203000000006	Nevada	Las Vegas-Henderson-North Las Vegas, NV	2024	M02	February	23.5
SMU32298203000000006	Nevada	Las Vegas-Henderson-North Las Vegas, NV	2024	M01	January	23.1
SMU32298203000000006	Nevada	Las Vegas-Henderson-North Las Vegas, NV	2023	M12	December	23.5
SMU32298203000000006	Nevada	Las Vegas-Henderson-North Las Vegas, NV	2023	M11	November	23.3
SMU32298203000000006	Nevada	Las Vegas-Henderson-North Las Vegas, NV	2023	M10	October	23.0
SMU32298203000000006	Nevada	Las Vegas-Henderson-North Las Vegas, NV	2023	M09	September	22.8
SMU32298203000000006	Nevada	Las Vegas-Henderson-North Las Vegas, NV	2023	M08	August	23.0
SMU32298203000000006	Nevada	Las Vegas-Henderson-North Las Vegas, NV	2023	M07	July	23.2
SMU32298203000000006	Nevada	Las Vegas-Henderson-North Las Vegas, NV	2023	M06	June	22.9
SMU32298203000000006	Nevada	Las Vegas-Henderson-North Las Vegas, NV	2023	M05	May	23.0
SMU32298203000000006	Nevada	Las Vegas-Henderson-North Las Vegas, NV	2023	M04	April	23.3
SMU32298203000000006	Nevada	Las Vegas-Henderson-North Las Vegas, NV	2023	M03	March	23.0
SMU32298203000000006	Nevada	Las Vegas-Henderson-North Las Vegas, NV	2023	M02	February	22.5
SMU32298203000000006	Nevada	Las Vegas-Henderson-North Las Vegas, NV	2023	M01	January	22.3
SMU32298203000000006	Nevada	Las Vegas-Henderson-North Las Vegas, NV	2022	M12	December	22.7
SMU32298203000000006	Nevada	Las Vegas-Henderson-North Las Vegas, NV	2022	M11	November	22.6
SMU32298203000000006	Nevada	Las Vegas-Henderson-North Las Vegas, NV	2022	M10	October	22.4
SMU32298203000000006	Nevada	Las Vegas-Henderson-North Las Vegas, NV	2022	M09	September	22.4
SMU32298203000000006	Nevada	Las Vegas-Henderson-North Las Vegas, NV	2022	M08	August	22.5
SMU32298203000000006	Nevada	Las Vegas-Henderson-North Las Vegas, NV	2022	M07	July	22.1
SMU32298203000000006	Nevada	Las Vegas-Henderson-North Las Vegas, NV	2022	M06	June	21.9
SMU32298203000000006	Nevada	Las Vegas-Henderson-North Las Vegas, NV	2022	M05	May	22.2
SMU32298203000000006	Nevada	Las Vegas-Henderson-North Las Vegas, NV	2022	M04	April	22.2
SMU32298203000000006	Nevada	Las Vegas-Henderson-North Las Vegas, NV	2022	M03	March	22.2
SMU32298203000000006	Nevada	Las Vegas-Henderson-North Las Vegas, NV	2022	M02	February	21.8
SMU32298203000000006	Nevada	Las Vegas-Henderson-North Las Vegas, NV	2022	M01	January	21.3
SMU32298203000000006	Nevada	Las Vegas-Henderson-North Las Vegas, NV	2021	M12	December	21.5
SMU32298203000000006	Nevada	Las Vegas-Henderson-North Las Vegas, NV	2021	M11	November	21.2
SMU32298203000000006	Nevada	Las Vegas-Henderson-North Las Vegas, NV	2021	M10	October	20.8
SMU32298203000000006	Nevada	Las Vegas-Henderson-North Las Vegas, NV	2021	M09	September	20.5
SMU32298203000000006	Nevada	Las Vegas-Henderson-North Las Vegas, NV	2021	M08	August	20.2
SMU32298203000000006	Nevada	Las Vegas-Henderson-North Las Vegas, NV	2021	M07	July	19.9
SMU32298203000000006	Nevada	Las Vegas-Henderson-North Las Vegas, NV	2021	M06	June	19.1
SMU32298203000000006	Nevada	Las Vegas-Henderson-North Las Vegas, NV	2021	M05	May	18.9
SMU32298203000000006	Nevada	Las Vegas-Henderson-North Las Vegas, NV	2021	M04	April	18.8
SMU32298203000000006	Nevada	Las Vegas-Henderson-North Las Vegas, NV	2021	M03	March	18.6
SMU32298203000000006	Nevada	Las Vegas-Henderson-North Las Vegas, NV	2021	M02	February	18.2
SMU32298203000000006	Nevada	Las Vegas-Henderson-North Las Vegas, NV	2021	M01	January	18.0
SMU32298203000000006	Nevada	Las Vegas-Henderson-North Las Vegas, NV	2020	M12	December	18.1
SMU32298203000000006	Nevada	Las Vegas-Henderson-North Las Vegas, NV	2020	M11	November	17.9
SMU32298203000000006	Nevada	Las Vegas-Henderson-North Las Vegas, NV	2020	M10	October	17.5
SMU32298203000000006	Nevada	Las Vegas-Henderson-North Las Vegas, NV	2020	M09	September	16.9
SMU32298203000000006	Nevada	Las Vegas-Henderson-North Las Vegas, NV	2020	M08	August	16.9
SMU32298203000000006	Nevada	Las Vegas-Henderson-North Las Vegas, NV	2020	M07	July	16.4
SMU32298203000000006	Nevada	Las Vegas-Henderson-North Las Vegas, NV	2020	M06	June	16.1
SMU32298203000000006	Nevada	Las Vegas-Henderson-North Las Vegas, NV	2020	M05	May	15.7
SMU32298203000000006	Nevada	Las Vegas-Henderson-North Las Vegas, NV	2020	M04	April	15.6
SMU32298203000000006	Nevada	Las Vegas-Henderson-North Las Vegas, NV	2020	M03	March	19.3
SMU32298203000000006	Nevada	Las Vegas-Henderson-North Las Vegas, NV	2020	M02	February	19.1
SMU32298203000000006	Nevada	Las Vegas-Henderson-North Las Vegas, NV	2020	M01	January	18.8
SMU32298203000000006	Nevada	Las Vegas-Henderson-North Las Vegas, NV	2019	M12	December	18.9
SMU32298203000000006	Nevada	Las Vegas-Henderson-North Las Vegas, NV	2019	M11	November	18.4
SMU32298203000000006	Nevada	Las Vegas-Henderson-North Las Vegas, NV	2019	M10	October	18.0
SMU32298203000000006	Nevada	Las Vegas-Henderson-North Las Vegas, NV	2019	M09	September	17.8
SMU32298203000000006	Nevada	Las Vegas-Henderson-North Las Vegas, NV	2019	M08	August	17.4
SMU32298203000000006	Nevada	Las Vegas-Henderson-North Las Vegas, NV	2019	M07	July	17.2
SMU32298203000000006	Nevada	Las Vegas-Henderson-North Las Vegas, NV	2019	M06	June	17.0
SMU32298203000000006	Nevada	Las Vegas-Henderson-North Las Vegas, NV	2019	M05	May	16.6
SMU32298203000000006	Nevada	Las Vegas-Henderson-North Las Vegas, NV	2019	M04	April	16.1
SMU32298203000000006	Nevada	Las Vegas-Henderson-North Las Vegas, NV	2019	M03	March	16.2
SMU32298203000000006	Nevada	Las Vegas-Henderson-North Las Vegas, NV	2019	M02	February	15.8
SMU32298203000000006	Nevada	Las Vegas-Henderson-North Las Vegas, NV	2019	M01	January	15.6
SMU32298203000000006	Nevada	Las Vegas-Henderson-North Las Vegas, NV	2018	M12	December	15.7
SMU32298203000000006	Nevada	Las Vegas-Henderson-North Las Vegas, NV	2018	M11	November	15.6
SMU32298203000000006	Nevada	Las Vegas-Henderson-North Las Vegas, NV	2018	M10	October	15.3
SMU32298203000000006	Nevada	Las Vegas-Henderson-North Las Vegas, NV	2018	M09	September	15.3
SMU32298203000000006	Nevada	Las Vegas-Henderson-North Las Vegas, NV	2018	M08	August	15.2
SMU32298203000000006	Nevada	Las Vegas-Henderson-North Las Vegas, NV	2018	M07	July	15.1
SMU32298203000000006	Nevada	Las Vegas-Henderson-North Las Vegas, NV	2018	M06	June	15.0
SMU32298203000000006	Nevada	Las Vegas-Henderson-North Las Vegas, NV	2018	M05	May	15.0
SMU32298203000000006	Nevada	Las Vegas-Henderson-North Las Vegas, NV	2018	M04	April	14.9
SMU32298203000000006	Nevada	Las Vegas-Henderson-North Las Vegas, NV	2018	M03	March	14.6
SMU32298203000000006	Nevada	Las Vegas-Henderson-North Las Vegas, NV	2018	M02	February	14.5
SMU32298203000000006	Nevada	Las Vegas-Henderson-North Las Vegas, NV	2018	M01	January	14.1
SMU32298203000000006	Nevada	Las Vegas-Henderson-North Las Vegas, NV	2017	M12	December	14.4
SMU32298203000000006	Nevada	Las Vegas-Henderson-North Las Vegas, NV	2017	M11	November	14.3
SMU32298203000000006	Nevada	Las Vegas-Henderson-North Las Vegas, NV	2017	M10	October	14.0
SMU32298203000000006	Nevada	Las Vegas-Henderson-North Las Vegas, NV	2017	M09	September	13.7
SMU32298203000000006	Nevada	Las Vegas-Henderson-North Las Vegas, NV	2017	M08	August	13.8
SMU32298203000000006	Nevada	Las Vegas-Henderson-North Las Vegas, NV	2017	M07	July	13.7
SMU32298203000000006	Nevada	Las Vegas-Henderson-North Las Vegas, NV	2017	M06	June	13.5
SMU32298203000000006	Nevada	Las Vegas-Henderson-North Las Vegas, NV	2017	M05	May	13.6
SMU32298203000000006	Nevada	Las Vegas-Henderson-North Las Vegas, NV	2017	M04	April	13.8
SMU32298203000000006	Nevada	Las Vegas-Henderson-North Las Vegas, NV	2017	M03	March	14.2
SMU32298203000000006	Nevada	Las Vegas-Henderson-North Las Vegas, NV	2017	M02	February	14.1
SMU32298203000000006	Nevada	Las Vegas-Henderson-North Las Vegas, NV	2017	M01	January	13.6
SMU32298203000000006	Nevada	Las Vegas-Henderson-North Las Vegas, NV	2016	M12	December	14.1
SMU32298203000000006	Nevada	Las Vegas-Henderson-North Las Vegas, NV	2016	M11	November	13.4
SMU32298203000000006	Nevada	Las Vegas-Henderson-North Las Vegas, NV	2016	M10	October	13.5
SMU32298203000000006	Nevada	Las Vegas-Henderson-North Las Vegas, NV	2016	M09	September	13.3
SMU32298203000000006	Nevada	Las Vegas-Henderson-North Las Vegas, NV	2016	M08	August	12.8
SMU32298203000000006	Nevada	Las Vegas-Henderson-North Las Vegas, NV	2016	M07	July	12.7
SMU32298203000000006	Nevada	Las Vegas-Henderson-North Las Vegas, NV	2016	M06	June	12.8
SMU32298203000000006	Nevada	Las Vegas-Henderson-North Las Vegas, NV	2016	M05	May	12.0
SMU32298203000000006	Nevada	Las Vegas-Henderson-North Las Vegas, NV	2016	M04	April	12.1
SMU32298203000000006	Nevada	Las Vegas-Henderson-North Las Vegas, NV	2016	M03	March	12.2
SMU32298203000000006	Nevada	Las Vegas-Henderson-North Las Vegas, NV	2016	M02	February	12.1
SMU32298203000000006	Nevada	Las Vegas-Henderson-North Las Vegas, NV	2016	M01	January	11.8
SMU32298203000000006	Nevada	Las Vegas-Henderson-North Las Vegas, NV	2015	M12	December	11.6
SMU32298203000000006	Nevada	Las Vegas-Henderson-North Las Vegas, NV	2015	M11	November	11.8
SMU32298203000000006	Nevada	Las Vegas-Henderson-North Las Vegas, NV	2015	M10	October	11.5
SMU32298203000000006	Nevada	Las Vegas-Henderson-North Las Vegas, NV	2015	M09	September	11.7
SMU32298203000000006	Nevada	Las Vegas-Henderson-North Las Vegas, NV	2015	M08	August	11.6
SMU32298203000000006	Nevada	Las Vegas-Henderson-North Las Vegas, NV	2015	M07	July	11.7
SMU32298203000000006	Nevada	Las Vegas-Henderson-North Las Vegas, NV	2015	M06	June	12.1
SMU32298203000000006	Nevada	Las Vegas-Henderson-North Las Vegas, NV	2015	M05	May	12.1
SMU32298203000000006	Nevada	Las Vegas-Henderson-North Las Vegas, NV	2015	M04	April	12.6
SMU32298203000000006	Nevada	Las Vegas-Henderson-North Las Vegas, NV	2015	M03	March	13.6
SMU32298203000000006	Nevada	Las Vegas-Henderson-North Las Vegas, NV	2015	M02	February	13.9
SMU32298203000000006	Nevada	Las Vegas-Henderson-North Las Vegas, NV	2015	M01	January	13.8
SMU32298203000000006	Nevada	Las Vegas-Henderson-North Las Vegas, NV	2014	M12	December	14.2
SMU32298203000000006	Nevada	Las Vegas-Henderson-North Las Vegas, NV	2014	M11	November	14.2
SMU32298203000000006	Nevada	Las Vegas-Henderson-North Las Vegas, NV	2014	M10	October	14.2
SMU32298203000000006	Nevada	Las Vegas-Henderson-North Las Vegas, NV	2014	M09	September	14.0
SMU32298203000000006	Nevada	Las Vegas-Henderson-North Las Vegas, NV	2014	M08	August	14.0
SMU32298203000000006	Nevada	Las Vegas-Henderson-North Las Vegas, NV	2014	M07	July	14.0
SMU32298203000000006	Nevada	Las Vegas-Henderson-North Las Vegas, NV	2014	M06	June	13.9
SMU32298203000000006	Nevada	Las Vegas-Henderson-North Las Vegas, NV	2014	M05	May	13.8
SMU32298203000000006	Nevada	Las Vegas-Henderson-North Las Vegas, NV	2014	M04	April	13.7
SMU32298203000000006	Nevada	Las Vegas-Henderson-North Las Vegas, NV	2014	M03	March	13.7
SMU32298203000000006	Nevada	Las Vegas-Henderson-North Las Vegas, NV	2014	M02	February	13.6
SMU32298203000000006	Nevada	Las Vegas-Henderson-North Las Vegas, NV	2014	M01	January	13.5
SMU32298203000000006	Nevada	Las Vegas-Henderson-North Las Vegas, NV	2013	M12	December	13.5
SMU32298203000000006	Nevada	Las Vegas-Henderson-North Las Vegas, NV	2013	M11	November	13.2
SMU32298203000000006	Nevada	Las Vegas-Henderson-North Las Vegas, NV	2013	M10	October	12.9
SMU32298203000000006	Nevada	Las Vegas-Henderson-North Las Vegas, NV	2013	M09	September	13.0
SMU32298203000000006	Nevada	Las Vegas-Henderson-North Las Vegas, NV	2013	M08	August	12.9
SMU32298203000000006	Nevada	Las Vegas-Henderson-North Las Vegas, NV	2013	M07	July	13.0
SMU32298203000000006	Nevada	Las Vegas-Henderson-North Las Vegas, NV	2013	M06	June	13.3
SMU32298203000000006	Nevada	Las Vegas-Henderson-North Las Vegas, NV	2013	M05	May	12.8
SMU32298203000000006	Nevada	Las Vegas-Henderson-North Las Vegas, NV	2013	M04	April	12.5
SMU32298203000000006	Nevada	Las Vegas-Henderson-North Las Vegas, NV	2013	M03	March	12.4
SMU32298203000000006	Nevada	Las Vegas-Henderson-North Las Vegas, NV	2013	M02	February	12.5
SMU32298203000000006	Nevada	Las Vegas-Henderson-North Las Vegas, NV	2013	M01	January	12.4
SMU32298203000000006	Nevada	Las Vegas-Henderson-North Las Vegas, NV	2012	M12	December	12.6
SMU32298203000000006	Nevada	Las Vegas-Henderson-North Las Vegas, NV	2012	M11	November	12.5
SMU32298203000000006	Nevada	Las Vegas-Henderson-North Las Vegas, NV	2012	M10	October	13.0
SMU32298203000000006	Nevada	Las Vegas-Henderson-North Las Vegas, NV	2012	M09	September	13.1
SMU32298203000000006	Nevada	Las Vegas-Henderson-North Las Vegas, NV	2012	M08	August	12.9
SMU32298203000000006	Nevada	Las Vegas-Henderson-North Las Vegas, NV	2012	M07	July	13.1
SMU32298203000000006	Nevada	Las Vegas-Henderson-North Las Vegas, NV	2012	M06	June	13.0
SMU32298203000000006	Nevada	Las Vegas-Henderson-North Las Vegas, NV	2012	M05	May	13.0
SMU32298203000000006	Nevada	Las Vegas-Henderson-North Las Vegas, NV	2012	M04	April	12.9
SMU32298203000000006	Nevada	Las Vegas-Henderson-North Las Vegas, NV	2012	M03	March	12.7
SMU32298203000000006	Nevada	Las Vegas-Henderson-North Las Vegas, NV	2012	M02	February	12.5
SMU32298203000000006	Nevada	Las Vegas-Henderson-North Las Vegas, NV	2012	M01	January	12.7
SMU32298203000000006	Nevada	Las Vegas-Henderson-North Las Vegas, NV	2011	M12	December	12.9
SMU32298203000000006	Nevada	Las Vegas-Henderson-North Las Vegas, NV	2011	M11	November	12.4
SMU32298203000000006	Nevada	Las Vegas-Henderson-North Las Vegas, NV	2011	M10	October	13.1
SMU32298203000000006	Nevada	Las Vegas-Henderson-North Las Vegas, NV	2011	M09	September	12.5
SMU32298203000000006	Nevada	Las Vegas-Henderson-North Las Vegas, NV	2011	M08	August	12.2
SMU32298203000000006	Nevada	Las Vegas-Henderson-North Las Vegas, NV	2011	M07	July	12.1
SMU32298203000000006	Nevada	Las Vegas-Henderson-North Las Vegas, NV	2011	M06	June	12.1
SMU32298203000000006	Nevada	Las Vegas-Henderson-North Las Vegas, NV	2011	M05	May	12.4
SMU32298203000000006	Nevada	Las Vegas-Henderson-North Las Vegas, NV	2011	M04	April	12.4
SMU32298203000000006	Nevada	Las Vegas-Henderson-North Las Vegas, NV	2011	M03	March	12.2
SMU32298203000000006	Nevada	Las Vegas-Henderson-North Las Vegas, NV	2011	M02	February	12.2
SMU32298203000000006	Nevada	Las Vegas-Henderson-North Las Vegas, NV	2011	M01	January	12.3
SMU32298203000000006	Nevada	Las Vegas-Henderson-North Las Vegas, NV	2010	M12	December	12.3
SMU32298203000000006	Nevada	Las Vegas-Henderson-North Las Vegas, NV	2010	M11	November	12.4
SMU32298203000000006	Nevada	Las Vegas-Henderson-North Las Vegas, NV	2010	M10	October	12.4
SMU32298203000000006	Nevada	Las Vegas-Henderson-North Las Vegas, NV	2010	M09	September	12.4
SMU32298203000000006	Nevada	Las Vegas-Henderson-North Las Vegas, NV	2010	M08	August	12.4
SMU32298203000000006	Nevada	Las Vegas-Henderson-North Las Vegas, NV	2010	M07	July	12.5
SMU32298203000000006	Nevada	Las Vegas-Henderson-North Las Vegas, NV	2010	M06	June	12.7
SMU32298203000000006	Nevada	Las Vegas-Henderson-North Las Vegas, NV	2010	M05	May	12.7
SMU32298203000000006	Nevada	Las Vegas-Henderson-North Las Vegas, NV	2010	M04	April	12.9
SMU32298203000000006	Nevada	Las Vegas-Henderson-North Las Vegas, NV	2010	M03	March	12.9
SMU32298203000000006	Nevada	Las Vegas-Henderson-North Las Vegas, NV	2010	M02	February	12.9
SMU32298203000000006	Nevada	Las Vegas-Henderson-North Las Vegas, NV	2010	M01	January	13.0
SMU32298203000000006	Nevada	Las Vegas-Henderson-North Las Vegas, NV	2009	M12	December	13.1
SMU32298203000000006	Nevada	Las Vegas-Henderson-North Las Vegas, NV	2009	M11	November	13.1
SMU32298203000000006	Nevada	Las Vegas-Henderson-North Las Vegas, NV	2009	M10	October	13.2
SMU32298203000000006	Nevada	Las Vegas-Henderson-North Las Vegas, NV	2009	M09	September	13.5
SMU32298203000000006	Nevada	Las Vegas-Henderson-North Las Vegas, NV	2009	M08	August	13.6
SMU32298203000000006	Nevada	Las Vegas-Henderson-North Las Vegas, NV	2009	M07	July	13.2
SMU32298203000000006	Nevada	Las Vegas-Henderson-North Las Vegas, NV	2009	M06	June	13.5
SMU32298203000000006	Nevada	Las Vegas-Henderson-North Las Vegas, NV	2009	M05	May	14.9
SMU32298203000000006	Nevada	Las Vegas-Henderson-North Las Vegas, NV	2009	M04	April	15.3
SMU32298203000000006	Nevada	Las Vegas-Henderson-North Las Vegas, NV	2009	M03	March	15.9
SMU32298203000000006	Nevada	Las Vegas-Henderson-North Las Vegas, NV	2009	M02	February	16.1
SMU32298203000000006	Nevada	Las Vegas-Henderson-North Las Vegas, NV	2009	M01	January	16.6
SMU32298203000000006	Nevada	Las Vegas-Henderson-North Las Vegas, NV	2008	M12	December	17.0
SMU32298203000000006	Nevada	Las Vegas-Henderson-North Las Vegas, NV	2008	M11	November	17.5
SMU32298203000000006	Nevada	Las Vegas-Henderson-North Las Vegas, NV	2008	M10	October	17.9
SMU32298203000000006	Nevada	Las Vegas-Henderson-North Las Vegas, NV	2008	M09	September	18.5
SMU32298203000000006	Nevada	Las Vegas-Henderson-North Las Vegas, NV	2008	M08	August	18.8
SMU32298203000000006	Nevada	Las Vegas-Henderson-North Las Vegas, NV	2008	M07	July	19.0
SMU32298203000000006	Nevada	Las Vegas-Henderson-North Las Vegas, NV	2008	M06	June	19.3
SMU32298203000000006	Nevada	Las Vegas-Henderson-North Las Vegas, NV	2008	M05	May	19.3
SMU32298203000000006	Nevada	Las Vegas-Henderson-North Las Vegas, NV	2008	M04	April	19.2
SMU32298203000000006	Nevada	Las Vegas-Henderson-North Las Vegas, NV	2008	M03	March	19.6
SMU32298203000000006	Nevada	Las Vegas-Henderson-North Las Vegas, NV	2008	M02	February	19.6
SMU32298203000000006	Nevada	Las Vegas-Henderson-North Las Vegas, NV	2008	M01	January	19.7
SMU32298203000000006	Nevada	Las Vegas-Henderson-North Las Vegas, NV	2007	M12	December	19.7
SMU32298203000000006	Nevada	Las Vegas-Henderson-North Las Vegas, NV	2007	M11	November	19.7
SMU32298203000000006	Nevada	Las Vegas-Henderson-North Las Vegas, NV	2007	M10	October	19.7
SMU32298203000000006	Nevada	Las Vegas-Henderson-North Las Vegas, NV	2007	M09	September	19.7
SMU32298203000000006	Nevada	Las Vegas-Henderson-North Las Vegas, NV	2007	M08	August	19.7
SMU32298203000000006	Nevada	Las Vegas-Henderson-North Las Vegas, NV	2007	M07	July	19.8
SMU32298203000000006	Nevada	Las Vegas-Henderson-North Las Vegas, NV	2007	M06	June	19.9
SMU32298203000000006	Nevada	Las Vegas-Henderson-North Las Vegas, NV	2007	M05	May	19.6
SMU32298203000000006	Nevada	Las Vegas-Henderson-North Las Vegas, NV	2007	M04	April	19.6
SMU32298203000000006	Nevada	Las Vegas-Henderson-North Las Vegas, NV	2007	M03	March	20.5
SMU32298203000000006	Nevada	Las Vegas-Henderson-North Las Vegas, NV	2007	M02	February	20.1
SMU32298203000000006	Nevada	Las Vegas-Henderson-North Las Vegas, NV	2007	M01	January	20.2
SMU15465203000000006	Hawaii	Urban Honolulu, HI	2025	M12	December	6.5
SMU15465203000000006	Hawaii	Urban Honolulu, HI	2025	M11	November	6.6
SMU15465203000000006	Hawaii	Urban Honolulu, HI	2025	M10	October	6.5
SMU15465203000000006	Hawaii	Urban Honolulu, HI	2025	M09	September	6.5
SMU15465203000000006	Hawaii	Urban Honolulu, HI	2025	M08	August	6.5
SMU15465203000000006	Hawaii	Urban Honolulu, HI	2025	M07	July	6.4
SMU15465203000000006	Hawaii	Urban Honolulu, HI	2025	M06	June	6.3
SMU15465203000000006	Hawaii	Urban Honolulu, HI	2025	M05	May	6.3
SMU15465203000000006	Hawaii	Urban Honolulu, HI	2025	M04	April	6.3
SMU15465203000000006	Hawaii	Urban Honolulu, HI	2025	M03	March	6.4
SMU15465203000000006	Hawaii	Urban Honolulu, HI	2025	M02	February	6.4
SMU15465203000000006	Hawaii	Urban Honolulu, HI	2025	M01	January	6.3
SMU15465203000000006	Hawaii	Urban Honolulu, HI	2024	M12	December	6.4
SMU15465203000000006	Hawaii	Urban Honolulu, HI	2024	M11	November	6.5
SMU15465203000000006	Hawaii	Urban Honolulu, HI	2024	M10	October	6.3
SMU15465203000000006	Hawaii	Urban Honolulu, HI	2024	M09	September	6.2
SMU15465203000000006	Hawaii	Urban Honolulu, HI	2024	M08	August	6.1
SMU15465203000000006	Hawaii	Urban Honolulu, HI	2024	M07	July	6.0
SMU15465203000000006	Hawaii	Urban Honolulu, HI	2024	M06	June	5.9
SMU15465203000000006	Hawaii	Urban Honolulu, HI	2024	M05	May	5.8
SMU15465203000000006	Hawaii	Urban Honolulu, HI	2024	M04	April	5.6
SMU15465203000000006	Hawaii	Urban Honolulu, HI	2024	M03	March	5.6
SMU15465203000000006	Hawaii	Urban Honolulu, HI	2024	M02	February	5.6
SMU15465203000000006	Hawaii	Urban Honolulu, HI	2024	M01	January	5.4
SMU15465203000000006	Hawaii	Urban Honolulu, HI	2023	M12	December	5.4
SMU15465203000000006	Hawaii	Urban Honolulu, HI	2023	M11	November	5.5
SMU15465203000000006	Hawaii	Urban Honolulu, HI	2023	M10	October	5.6
SMU15465203000000006	Hawaii	Urban Honolulu, HI	2023	M09	September	5.6
SMU15465203000000006	Hawaii	Urban Honolulu, HI	2023	M08	August	5.7
SMU15465203000000006	Hawaii	Urban Honolulu, HI	2023	M07	July	5.8
SMU15465203000000006	Hawaii	Urban Honolulu, HI	2023	M06	June	5.9
SMU15465203000000006	Hawaii	Urban Honolulu, HI	2023	M05	May	5.9
SMU15465203000000006	Hawaii	Urban Honolulu, HI	2023	M04	April	6.0
SMU15465203000000006	Hawaii	Urban Honolulu, HI	2023	M03	March	6.0
SMU15465203000000006	Hawaii	Urban Honolulu, HI	2023	M02	February	6.1
SMU15465203000000006	Hawaii	Urban Honolulu, HI	2023	M01	January	6.0
SMU15465203000000006	Hawaii	Urban Honolulu, HI	2022	M12	December	6.2
SMU15465203000000006	Hawaii	Urban Honolulu, HI	2022	M11	November	6.2
SMU15465203000000006	Hawaii	Urban Honolulu, HI	2022	M10	October	6.1
SMU15465203000000006	Hawaii	Urban Honolulu, HI	2022	M09	September	6.0
SMU15465203000000006	Hawaii	Urban Honolulu, HI	2022	M08	August	6.0
SMU15465203000000006	Hawaii	Urban Honolulu, HI	2022	M07	July	6.0
SMU15465203000000006	Hawaii	Urban Honolulu, HI	2022	M06	June	6.1
SMU15465203000000006	Hawaii	Urban Honolulu, HI	2022	M05	May	6.1
SMU15465203000000006	Hawaii	Urban Honolulu, HI	2022	M04	April	6.1
SMU15465203000000006	Hawaii	Urban Honolulu, HI	2022	M03	March	6.0
SMU15465203000000006	Hawaii	Urban Honolulu, HI	2022	M02	February	6.1
SMU15465203000000006	Hawaii	Urban Honolulu, HI	2022	M01	January	6.0
SMU15465203000000006	Hawaii	Urban Honolulu, HI	2021	M12	December	6.1
SMU15465203000000006	Hawaii	Urban Honolulu, HI	2021	M11	November	6.1
SMU15465203000000006	Hawaii	Urban Honolulu, HI	2021	M10	October	6.0
SMU15465203000000006	Hawaii	Urban Honolulu, HI	2021	M09	September	5.9
SMU15465203000000006	Hawaii	Urban Honolulu, HI	2021	M08	August	6.0
SMU15465203000000006	Hawaii	Urban Honolulu, HI	2021	M07	July	5.9
SMU15465203000000006	Hawaii	Urban Honolulu, HI	2021	M06	June	5.8
SMU15465203000000006	Hawaii	Urban Honolulu, HI	2021	M05	May	5.6
SMU15465203000000006	Hawaii	Urban Honolulu, HI	2021	M04	April	5.6
SMU15465203000000006	Hawaii	Urban Honolulu, HI	2021	M03	March	5.6
SMU15465203000000006	Hawaii	Urban Honolulu, HI	2021	M02	February	5.7
SMU15465203000000006	Hawaii	Urban Honolulu, HI	2021	M01	January	5.7
SMU15465203000000006	Hawaii	Urban Honolulu, HI	2020	M12	December	5.9
SMU15465203000000006	Hawaii	Urban Honolulu, HI	2020	M11	November	5.9
SMU15465203000000006	Hawaii	Urban Honolulu, HI	2020	M10	October	5.9
SMU15465203000000006	Hawaii	Urban Honolulu, HI	2020	M09	September	5.8
SMU15465203000000006	Hawaii	Urban Honolulu, HI	2020	M08	August	6.2
SMU15465203000000006	Hawaii	Urban Honolulu, HI	2020	M07	July	6.1
SMU15465203000000006	Hawaii	Urban Honolulu, HI	2020	M06	June	6.4
SMU15465203000000006	Hawaii	Urban Honolulu, HI	2020	M05	May	6.3
SMU15465203000000006	Hawaii	Urban Honolulu, HI	2020	M04	April	6.1
SMU15465203000000006	Hawaii	Urban Honolulu, HI	2020	M03	March	7.8
SMU15465203000000006	Hawaii	Urban Honolulu, HI	2020	M02	February	7.8
SMU15465203000000006	Hawaii	Urban Honolulu, HI	2020	M01	January	7.8
SMU15465203000000006	Hawaii	Urban Honolulu, HI	2019	M12	December	8.0
SMU15465203000000006	Hawaii	Urban Honolulu, HI	2019	M11	November	7.9
SMU15465203000000006	Hawaii	Urban Honolulu, HI	2019	M10	October	7.9
SMU15465203000000006	Hawaii	Urban Honolulu, HI	2019	M09	September	7.9
SMU15465203000000006	Hawaii	Urban Honolulu, HI	2019	M08	August	7.9
SMU15465203000000006	Hawaii	Urban Honolulu, HI	2019	M07	July	7.8
SMU15465203000000006	Hawaii	Urban Honolulu, HI	2019	M06	June	7.8
SMU15465203000000006	Hawaii	Urban Honolulu, HI	2019	M05	May	7.8
SMU15465203000000006	Hawaii	Urban Honolulu, HI	2019	M04	April	7.8
SMU15465203000000006	Hawaii	Urban Honolulu, HI	2019	M03	March	8.0
SMU15465203000000006	Hawaii	Urban Honolulu, HI	2019	M02	February	8.0
SMU15465203000000006	Hawaii	Urban Honolulu, HI	2019	M01	January	7.9
SMU15465203000000006	Hawaii	Urban Honolulu, HI	2018	M12	December	8.1
SMU15465203000000006	Hawaii	Urban Honolulu, HI	2018	M11	November	8.0
SMU15465203000000006	Hawaii	Urban Honolulu, HI	2018	M10	October	8.0
SMU15465203000000006	Hawaii	Urban Honolulu, HI	2018	M09	September	8.0
SMU15465203000000006	Hawaii	Urban Honolulu, HI	2018	M08	August	8.1
SMU15465203000000006	Hawaii	Urban Honolulu, HI	2018	M07	July	7.9
SMU15465203000000006	Hawaii	Urban Honolulu, HI	2018	M06	June	8.0
SMU15465203000000006	Hawaii	Urban Honolulu, HI	2018	M05	May	8.2
SMU15465203000000006	Hawaii	Urban Honolulu, HI	2018	M04	April	8.2
SMU15465203000000006	Hawaii	Urban Honolulu, HI	2018	M03	March	8.4
SMU15465203000000006	Hawaii	Urban Honolulu, HI	2018	M02	February	8.4
SMU15465203000000006	Hawaii	Urban Honolulu, HI	2018	M01	January	8.5
SMU15465203000000006	Hawaii	Urban Honolulu, HI	2017	M12	December	8.6
SMU15465203000000006	Hawaii	Urban Honolulu, HI	2017	M11	November	8.5
SMU15465203000000006	Hawaii	Urban Honolulu, HI	2017	M10	October	8.4
SMU15465203000000006	Hawaii	Urban Honolulu, HI	2017	M09	September	8.5
SMU15465203000000006	Hawaii	Urban Honolulu, HI	2017	M08	August	8.6
SMU15465203000000006	Hawaii	Urban Honolulu, HI	2017	M07	July	8.4
SMU15465203000000006	Hawaii	Urban Honolulu, HI	2017	M06	June	8.6
SMU15465203000000006	Hawaii	Urban Honolulu, HI	2017	M05	May	8.4
SMU15465203000000006	Hawaii	Urban Honolulu, HI	2017	M04	April	8.4
SMU15465203000000006	Hawaii	Urban Honolulu, HI	2017	M03	March	8.3
SMU15465203000000006	Hawaii	Urban Honolulu, HI	2017	M02	February	8.2
SMU15465203000000006	Hawaii	Urban Honolulu, HI	2017	M01	January	8.2
SMU15465203000000006	Hawaii	Urban Honolulu, HI	2016	M12	December	8.2
SMU15465203000000006	Hawaii	Urban Honolulu, HI	2016	M11	November	8.0
SMU15465203000000006	Hawaii	Urban Honolulu, HI	2016	M10	October	8.0
SMU15465203000000006	Hawaii	Urban Honolulu, HI	2016	M09	September	8.0
SMU15465203000000006	Hawaii	Urban Honolulu, HI	2016	M08	August	8.1
SMU15465203000000006	Hawaii	Urban Honolulu, HI	2016	M07	July	8.0
SMU15465203000000006	Hawaii	Urban Honolulu, HI	2016	M06	June	7.9
SMU15465203000000006	Hawaii	Urban Honolulu, HI	2016	M05	May	7.8
SMU15465203000000006	Hawaii	Urban Honolulu, HI	2016	M04	April	8.0
SMU15465203000000006	Hawaii	Urban Honolulu, HI	2016	M03	March	7.9
SMU15465203000000006	Hawaii	Urban Honolulu, HI	2016	M02	February	7.8
SMU15465203000000006	Hawaii	Urban Honolulu, HI	2016	M01	January	7.8
SMU15465203000000006	Hawaii	Urban Honolulu, HI	2015	M12	December	8.0
SMU15465203000000006	Hawaii	Urban Honolulu, HI	2015	M11	November	8.1
SMU15465203000000006	Hawaii	Urban Honolulu, HI	2015	M10	October	8.2
SMU15465203000000006	Hawaii	Urban Honolulu, HI	2015	M09	September	8.1
SMU15465203000000006	Hawaii	Urban Honolulu, HI	2015	M08	August	8.1
SMU15465203000000006	Hawaii	Urban Honolulu, HI	2015	M07	July	8.2
SMU15465203000000006	Hawaii	Urban Honolulu, HI	2015	M06	June	7.7
SMU15465203000000006	Hawaii	Urban Honolulu, HI	2015	M05	May	8.0
SMU15465203000000006	Hawaii	Urban Honolulu, HI	2015	M04	April	7.9
SMU15465203000000006	Hawaii	Urban Honolulu, HI	2015	M03	March	8.0
SMU15465203000000006	Hawaii	Urban Honolulu, HI	2015	M02	February	8.0
SMU15465203000000006	Hawaii	Urban Honolulu, HI	2015	M01	January	7.8
SMU15465203000000006	Hawaii	Urban Honolulu, HI	2014	M12	December	8.1
SMU15465203000000006	Hawaii	Urban Honolulu, HI	2014	M11	November	7.9
SMU15465203000000006	Hawaii	Urban Honolulu, HI	2014	M10	October	8.0
SMU15465203000000006	Hawaii	Urban Honolulu, HI	2014	M09	September	7.9
SMU15465203000000006	Hawaii	Urban Honolulu, HI	2014	M08	August	8.0
SMU15465203000000006	Hawaii	Urban Honolulu, HI	2014	M07	July	8.0
SMU15465203000000006	Hawaii	Urban Honolulu, HI	2014	M06	June	7.8
SMU15465203000000006	Hawaii	Urban Honolulu, HI	2014	M05	May	7.9
SMU15465203000000006	Hawaii	Urban Honolulu, HI	2014	M04	April	7.9
SMU15465203000000006	Hawaii	Urban Honolulu, HI	2014	M03	March	7.8
SMU15465203000000006	Hawaii	Urban Honolulu, HI	2014	M02	February	7.7
SMU15465203000000006	Hawaii	Urban Honolulu, HI	2014	M01	January	7.6
SMU15465203000000006	Hawaii	Urban Honolulu, HI	2013	M12	December	8.1
SMU15465203000000006	Hawaii	Urban Honolulu, HI	2013	M11	November	8.0
SMU15465203000000006	Hawaii	Urban Honolulu, HI	2013	M10	October	7.9
SMU15465203000000006	Hawaii	Urban Honolulu, HI	2013	M09	September	7.9
SMU15465203000000006	Hawaii	Urban Honolulu, HI	2013	M08	August	7.7
SMU15465203000000006	Hawaii	Urban Honolulu, HI	2013	M07	July	7.7
SMU15465203000000006	Hawaii	Urban Honolulu, HI	2013	M06	June	7.7
SMU15465203000000006	Hawaii	Urban Honolulu, HI	2013	M05	May	7.6
SMU15465203000000006	Hawaii	Urban Honolulu, HI	2013	M04	April	7.6
SMU15465203000000006	Hawaii	Urban Honolulu, HI	2013	M03	March	7.5
SMU15465203000000006	Hawaii	Urban Honolulu, HI	2013	M02	February	7.6
SMU15465203000000006	Hawaii	Urban Honolulu, HI	2013	M01	January	7.5
SMU15465203000000006	Hawaii	Urban Honolulu, HI	2012	M12	December	7.6
SMU15465203000000006	Hawaii	Urban Honolulu, HI	2012	M11	November	7.9
SMU15465203000000006	Hawaii	Urban Honolulu, HI	2012	M10	October	7.6
SMU15465203000000006	Hawaii	Urban Honolulu, HI	2012	M09	September	7.6
SMU15465203000000006	Hawaii	Urban Honolulu, HI	2012	M08	August	7.4
SMU15465203000000006	Hawaii	Urban Honolulu, HI	2012	M07	July	7.7
SMU15465203000000006	Hawaii	Urban Honolulu, HI	2012	M06	June	7.5
SMU15465203000000006	Hawaii	Urban Honolulu, HI	2012	M05	May	7.2
SMU15465203000000006	Hawaii	Urban Honolulu, HI	2012	M04	April	7.2
SMU15465203000000006	Hawaii	Urban Honolulu, HI	2012	M03	March	7.2
SMU15465203000000006	Hawaii	Urban Honolulu, HI	2012	M02	February	7.3
SMU15465203000000006	Hawaii	Urban Honolulu, HI	2012	M01	January	7.4
SMU15465203000000006	Hawaii	Urban Honolulu, HI	2011	M12	December	7.5
SMU15465203000000006	Hawaii	Urban Honolulu, HI	2011	M11	November	7.5
SMU15465203000000006	Hawaii	Urban Honolulu, HI	2011	M10	October	7.5
SMU15465203000000006	Hawaii	Urban Honolulu, HI	2011	M09	September	7.7
SMU15465203000000006	Hawaii	Urban Honolulu, HI	2011	M08	August	7.6
SMU15465203000000006	Hawaii	Urban Honolulu, HI	2011	M07	July	7.5
SMU15465203000000006	Hawaii	Urban Honolulu, HI	2011	M06	June	7.5
SMU15465203000000006	Hawaii	Urban Honolulu, HI	2011	M05	May	7.6
SMU15465203000000006	Hawaii	Urban Honolulu, HI	2011	M04	April	7.5
SMU15465203000000006	Hawaii	Urban Honolulu, HI	2011	M03	March	7.5
SMU15465203000000006	Hawaii	Urban Honolulu, HI	2011	M02	February	7.2
SMU15465203000000006	Hawaii	Urban Honolulu, HI	2011	M01	January	7.1
SMU15465203000000006	Hawaii	Urban Honolulu, HI	2010	M12	December	7.3
SMU15465203000000006	Hawaii	Urban Honolulu, HI	2010	M11	November	7.2
SMU15465203000000006	Hawaii	Urban Honolulu, HI	2010	M10	October	7.2
SMU15465203000000006	Hawaii	Urban Honolulu, HI	2010	M09	September	7.1
SMU15465203000000006	Hawaii	Urban Honolulu, HI	2010	M08	August	7.1
SMU15465203000000006	Hawaii	Urban Honolulu, HI	2010	M07	July	6.9
SMU15465203000000006	Hawaii	Urban Honolulu, HI	2010	M06	June	7.0
SMU15465203000000006	Hawaii	Urban Honolulu, HI	2010	M05	May	7.0
SMU15465203000000006	Hawaii	Urban Honolulu, HI	2010	M04	April	6.9
SMU15465203000000006	Hawaii	Urban Honolulu, HI	2010	M03	March	7.0
SMU15465203000000006	Hawaii	Urban Honolulu, HI	2010	M02	February	6.9
SMU15465203000000006	Hawaii	Urban Honolulu, HI	2010	M01	January	6.9
SMU15465203000000006	Hawaii	Urban Honolulu, HI	2009	M12	December	7.1
SMU15465203000000006	Hawaii	Urban Honolulu, HI	2009	M11	November	7.0
SMU15465203000000006	Hawaii	Urban Honolulu, HI	2009	M10	October	7.0
SMU15465203000000006	Hawaii	Urban Honolulu, HI	2009	M09	September	7.1
SMU15465203000000006	Hawaii	Urban Honolulu, HI	2009	M08	August	7.1
SMU15465203000000006	Hawaii	Urban Honolulu, HI	2009	M07	July	7.1
SMU15465203000000006	Hawaii	Urban Honolulu, HI	2009	M06	June	7.4
SMU15465203000000006	Hawaii	Urban Honolulu, HI	2009	M05	May	7.4
SMU15465203000000006	Hawaii	Urban Honolulu, HI	2009	M04	April	7.5
SMU15465203000000006	Hawaii	Urban Honolulu, HI	2009	M03	March	7.6
SMU15465203000000006	Hawaii	Urban Honolulu, HI	2009	M02	February	7.6
SMU15465203000000006	Hawaii	Urban Honolulu, HI	2009	M01	January	7.7
SMU15465203000000006	Hawaii	Urban Honolulu, HI	2008	M12	December	7.9
SMU15465203000000006	Hawaii	Urban Honolulu, HI	2008	M11	November	7.9
SMU15465203000000006	Hawaii	Urban Honolulu, HI	2008	M10	October	7.9
SMU15465203000000006	Hawaii	Urban Honolulu, HI	2008	M09	September	8.1
SMU15465203000000006	Hawaii	Urban Honolulu, HI	2008	M08	August	8.3
SMU15465203000000006	Hawaii	Urban Honolulu, HI	2008	M07	July	8.2
SMU15465203000000006	Hawaii	Urban Honolulu, HI	2008	M06	June	8.2
SMU15465203000000006	Hawaii	Urban Honolulu, HI	2008	M05	May	8.2
SMU15465203000000006	Hawaii	Urban Honolulu, HI	2008	M04	April	8.1
SMU15465203000000006	Hawaii	Urban Honolulu, HI	2008	M03	March	8.2
SMU15465203000000006	Hawaii	Urban Honolulu, HI	2008	M02	February	8.0
SMU15465203000000006	Hawaii	Urban Honolulu, HI	2008	M01	January	8.0
SMU15465203000000006	Hawaii	Urban Honolulu, HI	2007	M12	December	7.5
SMU15465203000000006	Hawaii	Urban Honolulu, HI	2007	M11	November	7.6
SMU15465203000000006	Hawaii	Urban Honolulu, HI	2007	M10	October	7.5
SMU15465203000000006	Hawaii	Urban Honolulu, HI	2007	M09	September	8.0
SMU15465203000000006	Hawaii	Urban Honolulu, HI	2007	M08	August	8.1
SMU15465203000000006	Hawaii	Urban Honolulu, HI	2007	M07	July	8.1
SMU15465203000000006	Hawaii	Urban Honolulu, HI	2007	M06	June	7.9
SMU15465203000000006	Hawaii	Urban Honolulu, HI	2007	M05	May	7.9
SMU15465203000000006	Hawaii	Urban Honolulu, HI	2007	M04	April	8.0
SMU15465203000000006	Hawaii	Urban Honolulu, HI	2007	M03	March	8.1
SMU15465203000000006	Hawaii	Urban Honolulu, HI	2007	M02	February	8.2
SMU15465203000000006	Hawaii	Urban Honolulu, HI	2007	M01	January	8.2
SMU40461403000000006	Oklahoma	Tulsa, OK	2025	M12	December	43.4
SMU40461403000000006	Oklahoma	Tulsa, OK	2025	M11	November	43.3
SMU40461403000000006	Oklahoma	Tulsa, OK	2025	M10	October	43.5
SMU40461403000000006	Oklahoma	Tulsa, OK	2025	M09	September	43.3
SMU40461403000000006	Oklahoma	Tulsa, OK	2025	M08	August	44.3
SMU40461403000000006	Oklahoma	Tulsa, OK	2025	M07	July	44.6
SMU40461403000000006	Oklahoma	Tulsa, OK	2025	M06	June	44.6
SMU40461403000000006	Oklahoma	Tulsa, OK	2025	M05	May	44.0
SMU40461403000000006	Oklahoma	Tulsa, OK	2025	M04	April	44.3
SMU40461403000000006	Oklahoma	Tulsa, OK	2025	M03	March	44.6
SMU40461403000000006	Oklahoma	Tulsa, OK	2025	M02	February	44.5
SMU40461403000000006	Oklahoma	Tulsa, OK	2025	M01	January	43.9
SMU40461403000000006	Oklahoma	Tulsa, OK	2024	M12	December	44.0
SMU40461403000000006	Oklahoma	Tulsa, OK	2024	M11	November	43.8
SMU40461403000000006	Oklahoma	Tulsa, OK	2024	M10	October	43.2
SMU40461403000000006	Oklahoma	Tulsa, OK	2024	M09	September	43.1
SMU40461403000000006	Oklahoma	Tulsa, OK	2024	M08	August	43.7
SMU40461403000000006	Oklahoma	Tulsa, OK	2024	M07	July	43.4
SMU40461403000000006	Oklahoma	Tulsa, OK	2024	M06	June	43.4
SMU40461403000000006	Oklahoma	Tulsa, OK	2024	M05	May	43.2
SMU40461403000000006	Oklahoma	Tulsa, OK	2024	M04	April	42.8
SMU40461403000000006	Oklahoma	Tulsa, OK	2024	M03	March	42.8
SMU40461403000000006	Oklahoma	Tulsa, OK	2024	M02	February	43.0
SMU40461403000000006	Oklahoma	Tulsa, OK	2024	M01	January	42.4
SMU40461403000000006	Oklahoma	Tulsa, OK	2023	M12	December	42.7
SMU40461403000000006	Oklahoma	Tulsa, OK	2023	M11	November	42.8
SMU40461403000000006	Oklahoma	Tulsa, OK	2023	M10	October	41.9
SMU40461403000000006	Oklahoma	Tulsa, OK	2023	M09	September	41.7
SMU40461403000000006	Oklahoma	Tulsa, OK	2023	M08	August	41.7
SMU40461403000000006	Oklahoma	Tulsa, OK	2023	M07	July	41.4
SMU40461403000000006	Oklahoma	Tulsa, OK	2023	M06	June	41.6
SMU40461403000000006	Oklahoma	Tulsa, OK	2023	M05	May	40.9
SMU40461403000000006	Oklahoma	Tulsa, OK	2023	M04	April	40.3
SMU40461403000000006	Oklahoma	Tulsa, OK	2023	M03	March	39.6
SMU40461403000000006	Oklahoma	Tulsa, OK	2023	M02	February	39.1
SMU40461403000000006	Oklahoma	Tulsa, OK	2023	M01	January	38.3
SMU40461403000000006	Oklahoma	Tulsa, OK	2022	M12	December	38.7
SMU40461403000000006	Oklahoma	Tulsa, OK	2022	M11	November	38.5
SMU40461403000000006	Oklahoma	Tulsa, OK	2022	M10	October	37.9
SMU40461403000000006	Oklahoma	Tulsa, OK	2022	M09	September	37.5
SMU40461403000000006	Oklahoma	Tulsa, OK	2022	M08	August	36.6
SMU40461403000000006	Oklahoma	Tulsa, OK	2022	M07	July	36.7
SMU40461403000000006	Oklahoma	Tulsa, OK	2022	M06	June	36.3
SMU40461403000000006	Oklahoma	Tulsa, OK	2022	M05	May	35.9
SMU40461403000000006	Oklahoma	Tulsa, OK	2022	M04	April	35.6
SMU40461403000000006	Oklahoma	Tulsa, OK	2022	M03	March	34.9
SMU40461403000000006	Oklahoma	Tulsa, OK	2022	M02	February	35.2
SMU40461403000000006	Oklahoma	Tulsa, OK	2022	M01	January	34.6
SMU40461403000000006	Oklahoma	Tulsa, OK	2021	M12	December	35.2
SMU40461403000000006	Oklahoma	Tulsa, OK	2021	M11	November	34.9
SMU40461403000000006	Oklahoma	Tulsa, OK	2021	M10	October	34.8
SMU40461403000000006	Oklahoma	Tulsa, OK	2021	M09	September	34.5
SMU40461403000000006	Oklahoma	Tulsa, OK	2021	M08	August	34.4
SMU40461403000000006	Oklahoma	Tulsa, OK	2021	M07	July	34.6
SMU40461403000000006	Oklahoma	Tulsa, OK	2021	M06	June	34.5
SMU40461403000000006	Oklahoma	Tulsa, OK	2021	M05	May	33.8
SMU40461403000000006	Oklahoma	Tulsa, OK	2021	M04	April	34.3
SMU40461403000000006	Oklahoma	Tulsa, OK	2021	M03	March	34.6
SMU40461403000000006	Oklahoma	Tulsa, OK	2021	M02	February	34.9
SMU40461403000000006	Oklahoma	Tulsa, OK	2021	M01	January	34.5
SMU40461403000000006	Oklahoma	Tulsa, OK	2020	M12	December	34.9
SMU40461403000000006	Oklahoma	Tulsa, OK	2020	M11	November	34.9
SMU40461403000000006	Oklahoma	Tulsa, OK	2020	M10	October	35.8
SMU40461403000000006	Oklahoma	Tulsa, OK	2020	M09	September	36.4
SMU40461403000000006	Oklahoma	Tulsa, OK	2020	M08	August	36.8
SMU40461403000000006	Oklahoma	Tulsa, OK	2020	M07	July	36.9
SMU40461403000000006	Oklahoma	Tulsa, OK	2020	M06	June	38.0
SMU40461403000000006	Oklahoma	Tulsa, OK	2020	M05	May	39.4
SMU40461403000000006	Oklahoma	Tulsa, OK	2020	M04	April	40.3
SMU40461403000000006	Oklahoma	Tulsa, OK	2020	M03	March	42.5
SMU40461403000000006	Oklahoma	Tulsa, OK	2020	M02	February	42.8
SMU40461403000000006	Oklahoma	Tulsa, OK	2020	M01	January	42.6
SMU40461403000000006	Oklahoma	Tulsa, OK	2019	M12	December	43.7
SMU40461403000000006	Oklahoma	Tulsa, OK	2019	M11	November	43.6
SMU40461403000000006	Oklahoma	Tulsa, OK	2019	M10	October	43.2
SMU40461403000000006	Oklahoma	Tulsa, OK	2019	M09	September	43.6
SMU40461403000000006	Oklahoma	Tulsa, OK	2019	M08	August	43.4
SMU40461403000000006	Oklahoma	Tulsa, OK	2019	M07	July	43.7
SMU40461403000000006	Oklahoma	Tulsa, OK	2019	M06	June	43.9
SMU40461403000000006	Oklahoma	Tulsa, OK	2019	M05	May	43.4
SMU40461403000000006	Oklahoma	Tulsa, OK	2019	M04	April	42.9
SMU40461403000000006	Oklahoma	Tulsa, OK	2019	M03	March	43.4
SMU40461403000000006	Oklahoma	Tulsa, OK	2019	M02	February	43.0
SMU40461403000000006	Oklahoma	Tulsa, OK	2019	M01	January	42.8
SMU40461403000000006	Oklahoma	Tulsa, OK	2018	M12	December	43.0
SMU40461403000000006	Oklahoma	Tulsa, OK	2018	M11	November	42.4
SMU40461403000000006	Oklahoma	Tulsa, OK	2018	M10	October	41.6
SMU40461403000000006	Oklahoma	Tulsa, OK	2018	M09	September	41.0
SMU40461403000000006	Oklahoma	Tulsa, OK	2018	M08	August	42.0
SMU40461403000000006	Oklahoma	Tulsa, OK	2018	M07	July	41.3
SMU40461403000000006	Oklahoma	Tulsa, OK	2018	M06	June	42.1
SMU40461403000000006	Oklahoma	Tulsa, OK	2018	M05	May	41.4
SMU40461403000000006	Oklahoma	Tulsa, OK	2018	M04	April	40.9
SMU40461403000000006	Oklahoma	Tulsa, OK	2018	M03	March	41.0
SMU40461403000000006	Oklahoma	Tulsa, OK	2018	M02	February	40.7
SMU40461403000000006	Oklahoma	Tulsa, OK	2018	M01	January	40.5
SMU40461403000000006	Oklahoma	Tulsa, OK	2017	M12	December	40.0
SMU40461403000000006	Oklahoma	Tulsa, OK	2017	M11	November	39.5
SMU40461403000000006	Oklahoma	Tulsa, OK	2017	M10	October	38.7
SMU40461403000000006	Oklahoma	Tulsa, OK	2017	M09	September	38.3
SMU40461403000000006	Oklahoma	Tulsa, OK	2017	M08	August	38.3
SMU40461403000000006	Oklahoma	Tulsa, OK	2017	M07	July	38.4
SMU40461403000000006	Oklahoma	Tulsa, OK	2017	M06	June	38.0
SMU40461403000000006	Oklahoma	Tulsa, OK	2017	M05	May	37.9
SMU40461403000000006	Oklahoma	Tulsa, OK	2017	M04	April	37.6
SMU40461403000000006	Oklahoma	Tulsa, OK	2017	M03	March	37.2
SMU40461403000000006	Oklahoma	Tulsa, OK	2017	M02	February	37.3
SMU40461403000000006	Oklahoma	Tulsa, OK	2017	M01	January	37.0
SMU40461403000000006	Oklahoma	Tulsa, OK	2016	M12	December	37.2
SMU40461403000000006	Oklahoma	Tulsa, OK	2016	M11	November	37.2
SMU40461403000000006	Oklahoma	Tulsa, OK	2016	M10	October	37.3
SMU40461403000000006	Oklahoma	Tulsa, OK	2016	M09	September	37.4
SMU40461403000000006	Oklahoma	Tulsa, OK	2016	M08	August	37.1
SMU40461403000000006	Oklahoma	Tulsa, OK	2016	M07	July	37.1
SMU40461403000000006	Oklahoma	Tulsa, OK	2016	M06	June	36.8
SMU40461403000000006	Oklahoma	Tulsa, OK	2016	M05	May	37.1
SMU40461403000000006	Oklahoma	Tulsa, OK	2016	M04	April	37.5
SMU40461403000000006	Oklahoma	Tulsa, OK	2016	M03	March	38.2
SMU40461403000000006	Oklahoma	Tulsa, OK	2016	M02	February	39.4
SMU40461403000000006	Oklahoma	Tulsa, OK	2016	M01	January	39.7
SMU40461403000000006	Oklahoma	Tulsa, OK	2015	M12	December	40.0
SMU40461403000000006	Oklahoma	Tulsa, OK	2015	M11	November	39.8
SMU40461403000000006	Oklahoma	Tulsa, OK	2015	M10	October	40.3
SMU40461403000000006	Oklahoma	Tulsa, OK	2015	M09	September	40.6
SMU40461403000000006	Oklahoma	Tulsa, OK	2015	M08	August	40.4
SMU40461403000000006	Oklahoma	Tulsa, OK	2015	M07	July	40.7
SMU40461403000000006	Oklahoma	Tulsa, OK	2015	M06	June	41.2
SMU40461403000000006	Oklahoma	Tulsa, OK	2015	M05	May	42.1
SMU40461403000000006	Oklahoma	Tulsa, OK	2015	M04	April	42.4
SMU40461403000000006	Oklahoma	Tulsa, OK	2015	M03	March	42.8
SMU40461403000000006	Oklahoma	Tulsa, OK	2015	M02	February	41.4
SMU40461403000000006	Oklahoma	Tulsa, OK	2015	M01	January	41.8
SMU40461403000000006	Oklahoma	Tulsa, OK	2014	M12	December	41.4
SMU40461403000000006	Oklahoma	Tulsa, OK	2014	M11	November	41.5
SMU40461403000000006	Oklahoma	Tulsa, OK	2014	M10	October	41.4
SMU40461403000000006	Oklahoma	Tulsa, OK	2014	M09	September	41.6
SMU40461403000000006	Oklahoma	Tulsa, OK	2014	M08	August	41.6
SMU40461403000000006	Oklahoma	Tulsa, OK	2014	M07	July	41.4
SMU40461403000000006	Oklahoma	Tulsa, OK	2014	M06	June	41.5
SMU40461403000000006	Oklahoma	Tulsa, OK	2014	M05	May	41.6
SMU40461403000000006	Oklahoma	Tulsa, OK	2014	M04	April	41.3
SMU40461403000000006	Oklahoma	Tulsa, OK	2014	M03	March	40.7
SMU40461403000000006	Oklahoma	Tulsa, OK	2014	M02	February	40.3
SMU40461403000000006	Oklahoma	Tulsa, OK	2014	M01	January	40.2
SMU40461403000000006	Oklahoma	Tulsa, OK	2013	M12	December	40.3
SMU40461403000000006	Oklahoma	Tulsa, OK	2013	M11	November	40.1
SMU40461403000000006	Oklahoma	Tulsa, OK	2013	M10	October	39.8
SMU40461403000000006	Oklahoma	Tulsa, OK	2013	M09	September	40.1
SMU40461403000000006	Oklahoma	Tulsa, OK	2013	M08	August	40.5
SMU40461403000000006	Oklahoma	Tulsa, OK	2013	M07	July	40.3
SMU40461403000000006	Oklahoma	Tulsa, OK	2013	M06	June	40.6
SMU40461403000000006	Oklahoma	Tulsa, OK	2013	M05	May	40.8
SMU40461403000000006	Oklahoma	Tulsa, OK	2013	M04	April	40.9
SMU40461403000000006	Oklahoma	Tulsa, OK	2013	M03	March	41.3
SMU40461403000000006	Oklahoma	Tulsa, OK	2013	M02	February	41.7
SMU40461403000000006	Oklahoma	Tulsa, OK	2013	M01	January	41.9
SMU40461403000000006	Oklahoma	Tulsa, OK	2012	M12	December	41.8
SMU40461403000000006	Oklahoma	Tulsa, OK	2012	M11	November	41.6
SMU40461403000000006	Oklahoma	Tulsa, OK	2012	M10	October	41.3
SMU40461403000000006	Oklahoma	Tulsa, OK	2012	M09	September	41.2
SMU40461403000000006	Oklahoma	Tulsa, OK	2012	M08	August	41.9
SMU40461403000000006	Oklahoma	Tulsa, OK	2012	M07	July	42.4
SMU40461403000000006	Oklahoma	Tulsa, OK	2012	M06	June	42.5
SMU40461403000000006	Oklahoma	Tulsa, OK	2012	M05	May	42.7
SMU40461403000000006	Oklahoma	Tulsa, OK	2012	M04	April	41.8
SMU40461403000000006	Oklahoma	Tulsa, OK	2012	M03	March	41.3
SMU40461403000000006	Oklahoma	Tulsa, OK	2012	M02	February	41.3
SMU40461403000000006	Oklahoma	Tulsa, OK	2012	M01	January	40.6
SMU40461403000000006	Oklahoma	Tulsa, OK	2011	M12	December	40.6
SMU40461403000000006	Oklahoma	Tulsa, OK	2011	M11	November	40.1
SMU40461403000000006	Oklahoma	Tulsa, OK	2011	M10	October	39.9
SMU40461403000000006	Oklahoma	Tulsa, OK	2011	M09	September	39.6
SMU40461403000000006	Oklahoma	Tulsa, OK	2011	M08	August	40.0
SMU40461403000000006	Oklahoma	Tulsa, OK	2011	M07	July	40.6
SMU40461403000000006	Oklahoma	Tulsa, OK	2011	M06	June	40.2
SMU40461403000000006	Oklahoma	Tulsa, OK	2011	M05	May	39.8
SMU40461403000000006	Oklahoma	Tulsa, OK	2011	M04	April	39.8
SMU40461403000000006	Oklahoma	Tulsa, OK	2011	M03	March	39.0
SMU40461403000000006	Oklahoma	Tulsa, OK	2011	M02	February	38.4
SMU40461403000000006	Oklahoma	Tulsa, OK	2011	M01	January	39.4
SMU40461403000000006	Oklahoma	Tulsa, OK	2010	M12	December	39.9
SMU40461403000000006	Oklahoma	Tulsa, OK	2010	M11	November	38.5
SMU40461403000000006	Oklahoma	Tulsa, OK	2010	M10	October	38.4
SMU40461403000000006	Oklahoma	Tulsa, OK	2010	M09	September	38.0
SMU40461403000000006	Oklahoma	Tulsa, OK	2010	M08	August	38.5
SMU40461403000000006	Oklahoma	Tulsa, OK	2010	M07	July	38.6
SMU40461403000000006	Oklahoma	Tulsa, OK	2010	M06	June	38.4
SMU40461403000000006	Oklahoma	Tulsa, OK	2010	M05	May	37.8
SMU40461403000000006	Oklahoma	Tulsa, OK	2010	M04	April	37.8
SMU40461403000000006	Oklahoma	Tulsa, OK	2010	M03	March	37.4
SMU40461403000000006	Oklahoma	Tulsa, OK	2010	M02	February	37.2
SMU40461403000000006	Oklahoma	Tulsa, OK	2010	M01	January	36.8
SMU40461403000000006	Oklahoma	Tulsa, OK	2009	M12	December	37.1
SMU40461403000000006	Oklahoma	Tulsa, OK	2009	M11	November	37.5
SMU40461403000000006	Oklahoma	Tulsa, OK	2009	M10	October	38.5
SMU40461403000000006	Oklahoma	Tulsa, OK	2009	M09	September	38.7
SMU40461403000000006	Oklahoma	Tulsa, OK	2009	M08	August	39.4
SMU40461403000000006	Oklahoma	Tulsa, OK	2009	M07	July	39.8
SMU40461403000000006	Oklahoma	Tulsa, OK	2009	M06	June	40.9
SMU40461403000000006	Oklahoma	Tulsa, OK	2009	M05	May	40.9
SMU40461403000000006	Oklahoma	Tulsa, OK	2009	M04	April	41.9
SMU40461403000000006	Oklahoma	Tulsa, OK	2009	M03	March	43.0
SMU40461403000000006	Oklahoma	Tulsa, OK	2009	M02	February	43.7
SMU40461403000000006	Oklahoma	Tulsa, OK	2009	M01	January	44.8
SMU40461403000000006	Oklahoma	Tulsa, OK	2008	M12	December	45.1
SMU40461403000000006	Oklahoma	Tulsa, OK	2008	M11	November	44.5
SMU40461403000000006	Oklahoma	Tulsa, OK	2008	M10	October	44.5
SMU40461403000000006	Oklahoma	Tulsa, OK	2008	M09	September	44.8
SMU40461403000000006	Oklahoma	Tulsa, OK	2008	M08	August	44.8
SMU40461403000000006	Oklahoma	Tulsa, OK	2008	M07	July	44.4
SMU40461403000000006	Oklahoma	Tulsa, OK	2008	M06	June	44.5
SMU40461403000000006	Oklahoma	Tulsa, OK	2008	M05	May	44.6
SMU40461403000000006	Oklahoma	Tulsa, OK	2008	M04	April	44.3
SMU40461403000000006	Oklahoma	Tulsa, OK	2008	M03	March	44.4
SMU40461403000000006	Oklahoma	Tulsa, OK	2008	M02	February	44.0
SMU40461403000000006	Oklahoma	Tulsa, OK	2008	M01	January	43.9
SMU40461403000000006	Oklahoma	Tulsa, OK	2007	M12	December	40.2
SMU40461403000000006	Oklahoma	Tulsa, OK	2007	M11	November	40.1
SMU40461403000000006	Oklahoma	Tulsa, OK	2007	M10	October	39.0
SMU40461403000000006	Oklahoma	Tulsa, OK	2007	M09	September	40.1
SMU40461403000000006	Oklahoma	Tulsa, OK	2007	M08	August	40.8
SMU40461403000000006	Oklahoma	Tulsa, OK	2007	M07	July	40.5
SMU40461403000000006	Oklahoma	Tulsa, OK	2007	M06	June	40.4
SMU40461403000000006	Oklahoma	Tulsa, OK	2007	M05	May	41.8
SMU40461403000000006	Oklahoma	Tulsa, OK	2007	M04	April	42.3
SMU40461403000000006	Oklahoma	Tulsa, OK	2007	M03	March	42.4
SMU40461403000000006	Oklahoma	Tulsa, OK	2007	M02	February	42.4
SMU40461403000000006	Oklahoma	Tulsa, OK	2007	M01	January	42.3
SMU29411803000000006	Missouri	St. Louis, MO-IL	2025	M12	December	57.1
SMU29411803000000006	Missouri	St. Louis, MO-IL	2025	M11	November	56.8
SMU29411803000000006	Missouri	St. Louis, MO-IL	2025	M10	October	54.0
SMU29411803000000006	Missouri	St. Louis, MO-IL	2025	M09	September	57.2
SMU29411803000000006	Missouri	St. Louis, MO-IL	2025	M08	August	55.5
SMU29411803000000006	Missouri	St. Louis, MO-IL	2025	M07	July	56.7
SMU29411803000000006	Missouri	St. Louis, MO-IL	2025	M06	June	55.4
SMU29411803000000006	Missouri	St. Louis, MO-IL	2025	M05	May	55.4
SMU29411803000000006	Missouri	St. Louis, MO-IL	2025	M04	April	54.2
SMU29411803000000006	Missouri	St. Louis, MO-IL	2025	M03	March	53.7
SMU29411803000000006	Missouri	St. Louis, MO-IL	2025	M02	February	53.9
SMU29411803000000006	Missouri	St. Louis, MO-IL	2025	M01	January	47.2
SMU29411803000000006	Missouri	St. Louis, MO-IL	2024	M12	December	54.3
SMU29411803000000006	Missouri	St. Louis, MO-IL	2024	M11	November	54.0
SMU29411803000000006	Missouri	St. Louis, MO-IL	2024	M10	October	53.8
SMU29411803000000006	Missouri	St. Louis, MO-IL	2024	M09	September	53.3
SMU29411803000000006	Missouri	St. Louis, MO-IL	2024	M08	August	53.7
SMU29411803000000006	Missouri	St. Louis, MO-IL	2024	M07	July	53.2
SMU29411803000000006	Missouri	St. Louis, MO-IL	2024	M06	June	52.7
SMU29411803000000006	Missouri	St. Louis, MO-IL	2024	M05	May	52.0
SMU29411803000000006	Missouri	St. Louis, MO-IL	2024	M04	April	51.6
SMU29411803000000006	Missouri	St. Louis, MO-IL	2024	M03	March	51.9
SMU29411803000000006	Missouri	St. Louis, MO-IL	2024	M02	February	51.9
SMU29411803000000006	Missouri	St. Louis, MO-IL	2024	M01	January	51.2
SMU29411803000000006	Missouri	St. Louis, MO-IL	2023	M12	December	53.9
SMU29411803000000006	Missouri	St. Louis, MO-IL	2023	M11	November	54.3
SMU29411803000000006	Missouri	St. Louis, MO-IL	2023	M10	October	51.2
SMU29411803000000006	Missouri	St. Louis, MO-IL	2023	M09	September	55.0
SMU29411803000000006	Missouri	St. Louis, MO-IL	2023	M08	August	56.0
SMU29411803000000006	Missouri	St. Louis, MO-IL	2023	M07	July	58.8
SMU29411803000000006	Missouri	St. Louis, MO-IL	2023	M06	June	60.4
SMU29411803000000006	Missouri	St. Louis, MO-IL	2023	M05	May	60.6
SMU29411803000000006	Missouri	St. Louis, MO-IL	2023	M04	April	62.9
SMU29411803000000006	Missouri	St. Louis, MO-IL	2023	M03	March	63.6
SMU29411803000000006	Missouri	St. Louis, MO-IL	2023	M02	February	65.1
SMU29411803000000006	Missouri	St. Louis, MO-IL	2023	M01	January	67.5
SMU29411803000000006	Missouri	St. Louis, MO-IL	2022	M12	December	69.0
SMU29411803000000006	Missouri	St. Louis, MO-IL	2022	M11	November	68.0
SMU29411803000000006	Missouri	St. Louis, MO-IL	2022	M10	October	66.2
SMU29411803000000006	Missouri	St. Louis, MO-IL	2022	M09	September	65.2
SMU29411803000000006	Missouri	St. Louis, MO-IL	2022	M08	August	66.5
SMU29411803000000006	Missouri	St. Louis, MO-IL	2022	M07	July	66.4
SMU29411803000000006	Missouri	St. Louis, MO-IL	2022	M06	June	66.5
SMU29411803000000006	Missouri	St. Louis, MO-IL	2022	M05	May	65.2
SMU29411803000000006	Missouri	St. Louis, MO-IL	2022	M04	April	64.6
SMU29411803000000006	Missouri	St. Louis, MO-IL	2022	M03	March	66.7
SMU29411803000000006	Missouri	St. Louis, MO-IL	2022	M02	February	66.9
SMU29411803000000006	Missouri	St. Louis, MO-IL	2022	M01	January	63.4
SMU29411803000000006	Missouri	St. Louis, MO-IL	2021	M12	December	64.2
SMU29411803000000006	Missouri	St. Louis, MO-IL	2021	M11	November	65.6
SMU29411803000000006	Missouri	St. Louis, MO-IL	2021	M10	October	65.7
SMU29411803000000006	Missouri	St. Louis, MO-IL	2021	M09	September	65.7
SMU29411803000000006	Missouri	St. Louis, MO-IL	2021	M08	August	64.5
SMU29411803000000006	Missouri	St. Louis, MO-IL	2021	M07	July	63.0
SMU29411803000000006	Missouri	St. Louis, MO-IL	2021	M06	June	64.6
SMU29411803000000006	Missouri	St. Louis, MO-IL	2021	M05	May	63.8
SMU29411803000000006	Missouri	St. Louis, MO-IL	2021	M04	April	65.3
SMU29411803000000006	Missouri	St. Louis, MO-IL	2021	M03	March	66.4
SMU29411803000000006	Missouri	St. Louis, MO-IL	2021	M02	February	66.3
SMU29411803000000006	Missouri	St. Louis, MO-IL	2021	M01	January	66.6
SMU29411803000000006	Missouri	St. Louis, MO-IL	2020	M12	December	68.4
SMU29411803000000006	Missouri	St. Louis, MO-IL	2020	M11	November	67.8
SMU29411803000000006	Missouri	St. Louis, MO-IL	2020	M10	October	68.0
SMU29411803000000006	Missouri	St. Louis, MO-IL	2020	M09	September	68.6
SMU29411803000000006	Missouri	St. Louis, MO-IL	2020	M08	August	68.4
SMU29411803000000006	Missouri	St. Louis, MO-IL	2020	M07	July	68.2
SMU29411803000000006	Missouri	St. Louis, MO-IL	2020	M06	June	68.3
SMU29411803000000006	Missouri	St. Louis, MO-IL	2020	M05	May	62.6
SMU29411803000000006	Missouri	St. Louis, MO-IL	2020	M04	April	64.0
SMU29411803000000006	Missouri	St. Louis, MO-IL	2020	M03	March	72.4
SMU29411803000000006	Missouri	St. Louis, MO-IL	2020	M02	February	72.4
SMU29411803000000006	Missouri	St. Louis, MO-IL	2020	M01	January	68.5
SMU29411803000000006	Missouri	St. Louis, MO-IL	2019	M12	December	73.8
SMU29411803000000006	Missouri	St. Louis, MO-IL	2019	M11	November	73.4
SMU29411803000000006	Missouri	St. Louis, MO-IL	2019	M10	October	70.1
SMU29411803000000006	Missouri	St. Louis, MO-IL	2019	M09	September	72.4
SMU29411803000000006	Missouri	St. Louis, MO-IL	2019	M08	August	73.1
SMU29411803000000006	Missouri	St. Louis, MO-IL	2019	M07	July	74.1
SMU29411803000000006	Missouri	St. Louis, MO-IL	2019	M06	June	74.6
SMU29411803000000006	Missouri	St. Louis, MO-IL	2019	M05	May	73.9
SMU29411803000000006	Missouri	St. Louis, MO-IL	2019	M04	April	73.4
SMU29411803000000006	Missouri	St. Louis, MO-IL	2019	M03	March	73.8
SMU29411803000000006	Missouri	St. Louis, MO-IL	2019	M02	February	73.9
SMU29411803000000006	Missouri	St. Louis, MO-IL	2019	M01	January	74.1
SMU29411803000000006	Missouri	St. Louis, MO-IL	2018	M12	December	75.1
SMU29411803000000006	Missouri	St. Louis, MO-IL	2018	M11	November	74.5
SMU29411803000000006	Missouri	St. Louis, MO-IL	2018	M10	October	75.1
SMU29411803000000006	Missouri	St. Louis, MO-IL	2018	M09	September	74.9
SMU29411803000000006	Missouri	St. Louis, MO-IL	2018	M08	August	74.6
SMU29411803000000006	Missouri	St. Louis, MO-IL	2018	M07	July	74.3
SMU29411803000000006	Missouri	St. Louis, MO-IL	2018	M06	June	74.5
SMU29411803000000006	Missouri	St. Louis, MO-IL	2018	M05	May	72.6
SMU29411803000000006	Missouri	St. Louis, MO-IL	2018	M04	April	72.3
SMU29411803000000006	Missouri	St. Louis, MO-IL	2018	M03	March	72.2
SMU29411803000000006	Missouri	St. Louis, MO-IL	2018	M02	February	71.5
SMU29411803000000006	Missouri	St. Louis, MO-IL	2018	M01	January	70.9
SMU29411803000000006	Missouri	St. Louis, MO-IL	2017	M12	December	71.0
SMU29411803000000006	Missouri	St. Louis, MO-IL	2017	M11	November	70.7
SMU29411803000000006	Missouri	St. Louis, MO-IL	2017	M10	October	70.7
SMU29411803000000006	Missouri	St. Louis, MO-IL	2017	M09	September	71.3
SMU29411803000000006	Missouri	St. Louis, MO-IL	2017	M08	August	70.9
SMU29411803000000006	Missouri	St. Louis, MO-IL	2017	M07	July	70.5
SMU29411803000000006	Missouri	St. Louis, MO-IL	2017	M06	June	71.3
SMU29411803000000006	Missouri	St. Louis, MO-IL	2017	M05	May	70.5
SMU29411803000000006	Missouri	St. Louis, MO-IL	2017	M04	April	70.7
SMU29411803000000006	Missouri	St. Louis, MO-IL	2017	M03	March	68.8
SMU29411803000000006	Missouri	St. Louis, MO-IL	2017	M02	February	68.4
SMU29411803000000006	Missouri	St. Louis, MO-IL	2017	M01	January	68.0
SMU29411803000000006	Missouri	St. Louis, MO-IL	2016	M12	December	68.5
SMU29411803000000006	Missouri	St. Louis, MO-IL	2016	M11	November	68.9
SMU29411803000000006	Missouri	St. Louis, MO-IL	2016	M10	October	69.5
SMU29411803000000006	Missouri	St. Louis, MO-IL	2016	M09	September	69.0
SMU29411803000000006	Missouri	St. Louis, MO-IL	2016	M08	August	69.0
SMU29411803000000006	Missouri	St. Louis, MO-IL	2016	M07	July	68.9
SMU29411803000000006	Missouri	St. Louis, MO-IL	2016	M06	June	68.8
SMU29411803000000006	Missouri	St. Louis, MO-IL	2016	M05	May	67.6
SMU29411803000000006	Missouri	St. Louis, MO-IL	2016	M04	April	67.5
SMU29411803000000006	Missouri	St. Louis, MO-IL	2016	M03	March	67.7
SMU29411803000000006	Missouri	St. Louis, MO-IL	2016	M02	February	67.8
SMU29411803000000006	Missouri	St. Louis, MO-IL	2016	M01	January	67.1
SMU29411803000000006	Missouri	St. Louis, MO-IL	2015	M12	December	68.1
SMU29411803000000006	Missouri	St. Louis, MO-IL	2015	M11	November	67.7
SMU29411803000000006	Missouri	St. Louis, MO-IL	2015	M10	October	67.3
SMU29411803000000006	Missouri	St. Louis, MO-IL	2015	M09	September	68.2
SMU29411803000000006	Missouri	St. Louis, MO-IL	2015	M08	August	68.6
SMU29411803000000006	Missouri	St. Louis, MO-IL	2015	M07	July	69.2
SMU29411803000000006	Missouri	St. Louis, MO-IL	2015	M06	June	69.6
SMU29411803000000006	Missouri	St. Louis, MO-IL	2015	M05	May	69.2
SMU29411803000000006	Missouri	St. Louis, MO-IL	2015	M04	April	68.5
SMU29411803000000006	Missouri	St. Louis, MO-IL	2015	M03	March	67.6
SMU29411803000000006	Missouri	St. Louis, MO-IL	2015	M02	February	68.4
SMU29411803000000006	Missouri	St. Louis, MO-IL	2015	M01	January	68.1
SMU29411803000000006	Missouri	St. Louis, MO-IL	2014	M12	December	67.7
SMU29411803000000006	Missouri	St. Louis, MO-IL	2014	M11	November	67.4
SMU29411803000000006	Missouri	St. Louis, MO-IL	2014	M10	October	66.8
SMU29411803000000006	Missouri	St. Louis, MO-IL	2014	M09	September	67.3
SMU29411803000000006	Missouri	St. Louis, MO-IL	2014	M08	August	67.1
SMU29411803000000006	Missouri	St. Louis, MO-IL	2014	M07	July	68.0
SMU29411803000000006	Missouri	St. Louis, MO-IL	2014	M06	June	69.1
SMU29411803000000006	Missouri	St. Louis, MO-IL	2014	M05	May	69.1
SMU29411803000000006	Missouri	St. Louis, MO-IL	2014	M04	April	68.0
SMU29411803000000006	Missouri	St. Louis, MO-IL	2014	M03	March	67.6
SMU29411803000000006	Missouri	St. Louis, MO-IL	2014	M02	February	66.4
SMU29411803000000006	Missouri	St. Louis, MO-IL	2014	M01	January	64.8
SMU29411803000000006	Missouri	St. Louis, MO-IL	2013	M12	December	66.0
SMU29411803000000006	Missouri	St. Louis, MO-IL	2013	M11	November	66.7
SMU29411803000000006	Missouri	St. Louis, MO-IL	2013	M10	October	67.3
SMU29411803000000006	Missouri	St. Louis, MO-IL	2013	M09	September	67.4
SMU29411803000000006	Missouri	St. Louis, MO-IL	2013	M08	August	66.9
SMU29411803000000006	Missouri	St. Louis, MO-IL	2013	M07	July	66.9
SMU29411803000000006	Missouri	St. Louis, MO-IL	2013	M06	June	68.4
SMU29411803000000006	Missouri	St. Louis, MO-IL	2013	M05	May	67.8
SMU29411803000000006	Missouri	St. Louis, MO-IL	2013	M04	April	66.8
SMU29411803000000006	Missouri	St. Louis, MO-IL	2013	M03	March	67.9
SMU29411803000000006	Missouri	St. Louis, MO-IL	2013	M02	February	68.5
SMU29411803000000006	Missouri	St. Louis, MO-IL	2013	M01	January	68.0
SMU29411803000000006	Missouri	St. Louis, MO-IL	2012	M12	December	68.9
SMU29411803000000006	Missouri	St. Louis, MO-IL	2012	M11	November	69.7
SMU29411803000000006	Missouri	St. Louis, MO-IL	2012	M10	October	69.3
SMU29411803000000006	Missouri	St. Louis, MO-IL	2012	M09	September	69.8
SMU29411803000000006	Missouri	St. Louis, MO-IL	2012	M08	August	71.2
SMU29411803000000006	Missouri	St. Louis, MO-IL	2012	M07	July	71.9
SMU29411803000000006	Missouri	St. Louis, MO-IL	2012	M06	June	71.1
SMU29411803000000006	Missouri	St. Louis, MO-IL	2012	M05	May	71.0
SMU29411803000000006	Missouri	St. Louis, MO-IL	2012	M04	April	71.1
SMU29411803000000006	Missouri	St. Louis, MO-IL	2012	M03	March	71.0
SMU29411803000000006	Missouri	St. Louis, MO-IL	2012	M02	February	71.1
SMU29411803000000006	Missouri	St. Louis, MO-IL	2012	M01	January	71.3
SMU29411803000000006	Missouri	St. Louis, MO-IL	2011	M12	December	72.5
SMU29411803000000006	Missouri	St. Louis, MO-IL	2011	M11	November	72.1
SMU29411803000000006	Missouri	St. Louis, MO-IL	2011	M10	October	72.3
SMU29411803000000006	Missouri	St. Louis, MO-IL	2011	M09	September	71.7
SMU29411803000000006	Missouri	St. Louis, MO-IL	2011	M08	August	72.1
SMU29411803000000006	Missouri	St. Louis, MO-IL	2011	M07	July	72.3
SMU29411803000000006	Missouri	St. Louis, MO-IL	2011	M06	June	71.0
SMU29411803000000006	Missouri	St. Louis, MO-IL	2011	M05	May	68.7
SMU29411803000000006	Missouri	St. Louis, MO-IL	2011	M04	April	68.3
SMU29411803000000006	Missouri	St. Louis, MO-IL	2011	M03	March	68.6
SMU29411803000000006	Missouri	St. Louis, MO-IL	2011	M02	February	67.8
SMU29411803000000006	Missouri	St. Louis, MO-IL	2011	M01	January	67.7
SMU29411803000000006	Missouri	St. Louis, MO-IL	2010	M12	December	66.8
SMU29411803000000006	Missouri	St. Louis, MO-IL	2010	M11	November	67.1
SMU29411803000000006	Missouri	St. Louis, MO-IL	2010	M10	October	66.9
SMU29411803000000006	Missouri	St. Louis, MO-IL	2010	M09	September	66.9
SMU29411803000000006	Missouri	St. Louis, MO-IL	2010	M08	August	66.9
SMU29411803000000006	Missouri	St. Louis, MO-IL	2010	M07	July	67.2
SMU29411803000000006	Missouri	St. Louis, MO-IL	2010	M06	June	67.2
SMU29411803000000006	Missouri	St. Louis, MO-IL	2010	M05	May	65.7
SMU29411803000000006	Missouri	St. Louis, MO-IL	2010	M04	April	65.7
SMU29411803000000006	Missouri	St. Louis, MO-IL	2010	M03	March	65.3
SMU29411803000000006	Missouri	St. Louis, MO-IL	2010	M02	February	65.0
SMU29411803000000006	Missouri	St. Louis, MO-IL	2010	M01	January	64.9
SMU29411803000000006	Missouri	St. Louis, MO-IL	2009	M12	December	64.0
SMU29411803000000006	Missouri	St. Louis, MO-IL	2009	M11	November	64.2
SMU29411803000000006	Missouri	St. Louis, MO-IL	2009	M10	October	64.1
SMU29411803000000006	Missouri	St. Louis, MO-IL	2009	M09	September	64.0
SMU29411803000000006	Missouri	St. Louis, MO-IL	2009	M08	August	64.4
SMU29411803000000006	Missouri	St. Louis, MO-IL	2009	M07	July	65.9
SMU29411803000000006	Missouri	St. Louis, MO-IL	2009	M06	June	66.3
SMU29411803000000006	Missouri	St. Louis, MO-IL	2009	M05	May	66.8
SMU29411803000000006	Missouri	St. Louis, MO-IL	2009	M04	April	70.4
SMU29411803000000006	Missouri	St. Louis, MO-IL	2009	M03	March	72.0
SMU29411803000000006	Missouri	St. Louis, MO-IL	2009	M02	February	72.5
SMU29411803000000006	Missouri	St. Louis, MO-IL	2009	M01	January	72.9
SMU29411803000000006	Missouri	St. Louis, MO-IL	2008	M12	December	75.0
SMU29411803000000006	Missouri	St. Louis, MO-IL	2008	M11	November	75.6
SMU29411803000000006	Missouri	St. Louis, MO-IL	2008	M10	October	76.5
SMU29411803000000006	Missouri	St. Louis, MO-IL	2008	M09	September	77.5
SMU29411803000000006	Missouri	St. Louis, MO-IL	2008	M08	August	76.8
SMU29411803000000006	Missouri	St. Louis, MO-IL	2008	M07	July	76.6
SMU29411803000000006	Missouri	St. Louis, MO-IL	2008	M06	June	80.6
SMU29411803000000006	Missouri	St. Louis, MO-IL	2008	M05	May	77.9
SMU29411803000000006	Missouri	St. Louis, MO-IL	2008	M04	April	76.9
SMU29411803000000006	Missouri	St. Louis, MO-IL	2008	M03	March	77.4
SMU29411803000000006	Missouri	St. Louis, MO-IL	2008	M02	February	79.5
SMU29411803000000006	Missouri	St. Louis, MO-IL	2008	M01	January	78.0
SMU29411803000000006	Missouri	St. Louis, MO-IL	2007	M12	December	82.0
SMU29411803000000006	Missouri	St. Louis, MO-IL	2007	M11	November	81.8
SMU29411803000000006	Missouri	St. Louis, MO-IL	2007	M10	October	81.7
SMU29411803000000006	Missouri	St. Louis, MO-IL	2007	M09	September	83.0
SMU29411803000000006	Missouri	St. Louis, MO-IL	2007	M08	August	81.8
SMU29411803000000006	Missouri	St. Louis, MO-IL	2007	M07	July	80.8
SMU29411803000000006	Missouri	St. Louis, MO-IL	2007	M06	June	81.5
SMU29411803000000006	Missouri	St. Louis, MO-IL	2007	M05	May	81.8
SMU29411803000000006	Missouri	St. Louis, MO-IL	2007	M04	April	84.4
SMU29411803000000006	Missouri	St. Louis, MO-IL	2007	M03	March	84.3
SMU29411803000000006	Missouri	St. Louis, MO-IL	2007	M02	February	85.7
SMU29411803000000006	Missouri	St. Louis, MO-IL	2007	M01	January	81.2
SMU21311403000000006	Kentucky	Louisville/Jefferson County, KY-IN	2025	M12	December	72.0
SMU21311403000000006	Kentucky	Louisville/Jefferson County, KY-IN	2025	M11	November	71.9
SMU21311403000000006	Kentucky	Louisville/Jefferson County, KY-IN	2025	M10	October	72.7
SMU21311403000000006	Kentucky	Louisville/Jefferson County, KY-IN	2025	M09	September	74.1
SMU21311403000000006	Kentucky	Louisville/Jefferson County, KY-IN	2025	M08	August	74.3
SMU21311403000000006	Kentucky	Louisville/Jefferson County, KY-IN	2025	M07	July	74.0
SMU21311403000000006	Kentucky	Louisville/Jefferson County, KY-IN	2025	M06	June	75.3
SMU21311403000000006	Kentucky	Louisville/Jefferson County, KY-IN	2025	M05	May	73.9
SMU21311403000000006	Kentucky	Louisville/Jefferson County, KY-IN	2025	M04	April	70.9
SMU21311403000000006	Kentucky	Louisville/Jefferson County, KY-IN	2025	M03	March	72.5
SMU21311403000000006	Kentucky	Louisville/Jefferson County, KY-IN	2025	M02	February	71.2
SMU21311403000000006	Kentucky	Louisville/Jefferson County, KY-IN	2025	M01	January	70.8
SMU21311403000000006	Kentucky	Louisville/Jefferson County, KY-IN	2024	M12	December	73.4
SMU21311403000000006	Kentucky	Louisville/Jefferson County, KY-IN	2024	M11	November	72.5
SMU21311403000000006	Kentucky	Louisville/Jefferson County, KY-IN	2024	M10	October	72.2
SMU21311403000000006	Kentucky	Louisville/Jefferson County, KY-IN	2024	M09	September	73.0
SMU21311403000000006	Kentucky	Louisville/Jefferson County, KY-IN	2024	M08	August	73.4
SMU21311403000000006	Kentucky	Louisville/Jefferson County, KY-IN	2024	M07	July	73.0
SMU21311403000000006	Kentucky	Louisville/Jefferson County, KY-IN	2024	M06	June	74.4
SMU21311403000000006	Kentucky	Louisville/Jefferson County, KY-IN	2024	M05	May	74.4
SMU21311403000000006	Kentucky	Louisville/Jefferson County, KY-IN	2024	M04	April	74.2
SMU21311403000000006	Kentucky	Louisville/Jefferson County, KY-IN	2024	M03	March	75.0
SMU21311403000000006	Kentucky	Louisville/Jefferson County, KY-IN	2024	M02	February	75.3
SMU21311403000000006	Kentucky	Louisville/Jefferson County, KY-IN	2024	M01	January	75.4
SMU21311403000000006	Kentucky	Louisville/Jefferson County, KY-IN	2023	M12	December	75.9
SMU21311403000000006	Kentucky	Louisville/Jefferson County, KY-IN	2023	M11	November	76.4
SMU21311403000000006	Kentucky	Louisville/Jefferson County, KY-IN	2023	M10	October	75.6
SMU21311403000000006	Kentucky	Louisville/Jefferson County, KY-IN	2023	M09	September	76.1
SMU21311403000000006	Kentucky	Louisville/Jefferson County, KY-IN	2023	M08	August	75.5
SMU21311403000000006	Kentucky	Louisville/Jefferson County, KY-IN	2023	M07	July	75.6
SMU21311403000000006	Kentucky	Louisville/Jefferson County, KY-IN	2023	M06	June	75.7
SMU21311403000000006	Kentucky	Louisville/Jefferson County, KY-IN	2023	M05	May	75.3
SMU21311403000000006	Kentucky	Louisville/Jefferson County, KY-IN	2023	M04	April	75.2
SMU21311403000000006	Kentucky	Louisville/Jefferson County, KY-IN	2023	M03	March	75.0
SMU21311403000000006	Kentucky	Louisville/Jefferson County, KY-IN	2023	M02	February	72.0
SMU21311403000000006	Kentucky	Louisville/Jefferson County, KY-IN	2023	M01	January	70.9
SMU21311403000000006	Kentucky	Louisville/Jefferson County, KY-IN	2022	M12	December	74.5
SMU21311403000000006	Kentucky	Louisville/Jefferson County, KY-IN	2022	M11	November	73.1
SMU21311403000000006	Kentucky	Louisville/Jefferson County, KY-IN	2022	M10	October	71.8
SMU21311403000000006	Kentucky	Louisville/Jefferson County, KY-IN	2022	M09	September	71.7
SMU21311403000000006	Kentucky	Louisville/Jefferson County, KY-IN	2022	M08	August	70.6
SMU21311403000000006	Kentucky	Louisville/Jefferson County, KY-IN	2022	M07	July	68.3
SMU21311403000000006	Kentucky	Louisville/Jefferson County, KY-IN	2022	M06	June	69.6
SMU21311403000000006	Kentucky	Louisville/Jefferson County, KY-IN	2022	M05	May	67.8
SMU21311403000000006	Kentucky	Louisville/Jefferson County, KY-IN	2022	M04	April	67.4
SMU21311403000000006	Kentucky	Louisville/Jefferson County, KY-IN	2022	M03	March	65.2
SMU21311403000000006	Kentucky	Louisville/Jefferson County, KY-IN	2022	M02	February	65.6
SMU21311403000000006	Kentucky	Louisville/Jefferson County, KY-IN	2022	M01	January	63.8
SMU21311403000000006	Kentucky	Louisville/Jefferson County, KY-IN	2021	M12	December	63.7
SMU21311403000000006	Kentucky	Louisville/Jefferson County, KY-IN	2021	M11	November	62.0
SMU21311403000000006	Kentucky	Louisville/Jefferson County, KY-IN	2021	M10	October	63.3
SMU21311403000000006	Kentucky	Louisville/Jefferson County, KY-IN	2021	M09	September	62.3
SMU21311403000000006	Kentucky	Louisville/Jefferson County, KY-IN	2021	M08	August	62.3
SMU21311403000000006	Kentucky	Louisville/Jefferson County, KY-IN	2021	M07	July	59.6
SMU21311403000000006	Kentucky	Louisville/Jefferson County, KY-IN	2021	M06	June	60.1
SMU21311403000000006	Kentucky	Louisville/Jefferson County, KY-IN	2021	M05	May	62.0
SMU21311403000000006	Kentucky	Louisville/Jefferson County, KY-IN	2021	M04	April	62.4
SMU21311403000000006	Kentucky	Louisville/Jefferson County, KY-IN	2021	M03	March	63.0
SMU21311403000000006	Kentucky	Louisville/Jefferson County, KY-IN	2021	M02	February	62.6
SMU21311403000000006	Kentucky	Louisville/Jefferson County, KY-IN	2021	M01	January	59.9
SMU21311403000000006	Kentucky	Louisville/Jefferson County, KY-IN	2020	M12	December	62.2
SMU21311403000000006	Kentucky	Louisville/Jefferson County, KY-IN	2020	M11	November	61.3
SMU21311403000000006	Kentucky	Louisville/Jefferson County, KY-IN	2020	M10	October	60.5
SMU21311403000000006	Kentucky	Louisville/Jefferson County, KY-IN	2020	M09	September	60.4
SMU21311403000000006	Kentucky	Louisville/Jefferson County, KY-IN	2020	M08	August	60.5
SMU21311403000000006	Kentucky	Louisville/Jefferson County, KY-IN	2020	M07	July	59.7
SMU21311403000000006	Kentucky	Louisville/Jefferson County, KY-IN	2020	M06	June	57.6
SMU21311403000000006	Kentucky	Louisville/Jefferson County, KY-IN	2020	M05	May	51.7
SMU21311403000000006	Kentucky	Louisville/Jefferson County, KY-IN	2020	M04	April	51.1
SMU21311403000000006	Kentucky	Louisville/Jefferson County, KY-IN	2020	M03	March	61.5
SMU21311403000000006	Kentucky	Louisville/Jefferson County, KY-IN	2020	M02	February	62.3
SMU21311403000000006	Kentucky	Louisville/Jefferson County, KY-IN	2020	M01	January	63.6
SMU21311403000000006	Kentucky	Louisville/Jefferson County, KY-IN	2019	M12	December	64.5
SMU21311403000000006	Kentucky	Louisville/Jefferson County, KY-IN	2019	M11	November	64.0
SMU21311403000000006	Kentucky	Louisville/Jefferson County, KY-IN	2019	M10	October	63.0
SMU21311403000000006	Kentucky	Louisville/Jefferson County, KY-IN	2019	M09	September	63.0
SMU21311403000000006	Kentucky	Louisville/Jefferson County, KY-IN	2019	M08	August	63.0
SMU21311403000000006	Kentucky	Louisville/Jefferson County, KY-IN	2019	M07	July	60.8
SMU21311403000000006	Kentucky	Louisville/Jefferson County, KY-IN	2019	M06	June	62.7
SMU21311403000000006	Kentucky	Louisville/Jefferson County, KY-IN	2019	M05	May	62.2
SMU21311403000000006	Kentucky	Louisville/Jefferson County, KY-IN	2019	M04	April	61.9
SMU21311403000000006	Kentucky	Louisville/Jefferson County, KY-IN	2019	M03	March	63.2
SMU21311403000000006	Kentucky	Louisville/Jefferson County, KY-IN	2019	M02	February	63.5
SMU21311403000000006	Kentucky	Louisville/Jefferson County, KY-IN	2019	M01	January	63.2
SMU21311403000000006	Kentucky	Louisville/Jefferson County, KY-IN	2018	M12	December	63.3
SMU21311403000000006	Kentucky	Louisville/Jefferson County, KY-IN	2018	M11	November	62.7
SMU21311403000000006	Kentucky	Louisville/Jefferson County, KY-IN	2018	M10	October	62.8
SMU21311403000000006	Kentucky	Louisville/Jefferson County, KY-IN	2018	M09	September	63.0
SMU21311403000000006	Kentucky	Louisville/Jefferson County, KY-IN	2018	M08	August	64.4
SMU21311403000000006	Kentucky	Louisville/Jefferson County, KY-IN	2018	M07	July	60.3
SMU21311403000000006	Kentucky	Louisville/Jefferson County, KY-IN	2018	M06	June	64.0
SMU21311403000000006	Kentucky	Louisville/Jefferson County, KY-IN	2018	M05	May	62.2
SMU21311403000000006	Kentucky	Louisville/Jefferson County, KY-IN	2018	M04	April	63.7
SMU21311403000000006	Kentucky	Louisville/Jefferson County, KY-IN	2018	M03	March	64.2
SMU21311403000000006	Kentucky	Louisville/Jefferson County, KY-IN	2018	M02	February	64.6
SMU21311403000000006	Kentucky	Louisville/Jefferson County, KY-IN	2018	M01	January	64.9
SMU21311403000000006	Kentucky	Louisville/Jefferson County, KY-IN	2017	M12	December	65.6
SMU21311403000000006	Kentucky	Louisville/Jefferson County, KY-IN	2017	M11	November	66.0
SMU21311403000000006	Kentucky	Louisville/Jefferson County, KY-IN	2017	M10	October	65.0
SMU21311403000000006	Kentucky	Louisville/Jefferson County, KY-IN	2017	M09	September	65.1
SMU21311403000000006	Kentucky	Louisville/Jefferson County, KY-IN	2017	M08	August	65.1
SMU21311403000000006	Kentucky	Louisville/Jefferson County, KY-IN	2017	M07	July	62.4
SMU21311403000000006	Kentucky	Louisville/Jefferson County, KY-IN	2017	M06	June	63.9
SMU21311403000000006	Kentucky	Louisville/Jefferson County, KY-IN	2017	M05	May	64.1
SMU21311403000000006	Kentucky	Louisville/Jefferson County, KY-IN	2017	M04	April	63.5
SMU21311403000000006	Kentucky	Louisville/Jefferson County, KY-IN	2017	M03	March	63.1
SMU21311403000000006	Kentucky	Louisville/Jefferson County, KY-IN	2017	M02	February	64.0
SMU21311403000000006	Kentucky	Louisville/Jefferson County, KY-IN	2017	M01	January	63.5
SMU21311403000000006	Kentucky	Louisville/Jefferson County, KY-IN	2016	M12	December	64.9
SMU21311403000000006	Kentucky	Louisville/Jefferson County, KY-IN	2016	M11	November	65.0
SMU21311403000000006	Kentucky	Louisville/Jefferson County, KY-IN	2016	M10	October	64.9
SMU21311403000000006	Kentucky	Louisville/Jefferson County, KY-IN	2016	M09	September	65.5
SMU21311403000000006	Kentucky	Louisville/Jefferson County, KY-IN	2016	M08	August	65.7
SMU21311403000000006	Kentucky	Louisville/Jefferson County, KY-IN	2016	M07	July	64.9
SMU21311403000000006	Kentucky	Louisville/Jefferson County, KY-IN	2016	M06	June	64.3
SMU21311403000000006	Kentucky	Louisville/Jefferson County, KY-IN	2016	M05	May	63.0
SMU21311403000000006	Kentucky	Louisville/Jefferson County, KY-IN	2016	M04	April	62.2
SMU21311403000000006	Kentucky	Louisville/Jefferson County, KY-IN	2016	M03	March	62.6
SMU21311403000000006	Kentucky	Louisville/Jefferson County, KY-IN	2016	M02	February	61.6
SMU21311403000000006	Kentucky	Louisville/Jefferson County, KY-IN	2016	M01	January	61.2
SMU21311403000000006	Kentucky	Louisville/Jefferson County, KY-IN	2015	M12	December	60.9
SMU21311403000000006	Kentucky	Louisville/Jefferson County, KY-IN	2015	M11	November	61.0
SMU21311403000000006	Kentucky	Louisville/Jefferson County, KY-IN	2015	M10	October	60.9
SMU21311403000000006	Kentucky	Louisville/Jefferson County, KY-IN	2015	M09	September	61.1
SMU21311403000000006	Kentucky	Louisville/Jefferson County, KY-IN	2015	M08	August	60.8
SMU21311403000000006	Kentucky	Louisville/Jefferson County, KY-IN	2015	M07	July	55.2
SMU21311403000000006	Kentucky	Louisville/Jefferson County, KY-IN	2015	M06	June	60.3
SMU21311403000000006	Kentucky	Louisville/Jefferson County, KY-IN	2015	M05	May	60.1
SMU21311403000000006	Kentucky	Louisville/Jefferson County, KY-IN	2015	M04	April	57.8
SMU21311403000000006	Kentucky	Louisville/Jefferson County, KY-IN	2015	M03	March	59.2
SMU21311403000000006	Kentucky	Louisville/Jefferson County, KY-IN	2015	M02	February	59.3
SMU21311403000000006	Kentucky	Louisville/Jefferson County, KY-IN	2015	M01	January	58.1
SMU21311403000000006	Kentucky	Louisville/Jefferson County, KY-IN	2014	M12	December	58.2
SMU21311403000000006	Kentucky	Louisville/Jefferson County, KY-IN	2014	M11	November	58.4
SMU21311403000000006	Kentucky	Louisville/Jefferson County, KY-IN	2014	M10	October	57.7
SMU21311403000000006	Kentucky	Louisville/Jefferson County, KY-IN	2014	M09	September	57.5
SMU21311403000000006	Kentucky	Louisville/Jefferson County, KY-IN	2014	M08	August	57.7
SMU21311403000000006	Kentucky	Louisville/Jefferson County, KY-IN	2014	M07	July	56.5
SMU21311403000000006	Kentucky	Louisville/Jefferson County, KY-IN	2014	M06	June	56.9
SMU21311403000000006	Kentucky	Louisville/Jefferson County, KY-IN	2014	M05	May	56.7
SMU21311403000000006	Kentucky	Louisville/Jefferson County, KY-IN	2014	M04	April	56.5
SMU21311403000000006	Kentucky	Louisville/Jefferson County, KY-IN	2014	M03	March	55.0
SMU21311403000000006	Kentucky	Louisville/Jefferson County, KY-IN	2014	M02	February	55.6
SMU21311403000000006	Kentucky	Louisville/Jefferson County, KY-IN	2014	M01	January	55.1
SMU21311403000000006	Kentucky	Louisville/Jefferson County, KY-IN	2013	M12	December	55.9
SMU21311403000000006	Kentucky	Louisville/Jefferson County, KY-IN	2013	M11	November	56.0
SMU21311403000000006	Kentucky	Louisville/Jefferson County, KY-IN	2013	M10	October	56.1
SMU21311403000000006	Kentucky	Louisville/Jefferson County, KY-IN	2013	M09	September	56.0
SMU21311403000000006	Kentucky	Louisville/Jefferson County, KY-IN	2013	M08	August	55.1
SMU21311403000000006	Kentucky	Louisville/Jefferson County, KY-IN	2013	M07	July	50.2
SMU21311403000000006	Kentucky	Louisville/Jefferson County, KY-IN	2013	M06	June	54.6
SMU21311403000000006	Kentucky	Louisville/Jefferson County, KY-IN	2013	M05	May	54.8
SMU21311403000000006	Kentucky	Louisville/Jefferson County, KY-IN	2013	M04	April	54.7
SMU21311403000000006	Kentucky	Louisville/Jefferson County, KY-IN	2013	M03	March	53.4
SMU21311403000000006	Kentucky	Louisville/Jefferson County, KY-IN	2013	M02	February	54.1
SMU21311403000000006	Kentucky	Louisville/Jefferson County, KY-IN	2013	M01	January	53.6
SMU21311403000000006	Kentucky	Louisville/Jefferson County, KY-IN	2012	M12	December	52.8
SMU21311403000000006	Kentucky	Louisville/Jefferson County, KY-IN	2012	M11	November	53.3
SMU21311403000000006	Kentucky	Louisville/Jefferson County, KY-IN	2012	M10	October	53.1
SMU21311403000000006	Kentucky	Louisville/Jefferson County, KY-IN	2012	M09	September	53.2
SMU21311403000000006	Kentucky	Louisville/Jefferson County, KY-IN	2012	M08	August	52.6
SMU21311403000000006	Kentucky	Louisville/Jefferson County, KY-IN	2012	M07	July	52.6
SMU21311403000000006	Kentucky	Louisville/Jefferson County, KY-IN	2012	M06	June	52.2
SMU21311403000000006	Kentucky	Louisville/Jefferson County, KY-IN	2012	M05	May	51.7
SMU21311403000000006	Kentucky	Louisville/Jefferson County, KY-IN	2012	M04	April	51.9
SMU21311403000000006	Kentucky	Louisville/Jefferson County, KY-IN	2012	M03	March	51.2
SMU21311403000000006	Kentucky	Louisville/Jefferson County, KY-IN	2012	M02	February	49.1
SMU21311403000000006	Kentucky	Louisville/Jefferson County, KY-IN	2012	M01	January	51.3
SMU21311403000000006	Kentucky	Louisville/Jefferson County, KY-IN	2011	M12	December	50.4
SMU21311403000000006	Kentucky	Louisville/Jefferson County, KY-IN	2011	M11	November	50.0
SMU21311403000000006	Kentucky	Louisville/Jefferson County, KY-IN	2011	M10	October	49.6
SMU21311403000000006	Kentucky	Louisville/Jefferson County, KY-IN	2011	M09	September	49.8
SMU21311403000000006	Kentucky	Louisville/Jefferson County, KY-IN	2011	M08	August	49.4
SMU21311403000000006	Kentucky	Louisville/Jefferson County, KY-IN	2011	M07	July	44.3
SMU21311403000000006	Kentucky	Louisville/Jefferson County, KY-IN	2011	M06	June	49.8
SMU21311403000000006	Kentucky	Louisville/Jefferson County, KY-IN	2011	M05	May	49.2
SMU21311403000000006	Kentucky	Louisville/Jefferson County, KY-IN	2011	M04	April	49.6
SMU21311403000000006	Kentucky	Louisville/Jefferson County, KY-IN	2011	M03	March	48.9
SMU21311403000000006	Kentucky	Louisville/Jefferson County, KY-IN	2011	M02	February	49.7
SMU21311403000000006	Kentucky	Louisville/Jefferson County, KY-IN	2011	M01	January	49.6
SMU21311403000000006	Kentucky	Louisville/Jefferson County, KY-IN	2010	M12	December	49.3
SMU21311403000000006	Kentucky	Louisville/Jefferson County, KY-IN	2010	M11	November	49.4
SMU21311403000000006	Kentucky	Louisville/Jefferson County, KY-IN	2010	M10	October	49.3
SMU21311403000000006	Kentucky	Louisville/Jefferson County, KY-IN	2010	M09	September	49.0
SMU21311403000000006	Kentucky	Louisville/Jefferson County, KY-IN	2010	M08	August	48.5
SMU21311403000000006	Kentucky	Louisville/Jefferson County, KY-IN	2010	M07	July	45.5
SMU21311403000000006	Kentucky	Louisville/Jefferson County, KY-IN	2010	M06	June	48.6
SMU21311403000000006	Kentucky	Louisville/Jefferson County, KY-IN	2010	M05	May	48.2
SMU21311403000000006	Kentucky	Louisville/Jefferson County, KY-IN	2010	M04	April	47.8
SMU21311403000000006	Kentucky	Louisville/Jefferson County, KY-IN	2010	M03	March	47.8
SMU21311403000000006	Kentucky	Louisville/Jefferson County, KY-IN	2010	M02	February	44.2
SMU21311403000000006	Kentucky	Louisville/Jefferson County, KY-IN	2010	M01	January	48.2
SMU21311403000000006	Kentucky	Louisville/Jefferson County, KY-IN	2009	M12	December	48.4
SMU21311403000000006	Kentucky	Louisville/Jefferson County, KY-IN	2009	M11	November	48.7
SMU21311403000000006	Kentucky	Louisville/Jefferson County, KY-IN	2009	M10	October	48.0
SMU21311403000000006	Kentucky	Louisville/Jefferson County, KY-IN	2009	M09	September	48.3
SMU21311403000000006	Kentucky	Louisville/Jefferson County, KY-IN	2009	M08	August	48.6
SMU21311403000000006	Kentucky	Louisville/Jefferson County, KY-IN	2009	M07	July	46.9
SMU21311403000000006	Kentucky	Louisville/Jefferson County, KY-IN	2009	M06	June	49.0
SMU21311403000000006	Kentucky	Louisville/Jefferson County, KY-IN	2009	M05	May	49.1
SMU21311403000000006	Kentucky	Louisville/Jefferson County, KY-IN	2009	M04	April	49.9
SMU21311403000000006	Kentucky	Louisville/Jefferson County, KY-IN	2009	M03	March	49.1
SMU21311403000000006	Kentucky	Louisville/Jefferson County, KY-IN	2009	M02	February	50.3
SMU21311403000000006	Kentucky	Louisville/Jefferson County, KY-IN	2009	M01	January	49.4
SMU21311403000000006	Kentucky	Louisville/Jefferson County, KY-IN	2008	M12	December	52.2
SMU21311403000000006	Kentucky	Louisville/Jefferson County, KY-IN	2008	M11	November	55.8
SMU21311403000000006	Kentucky	Louisville/Jefferson County, KY-IN	2008	M10	October	53.4
SMU21311403000000006	Kentucky	Louisville/Jefferson County, KY-IN	2008	M09	September	54.1
SMU21311403000000006	Kentucky	Louisville/Jefferson County, KY-IN	2008	M08	August	56.1
SMU21311403000000006	Kentucky	Louisville/Jefferson County, KY-IN	2008	M07	July	52.7
SMU21311403000000006	Kentucky	Louisville/Jefferson County, KY-IN	2008	M06	June	58.0
SMU21311403000000006	Kentucky	Louisville/Jefferson County, KY-IN	2008	M05	May	59.7
SMU21311403000000006	Kentucky	Louisville/Jefferson County, KY-IN	2008	M04	April	57.8
SMU21311403000000006	Kentucky	Louisville/Jefferson County, KY-IN	2008	M03	March	59.3
SMU21311403000000006	Kentucky	Louisville/Jefferson County, KY-IN	2008	M02	February	59.6
SMU21311403000000006	Kentucky	Louisville/Jefferson County, KY-IN	2008	M01	January	59.3
SMU21311403000000006	Kentucky	Louisville/Jefferson County, KY-IN	2007	M12	December	59.8
SMU21311403000000006	Kentucky	Louisville/Jefferson County, KY-IN	2007	M11	November	60.4
SMU21311403000000006	Kentucky	Louisville/Jefferson County, KY-IN	2007	M10	October	60.7
SMU21311403000000006	Kentucky	Louisville/Jefferson County, KY-IN	2007	M09	September	60.4
SMU21311403000000006	Kentucky	Louisville/Jefferson County, KY-IN	2007	M08	August	57.1
SMU21311403000000006	Kentucky	Louisville/Jefferson County, KY-IN	2007	M07	July	54.2
SMU21311403000000006	Kentucky	Louisville/Jefferson County, KY-IN	2007	M06	June	61.0
SMU21311403000000006	Kentucky	Louisville/Jefferson County, KY-IN	2007	M05	May	59.5
SMU21311403000000006	Kentucky	Louisville/Jefferson County, KY-IN	2007	M04	April	61.2
SMU21311403000000006	Kentucky	Louisville/Jefferson County, KY-IN	2007	M03	March	58.4
SMU21311403000000006	Kentucky	Louisville/Jefferson County, KY-IN	2007	M02	February	60.9
SMU21311403000000006	Kentucky	Louisville/Jefferson County, KY-IN	2007	M01	January	61.4
SMU48264203000000006	Texas	Houston-Pasadena-The Woodlands, TX	2025	M12	December	166.0
SMU48264203000000006	Texas	Houston-Pasadena-The Woodlands, TX	2025	M11	November	164.0
SMU48264203000000006	Texas	Houston-Pasadena-The Woodlands, TX	2025	M10	October	165.6
SMU48264203000000006	Texas	Houston-Pasadena-The Woodlands, TX	2025	M09	September	167.5
SMU48264203000000006	Texas	Houston-Pasadena-The Woodlands, TX	2025	M08	August	167.9
SMU48264203000000006	Texas	Houston-Pasadena-The Woodlands, TX	2025	M07	July	166.9
SMU48264203000000006	Texas	Houston-Pasadena-The Woodlands, TX	2025	M06	June	167.7
SMU48264203000000006	Texas	Houston-Pasadena-The Woodlands, TX	2025	M05	May	167.7
SMU48264203000000006	Texas	Houston-Pasadena-The Woodlands, TX	2025	M04	April	167.5
SMU48264203000000006	Texas	Houston-Pasadena-The Woodlands, TX	2025	M03	March	166.6
SMU48264203000000006	Texas	Houston-Pasadena-The Woodlands, TX	2025	M02	February	166.5
SMU48264203000000006	Texas	Houston-Pasadena-The Woodlands, TX	2025	M01	January	167.0
SMU48264203000000006	Texas	Houston-Pasadena-The Woodlands, TX	2024	M12	December	167.8
SMU48264203000000006	Texas	Houston-Pasadena-The Woodlands, TX	2024	M11	November	168.5
SMU48264203000000006	Texas	Houston-Pasadena-The Woodlands, TX	2024	M10	October	167.1
SMU48264203000000006	Texas	Houston-Pasadena-The Woodlands, TX	2024	M09	September	166.2
SMU48264203000000006	Texas	Houston-Pasadena-The Woodlands, TX	2024	M08	August	166.3
SMU48264203000000006	Texas	Houston-Pasadena-The Woodlands, TX	2024	M07	July	165.6
SMU48264203000000006	Texas	Houston-Pasadena-The Woodlands, TX	2024	M06	June	167.3
SMU48264203000000006	Texas	Houston-Pasadena-The Woodlands, TX	2024	M05	May	165.1
SMU48264203000000006	Texas	Houston-Pasadena-The Woodlands, TX	2024	M04	April	164.2
SMU48264203000000006	Texas	Houston-Pasadena-The Woodlands, TX	2024	M03	March	163.3
SMU48264203000000006	Texas	Houston-Pasadena-The Woodlands, TX	2024	M02	February	161.7
SMU48264203000000006	Texas	Houston-Pasadena-The Woodlands, TX	2024	M01	January	159.8
SMU48264203000000006	Texas	Houston-Pasadena-The Woodlands, TX	2023	M12	December	158.8
SMU48264203000000006	Texas	Houston-Pasadena-The Woodlands, TX	2023	M11	November	159.6
SMU48264203000000006	Texas	Houston-Pasadena-The Woodlands, TX	2023	M10	October	162.3
SMU48264203000000006	Texas	Houston-Pasadena-The Woodlands, TX	2023	M09	September	161.3
SMU48264203000000006	Texas	Houston-Pasadena-The Woodlands, TX	2023	M08	August	160.8
SMU48264203000000006	Texas	Houston-Pasadena-The Woodlands, TX	2023	M07	July	160.8
SMU48264203000000006	Texas	Houston-Pasadena-The Woodlands, TX	2023	M06	June	162.8
SMU48264203000000006	Texas	Houston-Pasadena-The Woodlands, TX	2023	M05	May	159.7
SMU48264203000000006	Texas	Houston-Pasadena-The Woodlands, TX	2023	M04	April	159.1
SMU48264203000000006	Texas	Houston-Pasadena-The Woodlands, TX	2023	M03	March	157.0
SMU48264203000000006	Texas	Houston-Pasadena-The Woodlands, TX	2023	M02	February	155.5
SMU48264203000000006	Texas	Houston-Pasadena-The Woodlands, TX	2023	M01	January	157.1
SMU48264203000000006	Texas	Houston-Pasadena-The Woodlands, TX	2022	M12	December	162.0
SMU48264203000000006	Texas	Houston-Pasadena-The Woodlands, TX	2022	M11	November	162.7
SMU48264203000000006	Texas	Houston-Pasadena-The Woodlands, TX	2022	M10	October	161.8
SMU48264203000000006	Texas	Houston-Pasadena-The Woodlands, TX	2022	M09	September	161.2
SMU48264203000000006	Texas	Houston-Pasadena-The Woodlands, TX	2022	M08	August	161.1
SMU48264203000000006	Texas	Houston-Pasadena-The Woodlands, TX	2022	M07	July	157.6
SMU48264203000000006	Texas	Houston-Pasadena-The Woodlands, TX	2022	M06	June	155.7
SMU48264203000000006	Texas	Houston-Pasadena-The Woodlands, TX	2022	M05	May	153.5
SMU48264203000000006	Texas	Houston-Pasadena-The Woodlands, TX	2022	M04	April	153.5
SMU48264203000000006	Texas	Houston-Pasadena-The Woodlands, TX	2022	M03	March	150.1
SMU48264203000000006	Texas	Houston-Pasadena-The Woodlands, TX	2022	M02	February	147.6
SMU48264203000000006	Texas	Houston-Pasadena-The Woodlands, TX	2022	M01	January	143.1
SMU48264203000000006	Texas	Houston-Pasadena-The Woodlands, TX	2021	M12	December	145.7
SMU48264203000000006	Texas	Houston-Pasadena-The Woodlands, TX	2021	M11	November	143.7
SMU48264203000000006	Texas	Houston-Pasadena-The Woodlands, TX	2021	M10	October	141.0
SMU48264203000000006	Texas	Houston-Pasadena-The Woodlands, TX	2021	M09	September	137.8
SMU48264203000000006	Texas	Houston-Pasadena-The Woodlands, TX	2021	M08	August	137.5
SMU48264203000000006	Texas	Houston-Pasadena-The Woodlands, TX	2021	M07	July	135.6
SMU48264203000000006	Texas	Houston-Pasadena-The Woodlands, TX	2021	M06	June	133.6
SMU48264203000000006	Texas	Houston-Pasadena-The Woodlands, TX	2021	M05	May	131.5
SMU48264203000000006	Texas	Houston-Pasadena-The Woodlands, TX	2021	M04	April	134.8
SMU48264203000000006	Texas	Houston-Pasadena-The Woodlands, TX	2021	M03	March	135.4
SMU48264203000000006	Texas	Houston-Pasadena-The Woodlands, TX	2021	M02	February	135.0
SMU48264203000000006	Texas	Houston-Pasadena-The Woodlands, TX	2021	M01	January	135.9
SMU48264203000000006	Texas	Houston-Pasadena-The Woodlands, TX	2020	M12	December	139.8
SMU48264203000000006	Texas	Houston-Pasadena-The Woodlands, TX	2020	M11	November	140.8
SMU48264203000000006	Texas	Houston-Pasadena-The Woodlands, TX	2020	M10	October	141.8
SMU48264203000000006	Texas	Houston-Pasadena-The Woodlands, TX	2020	M09	September	143.1
SMU48264203000000006	Texas	Houston-Pasadena-The Woodlands, TX	2020	M08	August	141.0
SMU48264203000000006	Texas	Houston-Pasadena-The Woodlands, TX	2020	M07	July	146.9
SMU48264203000000006	Texas	Houston-Pasadena-The Woodlands, TX	2020	M06	June	151.3
SMU48264203000000006	Texas	Houston-Pasadena-The Woodlands, TX	2020	M05	May	151.9
SMU48264203000000006	Texas	Houston-Pasadena-The Woodlands, TX	2020	M04	April	159.9
SMU48264203000000006	Texas	Houston-Pasadena-The Woodlands, TX	2020	M03	March	168.0
SMU48264203000000006	Texas	Houston-Pasadena-The Woodlands, TX	2020	M02	February	170.7
SMU48264203000000006	Texas	Houston-Pasadena-The Woodlands, TX	2020	M01	January	171.3
SMU48264203000000006	Texas	Houston-Pasadena-The Woodlands, TX	2019	M12	December	176.5
SMU48264203000000006	Texas	Houston-Pasadena-The Woodlands, TX	2019	M11	November	172.9
SMU48264203000000006	Texas	Houston-Pasadena-The Woodlands, TX	2019	M10	October	173.8
SMU48264203000000006	Texas	Houston-Pasadena-The Woodlands, TX	2019	M09	September	174.9
SMU48264203000000006	Texas	Houston-Pasadena-The Woodlands, TX	2019	M08	August	174.0
SMU48264203000000006	Texas	Houston-Pasadena-The Woodlands, TX	2019	M07	July	174.1
SMU48264203000000006	Texas	Houston-Pasadena-The Woodlands, TX	2019	M06	June	173.7
SMU48264203000000006	Texas	Houston-Pasadena-The Woodlands, TX	2019	M05	May	171.9
SMU48264203000000006	Texas	Houston-Pasadena-The Woodlands, TX	2019	M04	April	171.8
SMU48264203000000006	Texas	Houston-Pasadena-The Woodlands, TX	2019	M03	March	172.4
SMU48264203000000006	Texas	Houston-Pasadena-The Woodlands, TX	2019	M02	February	171.9
SMU48264203000000006	Texas	Houston-Pasadena-The Woodlands, TX	2019	M01	January	169.2
SMU48264203000000006	Texas	Houston-Pasadena-The Woodlands, TX	2018	M12	December	169.6
SMU48264203000000006	Texas	Houston-Pasadena-The Woodlands, TX	2018	M11	November	168.8
SMU48264203000000006	Texas	Houston-Pasadena-The Woodlands, TX	2018	M10	October	170.8
SMU48264203000000006	Texas	Houston-Pasadena-The Woodlands, TX	2018	M09	September	168.8
SMU48264203000000006	Texas	Houston-Pasadena-The Woodlands, TX	2018	M08	August	166.7
SMU48264203000000006	Texas	Houston-Pasadena-The Woodlands, TX	2018	M07	July	166.2
SMU48264203000000006	Texas	Houston-Pasadena-The Woodlands, TX	2018	M06	June	166.5
SMU48264203000000006	Texas	Houston-Pasadena-The Woodlands, TX	2018	M05	May	163.8
SMU48264203000000006	Texas	Houston-Pasadena-The Woodlands, TX	2018	M04	April	161.2
SMU48264203000000006	Texas	Houston-Pasadena-The Woodlands, TX	2018	M03	March	160.6
SMU48264203000000006	Texas	Houston-Pasadena-The Woodlands, TX	2018	M02	February	160.5
SMU48264203000000006	Texas	Houston-Pasadena-The Woodlands, TX	2018	M01	January	159.4
SMU48264203000000006	Texas	Houston-Pasadena-The Woodlands, TX	2017	M12	December	161.1
SMU48264203000000006	Texas	Houston-Pasadena-The Woodlands, TX	2017	M11	November	160.5
SMU48264203000000006	Texas	Houston-Pasadena-The Woodlands, TX	2017	M10	October	161.7
SMU48264203000000006	Texas	Houston-Pasadena-The Woodlands, TX	2017	M09	September	160.0
SMU48264203000000006	Texas	Houston-Pasadena-The Woodlands, TX	2017	M08	August	161.4
SMU48264203000000006	Texas	Houston-Pasadena-The Woodlands, TX	2017	M07	July	158.3
SMU48264203000000006	Texas	Houston-Pasadena-The Woodlands, TX	2017	M06	June	156.7
SMU48264203000000006	Texas	Houston-Pasadena-The Woodlands, TX	2017	M05	May	155.1
SMU48264203000000006	Texas	Houston-Pasadena-The Woodlands, TX	2017	M04	April	153.9
SMU48264203000000006	Texas	Houston-Pasadena-The Woodlands, TX	2017	M03	March	155.7
SMU48264203000000006	Texas	Houston-Pasadena-The Woodlands, TX	2017	M02	February	152.3
SMU48264203000000006	Texas	Houston-Pasadena-The Woodlands, TX	2017	M01	January	152.0
SMU48264203000000006	Texas	Houston-Pasadena-The Woodlands, TX	2016	M12	December	150.5
SMU48264203000000006	Texas	Houston-Pasadena-The Woodlands, TX	2016	M11	November	148.4
SMU48264203000000006	Texas	Houston-Pasadena-The Woodlands, TX	2016	M10	October	149.0
SMU48264203000000006	Texas	Houston-Pasadena-The Woodlands, TX	2016	M09	September	150.9
SMU48264203000000006	Texas	Houston-Pasadena-The Woodlands, TX	2016	M08	August	151.5
SMU48264203000000006	Texas	Houston-Pasadena-The Woodlands, TX	2016	M07	July	152.8
SMU48264203000000006	Texas	Houston-Pasadena-The Woodlands, TX	2016	M06	June	153.0
SMU48264203000000006	Texas	Houston-Pasadena-The Woodlands, TX	2016	M05	May	153.5
SMU48264203000000006	Texas	Houston-Pasadena-The Woodlands, TX	2016	M04	April	153.8
SMU48264203000000006	Texas	Houston-Pasadena-The Woodlands, TX	2016	M03	March	157.4
SMU48264203000000006	Texas	Houston-Pasadena-The Woodlands, TX	2016	M02	February	160.2
SMU48264203000000006	Texas	Houston-Pasadena-The Woodlands, TX	2016	M01	January	160.0
SMU48264203000000006	Texas	Houston-Pasadena-The Woodlands, TX	2015	M12	December	160.2
SMU48264203000000006	Texas	Houston-Pasadena-The Woodlands, TX	2015	M11	November	161.1
SMU48264203000000006	Texas	Houston-Pasadena-The Woodlands, TX	2015	M10	October	162.4
SMU48264203000000006	Texas	Houston-Pasadena-The Woodlands, TX	2015	M09	September	164.9
SMU48264203000000006	Texas	Houston-Pasadena-The Woodlands, TX	2015	M08	August	167.3
SMU48264203000000006	Texas	Houston-Pasadena-The Woodlands, TX	2015	M07	July	171.0
SMU48264203000000006	Texas	Houston-Pasadena-The Woodlands, TX	2015	M06	June	173.7
SMU48264203000000006	Texas	Houston-Pasadena-The Woodlands, TX	2015	M05	May	175.1
SMU48264203000000006	Texas	Houston-Pasadena-The Woodlands, TX	2015	M04	April	175.6
SMU48264203000000006	Texas	Houston-Pasadena-The Woodlands, TX	2015	M03	March	179.6
SMU48264203000000006	Texas	Houston-Pasadena-The Woodlands, TX	2015	M02	February	181.9
SMU48264203000000006	Texas	Houston-Pasadena-The Woodlands, TX	2015	M01	January	180.5
SMU48264203000000006	Texas	Houston-Pasadena-The Woodlands, TX	2014	M12	December	183.3
SMU48264203000000006	Texas	Houston-Pasadena-The Woodlands, TX	2014	M11	November	185.3
SMU48264203000000006	Texas	Houston-Pasadena-The Woodlands, TX	2014	M10	October	181.3
SMU48264203000000006	Texas	Houston-Pasadena-The Woodlands, TX	2014	M09	September	180.7
SMU48264203000000006	Texas	Houston-Pasadena-The Woodlands, TX	2014	M08	August	179.8
SMU48264203000000006	Texas	Houston-Pasadena-The Woodlands, TX	2014	M07	July	180.4
SMU48264203000000006	Texas	Houston-Pasadena-The Woodlands, TX	2014	M06	June	179.2
SMU48264203000000006	Texas	Houston-Pasadena-The Woodlands, TX	2014	M05	May	174.1
SMU48264203000000006	Texas	Houston-Pasadena-The Woodlands, TX	2014	M04	April	172.1
SMU48264203000000006	Texas	Houston-Pasadena-The Woodlands, TX	2014	M03	March	173.3
SMU48264203000000006	Texas	Houston-Pasadena-The Woodlands, TX	2014	M02	February	174.3
SMU48264203000000006	Texas	Houston-Pasadena-The Woodlands, TX	2014	M01	January	172.7
SMU48264203000000006	Texas	Houston-Pasadena-The Woodlands, TX	2013	M12	December	173.2
SMU48264203000000006	Texas	Houston-Pasadena-The Woodlands, TX	2013	M11	November	170.2
SMU48264203000000006	Texas	Houston-Pasadena-The Woodlands, TX	2013	M10	October	169.6
SMU48264203000000006	Texas	Houston-Pasadena-The Woodlands, TX	2013	M09	September	168.3
SMU48264203000000006	Texas	Houston-Pasadena-The Woodlands, TX	2013	M08	August	165.2
SMU48264203000000006	Texas	Houston-Pasadena-The Woodlands, TX	2013	M07	July	163.3
SMU48264203000000006	Texas	Houston-Pasadena-The Woodlands, TX	2013	M06	June	163.9
SMU48264203000000006	Texas	Houston-Pasadena-The Woodlands, TX	2013	M05	May	161.8
SMU48264203000000006	Texas	Houston-Pasadena-The Woodlands, TX	2013	M04	April	161.5
SMU48264203000000006	Texas	Houston-Pasadena-The Woodlands, TX	2013	M03	March	159.2
SMU48264203000000006	Texas	Houston-Pasadena-The Woodlands, TX	2013	M02	February	159.7
SMU48264203000000006	Texas	Houston-Pasadena-The Woodlands, TX	2013	M01	January	156.2
SMU48264203000000006	Texas	Houston-Pasadena-The Woodlands, TX	2012	M12	December	156.5
SMU48264203000000006	Texas	Houston-Pasadena-The Woodlands, TX	2012	M11	November	157.0
SMU48264203000000006	Texas	Houston-Pasadena-The Woodlands, TX	2012	M10	October	157.3
SMU48264203000000006	Texas	Houston-Pasadena-The Woodlands, TX	2012	M09	September	156.1
SMU48264203000000006	Texas	Houston-Pasadena-The Woodlands, TX	2012	M08	August	156.5
SMU48264203000000006	Texas	Houston-Pasadena-The Woodlands, TX	2012	M07	July	156.6
SMU48264203000000006	Texas	Houston-Pasadena-The Woodlands, TX	2012	M06	June	158.0
SMU48264203000000006	Texas	Houston-Pasadena-The Woodlands, TX	2012	M05	May	155.5
SMU48264203000000006	Texas	Houston-Pasadena-The Woodlands, TX	2012	M04	April	153.7
SMU48264203000000006	Texas	Houston-Pasadena-The Woodlands, TX	2012	M03	March	153.1
SMU48264203000000006	Texas	Houston-Pasadena-The Woodlands, TX	2012	M02	February	151.9
SMU48264203000000006	Texas	Houston-Pasadena-The Woodlands, TX	2012	M01	January	149.4
SMU48264203000000006	Texas	Houston-Pasadena-The Woodlands, TX	2011	M12	December	150.0
SMU48264203000000006	Texas	Houston-Pasadena-The Woodlands, TX	2011	M11	November	146.9
SMU48264203000000006	Texas	Houston-Pasadena-The Woodlands, TX	2011	M10	October	145.8
SMU48264203000000006	Texas	Houston-Pasadena-The Woodlands, TX	2011	M09	September	144.9
SMU48264203000000006	Texas	Houston-Pasadena-The Woodlands, TX	2011	M08	August	145.1
SMU48264203000000006	Texas	Houston-Pasadena-The Woodlands, TX	2011	M07	July	146.2
SMU48264203000000006	Texas	Houston-Pasadena-The Woodlands, TX	2011	M06	June	146.5
SMU48264203000000006	Texas	Houston-Pasadena-The Woodlands, TX	2011	M05	May	144.3
SMU48264203000000006	Texas	Houston-Pasadena-The Woodlands, TX	2011	M04	April	144.3
SMU48264203000000006	Texas	Houston-Pasadena-The Woodlands, TX	2011	M03	March	143.7
SMU48264203000000006	Texas	Houston-Pasadena-The Woodlands, TX	2011	M02	February	143.6
SMU48264203000000006	Texas	Houston-Pasadena-The Woodlands, TX	2011	M01	January	140.2
SMU48264203000000006	Texas	Houston-Pasadena-The Woodlands, TX	2010	M12	December	139.5
SMU48264203000000006	Texas	Houston-Pasadena-The Woodlands, TX	2010	M11	November	140.5
SMU48264203000000006	Texas	Houston-Pasadena-The Woodlands, TX	2010	M10	October	140.4
SMU48264203000000006	Texas	Houston-Pasadena-The Woodlands, TX	2010	M09	September	141.4
SMU48264203000000006	Texas	Houston-Pasadena-The Woodlands, TX	2010	M08	August	140.3
SMU48264203000000006	Texas	Houston-Pasadena-The Woodlands, TX	2010	M07	July	140.2
SMU48264203000000006	Texas	Houston-Pasadena-The Woodlands, TX	2010	M06	June	139.8
SMU48264203000000006	Texas	Houston-Pasadena-The Woodlands, TX	2010	M05	May	137.9
SMU48264203000000006	Texas	Houston-Pasadena-The Woodlands, TX	2010	M04	April	138.4
SMU48264203000000006	Texas	Houston-Pasadena-The Woodlands, TX	2010	M03	March	132.6
SMU48264203000000006	Texas	Houston-Pasadena-The Woodlands, TX	2010	M02	February	131.1
SMU48264203000000006	Texas	Houston-Pasadena-The Woodlands, TX	2010	M01	January	129.6
SMU48264203000000006	Texas	Houston-Pasadena-The Woodlands, TX	2009	M12	December	130.8
SMU48264203000000006	Texas	Houston-Pasadena-The Woodlands, TX	2009	M11	November	132.5
SMU48264203000000006	Texas	Houston-Pasadena-The Woodlands, TX	2009	M10	October	133.3
SMU48264203000000006	Texas	Houston-Pasadena-The Woodlands, TX	2009	M09	September	137.1
SMU48264203000000006	Texas	Houston-Pasadena-The Woodlands, TX	2009	M08	August	138.1
SMU48264203000000006	Texas	Houston-Pasadena-The Woodlands, TX	2009	M07	July	139.5
SMU48264203000000006	Texas	Houston-Pasadena-The Woodlands, TX	2009	M06	June	141.5
SMU48264203000000006	Texas	Houston-Pasadena-The Woodlands, TX	2009	M05	May	142.6
SMU48264203000000006	Texas	Houston-Pasadena-The Woodlands, TX	2009	M04	April	145.1
SMU48264203000000006	Texas	Houston-Pasadena-The Woodlands, TX	2009	M03	March	148.6
SMU48264203000000006	Texas	Houston-Pasadena-The Woodlands, TX	2009	M02	February	151.3
SMU48264203000000006	Texas	Houston-Pasadena-The Woodlands, TX	2009	M01	January	152.9
SMU48264203000000006	Texas	Houston-Pasadena-The Woodlands, TX	2008	M12	December	153.5
SMU48264203000000006	Texas	Houston-Pasadena-The Woodlands, TX	2008	M11	November	152.7
SMU48264203000000006	Texas	Houston-Pasadena-The Woodlands, TX	2008	M10	October	153.5
SMU48264203000000006	Texas	Houston-Pasadena-The Woodlands, TX	2008	M09	September	153.7
SMU48264203000000006	Texas	Houston-Pasadena-The Woodlands, TX	2008	M08	August	152.3
SMU48264203000000006	Texas	Houston-Pasadena-The Woodlands, TX	2008	M07	July	150.8
SMU48264203000000006	Texas	Houston-Pasadena-The Woodlands, TX	2008	M06	June	149.9
SMU48264203000000006	Texas	Houston-Pasadena-The Woodlands, TX	2008	M05	May	147.5
SMU48264203000000006	Texas	Houston-Pasadena-The Woodlands, TX	2008	M04	April	145.5
SMU48264203000000006	Texas	Houston-Pasadena-The Woodlands, TX	2008	M03	March	144.9
SMU48264203000000006	Texas	Houston-Pasadena-The Woodlands, TX	2008	M02	February	144.5
SMU48264203000000006	Texas	Houston-Pasadena-The Woodlands, TX	2008	M01	January	144.1
SMU48264203000000006	Texas	Houston-Pasadena-The Woodlands, TX	2007	M12	December	138.4
SMU48264203000000006	Texas	Houston-Pasadena-The Woodlands, TX	2007	M11	November	137.6
SMU48264203000000006	Texas	Houston-Pasadena-The Woodlands, TX	2007	M10	October	139.8
SMU48264203000000006	Texas	Houston-Pasadena-The Woodlands, TX	2007	M09	September	139.0
SMU48264203000000006	Texas	Houston-Pasadena-The Woodlands, TX	2007	M08	August	136.7
SMU48264203000000006	Texas	Houston-Pasadena-The Woodlands, TX	2007	M07	July	135.5
SMU48264203000000006	Texas	Houston-Pasadena-The Woodlands, TX	2007	M06	June	135.4
SMU48264203000000006	Texas	Houston-Pasadena-The Woodlands, TX	2007	M05	May	133.2
SMU48264203000000006	Texas	Houston-Pasadena-The Woodlands, TX	2007	M04	April	131.9
SMU48264203000000006	Texas	Houston-Pasadena-The Woodlands, TX	2007	M03	March	132.6
SMU48264203000000006	Texas	Houston-Pasadena-The Woodlands, TX	2007	M02	February	133.5
SMU48264203000000006	Texas	Houston-Pasadena-The Woodlands, TX	2007	M01	January	133.9
SMU41389003000000006	Oregon	Portland-Vancouver-Hillsboro, OR-WA	2025	M12	December	83.4
SMU41389003000000006	Oregon	Portland-Vancouver-Hillsboro, OR-WA	2025	M11	November	83.3
SMU41389003000000006	Oregon	Portland-Vancouver-Hillsboro, OR-WA	2025	M10	October	83.4
SMU41389003000000006	Oregon	Portland-Vancouver-Hillsboro, OR-WA	2025	M09	September	83.8
SMU41389003000000006	Oregon	Portland-Vancouver-Hillsboro, OR-WA	2025	M08	August	83.7
SMU41389003000000006	Oregon	Portland-Vancouver-Hillsboro, OR-WA	2025	M07	July	84.9
SMU41389003000000006	Oregon	Portland-Vancouver-Hillsboro, OR-WA	2025	M06	June	84.4
SMU41389003000000006	Oregon	Portland-Vancouver-Hillsboro, OR-WA	2025	M05	May	85.0
SMU41389003000000006	Oregon	Portland-Vancouver-Hillsboro, OR-WA	2025	M04	April	84.7
SMU41389003000000006	Oregon	Portland-Vancouver-Hillsboro, OR-WA	2025	M03	March	84.8
SMU41389003000000006	Oregon	Portland-Vancouver-Hillsboro, OR-WA	2025	M02	February	84.3
SMU41389003000000006	Oregon	Portland-Vancouver-Hillsboro, OR-WA	2025	M01	January	84.0
SMU41389003000000006	Oregon	Portland-Vancouver-Hillsboro, OR-WA	2024	M12	December	84.4
SMU41389003000000006	Oregon	Portland-Vancouver-Hillsboro, OR-WA	2024	M11	November	86.0
SMU41389003000000006	Oregon	Portland-Vancouver-Hillsboro, OR-WA	2024	M10	October	85.9
SMU41389003000000006	Oregon	Portland-Vancouver-Hillsboro, OR-WA	2024	M09	September	86.9
SMU41389003000000006	Oregon	Portland-Vancouver-Hillsboro, OR-WA	2024	M08	August	87.0
SMU41389003000000006	Oregon	Portland-Vancouver-Hillsboro, OR-WA	2024	M07	July	86.5
SMU41389003000000006	Oregon	Portland-Vancouver-Hillsboro, OR-WA	2024	M06	June	87.6
SMU41389003000000006	Oregon	Portland-Vancouver-Hillsboro, OR-WA	2024	M05	May	86.1
SMU41389003000000006	Oregon	Portland-Vancouver-Hillsboro, OR-WA	2024	M04	April	85.6
SMU41389003000000006	Oregon	Portland-Vancouver-Hillsboro, OR-WA	2024	M03	March	84.9
SMU41389003000000006	Oregon	Portland-Vancouver-Hillsboro, OR-WA	2024	M02	February	84.0
SMU41389003000000006	Oregon	Portland-Vancouver-Hillsboro, OR-WA	2024	M01	January	83.7
SMU41389003000000006	Oregon	Portland-Vancouver-Hillsboro, OR-WA	2023	M12	December	84.2
SMU41389003000000006	Oregon	Portland-Vancouver-Hillsboro, OR-WA	2023	M11	November	84.4
SMU41389003000000006	Oregon	Portland-Vancouver-Hillsboro, OR-WA	2023	M10	October	83.9
SMU41389003000000006	Oregon	Portland-Vancouver-Hillsboro, OR-WA	2023	M09	September	84.6
SMU41389003000000006	Oregon	Portland-Vancouver-Hillsboro, OR-WA	2023	M08	August	84.9
SMU41389003000000006	Oregon	Portland-Vancouver-Hillsboro, OR-WA	2023	M07	July	84.9
SMU41389003000000006	Oregon	Portland-Vancouver-Hillsboro, OR-WA	2023	M06	June	85.5
SMU41389003000000006	Oregon	Portland-Vancouver-Hillsboro, OR-WA	2023	M05	May	84.9
SMU41389003000000006	Oregon	Portland-Vancouver-Hillsboro, OR-WA	2023	M04	April	84.7
SMU41389003000000006	Oregon	Portland-Vancouver-Hillsboro, OR-WA	2023	M03	March	84.6
SMU41389003000000006	Oregon	Portland-Vancouver-Hillsboro, OR-WA	2023	M02	February	84.8
SMU41389003000000006	Oregon	Portland-Vancouver-Hillsboro, OR-WA	2023	M01	January	84.1
SMU41389003000000006	Oregon	Portland-Vancouver-Hillsboro, OR-WA	2022	M12	December	84.1
SMU41389003000000006	Oregon	Portland-Vancouver-Hillsboro, OR-WA	2022	M11	November	84.2
SMU41389003000000006	Oregon	Portland-Vancouver-Hillsboro, OR-WA	2022	M10	October	85.1
SMU41389003000000006	Oregon	Portland-Vancouver-Hillsboro, OR-WA	2022	M09	September	84.5
SMU41389003000000006	Oregon	Portland-Vancouver-Hillsboro, OR-WA	2022	M08	August	84.7
SMU41389003000000006	Oregon	Portland-Vancouver-Hillsboro, OR-WA	2022	M07	July	84.5
SMU41389003000000006	Oregon	Portland-Vancouver-Hillsboro, OR-WA	2022	M06	June	83.1
SMU41389003000000006	Oregon	Portland-Vancouver-Hillsboro, OR-WA	2022	M05	May	83.3
SMU41389003000000006	Oregon	Portland-Vancouver-Hillsboro, OR-WA	2022	M04	April	83.6
SMU41389003000000006	Oregon	Portland-Vancouver-Hillsboro, OR-WA	2022	M03	March	82.4
SMU41389003000000006	Oregon	Portland-Vancouver-Hillsboro, OR-WA	2022	M02	February	81.2
SMU41389003000000006	Oregon	Portland-Vancouver-Hillsboro, OR-WA	2022	M01	January	80.4
SMU41389003000000006	Oregon	Portland-Vancouver-Hillsboro, OR-WA	2021	M12	December	79.9
SMU41389003000000006	Oregon	Portland-Vancouver-Hillsboro, OR-WA	2021	M11	November	80.7
SMU41389003000000006	Oregon	Portland-Vancouver-Hillsboro, OR-WA	2021	M10	October	79.9
SMU41389003000000006	Oregon	Portland-Vancouver-Hillsboro, OR-WA	2021	M09	September	79.5
SMU41389003000000006	Oregon	Portland-Vancouver-Hillsboro, OR-WA	2021	M08	August	80.4
SMU41389003000000006	Oregon	Portland-Vancouver-Hillsboro, OR-WA	2021	M07	July	80.3
SMU41389003000000006	Oregon	Portland-Vancouver-Hillsboro, OR-WA	2021	M06	June	79.6
SMU41389003000000006	Oregon	Portland-Vancouver-Hillsboro, OR-WA	2021	M05	May	78.9
SMU41389003000000006	Oregon	Portland-Vancouver-Hillsboro, OR-WA	2021	M04	April	77.4
SMU41389003000000006	Oregon	Portland-Vancouver-Hillsboro, OR-WA	2021	M03	March	78.9
SMU41389003000000006	Oregon	Portland-Vancouver-Hillsboro, OR-WA	2021	M02	February	78.6
SMU41389003000000006	Oregon	Portland-Vancouver-Hillsboro, OR-WA	2021	M01	January	78.2
SMU41389003000000006	Oregon	Portland-Vancouver-Hillsboro, OR-WA	2020	M12	December	77.6
SMU41389003000000006	Oregon	Portland-Vancouver-Hillsboro, OR-WA	2020	M11	November	77.6
SMU41389003000000006	Oregon	Portland-Vancouver-Hillsboro, OR-WA	2020	M10	October	78.1
SMU41389003000000006	Oregon	Portland-Vancouver-Hillsboro, OR-WA	2020	M09	September	77.7
SMU41389003000000006	Oregon	Portland-Vancouver-Hillsboro, OR-WA	2020	M08	August	78.5
SMU41389003000000006	Oregon	Portland-Vancouver-Hillsboro, OR-WA	2020	M07	July	78.4
SMU41389003000000006	Oregon	Portland-Vancouver-Hillsboro, OR-WA	2020	M06	June	77.8
SMU41389003000000006	Oregon	Portland-Vancouver-Hillsboro, OR-WA	2020	M05	May	76.6
SMU41389003000000006	Oregon	Portland-Vancouver-Hillsboro, OR-WA	2020	M04	April	77.1
SMU41389003000000006	Oregon	Portland-Vancouver-Hillsboro, OR-WA	2020	M03	March	83.4
SMU41389003000000006	Oregon	Portland-Vancouver-Hillsboro, OR-WA	2020	M02	February	84.3
SMU41389003000000006	Oregon	Portland-Vancouver-Hillsboro, OR-WA	2020	M01	January	84.4
SMU41389003000000006	Oregon	Portland-Vancouver-Hillsboro, OR-WA	2019	M12	December	85.4
SMU41389003000000006	Oregon	Portland-Vancouver-Hillsboro, OR-WA	2019	M11	November	86.1
SMU41389003000000006	Oregon	Portland-Vancouver-Hillsboro, OR-WA	2019	M10	October	87.0
SMU41389003000000006	Oregon	Portland-Vancouver-Hillsboro, OR-WA	2019	M09	September	86.7
SMU41389003000000006	Oregon	Portland-Vancouver-Hillsboro, OR-WA	2019	M08	August	86.7
SMU41389003000000006	Oregon	Portland-Vancouver-Hillsboro, OR-WA	2019	M07	July	86.8
SMU41389003000000006	Oregon	Portland-Vancouver-Hillsboro, OR-WA	2019	M06	June	86.8
SMU41389003000000006	Oregon	Portland-Vancouver-Hillsboro, OR-WA	2019	M05	May	86.7
SMU41389003000000006	Oregon	Portland-Vancouver-Hillsboro, OR-WA	2019	M04	April	87.3
SMU41389003000000006	Oregon	Portland-Vancouver-Hillsboro, OR-WA	2019	M03	March	87.0
SMU41389003000000006	Oregon	Portland-Vancouver-Hillsboro, OR-WA	2019	M02	February	87.3
SMU41389003000000006	Oregon	Portland-Vancouver-Hillsboro, OR-WA	2019	M01	January	88.0
SMU41389003000000006	Oregon	Portland-Vancouver-Hillsboro, OR-WA	2018	M12	December	88.2
SMU41389003000000006	Oregon	Portland-Vancouver-Hillsboro, OR-WA	2018	M11	November	87.9
SMU41389003000000006	Oregon	Portland-Vancouver-Hillsboro, OR-WA	2018	M10	October	88.2
SMU41389003000000006	Oregon	Portland-Vancouver-Hillsboro, OR-WA	2018	M09	September	87.3
SMU41389003000000006	Oregon	Portland-Vancouver-Hillsboro, OR-WA	2018	M08	August	85.5
SMU41389003000000006	Oregon	Portland-Vancouver-Hillsboro, OR-WA	2018	M07	July	86.3
SMU41389003000000006	Oregon	Portland-Vancouver-Hillsboro, OR-WA	2018	M06	June	85.9
SMU41389003000000006	Oregon	Portland-Vancouver-Hillsboro, OR-WA	2018	M05	May	85.6
SMU41389003000000006	Oregon	Portland-Vancouver-Hillsboro, OR-WA	2018	M04	April	85.5
SMU41389003000000006	Oregon	Portland-Vancouver-Hillsboro, OR-WA	2018	M03	March	85.4
SMU41389003000000006	Oregon	Portland-Vancouver-Hillsboro, OR-WA	2018	M02	February	85.6
SMU41389003000000006	Oregon	Portland-Vancouver-Hillsboro, OR-WA	2018	M01	January	85.4
SMU41389003000000006	Oregon	Portland-Vancouver-Hillsboro, OR-WA	2017	M12	December	86.3
SMU41389003000000006	Oregon	Portland-Vancouver-Hillsboro, OR-WA	2017	M11	November	85.9
SMU41389003000000006	Oregon	Portland-Vancouver-Hillsboro, OR-WA	2017	M10	October	86.4
SMU41389003000000006	Oregon	Portland-Vancouver-Hillsboro, OR-WA	2017	M09	September	86.0
SMU41389003000000006	Oregon	Portland-Vancouver-Hillsboro, OR-WA	2017	M08	August	86.0
SMU41389003000000006	Oregon	Portland-Vancouver-Hillsboro, OR-WA	2017	M07	July	85.5
SMU41389003000000006	Oregon	Portland-Vancouver-Hillsboro, OR-WA	2017	M06	June	84.8
SMU41389003000000006	Oregon	Portland-Vancouver-Hillsboro, OR-WA	2017	M05	May	84.6
SMU41389003000000006	Oregon	Portland-Vancouver-Hillsboro, OR-WA	2017	M04	April	83.8
SMU41389003000000006	Oregon	Portland-Vancouver-Hillsboro, OR-WA	2017	M03	March	83.7
SMU41389003000000006	Oregon	Portland-Vancouver-Hillsboro, OR-WA	2017	M02	February	83.4
SMU41389003000000006	Oregon	Portland-Vancouver-Hillsboro, OR-WA	2017	M01	January	82.8
SMU41389003000000006	Oregon	Portland-Vancouver-Hillsboro, OR-WA	2016	M12	December	83.9
SMU41389003000000006	Oregon	Portland-Vancouver-Hillsboro, OR-WA	2016	M11	November	84.2
SMU41389003000000006	Oregon	Portland-Vancouver-Hillsboro, OR-WA	2016	M10	October	85.3
SMU41389003000000006	Oregon	Portland-Vancouver-Hillsboro, OR-WA	2016	M09	September	85.6
SMU41389003000000006	Oregon	Portland-Vancouver-Hillsboro, OR-WA	2016	M08	August	86.1
SMU41389003000000006	Oregon	Portland-Vancouver-Hillsboro, OR-WA	2016	M07	July	86.1
SMU41389003000000006	Oregon	Portland-Vancouver-Hillsboro, OR-WA	2016	M06	June	85.8
SMU41389003000000006	Oregon	Portland-Vancouver-Hillsboro, OR-WA	2016	M05	May	85.7
SMU41389003000000006	Oregon	Portland-Vancouver-Hillsboro, OR-WA	2016	M04	April	85.1
SMU41389003000000006	Oregon	Portland-Vancouver-Hillsboro, OR-WA	2016	M03	March	85.5
SMU41389003000000006	Oregon	Portland-Vancouver-Hillsboro, OR-WA	2016	M02	February	85.3
SMU41389003000000006	Oregon	Portland-Vancouver-Hillsboro, OR-WA	2016	M01	January	84.9
SMU41389003000000006	Oregon	Portland-Vancouver-Hillsboro, OR-WA	2015	M12	December	86.0
SMU41389003000000006	Oregon	Portland-Vancouver-Hillsboro, OR-WA	2015	M11	November	86.2
SMU41389003000000006	Oregon	Portland-Vancouver-Hillsboro, OR-WA	2015	M10	October	87.3
SMU41389003000000006	Oregon	Portland-Vancouver-Hillsboro, OR-WA	2015	M09	September	88.6
SMU41389003000000006	Oregon	Portland-Vancouver-Hillsboro, OR-WA	2015	M08	August	87.7
SMU41389003000000006	Oregon	Portland-Vancouver-Hillsboro, OR-WA	2015	M07	July	87.6
SMU41389003000000006	Oregon	Portland-Vancouver-Hillsboro, OR-WA	2015	M06	June	86.6
SMU41389003000000006	Oregon	Portland-Vancouver-Hillsboro, OR-WA	2015	M05	May	85.4
SMU41389003000000006	Oregon	Portland-Vancouver-Hillsboro, OR-WA	2015	M04	April	85.5
SMU41389003000000006	Oregon	Portland-Vancouver-Hillsboro, OR-WA	2015	M03	March	85.0
SMU41389003000000006	Oregon	Portland-Vancouver-Hillsboro, OR-WA	2015	M02	February	85.0
SMU41389003000000006	Oregon	Portland-Vancouver-Hillsboro, OR-WA	2015	M01	January	84.5
SMU41389003000000006	Oregon	Portland-Vancouver-Hillsboro, OR-WA	2014	M12	December	84.9
SMU41389003000000006	Oregon	Portland-Vancouver-Hillsboro, OR-WA	2014	M11	November	85.1
SMU41389003000000006	Oregon	Portland-Vancouver-Hillsboro, OR-WA	2014	M10	October	85.1
SMU41389003000000006	Oregon	Portland-Vancouver-Hillsboro, OR-WA	2014	M09	September	85.0
SMU41389003000000006	Oregon	Portland-Vancouver-Hillsboro, OR-WA	2014	M08	August	85.4
SMU41389003000000006	Oregon	Portland-Vancouver-Hillsboro, OR-WA	2014	M07	July	85.7
SMU41389003000000006	Oregon	Portland-Vancouver-Hillsboro, OR-WA	2014	M06	June	84.3
SMU41389003000000006	Oregon	Portland-Vancouver-Hillsboro, OR-WA	2014	M05	May	83.5
SMU41389003000000006	Oregon	Portland-Vancouver-Hillsboro, OR-WA	2014	M04	April	83.0
SMU41389003000000006	Oregon	Portland-Vancouver-Hillsboro, OR-WA	2014	M03	March	82.2
SMU41389003000000006	Oregon	Portland-Vancouver-Hillsboro, OR-WA	2014	M02	February	81.9
SMU41389003000000006	Oregon	Portland-Vancouver-Hillsboro, OR-WA	2014	M01	January	81.4
SMU41389003000000006	Oregon	Portland-Vancouver-Hillsboro, OR-WA	2013	M12	December	81.2
SMU41389003000000006	Oregon	Portland-Vancouver-Hillsboro, OR-WA	2013	M11	November	81.2
SMU41389003000000006	Oregon	Portland-Vancouver-Hillsboro, OR-WA	2013	M10	October	81.7
SMU41389003000000006	Oregon	Portland-Vancouver-Hillsboro, OR-WA	2013	M09	September	81.4
SMU41389003000000006	Oregon	Portland-Vancouver-Hillsboro, OR-WA	2013	M08	August	81.2
SMU41389003000000006	Oregon	Portland-Vancouver-Hillsboro, OR-WA	2013	M07	July	81.1
SMU41389003000000006	Oregon	Portland-Vancouver-Hillsboro, OR-WA	2013	M06	June	80.5
SMU41389003000000006	Oregon	Portland-Vancouver-Hillsboro, OR-WA	2013	M05	May	79.3
SMU41389003000000006	Oregon	Portland-Vancouver-Hillsboro, OR-WA	2013	M04	April	79.0
SMU41389003000000006	Oregon	Portland-Vancouver-Hillsboro, OR-WA	2013	M03	March	78.6
SMU41389003000000006	Oregon	Portland-Vancouver-Hillsboro, OR-WA	2013	M02	February	78.6
SMU41389003000000006	Oregon	Portland-Vancouver-Hillsboro, OR-WA	2013	M01	January	77.9
SMU41389003000000006	Oregon	Portland-Vancouver-Hillsboro, OR-WA	2012	M12	December	77.7
SMU41389003000000006	Oregon	Portland-Vancouver-Hillsboro, OR-WA	2012	M11	November	78.4
SMU41389003000000006	Oregon	Portland-Vancouver-Hillsboro, OR-WA	2012	M10	October	78.3
SMU41389003000000006	Oregon	Portland-Vancouver-Hillsboro, OR-WA	2012	M09	September	78.6
SMU41389003000000006	Oregon	Portland-Vancouver-Hillsboro, OR-WA	2012	M08	August	78.9
SMU41389003000000006	Oregon	Portland-Vancouver-Hillsboro, OR-WA	2012	M07	July	78.8
SMU41389003000000006	Oregon	Portland-Vancouver-Hillsboro, OR-WA	2012	M06	June	78.0
SMU41389003000000006	Oregon	Portland-Vancouver-Hillsboro, OR-WA	2012	M05	May	77.1
SMU41389003000000006	Oregon	Portland-Vancouver-Hillsboro, OR-WA	2012	M04	April	76.4
SMU41389003000000006	Oregon	Portland-Vancouver-Hillsboro, OR-WA	2012	M03	March	76.0
SMU41389003000000006	Oregon	Portland-Vancouver-Hillsboro, OR-WA	2012	M02	February	75.2
SMU41389003000000006	Oregon	Portland-Vancouver-Hillsboro, OR-WA	2012	M01	January	74.9
SMU41389003000000006	Oregon	Portland-Vancouver-Hillsboro, OR-WA	2011	M12	December	74.5
SMU41389003000000006	Oregon	Portland-Vancouver-Hillsboro, OR-WA	2011	M11	November	74.1
SMU41389003000000006	Oregon	Portland-Vancouver-Hillsboro, OR-WA	2011	M10	October	74.3
SMU41389003000000006	Oregon	Portland-Vancouver-Hillsboro, OR-WA	2011	M09	September	74.6
SMU41389003000000006	Oregon	Portland-Vancouver-Hillsboro, OR-WA	2011	M08	August	75.0
SMU41389003000000006	Oregon	Portland-Vancouver-Hillsboro, OR-WA	2011	M07	July	74.4
SMU41389003000000006	Oregon	Portland-Vancouver-Hillsboro, OR-WA	2011	M06	June	74.1
SMU41389003000000006	Oregon	Portland-Vancouver-Hillsboro, OR-WA	2011	M05	May	73.5
SMU41389003000000006	Oregon	Portland-Vancouver-Hillsboro, OR-WA	2011	M04	April	73.2
SMU41389003000000006	Oregon	Portland-Vancouver-Hillsboro, OR-WA	2011	M03	March	73.3
SMU41389003000000006	Oregon	Portland-Vancouver-Hillsboro, OR-WA	2011	M02	February	73.9
SMU41389003000000006	Oregon	Portland-Vancouver-Hillsboro, OR-WA	2011	M01	January	73.1
SMU41389003000000006	Oregon	Portland-Vancouver-Hillsboro, OR-WA	2010	M12	December	73.5
SMU41389003000000006	Oregon	Portland-Vancouver-Hillsboro, OR-WA	2010	M11	November	74.1
SMU41389003000000006	Oregon	Portland-Vancouver-Hillsboro, OR-WA	2010	M10	October	73.0
SMU41389003000000006	Oregon	Portland-Vancouver-Hillsboro, OR-WA	2010	M09	September	72.6
SMU41389003000000006	Oregon	Portland-Vancouver-Hillsboro, OR-WA	2010	M08	August	73.4
SMU41389003000000006	Oregon	Portland-Vancouver-Hillsboro, OR-WA	2010	M07	July	72.7
SMU41389003000000006	Oregon	Portland-Vancouver-Hillsboro, OR-WA	2010	M06	June	71.9
SMU41389003000000006	Oregon	Portland-Vancouver-Hillsboro, OR-WA	2010	M05	May	70.5
SMU41389003000000006	Oregon	Portland-Vancouver-Hillsboro, OR-WA	2010	M04	April	70.4
SMU41389003000000006	Oregon	Portland-Vancouver-Hillsboro, OR-WA	2010	M03	March	70.7
SMU41389003000000006	Oregon	Portland-Vancouver-Hillsboro, OR-WA	2010	M02	February	70.1
SMU41389003000000006	Oregon	Portland-Vancouver-Hillsboro, OR-WA	2010	M01	January	70.7
SMU41389003000000006	Oregon	Portland-Vancouver-Hillsboro, OR-WA	2009	M12	December	72.6
SMU41389003000000006	Oregon	Portland-Vancouver-Hillsboro, OR-WA	2009	M11	November	71.9
SMU41389003000000006	Oregon	Portland-Vancouver-Hillsboro, OR-WA	2009	M10	October	72.7
SMU41389003000000006	Oregon	Portland-Vancouver-Hillsboro, OR-WA	2009	M09	September	72.1
SMU41389003000000006	Oregon	Portland-Vancouver-Hillsboro, OR-WA	2009	M08	August	71.9
SMU41389003000000006	Oregon	Portland-Vancouver-Hillsboro, OR-WA	2009	M07	July	71.2
SMU41389003000000006	Oregon	Portland-Vancouver-Hillsboro, OR-WA	2009	M06	June	71.0
SMU41389003000000006	Oregon	Portland-Vancouver-Hillsboro, OR-WA	2009	M05	May	71.0
SMU41389003000000006	Oregon	Portland-Vancouver-Hillsboro, OR-WA	2009	M04	April	72.3
SMU41389003000000006	Oregon	Portland-Vancouver-Hillsboro, OR-WA	2009	M03	March	73.0
SMU41389003000000006	Oregon	Portland-Vancouver-Hillsboro, OR-WA	2009	M02	February	74.2
SMU41389003000000006	Oregon	Portland-Vancouver-Hillsboro, OR-WA	2009	M01	January	76.4
SMU41389003000000006	Oregon	Portland-Vancouver-Hillsboro, OR-WA	2008	M12	December	79.2
SMU41389003000000006	Oregon	Portland-Vancouver-Hillsboro, OR-WA	2008	M11	November	80.6
SMU41389003000000006	Oregon	Portland-Vancouver-Hillsboro, OR-WA	2008	M10	October	81.5
SMU41389003000000006	Oregon	Portland-Vancouver-Hillsboro, OR-WA	2008	M09	September	82.9
SMU41389003000000006	Oregon	Portland-Vancouver-Hillsboro, OR-WA	2008	M08	August	83.0
SMU41389003000000006	Oregon	Portland-Vancouver-Hillsboro, OR-WA	2008	M07	July	82.0
SMU41389003000000006	Oregon	Portland-Vancouver-Hillsboro, OR-WA	2008	M06	June	80.6
SMU41389003000000006	Oregon	Portland-Vancouver-Hillsboro, OR-WA	2008	M05	May	79.6
SMU41389003000000006	Oregon	Portland-Vancouver-Hillsboro, OR-WA	2008	M04	April	79.0
SMU41389003000000006	Oregon	Portland-Vancouver-Hillsboro, OR-WA	2008	M03	March	78.4
SMU41389003000000006	Oregon	Portland-Vancouver-Hillsboro, OR-WA	2008	M02	February	77.8
SMU41389003000000006	Oregon	Portland-Vancouver-Hillsboro, OR-WA	2008	M01	January	78.0
SMU41389003000000006	Oregon	Portland-Vancouver-Hillsboro, OR-WA	2007	M12	December	79.0
SMU41389003000000006	Oregon	Portland-Vancouver-Hillsboro, OR-WA	2007	M11	November	79.1
SMU41389003000000006	Oregon	Portland-Vancouver-Hillsboro, OR-WA	2007	M10	October	79.4
SMU41389003000000006	Oregon	Portland-Vancouver-Hillsboro, OR-WA	2007	M09	September	80.1
SMU41389003000000006	Oregon	Portland-Vancouver-Hillsboro, OR-WA	2007	M08	August	79.8
SMU41389003000000006	Oregon	Portland-Vancouver-Hillsboro, OR-WA	2007	M07	July	79.9
SMU41389003000000006	Oregon	Portland-Vancouver-Hillsboro, OR-WA	2007	M06	June	80.0
SMU41389003000000006	Oregon	Portland-Vancouver-Hillsboro, OR-WA	2007	M05	May	78.9
SMU41389003000000006	Oregon	Portland-Vancouver-Hillsboro, OR-WA	2007	M04	April	79.3
SMU41389003000000006	Oregon	Portland-Vancouver-Hillsboro, OR-WA	2007	M03	March	80.1
SMU41389003000000006	Oregon	Portland-Vancouver-Hillsboro, OR-WA	2007	M02	February	80.2
SMU41389003000000006	Oregon	Portland-Vancouver-Hillsboro, OR-WA	2007	M01	January	78.4
SMU49416203000000006	Utah	Salt Lake City-Murray, UT	2025	M12	December	39.9
SMU49416203000000006	Utah	Salt Lake City-Murray, UT	2025	M11	November	38.9
SMU49416203000000006	Utah	Salt Lake City-Murray, UT	2025	M10	October	39.1
SMU49416203000000006	Utah	Salt Lake City-Murray, UT	2025	M09	September	39.3
SMU49416203000000006	Utah	Salt Lake City-Murray, UT	2025	M08	August	39.7
SMU49416203000000006	Utah	Salt Lake City-Murray, UT	2025	M07	July	40.1
SMU49416203000000006	Utah	Salt Lake City-Murray, UT	2025	M06	June	39.8
SMU49416203000000006	Utah	Salt Lake City-Murray, UT	2025	M05	May	39.6
SMU49416203000000006	Utah	Salt Lake City-Murray, UT	2025	M04	April	40.1
SMU49416203000000006	Utah	Salt Lake City-Murray, UT	2025	M03	March	39.4
SMU49416203000000006	Utah	Salt Lake City-Murray, UT	2025	M02	February	40.0
SMU49416203000000006	Utah	Salt Lake City-Murray, UT	2025	M01	January	39.7
SMU49416203000000006	Utah	Salt Lake City-Murray, UT	2024	M12	December	39.3
SMU49416203000000006	Utah	Salt Lake City-Murray, UT	2024	M11	November	39.9
SMU49416203000000006	Utah	Salt Lake City-Murray, UT	2024	M10	October	39.3
SMU49416203000000006	Utah	Salt Lake City-Murray, UT	2024	M09	September	39.3
SMU49416203000000006	Utah	Salt Lake City-Murray, UT	2024	M08	August	39.0
SMU49416203000000006	Utah	Salt Lake City-Murray, UT	2024	M07	July	39.2
SMU49416203000000006	Utah	Salt Lake City-Murray, UT	2024	M06	June	39.2
SMU49416203000000006	Utah	Salt Lake City-Murray, UT	2024	M05	May	39.6
SMU49416203000000006	Utah	Salt Lake City-Murray, UT	2024	M04	April	39.5
SMU49416203000000006	Utah	Salt Lake City-Murray, UT	2024	M03	March	38.8
SMU49416203000000006	Utah	Salt Lake City-Murray, UT	2024	M02	February	38.9
SMU49416203000000006	Utah	Salt Lake City-Murray, UT	2024	M01	January	38.3
SMU49416203000000006	Utah	Salt Lake City-Murray, UT	2023	M12	December	38.3
SMU49416203000000006	Utah	Salt Lake City-Murray, UT	2023	M11	November	39.0
SMU49416203000000006	Utah	Salt Lake City-Murray, UT	2023	M10	October	39.3
SMU49416203000000006	Utah	Salt Lake City-Murray, UT	2023	M09	September	40.1
SMU49416203000000006	Utah	Salt Lake City-Murray, UT	2023	M08	August	40.1
SMU49416203000000006	Utah	Salt Lake City-Murray, UT	2023	M07	July	39.7
SMU49416203000000006	Utah	Salt Lake City-Murray, UT	2023	M06	June	40.0
SMU49416203000000006	Utah	Salt Lake City-Murray, UT	2023	M05	May	40.4
SMU49416203000000006	Utah	Salt Lake City-Murray, UT	2023	M04	April	39.8
SMU49416203000000006	Utah	Salt Lake City-Murray, UT	2023	M03	March	39.3
SMU49416203000000006	Utah	Salt Lake City-Murray, UT	2023	M02	February	39.6
SMU49416203000000006	Utah	Salt Lake City-Murray, UT	2023	M01	January	39.9
SMU49416203000000006	Utah	Salt Lake City-Murray, UT	2022	M12	December	41.2
SMU49416203000000006	Utah	Salt Lake City-Murray, UT	2022	M11	November	41.5
SMU49416203000000006	Utah	Salt Lake City-Murray, UT	2022	M10	October	42.0
SMU49416203000000006	Utah	Salt Lake City-Murray, UT	2022	M09	September	41.5
SMU49416203000000006	Utah	Salt Lake City-Murray, UT	2022	M08	August	41.2
SMU49416203000000006	Utah	Salt Lake City-Murray, UT	2022	M07	July	40.8
SMU49416203000000006	Utah	Salt Lake City-Murray, UT	2022	M06	June	40.3
SMU49416203000000006	Utah	Salt Lake City-Murray, UT	2022	M05	May	40.0
SMU49416203000000006	Utah	Salt Lake City-Murray, UT	2022	M04	April	39.6
SMU49416203000000006	Utah	Salt Lake City-Murray, UT	2022	M03	March	39.7
SMU49416203000000006	Utah	Salt Lake City-Murray, UT	2022	M02	February	39.0
SMU49416203000000006	Utah	Salt Lake City-Murray, UT	2022	M01	January	38.1
SMU49416203000000006	Utah	Salt Lake City-Murray, UT	2021	M12	December	37.8
SMU49416203000000006	Utah	Salt Lake City-Murray, UT	2021	M11	November	37.0
SMU49416203000000006	Utah	Salt Lake City-Murray, UT	2021	M10	October	36.8
SMU49416203000000006	Utah	Salt Lake City-Murray, UT	2021	M09	September	37.1
SMU49416203000000006	Utah	Salt Lake City-Murray, UT	2021	M08	August	37.1
SMU49416203000000006	Utah	Salt Lake City-Murray, UT	2021	M07	July	36.5
SMU49416203000000006	Utah	Salt Lake City-Murray, UT	2021	M06	June	36.3
SMU49416203000000006	Utah	Salt Lake City-Murray, UT	2021	M05	May	35.5
SMU49416203000000006	Utah	Salt Lake City-Murray, UT	2021	M04	April	35.7
SMU49416203000000006	Utah	Salt Lake City-Murray, UT	2021	M03	March	35.3
SMU49416203000000006	Utah	Salt Lake City-Murray, UT	2021	M02	February	35.6
SMU49416203000000006	Utah	Salt Lake City-Murray, UT	2021	M01	January	34.3
SMU49416203000000006	Utah	Salt Lake City-Murray, UT	2020	M12	December	34.8
SMU49416203000000006	Utah	Salt Lake City-Murray, UT	2020	M11	November	35.0
SMU49416203000000006	Utah	Salt Lake City-Murray, UT	2020	M10	October	35.4
SMU49416203000000006	Utah	Salt Lake City-Murray, UT	2020	M09	September	35.4
SMU49416203000000006	Utah	Salt Lake City-Murray, UT	2020	M08	August	35.4
SMU49416203000000006	Utah	Salt Lake City-Murray, UT	2020	M07	July	35.4
SMU49416203000000006	Utah	Salt Lake City-Murray, UT	2020	M06	June	36.1
SMU49416203000000006	Utah	Salt Lake City-Murray, UT	2020	M05	May	36.7
SMU49416203000000006	Utah	Salt Lake City-Murray, UT	2020	M04	April	37.0
SMU49416203000000006	Utah	Salt Lake City-Murray, UT	2020	M03	March	38.8
SMU49416203000000006	Utah	Salt Lake City-Murray, UT	2020	M02	February	39.1
SMU49416203000000006	Utah	Salt Lake City-Murray, UT	2020	M01	January	40.1
SMU49416203000000006	Utah	Salt Lake City-Murray, UT	2019	M12	December	40.8
SMU49416203000000006	Utah	Salt Lake City-Murray, UT	2019	M11	November	40.9
SMU49416203000000006	Utah	Salt Lake City-Murray, UT	2019	M10	October	41.1
SMU49416203000000006	Utah	Salt Lake City-Murray, UT	2019	M09	September	41.1
SMU49416203000000006	Utah	Salt Lake City-Murray, UT	2019	M08	August	41.4
SMU49416203000000006	Utah	Salt Lake City-Murray, UT	2019	M07	July	41.3
SMU49416203000000006	Utah	Salt Lake City-Murray, UT	2019	M06	June	41.0
SMU49416203000000006	Utah	Salt Lake City-Murray, UT	2019	M05	May	41.1
SMU49416203000000006	Utah	Salt Lake City-Murray, UT	2019	M04	April	40.9
SMU49416203000000006	Utah	Salt Lake City-Murray, UT	2019	M03	March	41.0
SMU49416203000000006	Utah	Salt Lake City-Murray, UT	2019	M02	February	41.1
SMU49416203000000006	Utah	Salt Lake City-Murray, UT	2019	M01	January	41.1
SMU49416203000000006	Utah	Salt Lake City-Murray, UT	2018	M12	December	40.8
SMU49416203000000006	Utah	Salt Lake City-Murray, UT	2018	M11	November	40.4
SMU49416203000000006	Utah	Salt Lake City-Murray, UT	2018	M10	October	39.8
SMU49416203000000006	Utah	Salt Lake City-Murray, UT	2018	M09	September	40.1
SMU49416203000000006	Utah	Salt Lake City-Murray, UT	2018	M08	August	39.7
SMU49416203000000006	Utah	Salt Lake City-Murray, UT	2018	M07	July	39.7
SMU49416203000000006	Utah	Salt Lake City-Murray, UT	2018	M06	June	39.0
SMU49416203000000006	Utah	Salt Lake City-Murray, UT	2018	M05	May	38.2
SMU49416203000000006	Utah	Salt Lake City-Murray, UT	2018	M04	April	38.2
SMU49416203000000006	Utah	Salt Lake City-Murray, UT	2018	M03	March	37.6
SMU49416203000000006	Utah	Salt Lake City-Murray, UT	2018	M02	February	37.2
SMU49416203000000006	Utah	Salt Lake City-Murray, UT	2018	M01	January	37.1
SMU49416203000000006	Utah	Salt Lake City-Murray, UT	2017	M12	December	37.4
SMU49416203000000006	Utah	Salt Lake City-Murray, UT	2017	M11	November	37.3
SMU49416203000000006	Utah	Salt Lake City-Murray, UT	2017	M10	October	36.9
SMU49416203000000006	Utah	Salt Lake City-Murray, UT	2017	M09	September	37.4
SMU49416203000000006	Utah	Salt Lake City-Murray, UT	2017	M08	August	38.1
SMU49416203000000006	Utah	Salt Lake City-Murray, UT	2017	M07	July	38.2
SMU49416203000000006	Utah	Salt Lake City-Murray, UT	2017	M06	June	38.1
SMU49416203000000006	Utah	Salt Lake City-Murray, UT	2017	M05	May	38.4
SMU49416203000000006	Utah	Salt Lake City-Murray, UT	2017	M04	April	38.1
SMU49416203000000006	Utah	Salt Lake City-Murray, UT	2017	M03	March	38.4
SMU49416203000000006	Utah	Salt Lake City-Murray, UT	2017	M02	February	38.1
SMU49416203000000006	Utah	Salt Lake City-Murray, UT	2017	M01	January	37.6
SMU49416203000000006	Utah	Salt Lake City-Murray, UT	2016	M12	December	37.6
SMU49416203000000006	Utah	Salt Lake City-Murray, UT	2016	M11	November	37.6
SMU49416203000000006	Utah	Salt Lake City-Murray, UT	2016	M10	October	37.9
SMU49416203000000006	Utah	Salt Lake City-Murray, UT	2016	M09	September	37.5
SMU49416203000000006	Utah	Salt Lake City-Murray, UT	2016	M08	August	37.3
SMU49416203000000006	Utah	Salt Lake City-Murray, UT	2016	M07	July	36.8
SMU49416203000000006	Utah	Salt Lake City-Murray, UT	2016	M06	June	36.8
SMU49416203000000006	Utah	Salt Lake City-Murray, UT	2016	M05	May	36.3
SMU49416203000000006	Utah	Salt Lake City-Murray, UT	2016	M04	April	36.3
SMU49416203000000006	Utah	Salt Lake City-Murray, UT	2016	M03	March	36.3
SMU49416203000000006	Utah	Salt Lake City-Murray, UT	2016	M02	February	36.5
SMU49416203000000006	Utah	Salt Lake City-Murray, UT	2016	M01	January	35.9
SMU49416203000000006	Utah	Salt Lake City-Murray, UT	2015	M12	December	36.3
SMU49416203000000006	Utah	Salt Lake City-Murray, UT	2015	M11	November	36.9
SMU49416203000000006	Utah	Salt Lake City-Murray, UT	2015	M10	October	37.1
SMU49416203000000006	Utah	Salt Lake City-Murray, UT	2015	M09	September	36.8
SMU49416203000000006	Utah	Salt Lake City-Murray, UT	2015	M08	August	37.3
SMU49416203000000006	Utah	Salt Lake City-Murray, UT	2015	M07	July	37.4
SMU49416203000000006	Utah	Salt Lake City-Murray, UT	2015	M06	June	37.0
SMU49416203000000006	Utah	Salt Lake City-Murray, UT	2015	M05	May	36.3
SMU49416203000000006	Utah	Salt Lake City-Murray, UT	2015	M04	April	36.0
SMU49416203000000006	Utah	Salt Lake City-Murray, UT	2015	M03	March	35.4
SMU49416203000000006	Utah	Salt Lake City-Murray, UT	2015	M02	February	35.9
SMU49416203000000006	Utah	Salt Lake City-Murray, UT	2015	M01	January	35.6
SMU49416203000000006	Utah	Salt Lake City-Murray, UT	2014	M12	December	35.8
SMU49416203000000006	Utah	Salt Lake City-Murray, UT	2014	M11	November	35.6
SMU49416203000000006	Utah	Salt Lake City-Murray, UT	2014	M10	October	35.5
SMU49416203000000006	Utah	Salt Lake City-Murray, UT	2014	M09	September	35.2
SMU49416203000000006	Utah	Salt Lake City-Murray, UT	2014	M08	August	35.8
SMU49416203000000006	Utah	Salt Lake City-Murray, UT	2014	M07	July	35.5
SMU49416203000000006	Utah	Salt Lake City-Murray, UT	2014	M06	June	35.9
SMU49416203000000006	Utah	Salt Lake City-Murray, UT	2014	M05	May	35.5
SMU49416203000000006	Utah	Salt Lake City-Murray, UT	2014	M04	April	35.3
SMU49416203000000006	Utah	Salt Lake City-Murray, UT	2014	M03	March	35.5
SMU49416203000000006	Utah	Salt Lake City-Murray, UT	2014	M02	February	35.4
SMU49416203000000006	Utah	Salt Lake City-Murray, UT	2014	M01	January	35.6
SMU49416203000000006	Utah	Salt Lake City-Murray, UT	2013	M12	December	35.6
SMU49416203000000006	Utah	Salt Lake City-Murray, UT	2013	M11	November	35.8
SMU49416203000000006	Utah	Salt Lake City-Murray, UT	2013	M10	October	36.2
SMU49416203000000006	Utah	Salt Lake City-Murray, UT	2013	M09	September	35.9
SMU49416203000000006	Utah	Salt Lake City-Murray, UT	2013	M08	August	35.9
SMU49416203000000006	Utah	Salt Lake City-Murray, UT	2013	M07	July	35.8
SMU49416203000000006	Utah	Salt Lake City-Murray, UT	2013	M06	June	35.9
SMU49416203000000006	Utah	Salt Lake City-Murray, UT	2013	M05	May	35.7
SMU49416203000000006	Utah	Salt Lake City-Murray, UT	2013	M04	April	35.8
SMU49416203000000006	Utah	Salt Lake City-Murray, UT	2013	M03	March	35.6
SMU49416203000000006	Utah	Salt Lake City-Murray, UT	2013	M02	February	35.7
SMU49416203000000006	Utah	Salt Lake City-Murray, UT	2013	M01	January	35.5
SMU49416203000000006	Utah	Salt Lake City-Murray, UT	2012	M12	December	35.6
SMU49416203000000006	Utah	Salt Lake City-Murray, UT	2012	M11	November	35.7
SMU49416203000000006	Utah	Salt Lake City-Murray, UT	2012	M10	October	35.7
SMU49416203000000006	Utah	Salt Lake City-Murray, UT	2012	M09	September	34.9
SMU49416203000000006	Utah	Salt Lake City-Murray, UT	2012	M08	August	35.8
SMU49416203000000006	Utah	Salt Lake City-Murray, UT	2012	M07	July	35.7
SMU49416203000000006	Utah	Salt Lake City-Murray, UT	2012	M06	June	35.9
SMU49416203000000006	Utah	Salt Lake City-Murray, UT	2012	M05	May	35.4
SMU49416203000000006	Utah	Salt Lake City-Murray, UT	2012	M04	April	35.8
SMU49416203000000006	Utah	Salt Lake City-Murray, UT	2012	M03	March	35.4
SMU49416203000000006	Utah	Salt Lake City-Murray, UT	2012	M02	February	35.2
SMU49416203000000006	Utah	Salt Lake City-Murray, UT	2012	M01	January	35.7
SMU49416203000000006	Utah	Salt Lake City-Murray, UT	2011	M12	December	35.3
SMU49416203000000006	Utah	Salt Lake City-Murray, UT	2011	M11	November	35.4
SMU49416203000000006	Utah	Salt Lake City-Murray, UT	2011	M10	October	35.6
SMU49416203000000006	Utah	Salt Lake City-Murray, UT	2011	M09	September	35.9
SMU49416203000000006	Utah	Salt Lake City-Murray, UT	2011	M08	August	36.3
SMU49416203000000006	Utah	Salt Lake City-Murray, UT	2011	M07	July	36.3
SMU49416203000000006	Utah	Salt Lake City-Murray, UT	2011	M06	June	36.7
SMU49416203000000006	Utah	Salt Lake City-Murray, UT	2011	M05	May	36.1
SMU49416203000000006	Utah	Salt Lake City-Murray, UT	2011	M04	April	36.2
SMU49416203000000006	Utah	Salt Lake City-Murray, UT	2011	M03	March	36.1
SMU49416203000000006	Utah	Salt Lake City-Murray, UT	2011	M02	February	35.8
SMU49416203000000006	Utah	Salt Lake City-Murray, UT	2011	M01	January	36.1
SMU49416203000000006	Utah	Salt Lake City-Murray, UT	2010	M12	December	36.4
SMU49416203000000006	Utah	Salt Lake City-Murray, UT	2010	M11	November	36.7
SMU49416203000000006	Utah	Salt Lake City-Murray, UT	2010	M10	October	36.7
SMU49416203000000006	Utah	Salt Lake City-Murray, UT	2010	M09	September	36.9
SMU49416203000000006	Utah	Salt Lake City-Murray, UT	2010	M08	August	37.1
SMU49416203000000006	Utah	Salt Lake City-Murray, UT	2010	M07	July	37.2
SMU49416203000000006	Utah	Salt Lake City-Murray, UT	2010	M06	June	36.4
SMU49416203000000006	Utah	Salt Lake City-Murray, UT	2010	M05	May	36.8
SMU49416203000000006	Utah	Salt Lake City-Murray, UT	2010	M04	April	35.8
SMU49416203000000006	Utah	Salt Lake City-Murray, UT	2010	M03	March	35.2
SMU49416203000000006	Utah	Salt Lake City-Murray, UT	2010	M02	February	35.6
SMU49416203000000006	Utah	Salt Lake City-Murray, UT	2010	M01	January	35.0
SMU49416203000000006	Utah	Salt Lake City-Murray, UT	2009	M12	December	35.7
SMU49416203000000006	Utah	Salt Lake City-Murray, UT	2009	M11	November	34.7
SMU49416203000000006	Utah	Salt Lake City-Murray, UT	2009	M10	October	34.8
SMU49416203000000006	Utah	Salt Lake City-Murray, UT	2009	M09	September	33.0
SMU49416203000000006	Utah	Salt Lake City-Murray, UT	2009	M08	August	33.1
SMU49416203000000006	Utah	Salt Lake City-Murray, UT	2009	M07	July	33.3
SMU49416203000000006	Utah	Salt Lake City-Murray, UT	2009	M06	June	32.5
SMU49416203000000006	Utah	Salt Lake City-Murray, UT	2009	M05	May	32.7
SMU49416203000000006	Utah	Salt Lake City-Murray, UT	2009	M04	April	32.9
SMU49416203000000006	Utah	Salt Lake City-Murray, UT	2009	M03	March	33.1
SMU49416203000000006	Utah	Salt Lake City-Murray, UT	2009	M02	February	33.6
SMU49416203000000006	Utah	Salt Lake City-Murray, UT	2009	M01	January	34.6
SMU49416203000000006	Utah	Salt Lake City-Murray, UT	2008	M12	December	36.1
SMU49416203000000006	Utah	Salt Lake City-Murray, UT	2008	M11	November	36.7
SMU49416203000000006	Utah	Salt Lake City-Murray, UT	2008	M10	October	36.7
SMU49416203000000006	Utah	Salt Lake City-Murray, UT	2008	M09	September	36.3
SMU49416203000000006	Utah	Salt Lake City-Murray, UT	2008	M08	August	36.1
SMU49416203000000006	Utah	Salt Lake City-Murray, UT	2008	M07	July	35.8
SMU49416203000000006	Utah	Salt Lake City-Murray, UT	2008	M06	June	36.3
SMU49416203000000006	Utah	Salt Lake City-Murray, UT	2008	M05	May	35.5
SMU49416203000000006	Utah	Salt Lake City-Murray, UT	2008	M04	April	36.1
SMU49416203000000006	Utah	Salt Lake City-Murray, UT	2008	M03	March	36.2
SMU49416203000000006	Utah	Salt Lake City-Murray, UT	2008	M02	February	36.6
SMU49416203000000006	Utah	Salt Lake City-Murray, UT	2008	M01	January	36.7
SMU49416203000000006	Utah	Salt Lake City-Murray, UT	2007	M12	December	37.3
SMU49416203000000006	Utah	Salt Lake City-Murray, UT	2007	M11	November	37.6
SMU49416203000000006	Utah	Salt Lake City-Murray, UT	2007	M10	October	37.4
SMU49416203000000006	Utah	Salt Lake City-Murray, UT	2007	M09	September	36.8
SMU49416203000000006	Utah	Salt Lake City-Murray, UT	2007	M08	August	36.4
SMU49416203000000006	Utah	Salt Lake City-Murray, UT	2007	M07	July	35.6
SMU49416203000000006	Utah	Salt Lake City-Murray, UT	2007	M06	June	36.1
SMU49416203000000006	Utah	Salt Lake City-Murray, UT	2007	M05	May	35.2
SMU49416203000000006	Utah	Salt Lake City-Murray, UT	2007	M04	April	35.3
SMU49416203000000006	Utah	Salt Lake City-Murray, UT	2007	M03	March	35.1
SMU49416203000000006	Utah	Salt Lake City-Murray, UT	2007	M02	February	35.1
SMU49416203000000006	Utah	Salt Lake City-Murray, UT	2007	M01	January	35.1
