series_id	state	area	year	period	month	value
SMU48417003000000007	Texas	San Antonio-New Braunfels, TX	2025	M12	December	42.4
SMU48417003000000007	Texas	San Antonio-New Braunfels, TX	2025	M11	November	42.5
SMU48417003000000007	Texas	San Antonio-New Braunfels, TX	2025	M10	October	41.7
SMU48417003000000007	Texas	San Antonio-New Braunfels, TX	2025	M09	September	43.4
SMU48417003000000007	Texas	San Antonio-New Braunfels, TX	2025	M08	August	41.5
SMU48417003000000007	Texas	San Antonio-New Braunfels, TX	2025	M07	July	43.0
SMU48417003000000007	Texas	San Antonio-New Braunfels, TX	2025	M06	June	41.5
SMU48417003000000007	Texas	San Antonio-New Braunfels, TX	2025	M05	May	41.7
SMU48417003000000007	Texas	San Antonio-New Braunfels, TX	2025	M04	April	43.2
SMU48417003000000007	Texas	San Antonio-New Braunfels, TX	2025	M03	March	42.1
SMU48417003000000007	Texas	San Antonio-New Braunfels, TX	2025	M02	February	41.7
SMU48417003000000007	Texas	San Antonio-New Braunfels, TX	2025	M01	January	41.4
SMU48417003000000007	Texas	San Antonio-New Braunfels, TX	2024	M12	December	41.7
SMU48417003000000007	Texas	San Antonio-New Braunfels, TX	2024	M11	November	41.7
SMU48417003000000007	Texas	San Antonio-New Braunfels, TX	2024	M10	October	43.0
SMU48417003000000007	Texas	San Antonio-New Braunfels, TX	2024	M09	September	41.5
SMU48417003000000007	Texas	San Antonio-New Braunfels, TX	2024	M08	August	41.6
SMU48417003000000007	Texas	San Antonio-New Braunfels, TX	2024	M07	July	42.2
SMU48417003000000007	Texas	San Antonio-New Braunfels, TX	2024	M06	June	43.5
SMU48417003000000007	Texas	San Antonio-New Braunfels, TX	2024	M05	May	44.0
SMU48417003000000007	Texas	San Antonio-New Braunfels, TX	2024	M04	April	41.6
SMU48417003000000007	Texas	San Antonio-New Braunfels, TX	2024	M03	March	41.8
SMU48417003000000007	Texas	San Antonio-New Braunfels, TX	2024	M02	February	39.1
SMU48417003000000007	Texas	San Antonio-New Braunfels, TX	2024	M01	January	37.7
SMU48417003000000007	Texas	San Antonio-New Braunfels, TX	2023	M12	December	40.4
SMU48417003000000007	Texas	San Antonio-New Braunfels, TX	2023	M11	November	39.4
SMU48417003000000007	Texas	San Antonio-New Braunfels, TX	2023	M10	October	39.0
SMU48417003000000007	Texas	San Antonio-New Braunfels, TX	2023	M09	September	40.6
SMU48417003000000007	Texas	San Antonio-New Braunfels, TX	2023	M08	August	41.9
SMU48417003000000007	Texas	San Antonio-New Braunfels, TX	2023	M07	July	42.6
SMU48417003000000007	Texas	San Antonio-New Braunfels, TX	2023	M06	June	43.6
SMU48417003000000007	Texas	San Antonio-New Braunfels, TX	2023	M05	May	43.3
SMU48417003000000007	Texas	San Antonio-New Braunfels, TX	2023	M04	April	43.2
SMU48417003000000007	Texas	San Antonio-New Braunfels, TX	2023	M03	March	40.5
SMU48417003000000007	Texas	San Antonio-New Braunfels, TX	2023	M02	February	40.7
SMU48417003000000007	Texas	San Antonio-New Braunfels, TX	2023	M01	January	39.4
SMU48417003000000007	Texas	San Antonio-New Braunfels, TX	2022	M12	December	38.6
SMU48417003000000007	Texas	San Antonio-New Braunfels, TX	2022	M11	November	38.2
SMU48417003000000007	Texas	San Antonio-New Braunfels, TX	2022	M10	October	40.0
SMU48417003000000007	Texas	San Antonio-New Braunfels, TX	2022	M09	September	38.0
SMU48417003000000007	Texas	San Antonio-New Braunfels, TX	2022	M08	August	38.7
SMU48417003000000007	Texas	San Antonio-New Braunfels, TX	2022	M07	July	36.9
SMU48417003000000007	Texas	San Antonio-New Braunfels, TX	2022	M06	June	37.2
SMU48417003000000007	Texas	San Antonio-New Braunfels, TX	2022	M05	May	39.0
SMU48417003000000007	Texas	San Antonio-New Braunfels, TX	2022	M04	April	36.6
SMU48417003000000007	Texas	San Antonio-New Braunfels, TX	2022	M03	March	38.3
SMU48417003000000007	Texas	San Antonio-New Braunfels, TX	2022	M02	February	38.4
SMU48417003000000007	Texas	San Antonio-New Braunfels, TX	2022	M01	January	39.6
SMU48417003000000007	Texas	San Antonio-New Braunfels, TX	2021	M12	December	39.5
SMU48417003000000007	Texas	San Antonio-New Braunfels, TX	2021	M11	November	40.4
SMU48417003000000007	Texas	San Antonio-New Braunfels, TX	2021	M10	October	38.5
SMU48417003000000007	Texas	San Antonio-New Braunfels, TX	2021	M09	September	39.3
SMU48417003000000007	Texas	San Antonio-New Braunfels, TX	2021	M08	August	43.0
SMU48417003000000007	Texas	San Antonio-New Braunfels, TX	2021	M07	July	44.1
SMU48417003000000007	Texas	San Antonio-New Braunfels, TX	2021	M06	June	45.5
SMU48417003000000007	Texas	San Antonio-New Braunfels, TX	2021	M05	May	40.2
SMU48417003000000007	Texas	San Antonio-New Braunfels, TX	2021	M04	April	39.0
SMU48417003000000007	Texas	San Antonio-New Braunfels, TX	2021	M03	March	38.6
SMU48417003000000007	Texas	San Antonio-New Braunfels, TX	2021	M02	February	38.6
SMU48417003000000007	Texas	San Antonio-New Braunfels, TX	2021	M01	January	38.9
SMU48417003000000007	Texas	San Antonio-New Braunfels, TX	2020	M12	December	39.4
SMU48417003000000007	Texas	San Antonio-New Braunfels, TX	2020	M11	November	38.7
SMU48417003000000007	Texas	San Antonio-New Braunfels, TX	2020	M10	October	38.3
SMU48417003000000007	Texas	San Antonio-New Braunfels, TX	2020	M09	September	38.2
SMU48417003000000007	Texas	San Antonio-New Braunfels, TX	2020	M08	August	40.4
SMU48417003000000007	Texas	San Antonio-New Braunfels, TX	2020	M07	July	40.1
SMU48417003000000007	Texas	San Antonio-New Braunfels, TX	2020	M06	June	39.7
SMU48417003000000007	Texas	San Antonio-New Braunfels, TX	2020	M05	May	38.3
SMU48417003000000007	Texas	San Antonio-New Braunfels, TX	2020	M04	April	38.0
SMU48417003000000007	Texas	San Antonio-New Braunfels, TX	2020	M03	March	39.0
SMU48417003000000007	Texas	San Antonio-New Braunfels, TX	2020	M02	February	39.7
SMU48417003000000007	Texas	San Antonio-New Braunfels, TX	2020	M01	January	39.5
SMU48417003000000007	Texas	San Antonio-New Braunfels, TX	2019	M12	December	41.0
SMU48417003000000007	Texas	San Antonio-New Braunfels, TX	2019	M11	November	42.5
SMU48417003000000007	Texas	San Antonio-New Braunfels, TX	2019	M10	October	45.3
SMU48417003000000007	Texas	San Antonio-New Braunfels, TX	2019	M09	September	43.4
SMU48417003000000007	Texas	San Antonio-New Braunfels, TX	2019	M08	August	44.3
SMU48417003000000007	Texas	San Antonio-New Braunfels, TX	2019	M07	July	43.0
SMU48417003000000007	Texas	San Antonio-New Braunfels, TX	2019	M06	June	43.4
SMU48417003000000007	Texas	San Antonio-New Braunfels, TX	2019	M05	May	43.0
SMU48417003000000007	Texas	San Antonio-New Braunfels, TX	2019	M04	April	39.9
SMU48417003000000007	Texas	San Antonio-New Braunfels, TX	2019	M03	March	39.1
SMU48417003000000007	Texas	San Antonio-New Braunfels, TX	2019	M02	February	34.7
SMU48417003000000007	Texas	San Antonio-New Braunfels, TX	2019	M01	January	37.4
SMU48417003000000007	Texas	San Antonio-New Braunfels, TX	2018	M12	December	38.3
SMU48417003000000007	Texas	San Antonio-New Braunfels, TX	2018	M11	November	38.4
SMU48417003000000007	Texas	San Antonio-New Braunfels, TX	2018	M10	October	36.9
SMU48417003000000007	Texas	San Antonio-New Braunfels, TX	2018	M09	September	38.4
SMU48417003000000007	Texas	San Antonio-New Braunfels, TX	2018	M08	August	40.8
SMU48417003000000007	Texas	San Antonio-New Braunfels, TX	2018	M07	July	40.0
SMU48417003000000007	Texas	San Antonio-New Braunfels, TX	2018	M06	June	40.4
SMU48417003000000007	Texas	San Antonio-New Braunfels, TX	2018	M05	May	40.6
SMU48417003000000007	Texas	San Antonio-New Braunfels, TX	2018	M04	April	40.6
SMU48417003000000007	Texas	San Antonio-New Braunfels, TX	2018	M03	March	43.9
SMU48417003000000007	Texas	San Antonio-New Braunfels, TX	2018	M02	February	41.5
SMU48417003000000007	Texas	San Antonio-New Braunfels, TX	2018	M01	January	40.9
SMU48417003000000007	Texas	San Antonio-New Braunfels, TX	2017	M12	December	40.8
SMU48417003000000007	Texas	San Antonio-New Braunfels, TX	2017	M11	November	41.2
SMU48417003000000007	Texas	San Antonio-New Braunfels, TX	2017	M10	October	41.9
SMU48417003000000007	Texas	San Antonio-New Braunfels, TX	2017	M09	September	44.0
SMU48417003000000007	Texas	San Antonio-New Braunfels, TX	2017	M08	August	42.5
SMU48417003000000007	Texas	San Antonio-New Braunfels, TX	2017	M07	July	42.6
SMU48417003000000007	Texas	San Antonio-New Braunfels, TX	2017	M06	June	44.0
SMU48417003000000007	Texas	San Antonio-New Braunfels, TX	2017	M05	May	42.0
SMU48417003000000007	Texas	San Antonio-New Braunfels, TX	2017	M04	April	42.8
SMU48417003000000007	Texas	San Antonio-New Braunfels, TX	2017	M03	March	42.2
SMU48417003000000007	Texas	San Antonio-New Braunfels, TX	2017	M02	February	44.2
SMU48417003000000007	Texas	San Antonio-New Braunfels, TX	2017	M01	January	44.7
SMU48417003000000007	Texas	San Antonio-New Braunfels, TX	2016	M12	December	43.7
SMU48417003000000007	Texas	San Antonio-New Braunfels, TX	2016	M11	November	43.2
SMU48417003000000007	Texas	San Antonio-New Braunfels, TX	2016	M10	October	45.0
SMU48417003000000007	Texas	San Antonio-New Braunfels, TX	2016	M09	September	40.3
SMU48417003000000007	Texas	San Antonio-New Braunfels, TX	2016	M08	August	39.3
SMU48417003000000007	Texas	San Antonio-New Braunfels, TX	2016	M07	July	39.7
SMU48417003000000007	Texas	San Antonio-New Braunfels, TX	2016	M06	June	37.3
SMU48417003000000007	Texas	San Antonio-New Braunfels, TX	2016	M05	May	34.8
SMU48417003000000007	Texas	San Antonio-New Braunfels, TX	2016	M04	April	38.4
SMU48417003000000007	Texas	San Antonio-New Braunfels, TX	2016	M03	March	35.1
SMU48417003000000007	Texas	San Antonio-New Braunfels, TX	2016	M02	February	33.8
SMU48417003000000007	Texas	San Antonio-New Braunfels, TX	2016	M01	January	37.8
SMU48417003000000007	Texas	San Antonio-New Braunfels, TX	2015	M12	December	39.5
SMU48417003000000007	Texas	San Antonio-New Braunfels, TX	2015	M11	November	40.1
SMU48417003000000007	Texas	San Antonio-New Braunfels, TX	2015	M10	October	39.0
SMU48417003000000007	Texas	San Antonio-New Braunfels, TX	2015	M09	September	36.8
SMU48417003000000007	Texas	San Antonio-New Braunfels, TX	2015	M08	August	35.2
SMU48417003000000007	Texas	San Antonio-New Braunfels, TX	2015	M07	July	36.6
SMU48417003000000007	Texas	San Antonio-New Braunfels, TX	2015	M06	June	37.8
SMU48417003000000007	Texas	San Antonio-New Braunfels, TX	2015	M05	May	36.6
SMU48417003000000007	Texas	San Antonio-New Braunfels, TX	2015	M04	April	37.1
SMU48417003000000007	Texas	San Antonio-New Braunfels, TX	2015	M03	March	38.2
SMU48417003000000007	Texas	San Antonio-New Braunfels, TX	2015	M02	February	36.4
SMU48417003000000007	Texas	San Antonio-New Braunfels, TX	2015	M01	January	40.0
SMU48417003000000007	Texas	San Antonio-New Braunfels, TX	2014	M12	December	43.9
SMU48417003000000007	Texas	San Antonio-New Braunfels, TX	2014	M11	November	41.3
SMU48417003000000007	Texas	San Antonio-New Braunfels, TX	2014	M10	October	39.2
SMU48417003000000007	Texas	San Antonio-New Braunfels, TX	2014	M09	September	37.3
SMU48417003000000007	Texas	San Antonio-New Braunfels, TX	2014	M08	August	39.3
SMU48417003000000007	Texas	San Antonio-New Braunfels, TX	2014	M07	July	41.4
SMU48417003000000007	Texas	San Antonio-New Braunfels, TX	2014	M06	June	40.3
SMU48417003000000007	Texas	San Antonio-New Braunfels, TX	2014	M05	May	41.0
SMU48417003000000007	Texas	San Antonio-New Braunfels, TX	2014	M04	April	38.0
SMU48417003000000007	Texas	San Antonio-New Braunfels, TX	2014	M03	March	41.1
SMU48417003000000007	Texas	San Antonio-New Braunfels, TX	2014	M02	February	40.7
SMU48417003000000007	Texas	San Antonio-New Braunfels, TX	2014	M01	January	38.3
SMU48417003000000007	Texas	San Antonio-New Braunfels, TX	2013	M12	December	42.3
SMU48417003000000007	Texas	San Antonio-New Braunfels, TX	2013	M11	November	42.5
SMU48417003000000007	Texas	San Antonio-New Braunfels, TX	2013	M10	October	40.5
SMU48417003000000007	Texas	San Antonio-New Braunfels, TX	2013	M09	September	42.5
SMU48417003000000007	Texas	San Antonio-New Braunfels, TX	2013	M08	August	41.7
SMU48417003000000007	Texas	San Antonio-New Braunfels, TX	2013	M07	July	40.8
SMU48417003000000007	Texas	San Antonio-New Braunfels, TX	2013	M06	June	43.3
SMU48417003000000007	Texas	San Antonio-New Braunfels, TX	2013	M05	May	40.7
SMU48417003000000007	Texas	San Antonio-New Braunfels, TX	2013	M04	April	43.5
SMU48417003000000007	Texas	San Antonio-New Braunfels, TX	2013	M03	March	41.9
SMU48417003000000007	Texas	San Antonio-New Braunfels, TX	2013	M02	February	43.3
SMU48417003000000007	Texas	San Antonio-New Braunfels, TX	2013	M01	January	40.6
SMU48417003000000007	Texas	San Antonio-New Braunfels, TX	2012	M12	December	43.0
SMU48417003000000007	Texas	San Antonio-New Braunfels, TX	2012	M11	November	44.1
SMU48417003000000007	Texas	San Antonio-New Braunfels, TX	2012	M10	October	44.1
SMU48417003000000007	Texas	San Antonio-New Braunfels, TX	2012	M09	September	43.6
SMU48417003000000007	Texas	San Antonio-New Braunfels, TX	2012	M08	August	47.4
SMU48417003000000007	Texas	San Antonio-New Braunfels, TX	2012	M07	July	49.4
SMU48417003000000007	Texas	San Antonio-New Braunfels, TX	2012	M06	June	51.1
SMU48417003000000007	Texas	San Antonio-New Braunfels, TX	2012	M05	May	52.3
SMU48417003000000007	Texas	San Antonio-New Braunfels, TX	2012	M04	April	52.5
SMU48417003000000007	Texas	San Antonio-New Braunfels, TX	2012	M03	March	50.1
SMU48417003000000007	Texas	San Antonio-New Braunfels, TX	2012	M02	February	48.6
SMU48417003000000007	Texas	San Antonio-New Braunfels, TX	2012	M01	January	51.3
SMU48417003000000007	Texas	San Antonio-New Braunfels, TX	2011	M12	December	49.4
SMU48417003000000007	Texas	San Antonio-New Braunfels, TX	2011	M11	November	44.5
SMU48417003000000007	Texas	San Antonio-New Braunfels, TX	2011	M10	October	45.0
SMU48417003000000007	Texas	San Antonio-New Braunfels, TX	2011	M09	September	40.8
SMU48417003000000007	Texas	San Antonio-New Braunfels, TX	2011	M08	August	43.8
SMU48417003000000007	Texas	San Antonio-New Braunfels, TX	2011	M07	July	43.5
SMU48417003000000007	Texas	San Antonio-New Braunfels, TX	2011	M06	June	42.9
SMU48417003000000007	Texas	San Antonio-New Braunfels, TX	2011	M05	May	43.0
SMU48417003000000007	Texas	San Antonio-New Braunfels, TX	2011	M04	April	40.7
SMU48417003000000007	Texas	San Antonio-New Braunfels, TX	2011	M03	March	38.7
SMU48417003000000007	Texas	San Antonio-New Braunfels, TX	2011	M02	February	37.5
SMU48417003000000007	Texas	San Antonio-New Braunfels, TX	2011	M01	January	37.7
SMU48417003000000007	Texas	San Antonio-New Braunfels, TX	2010	M12	December	37.2
SMU48417003000000007	Texas	San Antonio-New Braunfels, TX	2010	M11	November	37.1
SMU48417003000000007	Texas	San Antonio-New Braunfels, TX	2010	M10	October	37.0
SMU48417003000000007	Texas	San Antonio-New Braunfels, TX	2010	M09	September	37.1
SMU48417003000000007	Texas	San Antonio-New Braunfels, TX	2010	M08	August	37.6
SMU48417003000000007	Texas	San Antonio-New Braunfels, TX	2010	M07	July	37.2
SMU48417003000000007	Texas	San Antonio-New Braunfels, TX	2010	M06	June	37.0
SMU48417003000000007	Texas	San Antonio-New Braunfels, TX	2010	M05	May	36.9
SMU48417003000000007	Texas	San Antonio-New Braunfels, TX	2010	M04	April	36.4
SMU48417003000000007	Texas	San Antonio-New Braunfels, TX	2010	M03	March	35.8
SMU48417003000000007	Texas	San Antonio-New Braunfels, TX	2010	M02	February	36.2
SMU48417003000000007	Texas	San Antonio-New Braunfels, TX	2010	M01	January	37.1
SMU48417003000000007	Texas	San Antonio-New Braunfels, TX	2009	M12	December	38.0
SMU48417003000000007	Texas	San Antonio-New Braunfels, TX	2009	M11	November	38.6
SMU48417003000000007	Texas	San Antonio-New Braunfels, TX	2009	M10	October	38.3
SMU48417003000000007	Texas	San Antonio-New Braunfels, TX	2009	M09	September	38.8
SMU48417003000000007	Texas	San Antonio-New Braunfels, TX	2009	M08	August	38.8
SMU48417003000000007	Texas	San Antonio-New Braunfels, TX	2009	M07	July	38.9
SMU48417003000000007	Texas	San Antonio-New Braunfels, TX	2009	M06	June	39.2
SMU48417003000000007	Texas	San Antonio-New Braunfels, TX	2009	M05	May	39.1
SMU48417003000000007	Texas	San Antonio-New Braunfels, TX	2009	M04	April	38.9
SMU48417003000000007	Texas	San Antonio-New Braunfels, TX	2009	M03	March	39.7
SMU48417003000000007	Texas	San Antonio-New Braunfels, TX	2009	M02	February	40.3
SMU48417003000000007	Texas	San Antonio-New Braunfels, TX	2009	M01	January	41.1
SMU48417003000000007	Texas	San Antonio-New Braunfels, TX	2008	M12	December	40.9
SMU48417003000000007	Texas	San Antonio-New Braunfels, TX	2008	M11	November	43.5
SMU48417003000000007	Texas	San Antonio-New Braunfels, TX	2008	M10	October	42.5
SMU48417003000000007	Texas	San Antonio-New Braunfels, TX	2008	M09	September	44.5
SMU48417003000000007	Texas	San Antonio-New Braunfels, TX	2008	M08	August	44.5
SMU48417003000000007	Texas	San Antonio-New Braunfels, TX	2008	M07	July	43.1
SMU48417003000000007	Texas	San Antonio-New Braunfels, TX	2008	M06	June	43.2
SMU48417003000000007	Texas	San Antonio-New Braunfels, TX	2008	M05	May	42.9
SMU48417003000000007	Texas	San Antonio-New Braunfels, TX	2008	M04	April	42.5
SMU48417003000000007	Texas	San Antonio-New Braunfels, TX	2008	M03	March	44.3
SMU48417003000000007	Texas	San Antonio-New Braunfels, TX	2008	M02	February	44.9
SMU48417003000000007	Texas	San Antonio-New Braunfels, TX	2008	M01	January	45.6
SMU48417003000000007	Texas	San Antonio-New Braunfels, TX	2007	M12	December	45.3
SMU48417003000000007	Texas	San Antonio-New Braunfels, TX	2007	M11	November	46.6
SMU48417003000000007	Texas	San Antonio-New Braunfels, TX	2007	M10	October	45.6
SMU48417003000000007	Texas	San Antonio-New Braunfels, TX	2007	M09	September	46.4
SMU48417003000000007	Texas	San Antonio-New Braunfels, TX	2007	M08	August	46.0
SMU48417003000000007	Texas	San Antonio-New Braunfels, TX	2007	M07	July	45.1
SMU48417003000000007	Texas	San Antonio-New Braunfels, TX	2007	M06	June	45.1
SMU48417003000000007	Texas	San Antonio-New Braunfels, TX	2007	M05	May	44.4
SMU48417003000000007	Texas	San Antonio-New Braunfels, TX	2007	M04	April	44.2
SMU48417003000000007	Texas	San Antonio-New Braunfels, TX	2007	M03	March	44.2
SMU48417003000000007	Texas	San Antonio-New Braunfels, TX	2007	M02	February	43.9
SMU48417003000000007	Texas	San Antonio-New Braunfels, TX	2007	M01	January	43.2
SMU20486203000000007	Kansas	Wichita, KS	2025	M12	December	35.6
SMU20486203000000007	Kansas	Wichita, KS	2025	M11	November	36.5
SMU20486203000000007	Kansas	Wichita, KS	2025	M10	October	37.9
SMU20486203000000007	Kansas	Wichita, KS	2025	M09	September	38.9
SMU20486203000000007	Kansas	Wichita, KS	2025	M08	August	39.2
SMU20486203000000007	Kansas	Wichita, KS	2025	M07	July	37.8
SMU20486203000000007	Kansas	Wichita, KS	2025	M06	June	38.7
SMU20486203000000007	Kansas	Wichita, KS	2025	M05	May	37.4
SMU20486203000000007	Kansas	Wichita, KS	2025	M04	April	36.6
SMU20486203000000007	Kansas	Wichita, KS	2025	M03	March	35.7
SMU20486203000000007	Kansas	Wichita, KS	2025	M02	February	37.4
SMU20486203000000007	Kansas	Wichita, KS	2025	M01	January	36.8
SMU20486203000000007	Kansas	Wichita, KS	2024	M12	December	37.1
SMU20486203000000007	Kansas	Wichita, KS	2024	M11	November	36.6
SMU20486203000000007	Kansas	Wichita, KS	2024	M10	October	38.6
SMU20486203000000007	Kansas	Wichita, KS	2024	M09	September	39.4
SMU20486203000000007	Kansas	Wichita, KS	2024	M08	August	36.9
SMU20486203000000007	Kansas	Wichita, KS	2024	M07	July	37.5
SMU20486203000000007	Kansas	Wichita, KS	2024	M06	June	35.7
SMU20486203000000007	Kansas	Wichita, KS	2024	M05	May	38.3
SMU20486203000000007	Kansas	Wichita, KS	2024	M04	April	37.5
SMU20486203000000007	Kansas	Wichita, KS	2024	M03	March	39.4
SMU20486203000000007	Kansas	Wichita, KS	2024	M02	February	39.4
SMU20486203000000007	Kansas	Wichita, KS	2024	M01	January	39.0
SMU20486203000000007	Kansas	Wichita, KS	2023	M12	December	40.4
SMU20486203000000007	Kansas	Wichita, KS	2023	M11	November	39.7
SMU20486203000000007	Kansas	Wichita, KS	2023	M10	October	39.4
SMU20486203000000007	Kansas	Wichita, KS	2023	M09	September	41.6
SMU20486203000000007	Kansas	Wichita, KS	2023	M08	August	39.9
SMU20486203000000007	Kansas	Wichita, KS	2023	M07	July	40.7
SMU20486203000000007	Kansas	Wichita, KS	2023	M06	June	41.6
SMU20486203000000007	Kansas	Wichita, KS	2023	M05	May	41.5
SMU20486203000000007	Kansas	Wichita, KS	2023	M04	April	41.9
SMU20486203000000007	Kansas	Wichita, KS	2023	M03	March	39.1
SMU20486203000000007	Kansas	Wichita, KS	2023	M02	February	40.9
SMU20486203000000007	Kansas	Wichita, KS	2023	M01	January	44.0
SMU20486203000000007	Kansas	Wichita, KS	2022	M12	December	42.7
SMU20486203000000007	Kansas	Wichita, KS	2022	M11	November	43.0
SMU20486203000000007	Kansas	Wichita, KS	2022	M10	October	42.7
SMU20486203000000007	Kansas	Wichita, KS	2022	M09	September	41.9
SMU20486203000000007	Kansas	Wichita, KS	2022	M08	August	43.4
SMU20486203000000007	Kansas	Wichita, KS	2022	M07	July	44.1
SMU20486203000000007	Kansas	Wichita, KS	2022	M06	June	43.8
SMU20486203000000007	Kansas	Wichita, KS	2022	M05	May	43.6
SMU20486203000000007	Kansas	Wichita, KS	2022	M04	April	43.6
SMU20486203000000007	Kansas	Wichita, KS	2022	M03	March	43.6
SMU20486203000000007	Kansas	Wichita, KS	2022	M02	February	43.5
SMU20486203000000007	Kansas	Wichita, KS	2022	M01	January	41.8
SMU20486203000000007	Kansas	Wichita, KS	2021	M12	December	43.2
SMU20486203000000007	Kansas	Wichita, KS	2021	M11	November	42.6
SMU20486203000000007	Kansas	Wichita, KS	2021	M10	October	42.9
SMU20486203000000007	Kansas	Wichita, KS	2021	M09	September	42.2
SMU20486203000000007	Kansas	Wichita, KS	2021	M08	August	43.2
SMU20486203000000007	Kansas	Wichita, KS	2021	M07	July	44.0
SMU20486203000000007	Kansas	Wichita, KS	2021	M06	June	43.8
SMU20486203000000007	Kansas	Wichita, KS	2021	M05	May	42.9
SMU20486203000000007	Kansas	Wichita, KS	2021	M04	April	42.2
SMU20486203000000007	Kansas	Wichita, KS	2021	M03	March	42.7
SMU20486203000000007	Kansas	Wichita, KS	2021	M02	February	42.3
SMU20486203000000007	Kansas	Wichita, KS	2021	M01	January	43.2
SMU20486203000000007	Kansas	Wichita, KS	2020	M12	December	41.7
SMU20486203000000007	Kansas	Wichita, KS	2020	M11	November	42.0
SMU20486203000000007	Kansas	Wichita, KS	2020	M10	October	43.0
SMU20486203000000007	Kansas	Wichita, KS	2020	M09	September	41.9
SMU20486203000000007	Kansas	Wichita, KS	2020	M08	August	41.8
SMU20486203000000007	Kansas	Wichita, KS	2020	M07	July	38.9
SMU20486203000000007	Kansas	Wichita, KS	2020	M06	June	40.5
SMU20486203000000007	Kansas	Wichita, KS	2020	M05	May	39.4
SMU20486203000000007	Kansas	Wichita, KS	2020	M04	April	38.6
SMU20486203000000007	Kansas	Wichita, KS	2020	M03	March	41.9
SMU20486203000000007	Kansas	Wichita, KS	2020	M02	February	40.1
SMU20486203000000007	Kansas	Wichita, KS	2020	M01	January	39.9
SMU20486203000000007	Kansas	Wichita, KS	2019	M12	December	40.1
SMU20486203000000007	Kansas	Wichita, KS	2019	M11	November	41.2
SMU20486203000000007	Kansas	Wichita, KS	2019	M10	October	40.2
SMU20486203000000007	Kansas	Wichita, KS	2019	M09	September	40.3
SMU20486203000000007	Kansas	Wichita, KS	2019	M08	August	41.2
SMU20486203000000007	Kansas	Wichita, KS	2019	M07	July	39.3
SMU20486203000000007	Kansas	Wichita, KS	2019	M06	June	40.8
SMU20486203000000007	Kansas	Wichita, KS	2019	M05	May	40.4
SMU20486203000000007	Kansas	Wichita, KS	2019	M04	April	40.6
SMU20486203000000007	Kansas	Wichita, KS	2019	M03	March	40.3
SMU20486203000000007	Kansas	Wichita, KS	2019	M02	February	40.6
SMU20486203000000007	Kansas	Wichita, KS	2019	M01	January	41.1
SMU20486203000000007	Kansas	Wichita, KS	2018	M12	December	41.5
SMU20486203000000007	Kansas	Wichita, KS	2018	M11	November	41.3
SMU20486203000000007	Kansas	Wichita, KS	2018	M10	October	42.0
SMU20486203000000007	Kansas	Wichita, KS	2018	M09	September	43.1
SMU20486203000000007	Kansas	Wichita, KS	2018	M08	August	40.8
SMU20486203000000007	Kansas	Wichita, KS	2018	M07	July	41.4
SMU20486203000000007	Kansas	Wichita, KS	2018	M06	June	40.3
SMU20486203000000007	Kansas	Wichita, KS	2018	M05	May	42.3
SMU20486203000000007	Kansas	Wichita, KS	2018	M04	April	43.8
SMU20486203000000007	Kansas	Wichita, KS	2018	M03	March	43.7
SMU20486203000000007	Kansas	Wichita, KS	2018	M02	February	44.0
SMU20486203000000007	Kansas	Wichita, KS	2018	M01	January	45.2
SMU20486203000000007	Kansas	Wichita, KS	2017	M12	December	45.0
SMU20486203000000007	Kansas	Wichita, KS	2017	M11	November	44.5
SMU20486203000000007	Kansas	Wichita, KS	2017	M10	October	44.7
SMU20486203000000007	Kansas	Wichita, KS	2017	M09	September	43.1
SMU20486203000000007	Kansas	Wichita, KS	2017	M08	August	43.0
SMU20486203000000007	Kansas	Wichita, KS	2017	M07	July	41.8
SMU20486203000000007	Kansas	Wichita, KS	2017	M06	June	42.7
SMU20486203000000007	Kansas	Wichita, KS	2017	M05	May	43.7
SMU20486203000000007	Kansas	Wichita, KS	2017	M04	April	42.8
SMU20486203000000007	Kansas	Wichita, KS	2017	M03	March	43.1
SMU20486203000000007	Kansas	Wichita, KS	2017	M02	February	43.3
SMU20486203000000007	Kansas	Wichita, KS	2017	M01	January	43.3
SMU20486203000000007	Kansas	Wichita, KS	2016	M12	December	44.7
SMU20486203000000007	Kansas	Wichita, KS	2016	M11	November	43.7
SMU20486203000000007	Kansas	Wichita, KS	2016	M10	October	42.8
SMU20486203000000007	Kansas	Wichita, KS	2016	M09	September	41.7
SMU20486203000000007	Kansas	Wichita, KS	2016	M08	August	43.0
SMU20486203000000007	Kansas	Wichita, KS	2016	M07	July	42.3
SMU20486203000000007	Kansas	Wichita, KS	2016	M06	June	41.7
SMU20486203000000007	Kansas	Wichita, KS	2016	M05	May	42.9
SMU20486203000000007	Kansas	Wichita, KS	2016	M04	April	43.2
SMU20486203000000007	Kansas	Wichita, KS	2016	M03	March	42.6
SMU20486203000000007	Kansas	Wichita, KS	2016	M02	February	43.9
SMU20486203000000007	Kansas	Wichita, KS	2016	M01	January	43.7
SMU20486203000000007	Kansas	Wichita, KS	2015	M12	December	44.2
SMU20486203000000007	Kansas	Wichita, KS	2015	M11	November	44.6
SMU20486203000000007	Kansas	Wichita, KS	2015	M10	October	44.2
SMU20486203000000007	Kansas	Wichita, KS	2015	M09	September	44.2
SMU20486203000000007	Kansas	Wichita, KS	2015	M08	August	44.7
SMU20486203000000007	Kansas	Wichita, KS	2015	M07	July	44.4
SMU20486203000000007	Kansas	Wichita, KS	2015	M06	June	45.5
SMU20486203000000007	Kansas	Wichita, KS	2015	M05	May	45.2
SMU20486203000000007	Kansas	Wichita, KS	2015	M04	April	45.0
SMU20486203000000007	Kansas	Wichita, KS	2015	M03	March	44.1
SMU20486203000000007	Kansas	Wichita, KS	2015	M02	February	43.8
SMU20486203000000007	Kansas	Wichita, KS	2015	M01	January	44.0
SMU20486203000000007	Kansas	Wichita, KS	2014	M12	December	45.0
SMU20486203000000007	Kansas	Wichita, KS	2014	M11	November	44.6
SMU20486203000000007	Kansas	Wichita, KS	2014	M10	October	44.0
SMU20486203000000007	Kansas	Wichita, KS	2014	M09	September	44.4
SMU20486203000000007	Kansas	Wichita, KS	2014	M08	August	43.4
SMU20486203000000007	Kansas	Wichita, KS	2014	M07	July	44.3
SMU20486203000000007	Kansas	Wichita, KS	2014	M06	June	45.7
SMU20486203000000007	Kansas	Wichita, KS	2014	M05	May	44.3
SMU20486203000000007	Kansas	Wichita, KS	2014	M04	April	44.4
SMU20486203000000007	Kansas	Wichita, KS	2014	M03	March	42.8
SMU20486203000000007	Kansas	Wichita, KS	2014	M02	February	41.9
SMU20486203000000007	Kansas	Wichita, KS	2014	M01	January	42.8
SMU20486203000000007	Kansas	Wichita, KS	2013	M12	December	45.6
SMU20486203000000007	Kansas	Wichita, KS	2013	M11	November	44.5
SMU20486203000000007	Kansas	Wichita, KS	2013	M10	October	44.4
SMU20486203000000007	Kansas	Wichita, KS	2013	M09	September	44.7
SMU20486203000000007	Kansas	Wichita, KS	2013	M08	August	44.2
SMU20486203000000007	Kansas	Wichita, KS	2013	M07	July	43.3
SMU20486203000000007	Kansas	Wichita, KS	2013	M06	June	44.0
SMU20486203000000007	Kansas	Wichita, KS	2013	M05	May	43.3
SMU20486203000000007	Kansas	Wichita, KS	2013	M04	April	45.1
SMU20486203000000007	Kansas	Wichita, KS	2013	M03	March	45.1
SMU20486203000000007	Kansas	Wichita, KS	2013	M02	February	43.8
SMU20486203000000007	Kansas	Wichita, KS	2013	M01	January	42.9
SMU20486203000000007	Kansas	Wichita, KS	2012	M12	December	44.3
SMU20486203000000007	Kansas	Wichita, KS	2012	M11	November	44.0
SMU20486203000000007	Kansas	Wichita, KS	2012	M10	October	43.5
SMU20486203000000007	Kansas	Wichita, KS	2012	M09	September	43.5
SMU20486203000000007	Kansas	Wichita, KS	2012	M08	August	43.0
SMU20486203000000007	Kansas	Wichita, KS	2012	M07	July	42.9
SMU20486203000000007	Kansas	Wichita, KS	2012	M06	June	44.0
SMU20486203000000007	Kansas	Wichita, KS	2012	M05	May	44.2
SMU20486203000000007	Kansas	Wichita, KS	2012	M04	April	44.1
SMU20486203000000007	Kansas	Wichita, KS	2012	M03	March	42.5
SMU20486203000000007	Kansas	Wichita, KS	2012	M02	February	43.5
SMU20486203000000007	Kansas	Wichita, KS	2012	M01	January	43.8
SMU20486203000000007	Kansas	Wichita, KS	2011	M12	December	43.7
SMU20486203000000007	Kansas	Wichita, KS	2011	M11	November	44.3
SMU20486203000000007	Kansas	Wichita, KS	2011	M10	October	44.3
SMU20486203000000007	Kansas	Wichita, KS	2011	M09	September	42.5
SMU20486203000000007	Kansas	Wichita, KS	2011	M08	August	43.4
SMU20486203000000007	Kansas	Wichita, KS	2011	M07	July	41.8
SMU20486203000000007	Kansas	Wichita, KS	2011	M06	June	44.0
SMU20486203000000007	Kansas	Wichita, KS	2011	M05	May	43.8
SMU20486203000000007	Kansas	Wichita, KS	2011	M04	April	42.8
SMU20486203000000007	Kansas	Wichita, KS	2011	M03	March	43.6
SMU20486203000000007	Kansas	Wichita, KS	2011	M02	February	43.2
SMU20486203000000007	Kansas	Wichita, KS	2011	M01	January	42.8
SMU15465203000000007	Hawaii	Urban Honolulu, HI	2025	M12	December	41.0
SMU15465203000000007	Hawaii	Urban Honolulu, HI	2025	M11	November	41.3
SMU15465203000000007	Hawaii	Urban Honolulu, HI	2025	M10	October	43.2
SMU15465203000000007	Hawaii	Urban Honolulu, HI	2025	M09	September	41.6
SMU15465203000000007	Hawaii	Urban Honolulu, HI	2025	M08	August	40.7
SMU15465203000000007	Hawaii	Urban Honolulu, HI	2025	M07	July	42.5
SMU15465203000000007	Hawaii	Urban Honolulu, HI	2025	M06	June	42.7
SMU15465203000000007	Hawaii	Urban Honolulu, HI	2025	M05	May	43.9
SMU15465203000000007	Hawaii	Urban Honolulu, HI	2025	M04	April	43.2
SMU15465203000000007	Hawaii	Urban Honolulu, HI	2025	M03	March	42.9
SMU15465203000000007	Hawaii	Urban Honolulu, HI	2025	M02	February	41.1
SMU15465203000000007	Hawaii	Urban Honolulu, HI	2025	M01	January	40.8
SMU15465203000000007	Hawaii	Urban Honolulu, HI	2024	M12	December	41.9
SMU15465203000000007	Hawaii	Urban Honolulu, HI	2024	M11	November	41.4
SMU15465203000000007	Hawaii	Urban Honolulu, HI	2024	M10	October	40.9
SMU15465203000000007	Hawaii	Urban Honolulu, HI	2024	M09	September	41.2
SMU15465203000000007	Hawaii	Urban Honolulu, HI	2024	M08	August	41.0
SMU15465203000000007	Hawaii	Urban Honolulu, HI	2024	M07	July	41.4
SMU15465203000000007	Hawaii	Urban Honolulu, HI	2024	M06	June	40.7
SMU15465203000000007	Hawaii	Urban Honolulu, HI	2024	M05	May	38.3
SMU15465203000000007	Hawaii	Urban Honolulu, HI	2024	M04	April	38.9
SMU15465203000000007	Hawaii	Urban Honolulu, HI	2024	M03	March	38.6
SMU15465203000000007	Hawaii	Urban Honolulu, HI	2024	M02	February	37.5
SMU15465203000000007	Hawaii	Urban Honolulu, HI	2024	M01	January	36.9
SMU15465203000000007	Hawaii	Urban Honolulu, HI	2023	M12	December	36.9
SMU15465203000000007	Hawaii	Urban Honolulu, HI	2023	M11	November	38.4
SMU15465203000000007	Hawaii	Urban Honolulu, HI	2023	M10	October	37.7
SMU15465203000000007	Hawaii	Urban Honolulu, HI	2023	M09	September	39.4
SMU15465203000000007	Hawaii	Urban Honolulu, HI	2023	M08	August	39.5
SMU15465203000000007	Hawaii	Urban Honolulu, HI	2023	M07	July	38.9
SMU15465203000000007	Hawaii	Urban Honolulu, HI	2023	M06	June	38.5
SMU15465203000000007	Hawaii	Urban Honolulu, HI	2023	M05	May	38.0
SMU15465203000000007	Hawaii	Urban Honolulu, HI	2023	M04	April	38.2
SMU15465203000000007	Hawaii	Urban Honolulu, HI	2023	M03	March	37.5
SMU15465203000000007	Hawaii	Urban Honolulu, HI	2023	M02	February	37.1
SMU15465203000000007	Hawaii	Urban Honolulu, HI	2023	M01	January	38.1
SMU15465203000000007	Hawaii	Urban Honolulu, HI	2022	M12	December	39.0
SMU15465203000000007	Hawaii	Urban Honolulu, HI	2022	M11	November	37.9
SMU15465203000000007	Hawaii	Urban Honolulu, HI	2022	M10	October	39.1
SMU15465203000000007	Hawaii	Urban Honolulu, HI	2022	M09	September	40.7
SMU15465203000000007	Hawaii	Urban Honolulu, HI	2022	M08	August	39.4
SMU15465203000000007	Hawaii	Urban Honolulu, HI	2022	M07	July	39.2
SMU15465203000000007	Hawaii	Urban Honolulu, HI	2022	M06	June	39.0
SMU15465203000000007	Hawaii	Urban Honolulu, HI	2022	M05	May	38.6
SMU15465203000000007	Hawaii	Urban Honolulu, HI	2022	M04	April	40.0
SMU15465203000000007	Hawaii	Urban Honolulu, HI	2022	M03	March	41.3
SMU15465203000000007	Hawaii	Urban Honolulu, HI	2022	M02	February	40.2
SMU15465203000000007	Hawaii	Urban Honolulu, HI	2022	M01	January	40.2
SMU15465203000000007	Hawaii	Urban Honolulu, HI	2021	M12	December	39.1
SMU15465203000000007	Hawaii	Urban Honolulu, HI	2021	M11	November	38.9
SMU15465203000000007	Hawaii	Urban Honolulu, HI	2021	M10	October	39.3
SMU15465203000000007	Hawaii	Urban Honolulu, HI	2021	M09	September	39.4
SMU15465203000000007	Hawaii	Urban Honolulu, HI	2021	M08	August	39.5
SMU15465203000000007	Hawaii	Urban Honolulu, HI	2021	M07	July	40.5
SMU15465203000000007	Hawaii	Urban Honolulu, HI	2021	M06	June	38.3
SMU15465203000000007	Hawaii	Urban Honolulu, HI	2021	M05	May	39.6
SMU15465203000000007	Hawaii	Urban Honolulu, HI	2021	M04	April	39.3
SMU15465203000000007	Hawaii	Urban Honolulu, HI	2021	M03	March	39.2
SMU15465203000000007	Hawaii	Urban Honolulu, HI	2021	M02	February	40.7
SMU15465203000000007	Hawaii	Urban Honolulu, HI	2021	M01	January	40.0
SMU15465203000000007	Hawaii	Urban Honolulu, HI	2020	M12	December	39.8
SMU15465203000000007	Hawaii	Urban Honolulu, HI	2020	M11	November	40.0
SMU15465203000000007	Hawaii	Urban Honolulu, HI	2020	M10	October	38.1
SMU15465203000000007	Hawaii	Urban Honolulu, HI	2020	M09	September	36.0
SMU15465203000000007	Hawaii	Urban Honolulu, HI	2020	M08	August	37.7
SMU15465203000000007	Hawaii	Urban Honolulu, HI	2020	M07	July	37.2
SMU15465203000000007	Hawaii	Urban Honolulu, HI	2020	M06	June	34.9
SMU15465203000000007	Hawaii	Urban Honolulu, HI	2020	M05	May	34.5
SMU15465203000000007	Hawaii	Urban Honolulu, HI	2020	M04	April	32.7
SMU15465203000000007	Hawaii	Urban Honolulu, HI	2020	M03	March	39.9
SMU15465203000000007	Hawaii	Urban Honolulu, HI	2020	M02	February	39.9
SMU15465203000000007	Hawaii	Urban Honolulu, HI	2020	M01	January	38.3
SMU15465203000000007	Hawaii	Urban Honolulu, HI	2019	M12	December	38.8
SMU15465203000000007	Hawaii	Urban Honolulu, HI	2019	M11	November	37.5
SMU15465203000000007	Hawaii	Urban Honolulu, HI	2019	M10	October	36.1
SMU15465203000000007	Hawaii	Urban Honolulu, HI	2019	M09	September	38.5
SMU15465203000000007	Hawaii	Urban Honolulu, HI	2019	M08	August	37.2
SMU15465203000000007	Hawaii	Urban Honolulu, HI	2019	M07	July	37.1
SMU15465203000000007	Hawaii	Urban Honolulu, HI	2019	M06	June	36.9
SMU15465203000000007	Hawaii	Urban Honolulu, HI	2019	M05	May	39.0
SMU15465203000000007	Hawaii	Urban Honolulu, HI	2019	M04	April	37.2
SMU15465203000000007	Hawaii	Urban Honolulu, HI	2019	M03	March	38.1
SMU15465203000000007	Hawaii	Urban Honolulu, HI	2019	M02	February	37.9
SMU15465203000000007	Hawaii	Urban Honolulu, HI	2019	M01	January	37.9
SMU15465203000000007	Hawaii	Urban Honolulu, HI	2018	M12	December	38.3
SMU15465203000000007	Hawaii	Urban Honolulu, HI	2018	M11	November	37.4
SMU15465203000000007	Hawaii	Urban Honolulu, HI	2018	M10	October	37.9
SMU15465203000000007	Hawaii	Urban Honolulu, HI	2018	M09	September	37.6
SMU15465203000000007	Hawaii	Urban Honolulu, HI	2018	M08	August	37.3
SMU15465203000000007	Hawaii	Urban Honolulu, HI	2018	M07	July	39.6
SMU15465203000000007	Hawaii	Urban Honolulu, HI	2018	M06	June	36.5
SMU15465203000000007	Hawaii	Urban Honolulu, HI	2018	M05	May	37.8
SMU15465203000000007	Hawaii	Urban Honolulu, HI	2018	M04	April	38.3
SMU15465203000000007	Hawaii	Urban Honolulu, HI	2018	M03	March	37.8
SMU15465203000000007	Hawaii	Urban Honolulu, HI	2018	M02	February	37.7
SMU15465203000000007	Hawaii	Urban Honolulu, HI	2018	M01	January	38.4
SMU15465203000000007	Hawaii	Urban Honolulu, HI	2017	M12	December	39.0
SMU15465203000000007	Hawaii	Urban Honolulu, HI	2017	M11	November	38.6
SMU15465203000000007	Hawaii	Urban Honolulu, HI	2017	M10	October	39.3
SMU15465203000000007	Hawaii	Urban Honolulu, HI	2017	M09	September	38.8
SMU15465203000000007	Hawaii	Urban Honolulu, HI	2017	M08	August	38.5
SMU15465203000000007	Hawaii	Urban Honolulu, HI	2017	M07	July	40.3
SMU15465203000000007	Hawaii	Urban Honolulu, HI	2017	M06	June	39.7
SMU15465203000000007	Hawaii	Urban Honolulu, HI	2017	M05	May	39.9
SMU15465203000000007	Hawaii	Urban Honolulu, HI	2017	M04	April	41.6
SMU15465203000000007	Hawaii	Urban Honolulu, HI	2017	M03	March	39.1
SMU15465203000000007	Hawaii	Urban Honolulu, HI	2017	M02	February	39.6
SMU15465203000000007	Hawaii	Urban Honolulu, HI	2017	M01	January	38.7
SMU15465203000000007	Hawaii	Urban Honolulu, HI	2016	M12	December	39.6
SMU15465203000000007	Hawaii	Urban Honolulu, HI	2016	M11	November	39.8
SMU15465203000000007	Hawaii	Urban Honolulu, HI	2016	M10	October	41.1
SMU15465203000000007	Hawaii	Urban Honolulu, HI	2016	M09	September	39.2
SMU15465203000000007	Hawaii	Urban Honolulu, HI	2016	M08	August	39.5
SMU15465203000000007	Hawaii	Urban Honolulu, HI	2016	M07	July	38.9
SMU15465203000000007	Hawaii	Urban Honolulu, HI	2016	M06	June	38.0
SMU15465203000000007	Hawaii	Urban Honolulu, HI	2016	M05	May	38.0
SMU15465203000000007	Hawaii	Urban Honolulu, HI	2016	M04	April	38.4
SMU15465203000000007	Hawaii	Urban Honolulu, HI	2016	M03	March	40.6
SMU15465203000000007	Hawaii	Urban Honolulu, HI	2016	M02	February	39.1
SMU15465203000000007	Hawaii	Urban Honolulu, HI	2016	M01	January	41.9
SMU15465203000000007	Hawaii	Urban Honolulu, HI	2015	M12	December	42.0
SMU15465203000000007	Hawaii	Urban Honolulu, HI	2015	M11	November	39.9
SMU15465203000000007	Hawaii	Urban Honolulu, HI	2015	M10	October	40.6
SMU15465203000000007	Hawaii	Urban Honolulu, HI	2015	M09	September	38.8
SMU15465203000000007	Hawaii	Urban Honolulu, HI	2015	M08	August	41.3
SMU15465203000000007	Hawaii	Urban Honolulu, HI	2015	M07	July	40.7
SMU15465203000000007	Hawaii	Urban Honolulu, HI	2015	M06	June	40.8
SMU15465203000000007	Hawaii	Urban Honolulu, HI	2015	M05	May	42.1
SMU15465203000000007	Hawaii	Urban Honolulu, HI	2015	M04	April	40.4
SMU15465203000000007	Hawaii	Urban Honolulu, HI	2015	M03	March	39.9
SMU15465203000000007	Hawaii	Urban Honolulu, HI	2015	M02	February	41.6
SMU15465203000000007	Hawaii	Urban Honolulu, HI	2015	M01	January	41.7
SMU15465203000000007	Hawaii	Urban Honolulu, HI	2014	M12	December	42.3
SMU15465203000000007	Hawaii	Urban Honolulu, HI	2014	M11	November	43.1
SMU15465203000000007	Hawaii	Urban Honolulu, HI	2014	M10	October	42.8
SMU15465203000000007	Hawaii	Urban Honolulu, HI	2014	M09	September	39.8
SMU15465203000000007	Hawaii	Urban Honolulu, HI	2014	M08	August	39.0
SMU15465203000000007	Hawaii	Urban Honolulu, HI	2014	M07	July	40.8
SMU15465203000000007	Hawaii	Urban Honolulu, HI	2014	M06	June	39.5
SMU15465203000000007	Hawaii	Urban Honolulu, HI	2014	M05	May	36.9
SMU15465203000000007	Hawaii	Urban Honolulu, HI	2014	M04	April	38.3
SMU15465203000000007	Hawaii	Urban Honolulu, HI	2014	M03	March	38.0
SMU15465203000000007	Hawaii	Urban Honolulu, HI	2014	M02	February	38.9
SMU15465203000000007	Hawaii	Urban Honolulu, HI	2014	M01	January	38.1
SMU15465203000000007	Hawaii	Urban Honolulu, HI	2013	M12	December	40.6
SMU15465203000000007	Hawaii	Urban Honolulu, HI	2013	M11	November	38.4
SMU15465203000000007	Hawaii	Urban Honolulu, HI	2013	M10	October	37.1
SMU15465203000000007	Hawaii	Urban Honolulu, HI	2013	M09	September	39.5
SMU15465203000000007	Hawaii	Urban Honolulu, HI	2013	M08	August	39.5
SMU15465203000000007	Hawaii	Urban Honolulu, HI	2013	M07	July	37.1
SMU15465203000000007	Hawaii	Urban Honolulu, HI	2013	M06	June	37.6
SMU15465203000000007	Hawaii	Urban Honolulu, HI	2013	M05	May	38.1
SMU15465203000000007	Hawaii	Urban Honolulu, HI	2013	M04	April	37.2
SMU15465203000000007	Hawaii	Urban Honolulu, HI	2013	M03	March	37.0
SMU15465203000000007	Hawaii	Urban Honolulu, HI	2013	M02	February	36.3
SMU15465203000000007	Hawaii	Urban Honolulu, HI	2013	M01	January	35.8
SMU15465203000000007	Hawaii	Urban Honolulu, HI	2012	M12	December	39.1
SMU15465203000000007	Hawaii	Urban Honolulu, HI	2012	M11	November	37.6
SMU15465203000000007	Hawaii	Urban Honolulu, HI	2012	M10	October	38.2
SMU15465203000000007	Hawaii	Urban Honolulu, HI	2012	M09	September	38.7
SMU15465203000000007	Hawaii	Urban Honolulu, HI	2012	M08	August	38.7
SMU15465203000000007	Hawaii	Urban Honolulu, HI	2012	M07	July	37.8
SMU15465203000000007	Hawaii	Urban Honolulu, HI	2012	M06	June	37.1
SMU15465203000000007	Hawaii	Urban Honolulu, HI	2012	M05	May	40.0
SMU15465203000000007	Hawaii	Urban Honolulu, HI	2012	M04	April	38.0
SMU15465203000000007	Hawaii	Urban Honolulu, HI	2012	M03	March	37.2
SMU15465203000000007	Hawaii	Urban Honolulu, HI	2012	M02	February	36.4
SMU15465203000000007	Hawaii	Urban Honolulu, HI	2012	M01	January	36.2
SMU15465203000000007	Hawaii	Urban Honolulu, HI	2011	M12	December	37.7
SMU15465203000000007	Hawaii	Urban Honolulu, HI	2011	M11	November	36.3
SMU15465203000000007	Hawaii	Urban Honolulu, HI	2011	M10	October	37.1
SMU15465203000000007	Hawaii	Urban Honolulu, HI	2011	M09	September	36.1
SMU15465203000000007	Hawaii	Urban Honolulu, HI	2011	M08	August	35.4
SMU15465203000000007	Hawaii	Urban Honolulu, HI	2011	M07	July	35.4
SMU15465203000000007	Hawaii	Urban Honolulu, HI	2011	M06	June	36.6
SMU15465203000000007	Hawaii	Urban Honolulu, HI	2011	M05	May	35.6
SMU15465203000000007	Hawaii	Urban Honolulu, HI	2011	M04	April	33.8
SMU15465203000000007	Hawaii	Urban Honolulu, HI	2011	M03	March	34.0
SMU15465203000000007	Hawaii	Urban Honolulu, HI	2011	M02	February	34.9
SMU15465203000000007	Hawaii	Urban Honolulu, HI	2011	M01	January	35.1
SMU15465203000000007	Hawaii	Urban Honolulu, HI	2010	M12	December	35.8
SMU15465203000000007	Hawaii	Urban Honolulu, HI	2010	M11	November	36.9
SMU15465203000000007	Hawaii	Urban Honolulu, HI	2010	M10	October	35.8
SMU15465203000000007	Hawaii	Urban Honolulu, HI	2010	M09	September	34.9
SMU15465203000000007	Hawaii	Urban Honolulu, HI	2010	M08	August	36.5
SMU15465203000000007	Hawaii	Urban Honolulu, HI	2010	M07	July	35.3
SMU15465203000000007	Hawaii	Urban Honolulu, HI	2010	M06	June	35.2
SMU15465203000000007	Hawaii	Urban Honolulu, HI	2010	M05	May	35.9
SMU15465203000000007	Hawaii	Urban Honolulu, HI	2010	M04	April	35.7
SMU15465203000000007	Hawaii	Urban Honolulu, HI	2010	M03	March	35.7
SMU15465203000000007	Hawaii	Urban Honolulu, HI	2010	M02	February	35.5
SMU15465203000000007	Hawaii	Urban Honolulu, HI	2010	M01	January	35.0
SMU15465203000000007	Hawaii	Urban Honolulu, HI	2009	M12	December	35.8
SMU15465203000000007	Hawaii	Urban Honolulu, HI	2009	M11	November	36.0
SMU15465203000000007	Hawaii	Urban Honolulu, HI	2009	M10	October	35.1
SMU15465203000000007	Hawaii	Urban Honolulu, HI	2009	M09	September	35.3
SMU15465203000000007	Hawaii	Urban Honolulu, HI	2009	M08	August	37.0
SMU15465203000000007	Hawaii	Urban Honolulu, HI	2009	M07	July	36.7
SMU15465203000000007	Hawaii	Urban Honolulu, HI	2009	M06	June	37.3
SMU15465203000000007	Hawaii	Urban Honolulu, HI	2009	M05	May	37.2
SMU15465203000000007	Hawaii	Urban Honolulu, HI	2009	M04	April	35.9
SMU15465203000000007	Hawaii	Urban Honolulu, HI	2009	M03	March	36.8
SMU15465203000000007	Hawaii	Urban Honolulu, HI	2009	M02	February	36.8
SMU15465203000000007	Hawaii	Urban Honolulu, HI	2009	M01	January	35.8
SMU15465203000000007	Hawaii	Urban Honolulu, HI	2008	M12	December	36.1
SMU15465203000000007	Hawaii	Urban Honolulu, HI	2008	M11	November	37.1
SMU15465203000000007	Hawaii	Urban Honolulu, HI	2008	M10	October	36.7
SMU15465203000000007	Hawaii	Urban Honolulu, HI	2008	M09	September	37.3
SMU15465203000000007	Hawaii	Urban Honolulu, HI	2008	M08	August	37.6
SMU15465203000000007	Hawaii	Urban Honolulu, HI	2008	M07	July	37.6
SMU15465203000000007	Hawaii	Urban Honolulu, HI	2008	M06	June	37.7
SMU15465203000000007	Hawaii	Urban Honolulu, HI	2008	M05	May	35.8
SMU15465203000000007	Hawaii	Urban Honolulu, HI	2008	M04	April	37.5
SMU15465203000000007	Hawaii	Urban Honolulu, HI	2008	M03	March	38.9
SMU15465203000000007	Hawaii	Urban Honolulu, HI	2008	M02	February	36.9
SMU15465203000000007	Hawaii	Urban Honolulu, HI	2008	M01	January	36.0
SMU15465203000000007	Hawaii	Urban Honolulu, HI	2007	M12	December	37.7
SMU15465203000000007	Hawaii	Urban Honolulu, HI	2007	M11	November	39.1
SMU15465203000000007	Hawaii	Urban Honolulu, HI	2007	M10	October	37.9
SMU15465203000000007	Hawaii	Urban Honolulu, HI	2007	M09	September	38.1
SMU15465203000000007	Hawaii	Urban Honolulu, HI	2007	M08	August	37.5
SMU15465203000000007	Hawaii	Urban Honolulu, HI	2007	M07	July	38.3
SMU15465203000000007	Hawaii	Urban Honolulu, HI	2007	M06	June	38.9
SMU15465203000000007	Hawaii	Urban Honolulu, HI	2007	M05	May	39.4
SMU15465203000000007	Hawaii	Urban Honolulu, HI	2007	M04	April	40.0
SMU15465203000000007	Hawaii	Urban Honolulu, HI	2007	M03	March	36.4
SMU15465203000000007	Hawaii	Urban Honolulu, HI	2007	M02	February	36.4
SMU15465203000000007	Hawaii	Urban Honolulu, HI	2007	M01	January	37.6
SMU17169843000000007	Illinois	Chicago-Naperville-Schaumburg, IL Metropolitan Division	2025	M12	December	41.2
SMU17169843000000007	Illinois	Chicago-Naperville-Schaumburg, IL Metropolitan Division	2025	M11	November	40.8
SMU17169843000000007	Illinois	Chicago-Naperville-Schaumburg, IL Metropolitan Division	2025	M10	October	40.3
SMU17169843000000007	Illinois	Chicago-Naperville-Schaumburg, IL Metropolitan Division	2025	M09	September	40.2
SMU17169843000000007	Illinois	Chicago-Naperville-Schaumburg, IL Metropolitan Division	2025	M08	August	39.9
SMU17169843000000007	Illinois	Chicago-Naperville-Schaumburg, IL Metropolitan Division	2025	M07	July	39.8
SMU17169843000000007	Illinois	Chicago-Naperville-Schaumburg, IL Metropolitan Division	2025	M06	June	39.6
SMU17169843000000007	Illinois	Chicago-Naperville-Schaumburg, IL Metropolitan Division	2025	M05	May	39.6
SMU17169843000000007	Illinois	Chicago-Naperville-Schaumburg, IL Metropolitan Division	2025	M04	April	40.8
SMU17169843000000007	Illinois	Chicago-Naperville-Schaumburg, IL Metropolitan Division	2025	M03	March	40.6
SMU17169843000000007	Illinois	Chicago-Naperville-Schaumburg, IL Metropolitan Division	2025	M02	February	39.9
SMU17169843000000007	Illinois	Chicago-Naperville-Schaumburg, IL Metropolitan Division	2025	M01	January	39.8
SMU17169843000000007	Illinois	Chicago-Naperville-Schaumburg, IL Metropolitan Division	2024	M12	December	41.2
SMU17169843000000007	Illinois	Chicago-Naperville-Schaumburg, IL Metropolitan Division	2024	M11	November	40.9
SMU17169843000000007	Illinois	Chicago-Naperville-Schaumburg, IL Metropolitan Division	2024	M10	October	40.4
SMU17169843000000007	Illinois	Chicago-Naperville-Schaumburg, IL Metropolitan Division	2024	M09	September	41.0
SMU17169843000000007	Illinois	Chicago-Naperville-Schaumburg, IL Metropolitan Division	2024	M08	August	40.7
SMU17169843000000007	Illinois	Chicago-Naperville-Schaumburg, IL Metropolitan Division	2024	M07	July	40.4
SMU17169843000000007	Illinois	Chicago-Naperville-Schaumburg, IL Metropolitan Division	2024	M06	June	40.8
SMU17169843000000007	Illinois	Chicago-Naperville-Schaumburg, IL Metropolitan Division	2024	M05	May	41.1
SMU17169843000000007	Illinois	Chicago-Naperville-Schaumburg, IL Metropolitan Division	2024	M04	April	40.6
SMU17169843000000007	Illinois	Chicago-Naperville-Schaumburg, IL Metropolitan Division	2024	M03	March	41.2
SMU17169843000000007	Illinois	Chicago-Naperville-Schaumburg, IL Metropolitan Division	2024	M02	February	41.2
SMU17169843000000007	Illinois	Chicago-Naperville-Schaumburg, IL Metropolitan Division	2024	M01	January	40.0
SMU17169843000000007	Illinois	Chicago-Naperville-Schaumburg, IL Metropolitan Division	2023	M12	December	42.2
SMU17169843000000007	Illinois	Chicago-Naperville-Schaumburg, IL Metropolitan Division	2023	M11	November	42.2
SMU17169843000000007	Illinois	Chicago-Naperville-Schaumburg, IL Metropolitan Division	2023	M10	October	42.2
SMU17169843000000007	Illinois	Chicago-Naperville-Schaumburg, IL Metropolitan Division	2023	M09	September	41.8
SMU17169843000000007	Illinois	Chicago-Naperville-Schaumburg, IL Metropolitan Division	2023	M08	August	41.6
SMU17169843000000007	Illinois	Chicago-Naperville-Schaumburg, IL Metropolitan Division	2023	M07	July	42.3
SMU17169843000000007	Illinois	Chicago-Naperville-Schaumburg, IL Metropolitan Division	2023	M06	June	43.1
SMU17169843000000007	Illinois	Chicago-Naperville-Schaumburg, IL Metropolitan Division	2023	M05	May	42.8
SMU17169843000000007	Illinois	Chicago-Naperville-Schaumburg, IL Metropolitan Division	2023	M04	April	42.2
SMU17169843000000007	Illinois	Chicago-Naperville-Schaumburg, IL Metropolitan Division	2023	M03	March	42.1
SMU17169843000000007	Illinois	Chicago-Naperville-Schaumburg, IL Metropolitan Division	2023	M02	February	42.7
SMU17169843000000007	Illinois	Chicago-Naperville-Schaumburg, IL Metropolitan Division	2023	M01	January	42.4
SMU17169843000000007	Illinois	Chicago-Naperville-Schaumburg, IL Metropolitan Division	2022	M12	December	42.8
SMU17169843000000007	Illinois	Chicago-Naperville-Schaumburg, IL Metropolitan Division	2022	M11	November	43.3
SMU17169843000000007	Illinois	Chicago-Naperville-Schaumburg, IL Metropolitan Division	2022	M10	October	43.2
SMU17169843000000007	Illinois	Chicago-Naperville-Schaumburg, IL Metropolitan Division	2022	M09	September	42.7
SMU17169843000000007	Illinois	Chicago-Naperville-Schaumburg, IL Metropolitan Division	2022	M08	August	43.1
SMU17169843000000007	Illinois	Chicago-Naperville-Schaumburg, IL Metropolitan Division	2022	M07	July	42.5
SMU17169843000000007	Illinois	Chicago-Naperville-Schaumburg, IL Metropolitan Division	2022	M06	June	42.6
SMU17169843000000007	Illinois	Chicago-Naperville-Schaumburg, IL Metropolitan Division	2022	M05	May	43.4
SMU17169843000000007	Illinois	Chicago-Naperville-Schaumburg, IL Metropolitan Division	2022	M04	April	43.0
SMU17169843000000007	Illinois	Chicago-Naperville-Schaumburg, IL Metropolitan Division	2022	M03	March	44.0
SMU17169843000000007	Illinois	Chicago-Naperville-Schaumburg, IL Metropolitan Division	2022	M02	February	42.8
SMU17169843000000007	Illinois	Chicago-Naperville-Schaumburg, IL Metropolitan Division	2022	M01	January	43.0
SMU17169843000000007	Illinois	Chicago-Naperville-Schaumburg, IL Metropolitan Division	2021	M12	December	43.3
SMU17169843000000007	Illinois	Chicago-Naperville-Schaumburg, IL Metropolitan Division	2021	M11	November	43.7
SMU17169843000000007	Illinois	Chicago-Naperville-Schaumburg, IL Metropolitan Division	2021	M10	October	43.1
SMU17169843000000007	Illinois	Chicago-Naperville-Schaumburg, IL Metropolitan Division	2021	M09	September	42.4
SMU17169843000000007	Illinois	Chicago-Naperville-Schaumburg, IL Metropolitan Division	2021	M08	August	42.5
SMU17169843000000007	Illinois	Chicago-Naperville-Schaumburg, IL Metropolitan Division	2021	M07	July	43.0
SMU17169843000000007	Illinois	Chicago-Naperville-Schaumburg, IL Metropolitan Division	2021	M06	June	43.8
SMU17169843000000007	Illinois	Chicago-Naperville-Schaumburg, IL Metropolitan Division	2021	M05	May	44.2
SMU17169843000000007	Illinois	Chicago-Naperville-Schaumburg, IL Metropolitan Division	2021	M04	April	43.2
SMU17169843000000007	Illinois	Chicago-Naperville-Schaumburg, IL Metropolitan Division	2021	M03	March	44.3
SMU17169843000000007	Illinois	Chicago-Naperville-Schaumburg, IL Metropolitan Division	2021	M02	February	43.2
SMU17169843000000007	Illinois	Chicago-Naperville-Schaumburg, IL Metropolitan Division	2021	M01	January	43.6
SMU17169843000000007	Illinois	Chicago-Naperville-Schaumburg, IL Metropolitan Division	2020	M12	December	44.9
SMU17169843000000007	Illinois	Chicago-Naperville-Schaumburg, IL Metropolitan Division	2020	M11	November	44.1
SMU17169843000000007	Illinois	Chicago-Naperville-Schaumburg, IL Metropolitan Division	2020	M10	October	43.7
SMU17169843000000007	Illinois	Chicago-Naperville-Schaumburg, IL Metropolitan Division	2020	M09	September	43.6
SMU17169843000000007	Illinois	Chicago-Naperville-Schaumburg, IL Metropolitan Division	2020	M08	August	42.8
SMU17169843000000007	Illinois	Chicago-Naperville-Schaumburg, IL Metropolitan Division	2020	M07	July	42.4
SMU17169843000000007	Illinois	Chicago-Naperville-Schaumburg, IL Metropolitan Division	2020	M06	June	42.5
SMU17169843000000007	Illinois	Chicago-Naperville-Schaumburg, IL Metropolitan Division	2020	M05	May	41.4
SMU17169843000000007	Illinois	Chicago-Naperville-Schaumburg, IL Metropolitan Division	2020	M04	April	41.5
SMU17169843000000007	Illinois	Chicago-Naperville-Schaumburg, IL Metropolitan Division	2020	M03	March	43.9
SMU17169843000000007	Illinois	Chicago-Naperville-Schaumburg, IL Metropolitan Division	2020	M02	February	43.7
SMU17169843000000007	Illinois	Chicago-Naperville-Schaumburg, IL Metropolitan Division	2020	M01	January	44.5
SMU17169843000000007	Illinois	Chicago-Naperville-Schaumburg, IL Metropolitan Division	2019	M12	December	44.9
SMU17169843000000007	Illinois	Chicago-Naperville-Schaumburg, IL Metropolitan Division	2019	M11	November	44.7
SMU17169843000000007	Illinois	Chicago-Naperville-Schaumburg, IL Metropolitan Division	2019	M10	October	44.5
SMU17169843000000007	Illinois	Chicago-Naperville-Schaumburg, IL Metropolitan Division	2019	M09	September	44.5
SMU17169843000000007	Illinois	Chicago-Naperville-Schaumburg, IL Metropolitan Division	2019	M08	August	44.5
SMU17169843000000007	Illinois	Chicago-Naperville-Schaumburg, IL Metropolitan Division	2019	M07	July	44.0
SMU17169843000000007	Illinois	Chicago-Naperville-Schaumburg, IL Metropolitan Division	2019	M06	June	44.4
SMU17169843000000007	Illinois	Chicago-Naperville-Schaumburg, IL Metropolitan Division	2019	M05	May	43.9
SMU17169843000000007	Illinois	Chicago-Naperville-Schaumburg, IL Metropolitan Division	2019	M04	April	44.5
SMU17169843000000007	Illinois	Chicago-Naperville-Schaumburg, IL Metropolitan Division	2019	M03	March	44.6
SMU17169843000000007	Illinois	Chicago-Naperville-Schaumburg, IL Metropolitan Division	2019	M02	February	44.8
SMU17169843000000007	Illinois	Chicago-Naperville-Schaumburg, IL Metropolitan Division	2019	M01	January	44.6
SMU17169843000000007	Illinois	Chicago-Naperville-Schaumburg, IL Metropolitan Division	2018	M12	December	45.3
SMU17169843000000007	Illinois	Chicago-Naperville-Schaumburg, IL Metropolitan Division	2018	M11	November	44.7
SMU17169843000000007	Illinois	Chicago-Naperville-Schaumburg, IL Metropolitan Division	2018	M10	October	44.1
SMU17169843000000007	Illinois	Chicago-Naperville-Schaumburg, IL Metropolitan Division	2018	M09	September	44.3
SMU17169843000000007	Illinois	Chicago-Naperville-Schaumburg, IL Metropolitan Division	2018	M08	August	44.4
SMU17169843000000007	Illinois	Chicago-Naperville-Schaumburg, IL Metropolitan Division	2018	M07	July	44.7
SMU17169843000000007	Illinois	Chicago-Naperville-Schaumburg, IL Metropolitan Division	2018	M06	June	44.3
SMU17169843000000007	Illinois	Chicago-Naperville-Schaumburg, IL Metropolitan Division	2018	M05	May	44.4
SMU17169843000000007	Illinois	Chicago-Naperville-Schaumburg, IL Metropolitan Division	2018	M04	April	44.4
SMU17169843000000007	Illinois	Chicago-Naperville-Schaumburg, IL Metropolitan Division	2018	M03	March	44.3
SMU17169843000000007	Illinois	Chicago-Naperville-Schaumburg, IL Metropolitan Division	2018	M02	February	43.7
SMU17169843000000007	Illinois	Chicago-Naperville-Schaumburg, IL Metropolitan Division	2018	M01	January	44.0
SMU17169843000000007	Illinois	Chicago-Naperville-Schaumburg, IL Metropolitan Division	2017	M12	December	44.3
SMU17169843000000007	Illinois	Chicago-Naperville-Schaumburg, IL Metropolitan Division	2017	M11	November	44.4
SMU17169843000000007	Illinois	Chicago-Naperville-Schaumburg, IL Metropolitan Division	2017	M10	October	43.7
SMU17169843000000007	Illinois	Chicago-Naperville-Schaumburg, IL Metropolitan Division	2017	M09	September	43.9
SMU17169843000000007	Illinois	Chicago-Naperville-Schaumburg, IL Metropolitan Division	2017	M08	August	43.8
SMU17169843000000007	Illinois	Chicago-Naperville-Schaumburg, IL Metropolitan Division	2017	M07	July	43.7
SMU17169843000000007	Illinois	Chicago-Naperville-Schaumburg, IL Metropolitan Division	2017	M06	June	43.7
SMU17169843000000007	Illinois	Chicago-Naperville-Schaumburg, IL Metropolitan Division	2017	M05	May	43.7
SMU17169843000000007	Illinois	Chicago-Naperville-Schaumburg, IL Metropolitan Division	2017	M04	April	42.5
SMU17169843000000007	Illinois	Chicago-Naperville-Schaumburg, IL Metropolitan Division	2017	M03	March	43.0
SMU17169843000000007	Illinois	Chicago-Naperville-Schaumburg, IL Metropolitan Division	2017	M02	February	43.2
SMU17169843000000007	Illinois	Chicago-Naperville-Schaumburg, IL Metropolitan Division	2017	M01	January	43.3
SMU17169843000000007	Illinois	Chicago-Naperville-Schaumburg, IL Metropolitan Division	2016	M12	December	43.3
SMU17169843000000007	Illinois	Chicago-Naperville-Schaumburg, IL Metropolitan Division	2016	M11	November	43.0
SMU17169843000000007	Illinois	Chicago-Naperville-Schaumburg, IL Metropolitan Division	2016	M10	October	43.3
SMU17169843000000007	Illinois	Chicago-Naperville-Schaumburg, IL Metropolitan Division	2016	M09	September	43.5
SMU17169843000000007	Illinois	Chicago-Naperville-Schaumburg, IL Metropolitan Division	2016	M08	August	43.2
SMU17169843000000007	Illinois	Chicago-Naperville-Schaumburg, IL Metropolitan Division	2016	M07	July	43.0
SMU17169843000000007	Illinois	Chicago-Naperville-Schaumburg, IL Metropolitan Division	2016	M06	June	42.9
SMU17169843000000007	Illinois	Chicago-Naperville-Schaumburg, IL Metropolitan Division	2016	M05	May	42.9
SMU17169843000000007	Illinois	Chicago-Naperville-Schaumburg, IL Metropolitan Division	2016	M04	April	42.8
SMU17169843000000007	Illinois	Chicago-Naperville-Schaumburg, IL Metropolitan Division	2016	M03	March	42.8
SMU17169843000000007	Illinois	Chicago-Naperville-Schaumburg, IL Metropolitan Division	2016	M02	February	42.4
SMU17169843000000007	Illinois	Chicago-Naperville-Schaumburg, IL Metropolitan Division	2016	M01	January	42.8
SMU17169843000000007	Illinois	Chicago-Naperville-Schaumburg, IL Metropolitan Division	2015	M12	December	43.9
SMU17169843000000007	Illinois	Chicago-Naperville-Schaumburg, IL Metropolitan Division	2015	M11	November	43.4
SMU17169843000000007	Illinois	Chicago-Naperville-Schaumburg, IL Metropolitan Division	2015	M10	October	43.0
SMU17169843000000007	Illinois	Chicago-Naperville-Schaumburg, IL Metropolitan Division	2015	M09	September	42.4
SMU17169843000000007	Illinois	Chicago-Naperville-Schaumburg, IL Metropolitan Division	2015	M08	August	43.2
SMU17169843000000007	Illinois	Chicago-Naperville-Schaumburg, IL Metropolitan Division	2015	M07	July	42.6
SMU17169843000000007	Illinois	Chicago-Naperville-Schaumburg, IL Metropolitan Division	2015	M06	June	43.0
SMU17169843000000007	Illinois	Chicago-Naperville-Schaumburg, IL Metropolitan Division	2015	M05	May	42.9
SMU17169843000000007	Illinois	Chicago-Naperville-Schaumburg, IL Metropolitan Division	2015	M04	April	42.5
SMU17169843000000007	Illinois	Chicago-Naperville-Schaumburg, IL Metropolitan Division	2015	M03	March	42.8
SMU17169843000000007	Illinois	Chicago-Naperville-Schaumburg, IL Metropolitan Division	2015	M02	February	42.5
SMU17169843000000007	Illinois	Chicago-Naperville-Schaumburg, IL Metropolitan Division	2015	M01	January	42.8
SMU17169843000000007	Illinois	Chicago-Naperville-Schaumburg, IL Metropolitan Division	2014	M12	December	43.2
SMU17169843000000007	Illinois	Chicago-Naperville-Schaumburg, IL Metropolitan Division	2014	M11	November	43.8
SMU17169843000000007	Illinois	Chicago-Naperville-Schaumburg, IL Metropolitan Division	2014	M10	October	43.6
SMU17169843000000007	Illinois	Chicago-Naperville-Schaumburg, IL Metropolitan Division	2014	M09	September	43.5
SMU17169843000000007	Illinois	Chicago-Naperville-Schaumburg, IL Metropolitan Division	2014	M08	August	43.0
SMU17169843000000007	Illinois	Chicago-Naperville-Schaumburg, IL Metropolitan Division	2014	M07	July	42.5
SMU17169843000000007	Illinois	Chicago-Naperville-Schaumburg, IL Metropolitan Division	2014	M06	June	42.8
SMU17169843000000007	Illinois	Chicago-Naperville-Schaumburg, IL Metropolitan Division	2014	M05	May	42.5
SMU17169843000000007	Illinois	Chicago-Naperville-Schaumburg, IL Metropolitan Division	2014	M04	April	43.0
SMU17169843000000007	Illinois	Chicago-Naperville-Schaumburg, IL Metropolitan Division	2014	M03	March	42.9
SMU17169843000000007	Illinois	Chicago-Naperville-Schaumburg, IL Metropolitan Division	2014	M02	February	42.7
SMU17169843000000007	Illinois	Chicago-Naperville-Schaumburg, IL Metropolitan Division	2014	M01	January	41.8
SMU17169843000000007	Illinois	Chicago-Naperville-Schaumburg, IL Metropolitan Division	2013	M12	December	43.8
SMU17169843000000007	Illinois	Chicago-Naperville-Schaumburg, IL Metropolitan Division	2013	M11	November	42.5
SMU17169843000000007	Illinois	Chicago-Naperville-Schaumburg, IL Metropolitan Division	2013	M10	October	42.3
SMU17169843000000007	Illinois	Chicago-Naperville-Schaumburg, IL Metropolitan Division	2013	M09	September	42.4
SMU17169843000000007	Illinois	Chicago-Naperville-Schaumburg, IL Metropolitan Division	2013	M08	August	42.5
SMU17169843000000007	Illinois	Chicago-Naperville-Schaumburg, IL Metropolitan Division	2013	M07	July	42.2
SMU17169843000000007	Illinois	Chicago-Naperville-Schaumburg, IL Metropolitan Division	2013	M06	June	42.7
SMU17169843000000007	Illinois	Chicago-Naperville-Schaumburg, IL Metropolitan Division	2013	M05	May	41.5
SMU17169843000000007	Illinois	Chicago-Naperville-Schaumburg, IL Metropolitan Division	2013	M04	April	41.8
SMU17169843000000007	Illinois	Chicago-Naperville-Schaumburg, IL Metropolitan Division	2013	M03	March	41.5
SMU17169843000000007	Illinois	Chicago-Naperville-Schaumburg, IL Metropolitan Division	2013	M02	February	40.7
SMU17169843000000007	Illinois	Chicago-Naperville-Schaumburg, IL Metropolitan Division	2013	M01	January	41.3
SMU17169843000000007	Illinois	Chicago-Naperville-Schaumburg, IL Metropolitan Division	2012	M12	December	42.6
SMU17169843000000007	Illinois	Chicago-Naperville-Schaumburg, IL Metropolitan Division	2012	M11	November	41.8
SMU17169843000000007	Illinois	Chicago-Naperville-Schaumburg, IL Metropolitan Division	2012	M10	October	41.2
SMU17169843000000007	Illinois	Chicago-Naperville-Schaumburg, IL Metropolitan Division	2012	M09	September	41.5
SMU17169843000000007	Illinois	Chicago-Naperville-Schaumburg, IL Metropolitan Division	2012	M08	August	41.2
SMU17169843000000007	Illinois	Chicago-Naperville-Schaumburg, IL Metropolitan Division	2012	M07	July	40.4
SMU17169843000000007	Illinois	Chicago-Naperville-Schaumburg, IL Metropolitan Division	2012	M06	June	40.8
SMU17169843000000007	Illinois	Chicago-Naperville-Schaumburg, IL Metropolitan Division	2012	M05	May	41.6
SMU17169843000000007	Illinois	Chicago-Naperville-Schaumburg, IL Metropolitan Division	2012	M04	April	41.6
SMU17169843000000007	Illinois	Chicago-Naperville-Schaumburg, IL Metropolitan Division	2012	M03	March	41.4
SMU17169843000000007	Illinois	Chicago-Naperville-Schaumburg, IL Metropolitan Division	2012	M02	February	41.0
SMU17169843000000007	Illinois	Chicago-Naperville-Schaumburg, IL Metropolitan Division	2012	M01	January	42.4
SMU17169843000000007	Illinois	Chicago-Naperville-Schaumburg, IL Metropolitan Division	2011	M12	December	42.6
SMU17169843000000007	Illinois	Chicago-Naperville-Schaumburg, IL Metropolitan Division	2011	M11	November	41.8
SMU17169843000000007	Illinois	Chicago-Naperville-Schaumburg, IL Metropolitan Division	2011	M10	October	41.4
SMU17169843000000007	Illinois	Chicago-Naperville-Schaumburg, IL Metropolitan Division	2011	M09	September	41.4
SMU17169843000000007	Illinois	Chicago-Naperville-Schaumburg, IL Metropolitan Division	2011	M08	August	41.2
SMU17169843000000007	Illinois	Chicago-Naperville-Schaumburg, IL Metropolitan Division	2011	M07	July	39.5
SMU17169843000000007	Illinois	Chicago-Naperville-Schaumburg, IL Metropolitan Division	2011	M06	June	40.1
SMU17169843000000007	Illinois	Chicago-Naperville-Schaumburg, IL Metropolitan Division	2011	M05	May	40.8
SMU17169843000000007	Illinois	Chicago-Naperville-Schaumburg, IL Metropolitan Division	2011	M04	April	39.9
SMU17169843000000007	Illinois	Chicago-Naperville-Schaumburg, IL Metropolitan Division	2011	M03	March	40.4
SMU17169843000000007	Illinois	Chicago-Naperville-Schaumburg, IL Metropolitan Division	2011	M02	February	40.1
SMU17169843000000007	Illinois	Chicago-Naperville-Schaumburg, IL Metropolitan Division	2011	M01	January	38.9
SMU17169843000000007	Illinois	Chicago-Naperville-Schaumburg, IL Metropolitan Division	2010	M12	December	41.7
SMU17169843000000007	Illinois	Chicago-Naperville-Schaumburg, IL Metropolitan Division	2010	M11	November	41.4
SMU17169843000000007	Illinois	Chicago-Naperville-Schaumburg, IL Metropolitan Division	2010	M10	October	41.4
SMU17169843000000007	Illinois	Chicago-Naperville-Schaumburg, IL Metropolitan Division	2010	M09	September	41.3
SMU17169843000000007	Illinois	Chicago-Naperville-Schaumburg, IL Metropolitan Division	2010	M08	August	41.1
SMU17169843000000007	Illinois	Chicago-Naperville-Schaumburg, IL Metropolitan Division	2010	M07	July	40.5
SMU17169843000000007	Illinois	Chicago-Naperville-Schaumburg, IL Metropolitan Division	2010	M06	June	40.7
SMU17169843000000007	Illinois	Chicago-Naperville-Schaumburg, IL Metropolitan Division	2010	M05	May	41.0
SMU17169843000000007	Illinois	Chicago-Naperville-Schaumburg, IL Metropolitan Division	2010	M04	April	41.1
SMU17169843000000007	Illinois	Chicago-Naperville-Schaumburg, IL Metropolitan Division	2010	M03	March	41.3
SMU17169843000000007	Illinois	Chicago-Naperville-Schaumburg, IL Metropolitan Division	2010	M02	February	41.4
SMU17169843000000007	Illinois	Chicago-Naperville-Schaumburg, IL Metropolitan Division	2010	M01	January	41.2
SMU17169843000000007	Illinois	Chicago-Naperville-Schaumburg, IL Metropolitan Division	2009	M12	December	41.9
SMU17169843000000007	Illinois	Chicago-Naperville-Schaumburg, IL Metropolitan Division	2009	M11	November	41.6
SMU17169843000000007	Illinois	Chicago-Naperville-Schaumburg, IL Metropolitan Division	2009	M10	October	41.7
SMU17169843000000007	Illinois	Chicago-Naperville-Schaumburg, IL Metropolitan Division	2009	M09	September	41.5
SMU17169843000000007	Illinois	Chicago-Naperville-Schaumburg, IL Metropolitan Division	2009	M08	August	41.5
SMU17169843000000007	Illinois	Chicago-Naperville-Schaumburg, IL Metropolitan Division	2009	M07	July	40.9
SMU17169843000000007	Illinois	Chicago-Naperville-Schaumburg, IL Metropolitan Division	2009	M06	June	41.0
SMU17169843000000007	Illinois	Chicago-Naperville-Schaumburg, IL Metropolitan Division	2009	M05	May	41.8
SMU17169843000000007	Illinois	Chicago-Naperville-Schaumburg, IL Metropolitan Division	2009	M04	April	41.8
SMU17169843000000007	Illinois	Chicago-Naperville-Schaumburg, IL Metropolitan Division	2009	M03	March	42.0
SMU17169843000000007	Illinois	Chicago-Naperville-Schaumburg, IL Metropolitan Division	2009	M02	February	42.0
SMU17169843000000007	Illinois	Chicago-Naperville-Schaumburg, IL Metropolitan Division	2009	M01	January	41.9
SMU17169843000000007	Illinois	Chicago-Naperville-Schaumburg, IL Metropolitan Division	2008	M12	December	42.6
SMU17169843000000007	Illinois	Chicago-Naperville-Schaumburg, IL Metropolitan Division	2008	M11	November	42.5
SMU17169843000000007	Illinois	Chicago-Naperville-Schaumburg, IL Metropolitan Division	2008	M10	October	42.7
SMU17169843000000007	Illinois	Chicago-Naperville-Schaumburg, IL Metropolitan Division	2008	M09	September	42.1
SMU17169843000000007	Illinois	Chicago-Naperville-Schaumburg, IL Metropolitan Division	2008	M08	August	42.0
SMU17169843000000007	Illinois	Chicago-Naperville-Schaumburg, IL Metropolitan Division	2008	M07	July	41.5
SMU17169843000000007	Illinois	Chicago-Naperville-Schaumburg, IL Metropolitan Division	2008	M06	June	41.8
SMU17169843000000007	Illinois	Chicago-Naperville-Schaumburg, IL Metropolitan Division	2008	M05	May	42.2
SMU17169843000000007	Illinois	Chicago-Naperville-Schaumburg, IL Metropolitan Division	2008	M04	April	42.0
SMU17169843000000007	Illinois	Chicago-Naperville-Schaumburg, IL Metropolitan Division	2008	M03	March	42.4
SMU17169843000000007	Illinois	Chicago-Naperville-Schaumburg, IL Metropolitan Division	2008	M02	February	42.2
SMU17169843000000007	Illinois	Chicago-Naperville-Schaumburg, IL Metropolitan Division	2008	M01	January	42.2
SMU17169843000000007	Illinois	Chicago-Naperville-Schaumburg, IL Metropolitan Division	2007	M12	December	43.2
SMU17169843000000007	Illinois	Chicago-Naperville-Schaumburg, IL Metropolitan Division	2007	M11	November	42.7
SMU17169843000000007	Illinois	Chicago-Naperville-Schaumburg, IL Metropolitan Division	2007	M10	October	42.6
SMU17169843000000007	Illinois	Chicago-Naperville-Schaumburg, IL Metropolitan Division	2007	M09	September	42.8
SMU17169843000000007	Illinois	Chicago-Naperville-Schaumburg, IL Metropolitan Division	2007	M08	August	42.4
SMU17169843000000007	Illinois	Chicago-Naperville-Schaumburg, IL Metropolitan Division	2007	M07	July	41.5
SMU17169843000000007	Illinois	Chicago-Naperville-Schaumburg, IL Metropolitan Division	2007	M06	June	41.9
SMU17169843000000007	Illinois	Chicago-Naperville-Schaumburg, IL Metropolitan Division	2007	M05	May	42.2
SMU17169843000000007	Illinois	Chicago-Naperville-Schaumburg, IL Metropolitan Division	2007	M04	April	41.7
SMU17169843000000007	Illinois	Chicago-Naperville-Schaumburg, IL Metropolitan Division	2007	M03	March	42.1
SMU17169843000000007	Illinois	Chicago-Naperville-Schaumburg, IL Metropolitan Division	2007	M02	February	42.1
SMU17169843000000007	Illinois	Chicago-Naperville-Schaumburg, IL Metropolitan Division	2007	M01	January	42.1
SMU26198203000000007	Michigan	Detroit-Warren-Dearborn, MI	2025	M12	December	45.2
SMU26198203000000007	Michigan	Detroit-Warren-Dearborn, MI	2025	M11	November	43.8
SMU26198203000000007	Michigan	Detroit-Warren-Dearborn, MI	2025	M10	October	45.0
SMU26198203000000007	Michigan	Detroit-Warren-Dearborn, MI	2025	M09	September	45.2
SMU26198203000000007	Michigan	Detroit-Warren-Dearborn, MI	2025	M08	August	44.7
SMU26198203000000007	Michigan	Detroit-Warren-Dearborn, MI	2025	M07	July	43.7
SMU26198203000000007	Michigan	Detroit-Warren-Dearborn, MI	2025	M06	June	43.8
SMU26198203000000007	Michigan	Detroit-Warren-Dearborn, MI	2025	M05	May	43.0
SMU26198203000000007	Michigan	Detroit-Warren-Dearborn, MI	2025	M04	April	43.2
SMU26198203000000007	Michigan	Detroit-Warren-Dearborn, MI	2025	M03	March	42.8
SMU26198203000000007	Michigan	Detroit-Warren-Dearborn, MI	2025	M02	February	41.6
SMU26198203000000007	Michigan	Detroit-Warren-Dearborn, MI	2025	M01	January	41.0
SMU26198203000000007	Michigan	Detroit-Warren-Dearborn, MI	2024	M12	December	43.2
SMU26198203000000007	Michigan	Detroit-Warren-Dearborn, MI	2024	M11	November	42.9
SMU26198203000000007	Michigan	Detroit-Warren-Dearborn, MI	2024	M10	October	43.3
SMU26198203000000007	Michigan	Detroit-Warren-Dearborn, MI	2024	M09	September	43.8
SMU26198203000000007	Michigan	Detroit-Warren-Dearborn, MI	2024	M08	August	42.9
SMU26198203000000007	Michigan	Detroit-Warren-Dearborn, MI	2024	M07	July	42.2
SMU26198203000000007	Michigan	Detroit-Warren-Dearborn, MI	2024	M06	June	42.5
SMU26198203000000007	Michigan	Detroit-Warren-Dearborn, MI	2024	M05	May	42.8
SMU26198203000000007	Michigan	Detroit-Warren-Dearborn, MI	2024	M04	April	42.7
SMU26198203000000007	Michigan	Detroit-Warren-Dearborn, MI	2024	M03	March	42.9
SMU26198203000000007	Michigan	Detroit-Warren-Dearborn, MI	2024	M02	February	41.4
SMU26198203000000007	Michigan	Detroit-Warren-Dearborn, MI	2024	M01	January	40.1
SMU26198203000000007	Michigan	Detroit-Warren-Dearborn, MI	2023	M12	December	41.7
SMU26198203000000007	Michigan	Detroit-Warren-Dearborn, MI	2023	M11	November	40.9
SMU26198203000000007	Michigan	Detroit-Warren-Dearborn, MI	2023	M10	October	40.9
SMU26198203000000007	Michigan	Detroit-Warren-Dearborn, MI	2023	M09	September	41.0
SMU26198203000000007	Michigan	Detroit-Warren-Dearborn, MI	2023	M08	August	40.6
SMU26198203000000007	Michigan	Detroit-Warren-Dearborn, MI	2023	M07	July	39.5
SMU26198203000000007	Michigan	Detroit-Warren-Dearborn, MI	2023	M06	June	41.8
SMU26198203000000007	Michigan	Detroit-Warren-Dearborn, MI	2023	M05	May	41.2
SMU26198203000000007	Michigan	Detroit-Warren-Dearborn, MI	2023	M04	April	40.1
SMU26198203000000007	Michigan	Detroit-Warren-Dearborn, MI	2023	M03	March	40.9
SMU26198203000000007	Michigan	Detroit-Warren-Dearborn, MI	2023	M02	February	41.4
SMU26198203000000007	Michigan	Detroit-Warren-Dearborn, MI	2023	M01	January	40.7
SMU26198203000000007	Michigan	Detroit-Warren-Dearborn, MI	2022	M12	December	43.5
SMU26198203000000007	Michigan	Detroit-Warren-Dearborn, MI	2022	M11	November	43.6
SMU26198203000000007	Michigan	Detroit-Warren-Dearborn, MI	2022	M10	October	43.1
SMU26198203000000007	Michigan	Detroit-Warren-Dearborn, MI	2022	M09	September	42.6
SMU26198203000000007	Michigan	Detroit-Warren-Dearborn, MI	2022	M08	August	43.1
SMU26198203000000007	Michigan	Detroit-Warren-Dearborn, MI	2022	M07	July	41.9
SMU26198203000000007	Michigan	Detroit-Warren-Dearborn, MI	2022	M06	June	40.9
SMU26198203000000007	Michigan	Detroit-Warren-Dearborn, MI	2022	M05	May	41.5
SMU26198203000000007	Michigan	Detroit-Warren-Dearborn, MI	2022	M04	April	40.2
SMU26198203000000007	Michigan	Detroit-Warren-Dearborn, MI	2022	M03	March	43.3
SMU26198203000000007	Michigan	Detroit-Warren-Dearborn, MI	2022	M02	February	41.2
SMU26198203000000007	Michigan	Detroit-Warren-Dearborn, MI	2022	M01	January	43.2
SMU26198203000000007	Michigan	Detroit-Warren-Dearborn, MI	2021	M12	December	45.2
SMU26198203000000007	Michigan	Detroit-Warren-Dearborn, MI	2021	M11	November	44.6
SMU26198203000000007	Michigan	Detroit-Warren-Dearborn, MI	2021	M10	October	44.2
SMU26198203000000007	Michigan	Detroit-Warren-Dearborn, MI	2021	M09	September	42.7
SMU26198203000000007	Michigan	Detroit-Warren-Dearborn, MI	2021	M08	August	43.3
SMU26198203000000007	Michigan	Detroit-Warren-Dearborn, MI	2021	M07	July	42.7
SMU26198203000000007	Michigan	Detroit-Warren-Dearborn, MI	2021	M06	June	42.1
SMU26198203000000007	Michigan	Detroit-Warren-Dearborn, MI	2021	M05	May	42.0
SMU26198203000000007	Michigan	Detroit-Warren-Dearborn, MI	2021	M04	April	41.3
SMU26198203000000007	Michigan	Detroit-Warren-Dearborn, MI	2021	M03	March	43.8
SMU26198203000000007	Michigan	Detroit-Warren-Dearborn, MI	2021	M02	February	42.2
SMU26198203000000007	Michigan	Detroit-Warren-Dearborn, MI	2021	M01	January	43.9
SMU26198203000000007	Michigan	Detroit-Warren-Dearborn, MI	2020	M12	December	44.1
SMU26198203000000007	Michigan	Detroit-Warren-Dearborn, MI	2020	M11	November	43.5
SMU26198203000000007	Michigan	Detroit-Warren-Dearborn, MI	2020	M10	October	43.3
SMU26198203000000007	Michigan	Detroit-Warren-Dearborn, MI	2020	M09	September	43.0
SMU26198203000000007	Michigan	Detroit-Warren-Dearborn, MI	2020	M08	August	43.8
SMU26198203000000007	Michigan	Detroit-Warren-Dearborn, MI	2020	M07	July	42.7
SMU26198203000000007	Michigan	Detroit-Warren-Dearborn, MI	2020	M06	June	42.4
SMU26198203000000007	Michigan	Detroit-Warren-Dearborn, MI	2020	M05	May	43.3
SMU26198203000000007	Michigan	Detroit-Warren-Dearborn, MI	2020	M04	April	41.6
SMU26198203000000007	Michigan	Detroit-Warren-Dearborn, MI	2020	M03	March	46.3
SMU26198203000000007	Michigan	Detroit-Warren-Dearborn, MI	2020	M02	February	45.2
SMU26198203000000007	Michigan	Detroit-Warren-Dearborn, MI	2020	M01	January	44.9
SMU26198203000000007	Michigan	Detroit-Warren-Dearborn, MI	2019	M12	December	46.4
SMU26198203000000007	Michigan	Detroit-Warren-Dearborn, MI	2019	M11	November	45.2
SMU26198203000000007	Michigan	Detroit-Warren-Dearborn, MI	2019	M10	October	45.1
SMU26198203000000007	Michigan	Detroit-Warren-Dearborn, MI	2019	M09	September	45.6
SMU26198203000000007	Michigan	Detroit-Warren-Dearborn, MI	2019	M08	August	45.5
SMU26198203000000007	Michigan	Detroit-Warren-Dearborn, MI	2019	M07	July	43.7
SMU26198203000000007	Michigan	Detroit-Warren-Dearborn, MI	2019	M06	June	44.4
SMU26198203000000007	Michigan	Detroit-Warren-Dearborn, MI	2019	M05	May	44.9
SMU26198203000000007	Michigan	Detroit-Warren-Dearborn, MI	2019	M04	April	44.7
SMU26198203000000007	Michigan	Detroit-Warren-Dearborn, MI	2019	M03	March	45.3
SMU26198203000000007	Michigan	Detroit-Warren-Dearborn, MI	2019	M02	February	45.2
SMU26198203000000007	Michigan	Detroit-Warren-Dearborn, MI	2019	M01	January	45.0
SMU26198203000000007	Michigan	Detroit-Warren-Dearborn, MI	2018	M12	December	45.2
SMU26198203000000007	Michigan	Detroit-Warren-Dearborn, MI	2018	M11	November	44.8
SMU26198203000000007	Michigan	Detroit-Warren-Dearborn, MI	2018	M10	October	44.3
SMU26198203000000007	Michigan	Detroit-Warren-Dearborn, MI	2018	M09	September	44.6
SMU26198203000000007	Michigan	Detroit-Warren-Dearborn, MI	2018	M08	August	43.7
SMU26198203000000007	Michigan	Detroit-Warren-Dearborn, MI	2018	M07	July	42.8
SMU26198203000000007	Michigan	Detroit-Warren-Dearborn, MI	2018	M06	June	44.6
SMU26198203000000007	Michigan	Detroit-Warren-Dearborn, MI	2018	M05	May	44.3
SMU26198203000000007	Michigan	Detroit-Warren-Dearborn, MI	2018	M04	April	46.2
SMU26198203000000007	Michigan	Detroit-Warren-Dearborn, MI	2018	M03	March	45.6
SMU26198203000000007	Michigan	Detroit-Warren-Dearborn, MI	2018	M02	February	44.7
SMU26198203000000007	Michigan	Detroit-Warren-Dearborn, MI	2018	M01	January	43.6
SMU26198203000000007	Michigan	Detroit-Warren-Dearborn, MI	2017	M12	December	44.7
SMU26198203000000007	Michigan	Detroit-Warren-Dearborn, MI	2017	M11	November	45.1
SMU26198203000000007	Michigan	Detroit-Warren-Dearborn, MI	2017	M10	October	44.5
SMU26198203000000007	Michigan	Detroit-Warren-Dearborn, MI	2017	M09	September	44.2
SMU26198203000000007	Michigan	Detroit-Warren-Dearborn, MI	2017	M08	August	44.1
SMU26198203000000007	Michigan	Detroit-Warren-Dearborn, MI	2017	M07	July	43.5
SMU26198203000000007	Michigan	Detroit-Warren-Dearborn, MI	2017	M06	June	43.9
SMU26198203000000007	Michigan	Detroit-Warren-Dearborn, MI	2017	M05	May	44.3
SMU26198203000000007	Michigan	Detroit-Warren-Dearborn, MI	2017	M04	April	42.3
SMU26198203000000007	Michigan	Detroit-Warren-Dearborn, MI	2017	M03	March	43.8
SMU26198203000000007	Michigan	Detroit-Warren-Dearborn, MI	2017	M02	February	43.7
SMU26198203000000007	Michigan	Detroit-Warren-Dearborn, MI	2017	M01	January	44.3
SMU26198203000000007	Michigan	Detroit-Warren-Dearborn, MI	2016	M12	December	45.3
SMU26198203000000007	Michigan	Detroit-Warren-Dearborn, MI	2016	M11	November	44.4
SMU26198203000000007	Michigan	Detroit-Warren-Dearborn, MI	2016	M10	October	45.5
SMU26198203000000007	Michigan	Detroit-Warren-Dearborn, MI	2016	M09	September	45.7
SMU26198203000000007	Michigan	Detroit-Warren-Dearborn, MI	2016	M08	August	44.6
SMU26198203000000007	Michigan	Detroit-Warren-Dearborn, MI	2016	M07	July	43.6
SMU26198203000000007	Michigan	Detroit-Warren-Dearborn, MI	2016	M06	June	45.7
SMU26198203000000007	Michigan	Detroit-Warren-Dearborn, MI	2016	M05	May	44.8
SMU26198203000000007	Michigan	Detroit-Warren-Dearborn, MI	2016	M04	April	44.7
SMU26198203000000007	Michigan	Detroit-Warren-Dearborn, MI	2016	M03	March	45.1
SMU26198203000000007	Michigan	Detroit-Warren-Dearborn, MI	2016	M02	February	45.1
SMU26198203000000007	Michigan	Detroit-Warren-Dearborn, MI	2016	M01	January	44.7
SMU26198203000000007	Michigan	Detroit-Warren-Dearborn, MI	2015	M12	December	47.3
SMU26198203000000007	Michigan	Detroit-Warren-Dearborn, MI	2015	M11	November	47.1
SMU26198203000000007	Michigan	Detroit-Warren-Dearborn, MI	2015	M10	October	47.2
SMU26198203000000007	Michigan	Detroit-Warren-Dearborn, MI	2015	M09	September	46.3
SMU26198203000000007	Michigan	Detroit-Warren-Dearborn, MI	2015	M08	August	46.4
SMU26198203000000007	Michigan	Detroit-Warren-Dearborn, MI	2015	M07	July	45.7
SMU26198203000000007	Michigan	Detroit-Warren-Dearborn, MI	2015	M06	June	47.7
SMU26198203000000007	Michigan	Detroit-Warren-Dearborn, MI	2015	M05	May	46.9
SMU26198203000000007	Michigan	Detroit-Warren-Dearborn, MI	2015	M04	April	46.7
SMU26198203000000007	Michigan	Detroit-Warren-Dearborn, MI	2015	M03	March	46.4
SMU26198203000000007	Michigan	Detroit-Warren-Dearborn, MI	2015	M02	February	46.3
SMU26198203000000007	Michigan	Detroit-Warren-Dearborn, MI	2015	M01	January	46.7
SMU26198203000000007	Michigan	Detroit-Warren-Dearborn, MI	2014	M12	December	48.0
SMU26198203000000007	Michigan	Detroit-Warren-Dearborn, MI	2014	M11	November	47.4
SMU26198203000000007	Michigan	Detroit-Warren-Dearborn, MI	2014	M10	October	46.9
SMU26198203000000007	Michigan	Detroit-Warren-Dearborn, MI	2014	M09	September	46.5
SMU26198203000000007	Michigan	Detroit-Warren-Dearborn, MI	2014	M08	August	46.6
SMU26198203000000007	Michigan	Detroit-Warren-Dearborn, MI	2014	M07	July	46.2
SMU26198203000000007	Michigan	Detroit-Warren-Dearborn, MI	2014	M06	June	46.8
SMU26198203000000007	Michigan	Detroit-Warren-Dearborn, MI	2014	M05	May	47.6
SMU26198203000000007	Michigan	Detroit-Warren-Dearborn, MI	2014	M04	April	46.0
SMU26198203000000007	Michigan	Detroit-Warren-Dearborn, MI	2014	M03	March	46.5
SMU26198203000000007	Michigan	Detroit-Warren-Dearborn, MI	2014	M02	February	46.4
SMU26198203000000007	Michigan	Detroit-Warren-Dearborn, MI	2014	M01	January	44.1
SMU26198203000000007	Michigan	Detroit-Warren-Dearborn, MI	2013	M12	December	47.2
SMU26198203000000007	Michigan	Detroit-Warren-Dearborn, MI	2013	M11	November	46.7
SMU26198203000000007	Michigan	Detroit-Warren-Dearborn, MI	2013	M10	October	45.3
SMU26198203000000007	Michigan	Detroit-Warren-Dearborn, MI	2013	M09	September	45.9
SMU26198203000000007	Michigan	Detroit-Warren-Dearborn, MI	2013	M08	August	46.1
SMU26198203000000007	Michigan	Detroit-Warren-Dearborn, MI	2013	M07	July	45.0
SMU26198203000000007	Michigan	Detroit-Warren-Dearborn, MI	2013	M06	June	45.3
SMU26198203000000007	Michigan	Detroit-Warren-Dearborn, MI	2013	M05	May	45.0
SMU26198203000000007	Michigan	Detroit-Warren-Dearborn, MI	2013	M04	April	45.4
SMU26198203000000007	Michigan	Detroit-Warren-Dearborn, MI	2013	M03	March	46.4
SMU26198203000000007	Michigan	Detroit-Warren-Dearborn, MI	2013	M02	February	46.2
SMU26198203000000007	Michigan	Detroit-Warren-Dearborn, MI	2013	M01	January	45.9
SMU26198203000000007	Michigan	Detroit-Warren-Dearborn, MI	2012	M12	December	46.9
SMU26198203000000007	Michigan	Detroit-Warren-Dearborn, MI	2012	M11	November	45.5
SMU26198203000000007	Michigan	Detroit-Warren-Dearborn, MI	2012	M10	October	45.2
SMU26198203000000007	Michigan	Detroit-Warren-Dearborn, MI	2012	M09	September	45.2
SMU26198203000000007	Michigan	Detroit-Warren-Dearborn, MI	2012	M08	August	45.8
SMU26198203000000007	Michigan	Detroit-Warren-Dearborn, MI	2012	M07	July	44.9
SMU26198203000000007	Michigan	Detroit-Warren-Dearborn, MI	2012	M06	June	45.5
SMU26198203000000007	Michigan	Detroit-Warren-Dearborn, MI	2012	M05	May	44.7
SMU26198203000000007	Michigan	Detroit-Warren-Dearborn, MI	2012	M04	April	45.3
SMU26198203000000007	Michigan	Detroit-Warren-Dearborn, MI	2012	M03	March	44.0
SMU26198203000000007	Michigan	Detroit-Warren-Dearborn, MI	2012	M02	February	44.5
SMU26198203000000007	Michigan	Detroit-Warren-Dearborn, MI	2012	M01	January	43.6
SMU26198203000000007	Michigan	Detroit-Warren-Dearborn, MI	2011	M12	December	46.3
SMU26198203000000007	Michigan	Detroit-Warren-Dearborn, MI	2011	M11	November	45.8
SMU26198203000000007	Michigan	Detroit-Warren-Dearborn, MI	2011	M10	October	45.5
SMU26198203000000007	Michigan	Detroit-Warren-Dearborn, MI	2011	M09	September	46.5
SMU26198203000000007	Michigan	Detroit-Warren-Dearborn, MI	2011	M08	August	46.0
SMU26198203000000007	Michigan	Detroit-Warren-Dearborn, MI	2011	M07	July	45.0
SMU26198203000000007	Michigan	Detroit-Warren-Dearborn, MI	2011	M06	June	45.7
SMU26198203000000007	Michigan	Detroit-Warren-Dearborn, MI	2011	M05	May	45.7
SMU26198203000000007	Michigan	Detroit-Warren-Dearborn, MI	2011	M04	April	44.8
SMU26198203000000007	Michigan	Detroit-Warren-Dearborn, MI	2011	M03	March	45.1
SMU26198203000000007	Michigan	Detroit-Warren-Dearborn, MI	2011	M02	February	43.3
SMU26198203000000007	Michigan	Detroit-Warren-Dearborn, MI	2011	M01	January	43.5
SMU26198203000000007	Michigan	Detroit-Warren-Dearborn, MI	2010	M12	December	44.3
SMU26198203000000007	Michigan	Detroit-Warren-Dearborn, MI	2010	M11	November	44.2
SMU26198203000000007	Michigan	Detroit-Warren-Dearborn, MI	2010	M10	October	44.6
SMU26198203000000007	Michigan	Detroit-Warren-Dearborn, MI	2010	M09	September	44.3
SMU26198203000000007	Michigan	Detroit-Warren-Dearborn, MI	2010	M08	August	44.4
SMU26198203000000007	Michigan	Detroit-Warren-Dearborn, MI	2010	M07	July	43.5
SMU26198203000000007	Michigan	Detroit-Warren-Dearborn, MI	2010	M06	June	44.3
SMU26198203000000007	Michigan	Detroit-Warren-Dearborn, MI	2010	M05	May	44.3
SMU26198203000000007	Michigan	Detroit-Warren-Dearborn, MI	2010	M04	April	43.1
SMU26198203000000007	Michigan	Detroit-Warren-Dearborn, MI	2010	M03	March	42.3
SMU26198203000000007	Michigan	Detroit-Warren-Dearborn, MI	2010	M02	February	41.8
SMU26198203000000007	Michigan	Detroit-Warren-Dearborn, MI	2010	M01	January	42.3
SMU26198203000000007	Michigan	Detroit-Warren-Dearborn, MI	2009	M12	December	43.2
SMU26198203000000007	Michigan	Detroit-Warren-Dearborn, MI	2009	M11	November	42.4
SMU26198203000000007	Michigan	Detroit-Warren-Dearborn, MI	2009	M10	October	43.6
SMU26198203000000007	Michigan	Detroit-Warren-Dearborn, MI	2009	M09	September	42.5
SMU26198203000000007	Michigan	Detroit-Warren-Dearborn, MI	2009	M08	August	42.2
SMU26198203000000007	Michigan	Detroit-Warren-Dearborn, MI	2009	M07	July	41.5
SMU26198203000000007	Michigan	Detroit-Warren-Dearborn, MI	2009	M06	June	41.2
SMU26198203000000007	Michigan	Detroit-Warren-Dearborn, MI	2009	M05	May	39.1
SMU26198203000000007	Michigan	Detroit-Warren-Dearborn, MI	2009	M04	April	39.2
SMU26198203000000007	Michigan	Detroit-Warren-Dearborn, MI	2009	M03	March	39.6
SMU26198203000000007	Michigan	Detroit-Warren-Dearborn, MI	2009	M02	February	39.3
SMU26198203000000007	Michigan	Detroit-Warren-Dearborn, MI	2009	M01	January	39.3
SMU26198203000000007	Michigan	Detroit-Warren-Dearborn, MI	2008	M12	December	41.5
SMU26198203000000007	Michigan	Detroit-Warren-Dearborn, MI	2008	M11	November	40.4
SMU26198203000000007	Michigan	Detroit-Warren-Dearborn, MI	2008	M10	October	41.1
SMU26198203000000007	Michigan	Detroit-Warren-Dearborn, MI	2008	M09	September	41.6
SMU26198203000000007	Michigan	Detroit-Warren-Dearborn, MI	2008	M08	August	41.5
SMU26198203000000007	Michigan	Detroit-Warren-Dearborn, MI	2008	M07	July	39.4
SMU26198203000000007	Michigan	Detroit-Warren-Dearborn, MI	2008	M06	June	42.3
SMU26198203000000007	Michigan	Detroit-Warren-Dearborn, MI	2008	M05	May	42.4
SMU26198203000000007	Michigan	Detroit-Warren-Dearborn, MI	2008	M04	April	42.0
SMU26198203000000007	Michigan	Detroit-Warren-Dearborn, MI	2008	M03	March	42.5
SMU26198203000000007	Michigan	Detroit-Warren-Dearborn, MI	2008	M02	February	42.2
SMU26198203000000007	Michigan	Detroit-Warren-Dearborn, MI	2008	M01	January	42.2
SMU26198203000000007	Michigan	Detroit-Warren-Dearborn, MI	2007	M12	December	45.4
SMU26198203000000007	Michigan	Detroit-Warren-Dearborn, MI	2007	M11	November	44.2
SMU26198203000000007	Michigan	Detroit-Warren-Dearborn, MI	2007	M10	October	44.5
SMU26198203000000007	Michigan	Detroit-Warren-Dearborn, MI	2007	M09	September	44.6
SMU26198203000000007	Michigan	Detroit-Warren-Dearborn, MI	2007	M08	August	44.4
SMU26198203000000007	Michigan	Detroit-Warren-Dearborn, MI	2007	M07	July	41.5
SMU26198203000000007	Michigan	Detroit-Warren-Dearborn, MI	2007	M06	June	44.7
SMU26198203000000007	Michigan	Detroit-Warren-Dearborn, MI	2007	M05	May	44.3
SMU26198203000000007	Michigan	Detroit-Warren-Dearborn, MI	2007	M04	April	43.1
SMU26198203000000007	Michigan	Detroit-Warren-Dearborn, MI	2007	M03	March	43.2
SMU26198203000000007	Michigan	Detroit-Warren-Dearborn, MI	2007	M02	February	42.2
SMU26198203000000007	Michigan	Detroit-Warren-Dearborn, MI	2007	M01	January	41.7
SMU41389003000000007	Oregon	Portland-Vancouver-Hillsboro, OR-WA	2025	M12	December	42.1
SMU41389003000000007	Oregon	Portland-Vancouver-Hillsboro, OR-WA	2025	M11	November	42.2
SMU41389003000000007	Oregon	Portland-Vancouver-Hillsboro, OR-WA	2025	M10	October	41.7
SMU41389003000000007	Oregon	Portland-Vancouver-Hillsboro, OR-WA	2025	M09	September	41.8
SMU41389003000000007	Oregon	Portland-Vancouver-Hillsboro, OR-WA	2025	M08	August	41.1
SMU41389003000000007	Oregon	Portland-Vancouver-Hillsboro, OR-WA	2025	M07	July	41.5
SMU41389003000000007	Oregon	Portland-Vancouver-Hillsboro, OR-WA	2025	M06	June	42.0
SMU41389003000000007	Oregon	Portland-Vancouver-Hillsboro, OR-WA	2025	M05	May	41.8
SMU41389003000000007	Oregon	Portland-Vancouver-Hillsboro, OR-WA	2025	M04	April	42.1
SMU41389003000000007	Oregon	Portland-Vancouver-Hillsboro, OR-WA	2025	M03	March	42.2
SMU41389003000000007	Oregon	Portland-Vancouver-Hillsboro, OR-WA	2025	M02	February	41.1
SMU41389003000000007	Oregon	Portland-Vancouver-Hillsboro, OR-WA	2025	M01	January	41.8
SMU41389003000000007	Oregon	Portland-Vancouver-Hillsboro, OR-WA	2024	M12	December	41.7
SMU41389003000000007	Oregon	Portland-Vancouver-Hillsboro, OR-WA	2024	M11	November	40.6
SMU41389003000000007	Oregon	Portland-Vancouver-Hillsboro, OR-WA	2024	M10	October	40.4
SMU41389003000000007	Oregon	Portland-Vancouver-Hillsboro, OR-WA	2024	M09	September	40.7
SMU41389003000000007	Oregon	Portland-Vancouver-Hillsboro, OR-WA	2024	M08	August	39.8
SMU41389003000000007	Oregon	Portland-Vancouver-Hillsboro, OR-WA	2024	M07	July	38.3
SMU41389003000000007	Oregon	Portland-Vancouver-Hillsboro, OR-WA	2024	M06	June	38.8
SMU41389003000000007	Oregon	Portland-Vancouver-Hillsboro, OR-WA	2024	M05	May	38.9
SMU41389003000000007	Oregon	Portland-Vancouver-Hillsboro, OR-WA	2024	M04	April	38.6
SMU41389003000000007	Oregon	Portland-Vancouver-Hillsboro, OR-WA	2024	M03	March	39.3
SMU41389003000000007	Oregon	Portland-Vancouver-Hillsboro, OR-WA	2024	M02	February	39.1
SMU41389003000000007	Oregon	Portland-Vancouver-Hillsboro, OR-WA	2024	M01	January	36.8
SMU41389003000000007	Oregon	Portland-Vancouver-Hillsboro, OR-WA	2023	M12	December	38.9
SMU41389003000000007	Oregon	Portland-Vancouver-Hillsboro, OR-WA	2023	M11	November	39.1
SMU41389003000000007	Oregon	Portland-Vancouver-Hillsboro, OR-WA	2023	M10	October	39.6
SMU41389003000000007	Oregon	Portland-Vancouver-Hillsboro, OR-WA	2023	M09	September	38.4
SMU41389003000000007	Oregon	Portland-Vancouver-Hillsboro, OR-WA	2023	M08	August	38.8
SMU41389003000000007	Oregon	Portland-Vancouver-Hillsboro, OR-WA	2023	M07	July	38.6
SMU41389003000000007	Oregon	Portland-Vancouver-Hillsboro, OR-WA	2023	M06	June	38.3
SMU41389003000000007	Oregon	Portland-Vancouver-Hillsboro, OR-WA	2023	M05	May	38.4
SMU41389003000000007	Oregon	Portland-Vancouver-Hillsboro, OR-WA	2023	M04	April	38.6
SMU41389003000000007	Oregon	Portland-Vancouver-Hillsboro, OR-WA	2023	M03	March	39.2
SMU41389003000000007	Oregon	Portland-Vancouver-Hillsboro, OR-WA	2023	M02	February	38.8
SMU41389003000000007	Oregon	Portland-Vancouver-Hillsboro, OR-WA	2023	M01	January	39.0
SMU41389003000000007	Oregon	Portland-Vancouver-Hillsboro, OR-WA	2022	M12	December	38.1
SMU41389003000000007	Oregon	Portland-Vancouver-Hillsboro, OR-WA	2022	M11	November	40.0
SMU41389003000000007	Oregon	Portland-Vancouver-Hillsboro, OR-WA	2022	M10	October	39.1
SMU41389003000000007	Oregon	Portland-Vancouver-Hillsboro, OR-WA	2022	M09	September	38.2
SMU41389003000000007	Oregon	Portland-Vancouver-Hillsboro, OR-WA	2022	M08	August	38.7
SMU41389003000000007	Oregon	Portland-Vancouver-Hillsboro, OR-WA	2022	M07	July	38.6
SMU41389003000000007	Oregon	Portland-Vancouver-Hillsboro, OR-WA	2022	M06	June	39.5
SMU41389003000000007	Oregon	Portland-Vancouver-Hillsboro, OR-WA	2022	M05	May	39.1
SMU41389003000000007	Oregon	Portland-Vancouver-Hillsboro, OR-WA	2022	M04	April	39.3
SMU41389003000000007	Oregon	Portland-Vancouver-Hillsboro, OR-WA	2022	M03	March	39.0
SMU41389003000000007	Oregon	Portland-Vancouver-Hillsboro, OR-WA	2022	M02	February	39.5
SMU41389003000000007	Oregon	Portland-Vancouver-Hillsboro, OR-WA	2022	M01	January	37.9
SMU41389003000000007	Oregon	Portland-Vancouver-Hillsboro, OR-WA	2021	M12	December	39.4
SMU41389003000000007	Oregon	Portland-Vancouver-Hillsboro, OR-WA	2021	M11	November	39.9
SMU41389003000000007	Oregon	Portland-Vancouver-Hillsboro, OR-WA	2021	M10	October	39.0
SMU41389003000000007	Oregon	Portland-Vancouver-Hillsboro, OR-WA	2021	M09	September	38.7
SMU41389003000000007	Oregon	Portland-Vancouver-Hillsboro, OR-WA	2021	M08	August	39.2
SMU41389003000000007	Oregon	Portland-Vancouver-Hillsboro, OR-WA	2021	M07	July	38.0
SMU41389003000000007	Oregon	Portland-Vancouver-Hillsboro, OR-WA	2021	M06	June	39.3
SMU41389003000000007	Oregon	Portland-Vancouver-Hillsboro, OR-WA	2021	M05	May	40.2
SMU41389003000000007	Oregon	Portland-Vancouver-Hillsboro, OR-WA	2021	M04	April	39.7
SMU41389003000000007	Oregon	Portland-Vancouver-Hillsboro, OR-WA	2021	M03	March	40.2
SMU41389003000000007	Oregon	Portland-Vancouver-Hillsboro, OR-WA	2021	M02	February	38.0
SMU41389003000000007	Oregon	Portland-Vancouver-Hillsboro, OR-WA	2021	M01	January	39.7
SMU41389003000000007	Oregon	Portland-Vancouver-Hillsboro, OR-WA	2020	M12	December	39.9
SMU41389003000000007	Oregon	Portland-Vancouver-Hillsboro, OR-WA	2020	M11	November	40.1
SMU41389003000000007	Oregon	Portland-Vancouver-Hillsboro, OR-WA	2020	M10	October	39.5
SMU41389003000000007	Oregon	Portland-Vancouver-Hillsboro, OR-WA	2020	M09	September	38.0
SMU41389003000000007	Oregon	Portland-Vancouver-Hillsboro, OR-WA	2020	M08	August	39.2
SMU41389003000000007	Oregon	Portland-Vancouver-Hillsboro, OR-WA	2020	M07	July	39.1
SMU41389003000000007	Oregon	Portland-Vancouver-Hillsboro, OR-WA	2020	M06	June	39.4
SMU41389003000000007	Oregon	Portland-Vancouver-Hillsboro, OR-WA	2020	M05	May	38.2
SMU41389003000000007	Oregon	Portland-Vancouver-Hillsboro, OR-WA	2020	M04	April	38.9
SMU41389003000000007	Oregon	Portland-Vancouver-Hillsboro, OR-WA	2020	M03	March	40.2
SMU41389003000000007	Oregon	Portland-Vancouver-Hillsboro, OR-WA	2020	M02	February	40.0
SMU41389003000000007	Oregon	Portland-Vancouver-Hillsboro, OR-WA	2020	M01	January	39.5
SMU41389003000000007	Oregon	Portland-Vancouver-Hillsboro, OR-WA	2019	M12	December	40.5
SMU41389003000000007	Oregon	Portland-Vancouver-Hillsboro, OR-WA	2019	M11	November	40.0
SMU41389003000000007	Oregon	Portland-Vancouver-Hillsboro, OR-WA	2019	M10	October	39.1
SMU41389003000000007	Oregon	Portland-Vancouver-Hillsboro, OR-WA	2019	M09	September	39.8
SMU41389003000000007	Oregon	Portland-Vancouver-Hillsboro, OR-WA	2019	M08	August	39.7
SMU41389003000000007	Oregon	Portland-Vancouver-Hillsboro, OR-WA	2019	M07	July	38.8
SMU41389003000000007	Oregon	Portland-Vancouver-Hillsboro, OR-WA	2019	M06	June	39.3
SMU41389003000000007	Oregon	Portland-Vancouver-Hillsboro, OR-WA	2019	M05	May	39.5
SMU41389003000000007	Oregon	Portland-Vancouver-Hillsboro, OR-WA	2019	M04	April	39.4
SMU41389003000000007	Oregon	Portland-Vancouver-Hillsboro, OR-WA	2019	M03	March	39.6
SMU41389003000000007	Oregon	Portland-Vancouver-Hillsboro, OR-WA	2019	M02	February	39.5
SMU41389003000000007	Oregon	Portland-Vancouver-Hillsboro, OR-WA	2019	M01	January	40.2
SMU41389003000000007	Oregon	Portland-Vancouver-Hillsboro, OR-WA	2018	M12	December	41.1
SMU41389003000000007	Oregon	Portland-Vancouver-Hillsboro, OR-WA	2018	M11	November	40.8
SMU41389003000000007	Oregon	Portland-Vancouver-Hillsboro, OR-WA	2018	M10	October	40.2
SMU41389003000000007	Oregon	Portland-Vancouver-Hillsboro, OR-WA	2018	M09	September	40.2
SMU41389003000000007	Oregon	Portland-Vancouver-Hillsboro, OR-WA	2018	M08	August	38.9
SMU41389003000000007	Oregon	Portland-Vancouver-Hillsboro, OR-WA	2018	M07	July	38.7
SMU41389003000000007	Oregon	Portland-Vancouver-Hillsboro, OR-WA	2018	M06	June	38.9
SMU41389003000000007	Oregon	Portland-Vancouver-Hillsboro, OR-WA	2018	M05	May	38.9
SMU41389003000000007	Oregon	Portland-Vancouver-Hillsboro, OR-WA	2018	M04	April	39.5
SMU41389003000000007	Oregon	Portland-Vancouver-Hillsboro, OR-WA	2018	M03	March	39.6
SMU41389003000000007	Oregon	Portland-Vancouver-Hillsboro, OR-WA	2018	M02	February	39.0
SMU41389003000000007	Oregon	Portland-Vancouver-Hillsboro, OR-WA	2018	M01	January	39.2
SMU41389003000000007	Oregon	Portland-Vancouver-Hillsboro, OR-WA	2017	M12	December	39.4
SMU41389003000000007	Oregon	Portland-Vancouver-Hillsboro, OR-WA	2017	M11	November	40.7
SMU41389003000000007	Oregon	Portland-Vancouver-Hillsboro, OR-WA	2017	M10	October	40.8
SMU41389003000000007	Oregon	Portland-Vancouver-Hillsboro, OR-WA	2017	M09	September	40.3
SMU41389003000000007	Oregon	Portland-Vancouver-Hillsboro, OR-WA	2017	M08	August	39.2
SMU41389003000000007	Oregon	Portland-Vancouver-Hillsboro, OR-WA	2017	M07	July	39.8
SMU41389003000000007	Oregon	Portland-Vancouver-Hillsboro, OR-WA	2017	M06	June	40.7
SMU41389003000000007	Oregon	Portland-Vancouver-Hillsboro, OR-WA	2017	M05	May	40.4
SMU41389003000000007	Oregon	Portland-Vancouver-Hillsboro, OR-WA	2017	M04	April	40.0
SMU41389003000000007	Oregon	Portland-Vancouver-Hillsboro, OR-WA	2017	M03	March	40.1
SMU41389003000000007	Oregon	Portland-Vancouver-Hillsboro, OR-WA	2017	M02	February	40.2
SMU41389003000000007	Oregon	Portland-Vancouver-Hillsboro, OR-WA	2017	M01	January	38.1
SMU41389003000000007	Oregon	Portland-Vancouver-Hillsboro, OR-WA	2016	M12	December	39.0
SMU41389003000000007	Oregon	Portland-Vancouver-Hillsboro, OR-WA	2016	M11	November	40.6
SMU41389003000000007	Oregon	Portland-Vancouver-Hillsboro, OR-WA	2016	M10	October	40.9
SMU41389003000000007	Oregon	Portland-Vancouver-Hillsboro, OR-WA	2016	M09	September	40.5
SMU41389003000000007	Oregon	Portland-Vancouver-Hillsboro, OR-WA	2016	M08	August	40.0
SMU41389003000000007	Oregon	Portland-Vancouver-Hillsboro, OR-WA	2016	M07	July	40.4
SMU41389003000000007	Oregon	Portland-Vancouver-Hillsboro, OR-WA	2016	M06	June	40.5
SMU41389003000000007	Oregon	Portland-Vancouver-Hillsboro, OR-WA	2016	M05	May	40.7
SMU41389003000000007	Oregon	Portland-Vancouver-Hillsboro, OR-WA	2016	M04	April	40.3
SMU41389003000000007	Oregon	Portland-Vancouver-Hillsboro, OR-WA	2016	M03	March	40.2
SMU41389003000000007	Oregon	Portland-Vancouver-Hillsboro, OR-WA	2016	M02	February	39.9
SMU41389003000000007	Oregon	Portland-Vancouver-Hillsboro, OR-WA	2016	M01	January	40.1
SMU41389003000000007	Oregon	Portland-Vancouver-Hillsboro, OR-WA	2015	M12	December	41.2
SMU41389003000000007	Oregon	Portland-Vancouver-Hillsboro, OR-WA	2015	M11	November	41.4
SMU41389003000000007	Oregon	Portland-Vancouver-Hillsboro, OR-WA	2015	M10	October	40.9
SMU41389003000000007	Oregon	Portland-Vancouver-Hillsboro, OR-WA	2015	M09	September	40.6
SMU41389003000000007	Oregon	Portland-Vancouver-Hillsboro, OR-WA	2015	M08	August	40.9
SMU41389003000000007	Oregon	Portland-Vancouver-Hillsboro, OR-WA	2015	M07	July	40.4
SMU41389003000000007	Oregon	Portland-Vancouver-Hillsboro, OR-WA	2015	M06	June	41.1
SMU41389003000000007	Oregon	Portland-Vancouver-Hillsboro, OR-WA	2015	M05	May	40.9
SMU41389003000000007	Oregon	Portland-Vancouver-Hillsboro, OR-WA	2015	M04	April	40.6
SMU41389003000000007	Oregon	Portland-Vancouver-Hillsboro, OR-WA	2015	M03	March	41.2
SMU41389003000000007	Oregon	Portland-Vancouver-Hillsboro, OR-WA	2015	M02	February	41.2
SMU41389003000000007	Oregon	Portland-Vancouver-Hillsboro, OR-WA	2015	M01	January	40.7
SMU41389003000000007	Oregon	Portland-Vancouver-Hillsboro, OR-WA	2014	M12	December	40.9
SMU41389003000000007	Oregon	Portland-Vancouver-Hillsboro, OR-WA	2014	M11	November	40.3
SMU41389003000000007	Oregon	Portland-Vancouver-Hillsboro, OR-WA	2014	M10	October	39.9
SMU41389003000000007	Oregon	Portland-Vancouver-Hillsboro, OR-WA	2014	M09	September	40.4
SMU41389003000000007	Oregon	Portland-Vancouver-Hillsboro, OR-WA	2014	M08	August	39.4
SMU41389003000000007	Oregon	Portland-Vancouver-Hillsboro, OR-WA	2014	M07	July	39.9
SMU41389003000000007	Oregon	Portland-Vancouver-Hillsboro, OR-WA	2014	M06	June	40.7
SMU41389003000000007	Oregon	Portland-Vancouver-Hillsboro, OR-WA	2014	M05	May	40.0
SMU41389003000000007	Oregon	Portland-Vancouver-Hillsboro, OR-WA	2014	M04	April	39.5
SMU41389003000000007	Oregon	Portland-Vancouver-Hillsboro, OR-WA	2014	M03	March	39.8
SMU41389003000000007	Oregon	Portland-Vancouver-Hillsboro, OR-WA	2014	M02	February	39.5
SMU41389003000000007	Oregon	Portland-Vancouver-Hillsboro, OR-WA	2014	M01	January	39.6
SMU41389003000000007	Oregon	Portland-Vancouver-Hillsboro, OR-WA	2013	M12	December	41.0
SMU41389003000000007	Oregon	Portland-Vancouver-Hillsboro, OR-WA	2013	M11	November	41.2
SMU41389003000000007	Oregon	Portland-Vancouver-Hillsboro, OR-WA	2013	M10	October	41.0
SMU41389003000000007	Oregon	Portland-Vancouver-Hillsboro, OR-WA	2013	M09	September	41.1
SMU41389003000000007	Oregon	Portland-Vancouver-Hillsboro, OR-WA	2013	M08	August	40.9
SMU41389003000000007	Oregon	Portland-Vancouver-Hillsboro, OR-WA	2013	M07	July	40.0
SMU41389003000000007	Oregon	Portland-Vancouver-Hillsboro, OR-WA	2013	M06	June	41.1
SMU41389003000000007	Oregon	Portland-Vancouver-Hillsboro, OR-WA	2013	M05	May	40.5
SMU41389003000000007	Oregon	Portland-Vancouver-Hillsboro, OR-WA	2013	M04	April	40.8
SMU41389003000000007	Oregon	Portland-Vancouver-Hillsboro, OR-WA	2013	M03	March	40.5
SMU41389003000000007	Oregon	Portland-Vancouver-Hillsboro, OR-WA	2013	M02	February	40.7
SMU41389003000000007	Oregon	Portland-Vancouver-Hillsboro, OR-WA	2013	M01	January	40.0
SMU41389003000000007	Oregon	Portland-Vancouver-Hillsboro, OR-WA	2012	M12	December	40.9
SMU41389003000000007	Oregon	Portland-Vancouver-Hillsboro, OR-WA	2012	M11	November	40.4
SMU41389003000000007	Oregon	Portland-Vancouver-Hillsboro, OR-WA	2012	M10	October	40.7
SMU41389003000000007	Oregon	Portland-Vancouver-Hillsboro, OR-WA	2012	M09	September	40.4
SMU41389003000000007	Oregon	Portland-Vancouver-Hillsboro, OR-WA	2012	M08	August	39.8
SMU41389003000000007	Oregon	Portland-Vancouver-Hillsboro, OR-WA	2012	M07	July	39.3
SMU41389003000000007	Oregon	Portland-Vancouver-Hillsboro, OR-WA	2012	M06	June	39.6
SMU41389003000000007	Oregon	Portland-Vancouver-Hillsboro, OR-WA	2012	M05	May	39.6
SMU41389003000000007	Oregon	Portland-Vancouver-Hillsboro, OR-WA	2012	M04	April	39.7
SMU41389003000000007	Oregon	Portland-Vancouver-Hillsboro, OR-WA	2012	M03	March	39.8
SMU41389003000000007	Oregon	Portland-Vancouver-Hillsboro, OR-WA	2012	M02	February	38.5
SMU41389003000000007	Oregon	Portland-Vancouver-Hillsboro, OR-WA	2012	M01	January	38.5
SMU41389003000000007	Oregon	Portland-Vancouver-Hillsboro, OR-WA	2011	M12	December	39.8
SMU41389003000000007	Oregon	Portland-Vancouver-Hillsboro, OR-WA	2011	M11	November	40.3
SMU41389003000000007	Oregon	Portland-Vancouver-Hillsboro, OR-WA	2011	M10	October	39.7
SMU41389003000000007	Oregon	Portland-Vancouver-Hillsboro, OR-WA	2011	M09	September	38.9
SMU41389003000000007	Oregon	Portland-Vancouver-Hillsboro, OR-WA	2011	M08	August	39.3
SMU41389003000000007	Oregon	Portland-Vancouver-Hillsboro, OR-WA	2011	M07	July	39.6
SMU41389003000000007	Oregon	Portland-Vancouver-Hillsboro, OR-WA	2011	M06	June	39.9
SMU41389003000000007	Oregon	Portland-Vancouver-Hillsboro, OR-WA	2011	M05	May	39.7
SMU41389003000000007	Oregon	Portland-Vancouver-Hillsboro, OR-WA	2011	M04	April	39.1
SMU41389003000000007	Oregon	Portland-Vancouver-Hillsboro, OR-WA	2011	M03	March	39.0
SMU41389003000000007	Oregon	Portland-Vancouver-Hillsboro, OR-WA	2011	M02	February	39.0
SMU41389003000000007	Oregon	Portland-Vancouver-Hillsboro, OR-WA	2011	M01	January	37.9
SMU41389003000000007	Oregon	Portland-Vancouver-Hillsboro, OR-WA	2010	M12	December	38.9
SMU41389003000000007	Oregon	Portland-Vancouver-Hillsboro, OR-WA	2010	M11	November	39.3
SMU41389003000000007	Oregon	Portland-Vancouver-Hillsboro, OR-WA	2010	M10	October	40.7
SMU41389003000000007	Oregon	Portland-Vancouver-Hillsboro, OR-WA	2010	M09	September	39.5
SMU41389003000000007	Oregon	Portland-Vancouver-Hillsboro, OR-WA	2010	M08	August	39.7
SMU41389003000000007	Oregon	Portland-Vancouver-Hillsboro, OR-WA	2010	M07	July	39.4
SMU41389003000000007	Oregon	Portland-Vancouver-Hillsboro, OR-WA	2010	M06	June	39.3
SMU41389003000000007	Oregon	Portland-Vancouver-Hillsboro, OR-WA	2010	M05	May	39.4
SMU41389003000000007	Oregon	Portland-Vancouver-Hillsboro, OR-WA	2010	M04	April	39.1
SMU41389003000000007	Oregon	Portland-Vancouver-Hillsboro, OR-WA	2010	M03	March	38.7
SMU41389003000000007	Oregon	Portland-Vancouver-Hillsboro, OR-WA	2010	M02	February	38.4
SMU41389003000000007	Oregon	Portland-Vancouver-Hillsboro, OR-WA	2010	M01	January	38.7
SMU41389003000000007	Oregon	Portland-Vancouver-Hillsboro, OR-WA	2009	M12	December	38.3
SMU41389003000000007	Oregon	Portland-Vancouver-Hillsboro, OR-WA	2009	M11	November	39.4
SMU41389003000000007	Oregon	Portland-Vancouver-Hillsboro, OR-WA	2009	M10	October	38.8
SMU41389003000000007	Oregon	Portland-Vancouver-Hillsboro, OR-WA	2009	M09	September	38.5
SMU41389003000000007	Oregon	Portland-Vancouver-Hillsboro, OR-WA	2009	M08	August	39.5
SMU41389003000000007	Oregon	Portland-Vancouver-Hillsboro, OR-WA	2009	M07	July	38.9
SMU41389003000000007	Oregon	Portland-Vancouver-Hillsboro, OR-WA	2009	M06	June	39.2
SMU41389003000000007	Oregon	Portland-Vancouver-Hillsboro, OR-WA	2009	M05	May	38.0
SMU41389003000000007	Oregon	Portland-Vancouver-Hillsboro, OR-WA	2009	M04	April	36.9
SMU41389003000000007	Oregon	Portland-Vancouver-Hillsboro, OR-WA	2009	M03	March	37.1
SMU41389003000000007	Oregon	Portland-Vancouver-Hillsboro, OR-WA	2009	M02	February	36.8
SMU41389003000000007	Oregon	Portland-Vancouver-Hillsboro, OR-WA	2009	M01	January	37.5
SMU41389003000000007	Oregon	Portland-Vancouver-Hillsboro, OR-WA	2008	M12	December	37.5
SMU41389003000000007	Oregon	Portland-Vancouver-Hillsboro, OR-WA	2008	M11	November	38.6
SMU41389003000000007	Oregon	Portland-Vancouver-Hillsboro, OR-WA	2008	M10	October	38.9
SMU41389003000000007	Oregon	Portland-Vancouver-Hillsboro, OR-WA	2008	M09	September	38.7
SMU41389003000000007	Oregon	Portland-Vancouver-Hillsboro, OR-WA	2008	M08	August	39.5
SMU41389003000000007	Oregon	Portland-Vancouver-Hillsboro, OR-WA	2008	M07	July	40.5
SMU41389003000000007	Oregon	Portland-Vancouver-Hillsboro, OR-WA	2008	M06	June	40.4
SMU41389003000000007	Oregon	Portland-Vancouver-Hillsboro, OR-WA	2008	M05	May	40.0
SMU41389003000000007	Oregon	Portland-Vancouver-Hillsboro, OR-WA	2008	M04	April	40.5
SMU41389003000000007	Oregon	Portland-Vancouver-Hillsboro, OR-WA	2008	M03	March	40.7
SMU41389003000000007	Oregon	Portland-Vancouver-Hillsboro, OR-WA	2008	M02	February	39.3
SMU41389003000000007	Oregon	Portland-Vancouver-Hillsboro, OR-WA	2008	M01	January	38.9
SMU41389003000000007	Oregon	Portland-Vancouver-Hillsboro, OR-WA	2007	M12	December	42.0
SMU41389003000000007	Oregon	Portland-Vancouver-Hillsboro, OR-WA	2007	M11	November	41.2
SMU41389003000000007	Oregon	Portland-Vancouver-Hillsboro, OR-WA	2007	M10	October	41.4
SMU41389003000000007	Oregon	Portland-Vancouver-Hillsboro, OR-WA	2007	M09	September	41.3
SMU41389003000000007	Oregon	Portland-Vancouver-Hillsboro, OR-WA	2007	M08	August	41.6
SMU41389003000000007	Oregon	Portland-Vancouver-Hillsboro, OR-WA	2007	M07	July	40.6
SMU41389003000000007	Oregon	Portland-Vancouver-Hillsboro, OR-WA	2007	M06	June	41.1
SMU41389003000000007	Oregon	Portland-Vancouver-Hillsboro, OR-WA	2007	M05	May	40.8
SMU41389003000000007	Oregon	Portland-Vancouver-Hillsboro, OR-WA	2007	M04	April	40.3
SMU41389003000000007	Oregon	Portland-Vancouver-Hillsboro, OR-WA	2007	M03	March	40.4
SMU41389003000000007	Oregon	Portland-Vancouver-Hillsboro, OR-WA	2007	M02	February	40.0
SMU41389003000000007	Oregon	Portland-Vancouver-Hillsboro, OR-WA	2007	M01	January	39.7
SMU36935613000000007	New York	New York City, NY	2025	M12	December	34.9
SMU36935613000000007	New York	New York City, NY	2025	M11	November	37.7
SMU36935613000000007	New York	New York City, NY	2025	M10	October	37.3
SMU36935613000000007	New York	New York City, NY	2025	M09	September	38.3
SMU36935613000000007	New York	New York City, NY	2025	M08	August	38.4
SMU36935613000000007	New York	New York City, NY	2025	M07	July	38.2
SMU36935613000000007	New York	New York City, NY	2025	M06	June	39.0
SMU36935613000000007	New York	New York City, NY	2025	M05	May	38.9
SMU36935613000000007	New York	New York City, NY	2025	M04	April	40.5
SMU36935613000000007	New York	New York City, NY	2025	M03	March	41.2
SMU36935613000000007	New York	New York City, NY	2025	M02	February	43.6
SMU36935613000000007	New York	New York City, NY	2025	M01	January	43.4
SMU36935613000000007	New York	New York City, NY	2024	M12	December	44.8
SMU36935613000000007	New York	New York City, NY	2024	M11	November	43.7
SMU36935613000000007	New York	New York City, NY	2024	M10	October	44.1
SMU36935613000000007	New York	New York City, NY	2024	M09	September	46.4
SMU36935613000000007	New York	New York City, NY	2024	M08	August	47.3
SMU36935613000000007	New York	New York City, NY	2024	M07	July	43.0
SMU36935613000000007	New York	New York City, NY	2024	M06	June	44.4
SMU36935613000000007	New York	New York City, NY	2024	M05	May	44.4
SMU36935613000000007	New York	New York City, NY	2024	M04	April	43.8
SMU36935613000000007	New York	New York City, NY	2024	M03	March	43.9
SMU36935613000000007	New York	New York City, NY	2024	M02	February	41.1
SMU36935613000000007	New York	New York City, NY	2024	M01	January	40.7
SMU36935613000000007	New York	New York City, NY	2023	M12	December	41.2
SMU36935613000000007	New York	New York City, NY	2023	M11	November	39.4
SMU36935613000000007	New York	New York City, NY	2023	M10	October	37.0
SMU36935613000000007	New York	New York City, NY	2023	M09	September	39.4
SMU36935613000000007	New York	New York City, NY	2023	M08	August	38.6
SMU36935613000000007	New York	New York City, NY	2023	M07	July	40.6
SMU36935613000000007	New York	New York City, NY	2023	M06	June	38.8
SMU36935613000000007	New York	New York City, NY	2023	M05	May	39.9
SMU36935613000000007	New York	New York City, NY	2023	M04	April	40.8
SMU36935613000000007	New York	New York City, NY	2023	M03	March	39.8
SMU36935613000000007	New York	New York City, NY	2023	M02	February	40.4
SMU36935613000000007	New York	New York City, NY	2023	M01	January	41.5
SMU36935613000000007	New York	New York City, NY	2022	M12	December	42.4
SMU36935613000000007	New York	New York City, NY	2022	M11	November	42.3
SMU36935613000000007	New York	New York City, NY	2022	M10	October	41.1
SMU36935613000000007	New York	New York City, NY	2022	M09	September	40.3
SMU36935613000000007	New York	New York City, NY	2022	M08	August	40.3
SMU36935613000000007	New York	New York City, NY	2022	M07	July	42.6
SMU36935613000000007	New York	New York City, NY	2022	M06	June	43.4
SMU36935613000000007	New York	New York City, NY	2022	M05	May	43.9
SMU36935613000000007	New York	New York City, NY	2022	M04	April	43.5
SMU36935613000000007	New York	New York City, NY	2022	M03	March	42.7
SMU36935613000000007	New York	New York City, NY	2022	M02	February	42.9
SMU36935613000000007	New York	New York City, NY	2022	M01	January	43.1
SMU36935613000000007	New York	New York City, NY	2021	M12	December	39.4
SMU36935613000000007	New York	New York City, NY	2021	M11	November	39.8
SMU36935613000000007	New York	New York City, NY	2021	M10	October	38.7
SMU36935613000000007	New York	New York City, NY	2021	M09	September	39.1
SMU36935613000000007	New York	New York City, NY	2021	M08	August	37.4
SMU36935613000000007	New York	New York City, NY	2021	M07	July	37.4
SMU36935613000000007	New York	New York City, NY	2021	M06	June	37.2
SMU36935613000000007	New York	New York City, NY	2021	M05	May	38.3
SMU36935613000000007	New York	New York City, NY	2021	M04	April	38.3
SMU36935613000000007	New York	New York City, NY	2021	M03	March	39.1
SMU36935613000000007	New York	New York City, NY	2021	M02	February	39.7
SMU36935613000000007	New York	New York City, NY	2021	M01	January	39.7
SMU36935613000000007	New York	New York City, NY	2020	M12	December	35.7
SMU36935613000000007	New York	New York City, NY	2020	M11	November	38.0
SMU36935613000000007	New York	New York City, NY	2020	M10	October	37.2
SMU36935613000000007	New York	New York City, NY	2020	M09	September	35.7
SMU36935613000000007	New York	New York City, NY	2020	M08	August	37.3
SMU36935613000000007	New York	New York City, NY	2020	M07	July	36.5
SMU36935613000000007	New York	New York City, NY	2020	M06	June	34.7
SMU36935613000000007	New York	New York City, NY	2020	M05	May	34.6
SMU36935613000000007	New York	New York City, NY	2020	M04	April	31.8
SMU36935613000000007	New York	New York City, NY	2020	M03	March	37.9
SMU36935613000000007	New York	New York City, NY	2020	M02	February	37.4
SMU36935613000000007	New York	New York City, NY	2020	M01	January	37.8
SMU36935613000000007	New York	New York City, NY	2019	M12	December	37.9
SMU36935613000000007	New York	New York City, NY	2019	M11	November	38.1
SMU36935613000000007	New York	New York City, NY	2019	M10	October	40.4
SMU36935613000000007	New York	New York City, NY	2019	M09	September	40.4
SMU36935613000000007	New York	New York City, NY	2019	M08	August	40.8
SMU36935613000000007	New York	New York City, NY	2019	M07	July	40.4
SMU36935613000000007	New York	New York City, NY	2019	M06	June	39.9
SMU36935613000000007	New York	New York City, NY	2019	M05	May	40.7
SMU36935613000000007	New York	New York City, NY	2019	M04	April	41.1
SMU36935613000000007	New York	New York City, NY	2019	M03	March	40.1
SMU36935613000000007	New York	New York City, NY	2019	M02	February	40.6
SMU36935613000000007	New York	New York City, NY	2019	M01	January	39.2
SMU36935613000000007	New York	New York City, NY	2018	M12	December	39.9
SMU36935613000000007	New York	New York City, NY	2018	M11	November	39.9
SMU36935613000000007	New York	New York City, NY	2018	M10	October	39.3
SMU36935613000000007	New York	New York City, NY	2018	M09	September	39.1
SMU36935613000000007	New York	New York City, NY	2018	M08	August	39.9
SMU36935613000000007	New York	New York City, NY	2018	M07	July	38.6
SMU36935613000000007	New York	New York City, NY	2018	M06	June	39.0
SMU36935613000000007	New York	New York City, NY	2018	M05	May	38.3
SMU36935613000000007	New York	New York City, NY	2018	M04	April	38.9
SMU36935613000000007	New York	New York City, NY	2018	M03	March	37.8
SMU36935613000000007	New York	New York City, NY	2018	M02	February	36.9
SMU36935613000000007	New York	New York City, NY	2018	M01	January	36.8
SMU36935613000000007	New York	New York City, NY	2017	M12	December	38.1
SMU36935613000000007	New York	New York City, NY	2017	M11	November	35.9
SMU36935613000000007	New York	New York City, NY	2017	M10	October	37.9
SMU36935613000000007	New York	New York City, NY	2017	M09	September	36.2
SMU36935613000000007	New York	New York City, NY	2017	M08	August	36.8
SMU36935613000000007	New York	New York City, NY	2017	M07	July	35.7
SMU36935613000000007	New York	New York City, NY	2017	M06	June	35.6
SMU36935613000000007	New York	New York City, NY	2017	M05	May	36.9
SMU36935613000000007	New York	New York City, NY	2017	M04	April	36.0
SMU36935613000000007	New York	New York City, NY	2017	M03	March	35.3
SMU36935613000000007	New York	New York City, NY	2017	M02	February	33.7
SMU36935613000000007	New York	New York City, NY	2017	M01	January	33.6
SMU36935613000000007	New York	New York City, NY	2016	M12	December	34.7
SMU36935613000000007	New York	New York City, NY	2016	M11	November	34.7
SMU36935613000000007	New York	New York City, NY	2016	M10	October	35.6
SMU36935613000000007	New York	New York City, NY	2016	M09	September	34.9
SMU36935613000000007	New York	New York City, NY	2016	M08	August	34.8
SMU36935613000000007	New York	New York City, NY	2016	M07	July	35.7
SMU36935613000000007	New York	New York City, NY	2016	M06	June	37.6
SMU36935613000000007	New York	New York City, NY	2016	M05	May	36.2
SMU36935613000000007	New York	New York City, NY	2016	M04	April	37.5
SMU36935613000000007	New York	New York City, NY	2016	M03	March	38.1
SMU36935613000000007	New York	New York City, NY	2016	M02	February	38.3
SMU36935613000000007	New York	New York City, NY	2016	M01	January	38.9
SMU36935613000000007	New York	New York City, NY	2015	M12	December	39.6
SMU36935613000000007	New York	New York City, NY	2015	M11	November	40.1
SMU36935613000000007	New York	New York City, NY	2015	M10	October	38.8
SMU36935613000000007	New York	New York City, NY	2015	M09	September	38.3
SMU36935613000000007	New York	New York City, NY	2015	M08	August	37.4
SMU36935613000000007	New York	New York City, NY	2015	M07	July	37.2
SMU36935613000000007	New York	New York City, NY	2015	M06	June	37.0
SMU36935613000000007	New York	New York City, NY	2015	M05	May	36.2
SMU36935613000000007	New York	New York City, NY	2015	M04	April	37.5
SMU36935613000000007	New York	New York City, NY	2015	M03	March	38.1
SMU36935613000000007	New York	New York City, NY	2015	M02	February	38.1
SMU36935613000000007	New York	New York City, NY	2015	M01	January	38.8
SMU36935613000000007	New York	New York City, NY	2014	M12	December	38.7
SMU36935613000000007	New York	New York City, NY	2014	M11	November	38.1
SMU36935613000000007	New York	New York City, NY	2014	M10	October	37.8
SMU36935613000000007	New York	New York City, NY	2014	M09	September	37.9
SMU36935613000000007	New York	New York City, NY	2014	M08	August	37.4
SMU36935613000000007	New York	New York City, NY	2014	M07	July	37.5
SMU36935613000000007	New York	New York City, NY	2014	M06	June	38.5
SMU36935613000000007	New York	New York City, NY	2014	M05	May	38.4
SMU36935613000000007	New York	New York City, NY	2014	M04	April	38.7
SMU36935613000000007	New York	New York City, NY	2014	M03	March	37.9
SMU36935613000000007	New York	New York City, NY	2014	M02	February	37.8
SMU36935613000000007	New York	New York City, NY	2014	M01	January	38.6
SMU36935613000000007	New York	New York City, NY	2013	M12	December	38.5
SMU36935613000000007	New York	New York City, NY	2013	M11	November	38.7
SMU36935613000000007	New York	New York City, NY	2013	M10	October	38.9
SMU36935613000000007	New York	New York City, NY	2013	M09	September	39.5
SMU36935613000000007	New York	New York City, NY	2013	M08	August	39.2
SMU36935613000000007	New York	New York City, NY	2013	M07	July	39.6
SMU36935613000000007	New York	New York City, NY	2013	M06	June	39.4
SMU36935613000000007	New York	New York City, NY	2013	M05	May	38.2
SMU36935613000000007	New York	New York City, NY	2013	M04	April	38.1
SMU36935613000000007	New York	New York City, NY	2013	M03	March	38.8
SMU36935613000000007	New York	New York City, NY	2013	M02	February	39.3
SMU36935613000000007	New York	New York City, NY	2013	M01	January	38.9
SMU36935613000000007	New York	New York City, NY	2012	M12	December	39.3
SMU36935613000000007	New York	New York City, NY	2012	M11	November	37.3
SMU36935613000000007	New York	New York City, NY	2012	M10	October	37.3
SMU36935613000000007	New York	New York City, NY	2012	M09	September	37.2
SMU36935613000000007	New York	New York City, NY	2012	M08	August	36.6
SMU36935613000000007	New York	New York City, NY	2012	M07	July	35.8
SMU36935613000000007	New York	New York City, NY	2012	M06	June	36.1
SMU36935613000000007	New York	New York City, NY	2012	M05	May	36.8
SMU36935613000000007	New York	New York City, NY	2012	M04	April	35.5
SMU36935613000000007	New York	New York City, NY	2012	M03	March	35.1
SMU36935613000000007	New York	New York City, NY	2012	M02	February	34.6
SMU36935613000000007	New York	New York City, NY	2012	M01	January	35.6
SMU36935613000000007	New York	New York City, NY	2011	M12	December	37.5
SMU36935613000000007	New York	New York City, NY	2011	M11	November	36.7
SMU36935613000000007	New York	New York City, NY	2011	M10	October	37.6
SMU36935613000000007	New York	New York City, NY	2011	M09	September	36.8
SMU36935613000000007	New York	New York City, NY	2011	M08	August	38.4
SMU36935613000000007	New York	New York City, NY	2011	M07	July	37.7
SMU36935613000000007	New York	New York City, NY	2011	M06	June	37.9
SMU36935613000000007	New York	New York City, NY	2011	M05	May	38.5
SMU36935613000000007	New York	New York City, NY	2011	M04	April	38.6
SMU36935613000000007	New York	New York City, NY	2011	M03	March	38.8
SMU36935613000000007	New York	New York City, NY	2011	M02	February	39.1
SMU36935613000000007	New York	New York City, NY	2011	M01	January	39.1
SMU36935613000000007	New York	New York City, NY	2010	M12	December	41.0
SMU36935613000000007	New York	New York City, NY	2010	M11	November	40.8
SMU36935613000000007	New York	New York City, NY	2010	M10	October	41.5
SMU36935613000000007	New York	New York City, NY	2010	M09	September	41.5
SMU36935613000000007	New York	New York City, NY	2010	M08	August	40.8
SMU36935613000000007	New York	New York City, NY	2010	M07	July	40.1
SMU36935613000000007	New York	New York City, NY	2010	M06	June	40.5
SMU36935613000000007	New York	New York City, NY	2010	M05	May	41.1
SMU36935613000000007	New York	New York City, NY	2010	M04	April	40.4
SMU36935613000000007	New York	New York City, NY	2010	M03	March	40.6
SMU36935613000000007	New York	New York City, NY	2010	M02	February	39.4
SMU36935613000000007	New York	New York City, NY	2010	M01	January	41.6
SMU36935613000000007	New York	New York City, NY	2009	M12	December	38.7
SMU36935613000000007	New York	New York City, NY	2009	M11	November	38.9
SMU36935613000000007	New York	New York City, NY	2009	M10	October	39.5
SMU36935613000000007	New York	New York City, NY	2009	M09	September	38.8
SMU36935613000000007	New York	New York City, NY	2009	M08	August	38.4
SMU36935613000000007	New York	New York City, NY	2009	M07	July	38.7
SMU36935613000000007	New York	New York City, NY	2009	M06	June	39.5
SMU36935613000000007	New York	New York City, NY	2009	M05	May	39.3
SMU36935613000000007	New York	New York City, NY	2009	M04	April	38.6
SMU36935613000000007	New York	New York City, NY	2009	M03	March	38.5
SMU36935613000000007	New York	New York City, NY	2009	M02	February	38.3
SMU36935613000000007	New York	New York City, NY	2009	M01	January	39.0
SMU36935613000000007	New York	New York City, NY	2008	M12	December	39.8
SMU36935613000000007	New York	New York City, NY	2008	M11	November	38.4
SMU36935613000000007	New York	New York City, NY	2008	M10	October	38.4
SMU36935613000000007	New York	New York City, NY	2008	M09	September	37.0
SMU36935613000000007	New York	New York City, NY	2008	M08	August	37.1
SMU36935613000000007	New York	New York City, NY	2008	M07	July	37.6
SMU36935613000000007	New York	New York City, NY	2008	M06	June	37.6
SMU36935613000000007	New York	New York City, NY	2008	M05	May	37.4
SMU36935613000000007	New York	New York City, NY	2008	M04	April	38.4
SMU36935613000000007	New York	New York City, NY	2008	M03	March	38.4
SMU36935613000000007	New York	New York City, NY	2008	M02	February	38.5
SMU36935613000000007	New York	New York City, NY	2008	M01	January	37.3
SMU36935613000000007	New York	New York City, NY	2007	M12	December	42.3
SMU36935613000000007	New York	New York City, NY	2007	M11	November	40.4
SMU36935613000000007	New York	New York City, NY	2007	M10	October	39.9
SMU36935613000000007	New York	New York City, NY	2007	M09	September	39.9
SMU36935613000000007	New York	New York City, NY	2007	M08	August	39.4
SMU36935613000000007	New York	New York City, NY	2007	M07	July	40.5
SMU36935613000000007	New York	New York City, NY	2007	M06	June	40.6
SMU36935613000000007	New York	New York City, NY	2007	M05	May	40.5
SMU36935613000000007	New York	New York City, NY	2007	M04	April	39.0
SMU36935613000000007	New York	New York City, NY	2007	M03	March	37.3
SMU36935613000000007	New York	New York City, NY	2007	M02	February	37.9
SMU36935613000000007	New York	New York City, NY	2007	M01	January	38.4
SMU48264203000000007	Texas	Houston-Pasadena-The Woodlands, TX	2025	M12	December	46.3
SMU48264203000000007	Texas	Houston-Pasadena-The Woodlands, TX	2025	M11	November	46.4
SMU48264203000000007	Texas	Houston-Pasadena-The Woodlands, TX	2025	M10	October	45.2
SMU48264203000000007	Texas	Houston-Pasadena-The Woodlands, TX	2025	M09	September	46.7
SMU48264203000000007	Texas	Houston-Pasadena-The Woodlands, TX	2025	M08	August	47.0
SMU48264203000000007	Texas	Houston-Pasadena-The Woodlands, TX	2025	M07	July	46.7
SMU48264203000000007	Texas	Houston-Pasadena-The Woodlands, TX	2025	M06	June	47.4
SMU48264203000000007	Texas	Houston-Pasadena-The Woodlands, TX	2025	M05	May	45.3
SMU48264203000000007	Texas	Houston-Pasadena-The Woodlands, TX	2025	M04	April	45.3
SMU48264203000000007	Texas	Houston-Pasadena-The Woodlands, TX	2025	M03	March	44.5
SMU48264203000000007	Texas	Houston-Pasadena-The Woodlands, TX	2025	M02	February	45.1
SMU48264203000000007	Texas	Houston-Pasadena-The Woodlands, TX	2025	M01	January	43.9
SMU48264203000000007	Texas	Houston-Pasadena-The Woodlands, TX	2024	M12	December	44.6
SMU48264203000000007	Texas	Houston-Pasadena-The Woodlands, TX	2024	M11	November	44.5
SMU48264203000000007	Texas	Houston-Pasadena-The Woodlands, TX	2024	M10	October	45.5
SMU48264203000000007	Texas	Houston-Pasadena-The Woodlands, TX	2024	M09	September	44.8
SMU48264203000000007	Texas	Houston-Pasadena-The Woodlands, TX	2024	M08	August	45.1
SMU48264203000000007	Texas	Houston-Pasadena-The Woodlands, TX	2024	M07	July	43.2
SMU48264203000000007	Texas	Houston-Pasadena-The Woodlands, TX	2024	M06	June	45.0
SMU48264203000000007	Texas	Houston-Pasadena-The Woodlands, TX	2024	M05	May	44.6
SMU48264203000000007	Texas	Houston-Pasadena-The Woodlands, TX	2024	M04	April	44.0
SMU48264203000000007	Texas	Houston-Pasadena-The Woodlands, TX	2024	M03	March	43.6
SMU48264203000000007	Texas	Houston-Pasadena-The Woodlands, TX	2024	M02	February	43.1
SMU48264203000000007	Texas	Houston-Pasadena-The Woodlands, TX	2024	M01	January	42.9
SMU48264203000000007	Texas	Houston-Pasadena-The Woodlands, TX	2023	M12	December	43.2
SMU48264203000000007	Texas	Houston-Pasadena-The Woodlands, TX	2023	M11	November	43.1
SMU48264203000000007	Texas	Houston-Pasadena-The Woodlands, TX	2023	M10	October	42.8
SMU48264203000000007	Texas	Houston-Pasadena-The Woodlands, TX	2023	M09	September	41.3
SMU48264203000000007	Texas	Houston-Pasadena-The Woodlands, TX	2023	M08	August	42.2
SMU48264203000000007	Texas	Houston-Pasadena-The Woodlands, TX	2023	M07	July	41.6
SMU48264203000000007	Texas	Houston-Pasadena-The Woodlands, TX	2023	M06	June	41.7
SMU48264203000000007	Texas	Houston-Pasadena-The Woodlands, TX	2023	M05	May	42.0
SMU48264203000000007	Texas	Houston-Pasadena-The Woodlands, TX	2023	M04	April	43.9
SMU48264203000000007	Texas	Houston-Pasadena-The Woodlands, TX	2023	M03	March	42.9
SMU48264203000000007	Texas	Houston-Pasadena-The Woodlands, TX	2023	M02	February	41.7
SMU48264203000000007	Texas	Houston-Pasadena-The Woodlands, TX	2023	M01	January	41.0
SMU48264203000000007	Texas	Houston-Pasadena-The Woodlands, TX	2022	M12	December	42.5
SMU48264203000000007	Texas	Houston-Pasadena-The Woodlands, TX	2022	M11	November	42.4
SMU48264203000000007	Texas	Houston-Pasadena-The Woodlands, TX	2022	M10	October	43.7
SMU48264203000000007	Texas	Houston-Pasadena-The Woodlands, TX	2022	M09	September	43.4
SMU48264203000000007	Texas	Houston-Pasadena-The Woodlands, TX	2022	M08	August	40.6
SMU48264203000000007	Texas	Houston-Pasadena-The Woodlands, TX	2022	M07	July	39.8
SMU48264203000000007	Texas	Houston-Pasadena-The Woodlands, TX	2022	M06	June	41.6
SMU48264203000000007	Texas	Houston-Pasadena-The Woodlands, TX	2022	M05	May	42.2
SMU48264203000000007	Texas	Houston-Pasadena-The Woodlands, TX	2022	M04	April	42.0
SMU48264203000000007	Texas	Houston-Pasadena-The Woodlands, TX	2022	M03	March	42.5
SMU48264203000000007	Texas	Houston-Pasadena-The Woodlands, TX	2022	M02	February	42.5
SMU48264203000000007	Texas	Houston-Pasadena-The Woodlands, TX	2022	M01	January	42.5
SMU48264203000000007	Texas	Houston-Pasadena-The Woodlands, TX	2021	M12	December	42.5
SMU48264203000000007	Texas	Houston-Pasadena-The Woodlands, TX	2021	M11	November	43.6
SMU48264203000000007	Texas	Houston-Pasadena-The Woodlands, TX	2021	M10	October	40.1
SMU48264203000000007	Texas	Houston-Pasadena-The Woodlands, TX	2021	M09	September	38.1
SMU48264203000000007	Texas	Houston-Pasadena-The Woodlands, TX	2021	M08	August	40.6
SMU48264203000000007	Texas	Houston-Pasadena-The Woodlands, TX	2021	M07	July	39.4
SMU48264203000000007	Texas	Houston-Pasadena-The Woodlands, TX	2021	M06	June	38.1
SMU48264203000000007	Texas	Houston-Pasadena-The Woodlands, TX	2021	M05	May	38.7
SMU48264203000000007	Texas	Houston-Pasadena-The Woodlands, TX	2021	M04	April	37.3
SMU48264203000000007	Texas	Houston-Pasadena-The Woodlands, TX	2021	M03	March	35.4
SMU48264203000000007	Texas	Houston-Pasadena-The Woodlands, TX	2021	M02	February	35.7
SMU48264203000000007	Texas	Houston-Pasadena-The Woodlands, TX	2021	M01	January	36.4
SMU48264203000000007	Texas	Houston-Pasadena-The Woodlands, TX	2020	M12	December	35.7
SMU48264203000000007	Texas	Houston-Pasadena-The Woodlands, TX	2020	M11	November	35.7
SMU48264203000000007	Texas	Houston-Pasadena-The Woodlands, TX	2020	M10	October	34.7
SMU48264203000000007	Texas	Houston-Pasadena-The Woodlands, TX	2020	M09	September	34.3
SMU48264203000000007	Texas	Houston-Pasadena-The Woodlands, TX	2020	M08	August	39.0
SMU48264203000000007	Texas	Houston-Pasadena-The Woodlands, TX	2020	M07	July	37.7
SMU48264203000000007	Texas	Houston-Pasadena-The Woodlands, TX	2020	M06	June	37.6
SMU48264203000000007	Texas	Houston-Pasadena-The Woodlands, TX	2020	M05	May	40.8
SMU48264203000000007	Texas	Houston-Pasadena-The Woodlands, TX	2020	M04	April	41.9
SMU48264203000000007	Texas	Houston-Pasadena-The Woodlands, TX	2020	M03	March	42.5
SMU48264203000000007	Texas	Houston-Pasadena-The Woodlands, TX	2020	M02	February	44.2
SMU48264203000000007	Texas	Houston-Pasadena-The Woodlands, TX	2020	M01	January	44.6
SMU48264203000000007	Texas	Houston-Pasadena-The Woodlands, TX	2019	M12	December	46.6
SMU48264203000000007	Texas	Houston-Pasadena-The Woodlands, TX	2019	M11	November	46.8
SMU48264203000000007	Texas	Houston-Pasadena-The Woodlands, TX	2019	M10	October	47.4
SMU48264203000000007	Texas	Houston-Pasadena-The Woodlands, TX	2019	M09	September	46.9
SMU48264203000000007	Texas	Houston-Pasadena-The Woodlands, TX	2019	M08	August	47.2
SMU48264203000000007	Texas	Houston-Pasadena-The Woodlands, TX	2019	M07	July	45.8
SMU48264203000000007	Texas	Houston-Pasadena-The Woodlands, TX	2019	M06	June	46.3
SMU48264203000000007	Texas	Houston-Pasadena-The Woodlands, TX	2019	M05	May	45.3
SMU48264203000000007	Texas	Houston-Pasadena-The Woodlands, TX	2019	M04	April	47.1
SMU48264203000000007	Texas	Houston-Pasadena-The Woodlands, TX	2019	M03	March	45.7
SMU48264203000000007	Texas	Houston-Pasadena-The Woodlands, TX	2019	M02	February	46.1
SMU48264203000000007	Texas	Houston-Pasadena-The Woodlands, TX	2019	M01	January	46.0
SMU48264203000000007	Texas	Houston-Pasadena-The Woodlands, TX	2018	M12	December	47.5
SMU48264203000000007	Texas	Houston-Pasadena-The Woodlands, TX	2018	M11	November	47.0
SMU48264203000000007	Texas	Houston-Pasadena-The Woodlands, TX	2018	M10	October	45.9
SMU48264203000000007	Texas	Houston-Pasadena-The Woodlands, TX	2018	M09	September	45.0
SMU48264203000000007	Texas	Houston-Pasadena-The Woodlands, TX	2018	M08	August	46.1
SMU48264203000000007	Texas	Houston-Pasadena-The Woodlands, TX	2018	M07	July	45.7
SMU48264203000000007	Texas	Houston-Pasadena-The Woodlands, TX	2018	M06	June	46.3
SMU48264203000000007	Texas	Houston-Pasadena-The Woodlands, TX	2018	M05	May	46.0
SMU48264203000000007	Texas	Houston-Pasadena-The Woodlands, TX	2018	M04	April	47.2
SMU48264203000000007	Texas	Houston-Pasadena-The Woodlands, TX	2018	M03	March	45.7
SMU48264203000000007	Texas	Houston-Pasadena-The Woodlands, TX	2018	M02	February	45.4
SMU48264203000000007	Texas	Houston-Pasadena-The Woodlands, TX	2018	M01	January	44.6
SMU48264203000000007	Texas	Houston-Pasadena-The Woodlands, TX	2017	M12	December	46.3
SMU48264203000000007	Texas	Houston-Pasadena-The Woodlands, TX	2017	M11	November	44.9
SMU48264203000000007	Texas	Houston-Pasadena-The Woodlands, TX	2017	M10	October	45.5
SMU48264203000000007	Texas	Houston-Pasadena-The Woodlands, TX	2017	M09	September	45.9
SMU48264203000000007	Texas	Houston-Pasadena-The Woodlands, TX	2017	M08	August	43.5
SMU48264203000000007	Texas	Houston-Pasadena-The Woodlands, TX	2017	M07	July	45.3
SMU48264203000000007	Texas	Houston-Pasadena-The Woodlands, TX	2017	M06	June	45.1
SMU48264203000000007	Texas	Houston-Pasadena-The Woodlands, TX	2017	M05	May	45.0
SMU48264203000000007	Texas	Houston-Pasadena-The Woodlands, TX	2017	M04	April	44.1
SMU48264203000000007	Texas	Houston-Pasadena-The Woodlands, TX	2017	M03	March	43.5
SMU48264203000000007	Texas	Houston-Pasadena-The Woodlands, TX	2017	M02	February	43.3
SMU48264203000000007	Texas	Houston-Pasadena-The Woodlands, TX	2017	M01	January	42.1
SMU48264203000000007	Texas	Houston-Pasadena-The Woodlands, TX	2016	M12	December	44.7
SMU48264203000000007	Texas	Houston-Pasadena-The Woodlands, TX	2016	M11	November	43.9
SMU48264203000000007	Texas	Houston-Pasadena-The Woodlands, TX	2016	M10	October	43.8
SMU48264203000000007	Texas	Houston-Pasadena-The Woodlands, TX	2016	M09	September	44.2
SMU48264203000000007	Texas	Houston-Pasadena-The Woodlands, TX	2016	M08	August	42.4
SMU48264203000000007	Texas	Houston-Pasadena-The Woodlands, TX	2016	M07	July	43.1
SMU48264203000000007	Texas	Houston-Pasadena-The Woodlands, TX	2016	M06	June	43.8
SMU48264203000000007	Texas	Houston-Pasadena-The Woodlands, TX	2016	M05	May	43.3
SMU48264203000000007	Texas	Houston-Pasadena-The Woodlands, TX	2016	M04	April	42.2
SMU48264203000000007	Texas	Houston-Pasadena-The Woodlands, TX	2016	M03	March	41.3
SMU48264203000000007	Texas	Houston-Pasadena-The Woodlands, TX	2016	M02	February	42.5
SMU48264203000000007	Texas	Houston-Pasadena-The Woodlands, TX	2016	M01	January	42.1
SMU48264203000000007	Texas	Houston-Pasadena-The Woodlands, TX	2015	M12	December	43.7
SMU48264203000000007	Texas	Houston-Pasadena-The Woodlands, TX	2015	M11	November	43.1
SMU48264203000000007	Texas	Houston-Pasadena-The Woodlands, TX	2015	M10	October	43.0
SMU48264203000000007	Texas	Houston-Pasadena-The Woodlands, TX	2015	M09	September	43.0
SMU48264203000000007	Texas	Houston-Pasadena-The Woodlands, TX	2015	M08	August	43.1
SMU48264203000000007	Texas	Houston-Pasadena-The Woodlands, TX	2015	M07	July	43.4
SMU48264203000000007	Texas	Houston-Pasadena-The Woodlands, TX	2015	M06	June	43.1
SMU48264203000000007	Texas	Houston-Pasadena-The Woodlands, TX	2015	M05	May	44.2
SMU48264203000000007	Texas	Houston-Pasadena-The Woodlands, TX	2015	M04	April	43.3
SMU48264203000000007	Texas	Houston-Pasadena-The Woodlands, TX	2015	M03	March	43.9
SMU48264203000000007	Texas	Houston-Pasadena-The Woodlands, TX	2015	M02	February	44.3
SMU48264203000000007	Texas	Houston-Pasadena-The Woodlands, TX	2015	M01	January	44.8
SMU48264203000000007	Texas	Houston-Pasadena-The Woodlands, TX	2014	M12	December	46.1
SMU48264203000000007	Texas	Houston-Pasadena-The Woodlands, TX	2014	M11	November	46.4
SMU48264203000000007	Texas	Houston-Pasadena-The Woodlands, TX	2014	M10	October	46.9
SMU48264203000000007	Texas	Houston-Pasadena-The Woodlands, TX	2014	M09	September	47.6
SMU48264203000000007	Texas	Houston-Pasadena-The Woodlands, TX	2014	M08	August	46.8
SMU48264203000000007	Texas	Houston-Pasadena-The Woodlands, TX	2014	M07	July	45.8
SMU48264203000000007	Texas	Houston-Pasadena-The Woodlands, TX	2014	M06	June	46.8
SMU48264203000000007	Texas	Houston-Pasadena-The Woodlands, TX	2014	M05	May	47.0
SMU48264203000000007	Texas	Houston-Pasadena-The Woodlands, TX	2014	M04	April	47.1
SMU48264203000000007	Texas	Houston-Pasadena-The Woodlands, TX	2014	M03	March	48.0
SMU48264203000000007	Texas	Houston-Pasadena-The Woodlands, TX	2014	M02	February	48.2
SMU48264203000000007	Texas	Houston-Pasadena-The Woodlands, TX	2014	M01	January	46.7
SMU48264203000000007	Texas	Houston-Pasadena-The Woodlands, TX	2013	M12	December	48.4
SMU48264203000000007	Texas	Houston-Pasadena-The Woodlands, TX	2013	M11	November	48.7
SMU48264203000000007	Texas	Houston-Pasadena-The Woodlands, TX	2013	M10	October	47.2
SMU48264203000000007	Texas	Houston-Pasadena-The Woodlands, TX	2013	M09	September	45.6
SMU48264203000000007	Texas	Houston-Pasadena-The Woodlands, TX	2013	M08	August	45.6
SMU48264203000000007	Texas	Houston-Pasadena-The Woodlands, TX	2013	M07	July	44.9
SMU48264203000000007	Texas	Houston-Pasadena-The Woodlands, TX	2013	M06	June	45.5
SMU48264203000000007	Texas	Houston-Pasadena-The Woodlands, TX	2013	M05	May	45.3
SMU48264203000000007	Texas	Houston-Pasadena-The Woodlands, TX	2013	M04	April	46.8
SMU48264203000000007	Texas	Houston-Pasadena-The Woodlands, TX	2013	M03	March	46.7
SMU48264203000000007	Texas	Houston-Pasadena-The Woodlands, TX	2013	M02	February	45.7
SMU48264203000000007	Texas	Houston-Pasadena-The Woodlands, TX	2013	M01	January	45.0
SMU48264203000000007	Texas	Houston-Pasadena-The Woodlands, TX	2012	M12	December	46.8
SMU48264203000000007	Texas	Houston-Pasadena-The Woodlands, TX	2012	M11	November	46.5
SMU48264203000000007	Texas	Houston-Pasadena-The Woodlands, TX	2012	M10	October	47.8
SMU48264203000000007	Texas	Houston-Pasadena-The Woodlands, TX	2012	M09	September	47.0
SMU48264203000000007	Texas	Houston-Pasadena-The Woodlands, TX	2012	M08	August	47.0
SMU48264203000000007	Texas	Houston-Pasadena-The Woodlands, TX	2012	M07	July	48.1
SMU48264203000000007	Texas	Houston-Pasadena-The Woodlands, TX	2012	M06	June	47.5
SMU48264203000000007	Texas	Houston-Pasadena-The Woodlands, TX	2012	M05	May	48.4
SMU48264203000000007	Texas	Houston-Pasadena-The Woodlands, TX	2012	M04	April	46.8
SMU48264203000000007	Texas	Houston-Pasadena-The Woodlands, TX	2012	M03	March	48.5
SMU48264203000000007	Texas	Houston-Pasadena-The Woodlands, TX	2012	M02	February	49.7
SMU48264203000000007	Texas	Houston-Pasadena-The Woodlands, TX	2012	M01	January	50.2
SMU48264203000000007	Texas	Houston-Pasadena-The Woodlands, TX	2011	M12	December	49.8
SMU48264203000000007	Texas	Houston-Pasadena-The Woodlands, TX	2011	M11	November	49.4
SMU48264203000000007	Texas	Houston-Pasadena-The Woodlands, TX	2011	M10	October	48.6
SMU48264203000000007	Texas	Houston-Pasadena-The Woodlands, TX	2011	M09	September	48.8
SMU48264203000000007	Texas	Houston-Pasadena-The Woodlands, TX	2011	M08	August	49.1
SMU48264203000000007	Texas	Houston-Pasadena-The Woodlands, TX	2011	M07	July	49.3
SMU48264203000000007	Texas	Houston-Pasadena-The Woodlands, TX	2011	M06	June	50.5
SMU48264203000000007	Texas	Houston-Pasadena-The Woodlands, TX	2011	M05	May	51.9
SMU48264203000000007	Texas	Houston-Pasadena-The Woodlands, TX	2011	M04	April	52.6
SMU48264203000000007	Texas	Houston-Pasadena-The Woodlands, TX	2011	M03	March	51.1
SMU48264203000000007	Texas	Houston-Pasadena-The Woodlands, TX	2011	M02	February	49.7
SMU48264203000000007	Texas	Houston-Pasadena-The Woodlands, TX	2011	M01	January	48.5
SMU48264203000000007	Texas	Houston-Pasadena-The Woodlands, TX	2010	M12	December	47.9
SMU48264203000000007	Texas	Houston-Pasadena-The Woodlands, TX	2010	M11	November	46.6
SMU48264203000000007	Texas	Houston-Pasadena-The Woodlands, TX	2010	M10	October	45.6
SMU48264203000000007	Texas	Houston-Pasadena-The Woodlands, TX	2010	M09	September	46.7
SMU48264203000000007	Texas	Houston-Pasadena-The Woodlands, TX	2010	M08	August	46.2
SMU48264203000000007	Texas	Houston-Pasadena-The Woodlands, TX	2010	M07	July	46.9
SMU48264203000000007	Texas	Houston-Pasadena-The Woodlands, TX	2010	M06	June	46.3
SMU48264203000000007	Texas	Houston-Pasadena-The Woodlands, TX	2010	M05	May	46.9
SMU48264203000000007	Texas	Houston-Pasadena-The Woodlands, TX	2010	M04	April	47.0
SMU48264203000000007	Texas	Houston-Pasadena-The Woodlands, TX	2010	M03	March	46.5
SMU48264203000000007	Texas	Houston-Pasadena-The Woodlands, TX	2010	M02	February	46.5
SMU48264203000000007	Texas	Houston-Pasadena-The Woodlands, TX	2010	M01	January	45.5
SMU48264203000000007	Texas	Houston-Pasadena-The Woodlands, TX	2009	M12	December	45.6
SMU48264203000000007	Texas	Houston-Pasadena-The Woodlands, TX	2009	M11	November	45.8
SMU48264203000000007	Texas	Houston-Pasadena-The Woodlands, TX	2009	M10	October	44.7
SMU48264203000000007	Texas	Houston-Pasadena-The Woodlands, TX	2009	M09	September	42.9
SMU48264203000000007	Texas	Houston-Pasadena-The Woodlands, TX	2009	M08	August	43.9
SMU48264203000000007	Texas	Houston-Pasadena-The Woodlands, TX	2009	M07	July	43.2
SMU48264203000000007	Texas	Houston-Pasadena-The Woodlands, TX	2009	M06	June	44.3
SMU48264203000000007	Texas	Houston-Pasadena-The Woodlands, TX	2009	M05	May	44.1
SMU48264203000000007	Texas	Houston-Pasadena-The Woodlands, TX	2009	M04	April	42.9
SMU48264203000000007	Texas	Houston-Pasadena-The Woodlands, TX	2009	M03	March	43.2
SMU48264203000000007	Texas	Houston-Pasadena-The Woodlands, TX	2009	M02	February	42.6
SMU48264203000000007	Texas	Houston-Pasadena-The Woodlands, TX	2009	M01	January	42.1
SMU48264203000000007	Texas	Houston-Pasadena-The Woodlands, TX	2008	M12	December	42.7
SMU48264203000000007	Texas	Houston-Pasadena-The Woodlands, TX	2008	M11	November	42.6
SMU48264203000000007	Texas	Houston-Pasadena-The Woodlands, TX	2008	M10	October	42.6
SMU48264203000000007	Texas	Houston-Pasadena-The Woodlands, TX	2008	M09	September	41.6
SMU48264203000000007	Texas	Houston-Pasadena-The Woodlands, TX	2008	M08	August	40.9
SMU48264203000000007	Texas	Houston-Pasadena-The Woodlands, TX	2008	M07	July	40.9
SMU48264203000000007	Texas	Houston-Pasadena-The Woodlands, TX	2008	M06	June	41.0
SMU48264203000000007	Texas	Houston-Pasadena-The Woodlands, TX	2008	M05	May	40.6
SMU48264203000000007	Texas	Houston-Pasadena-The Woodlands, TX	2008	M04	April	41.0
SMU48264203000000007	Texas	Houston-Pasadena-The Woodlands, TX	2008	M03	March	41.0
SMU48264203000000007	Texas	Houston-Pasadena-The Woodlands, TX	2008	M02	February	40.5
SMU48264203000000007	Texas	Houston-Pasadena-The Woodlands, TX	2008	M01	January	40.0
SMU48264203000000007	Texas	Houston-Pasadena-The Woodlands, TX	2007	M12	December	42.2
SMU48264203000000007	Texas	Houston-Pasadena-The Woodlands, TX	2007	M11	November	42.8
SMU48264203000000007	Texas	Houston-Pasadena-The Woodlands, TX	2007	M10	October	43.1
SMU48264203000000007	Texas	Houston-Pasadena-The Woodlands, TX	2007	M09	September	41.6
SMU48264203000000007	Texas	Houston-Pasadena-The Woodlands, TX	2007	M08	August	40.7
SMU48264203000000007	Texas	Houston-Pasadena-The Woodlands, TX	2007	M07	July	40.8
SMU48264203000000007	Texas	Houston-Pasadena-The Woodlands, TX	2007	M06	June	40.9
SMU48264203000000007	Texas	Houston-Pasadena-The Woodlands, TX	2007	M05	May	40.3
SMU48264203000000007	Texas	Houston-Pasadena-The Woodlands, TX	2007	M04	April	41.0
SMU48264203000000007	Texas	Houston-Pasadena-The Woodlands, TX	2007	M03	March	41.8
SMU48264203000000007	Texas	Houston-Pasadena-The Woodlands, TX	2007	M02	February	41.0
SMU48264203000000007	Texas	Houston-Pasadena-The Woodlands, TX	2007	M01	January	39.7
SMU48191243000000007	Texas	Dallas-Plano-Irving, TX Metropolitan Division	2025	M12	December	41.8
SMU48191243000000007	Texas	Dallas-Plano-Irving, TX Metropolitan Division	2025	M11	November	42.5
SMU48191243000000007	Texas	Dallas-Plano-Irving, TX Metropolitan Division	2025	M10	October	41.5
SMU48191243000000007	Texas	Dallas-Plano-Irving, TX Metropolitan Division	2025	M09	September	41.5
SMU48191243000000007	Texas	Dallas-Plano-Irving, TX Metropolitan Division	2025	M08	August	41.4
SMU48191243000000007	Texas	Dallas-Plano-Irving, TX Metropolitan Division	2025	M07	July	42.3
SMU48191243000000007	Texas	Dallas-Plano-Irving, TX Metropolitan Division	2025	M06	June	42.4
SMU48191243000000007	Texas	Dallas-Plano-Irving, TX Metropolitan Division	2025	M05	May	42.5
SMU48191243000000007	Texas	Dallas-Plano-Irving, TX Metropolitan Division	2025	M04	April	43.6
SMU48191243000000007	Texas	Dallas-Plano-Irving, TX Metropolitan Division	2025	M03	March	43.7
SMU48191243000000007	Texas	Dallas-Plano-Irving, TX Metropolitan Division	2025	M02	February	44.3
SMU48191243000000007	Texas	Dallas-Plano-Irving, TX Metropolitan Division	2025	M01	January	42.5
SMU48191243000000007	Texas	Dallas-Plano-Irving, TX Metropolitan Division	2024	M12	December	42.9
SMU48191243000000007	Texas	Dallas-Plano-Irving, TX Metropolitan Division	2024	M11	November	41.5
SMU48191243000000007	Texas	Dallas-Plano-Irving, TX Metropolitan Division	2024	M10	October	41.7
SMU48191243000000007	Texas	Dallas-Plano-Irving, TX Metropolitan Division	2024	M09	September	43.5
SMU48191243000000007	Texas	Dallas-Plano-Irving, TX Metropolitan Division	2024	M08	August	42.7
SMU48191243000000007	Texas	Dallas-Plano-Irving, TX Metropolitan Division	2024	M07	July	42.4
SMU48191243000000007	Texas	Dallas-Plano-Irving, TX Metropolitan Division	2024	M06	June	43.4
SMU48191243000000007	Texas	Dallas-Plano-Irving, TX Metropolitan Division	2024	M05	May	41.6
SMU48191243000000007	Texas	Dallas-Plano-Irving, TX Metropolitan Division	2024	M04	April	42.7
SMU48191243000000007	Texas	Dallas-Plano-Irving, TX Metropolitan Division	2024	M03	March	42.6
SMU48191243000000007	Texas	Dallas-Plano-Irving, TX Metropolitan Division	2024	M02	February	41.0
SMU48191243000000007	Texas	Dallas-Plano-Irving, TX Metropolitan Division	2024	M01	January	40.9
SMU48191243000000007	Texas	Dallas-Plano-Irving, TX Metropolitan Division	2023	M12	December	42.1
SMU48191243000000007	Texas	Dallas-Plano-Irving, TX Metropolitan Division	2023	M11	November	41.1
SMU48191243000000007	Texas	Dallas-Plano-Irving, TX Metropolitan Division	2023	M10	October	41.7
SMU48191243000000007	Texas	Dallas-Plano-Irving, TX Metropolitan Division	2023	M09	September	42.4
SMU48191243000000007	Texas	Dallas-Plano-Irving, TX Metropolitan Division	2023	M08	August	41.9
SMU48191243000000007	Texas	Dallas-Plano-Irving, TX Metropolitan Division	2023	M07	July	41.9
SMU48191243000000007	Texas	Dallas-Plano-Irving, TX Metropolitan Division	2023	M06	June	42.1
SMU48191243000000007	Texas	Dallas-Plano-Irving, TX Metropolitan Division	2023	M05	May	40.5
SMU48191243000000007	Texas	Dallas-Plano-Irving, TX Metropolitan Division	2023	M04	April	40.1
SMU48191243000000007	Texas	Dallas-Plano-Irving, TX Metropolitan Division	2023	M03	March	40.7
SMU48191243000000007	Texas	Dallas-Plano-Irving, TX Metropolitan Division	2023	M02	February	40.3
SMU48191243000000007	Texas	Dallas-Plano-Irving, TX Metropolitan Division	2023	M01	January	41.1
SMU48191243000000007	Texas	Dallas-Plano-Irving, TX Metropolitan Division	2022	M12	December	41.7
SMU48191243000000007	Texas	Dallas-Plano-Irving, TX Metropolitan Division	2022	M11	November	43.0
SMU48191243000000007	Texas	Dallas-Plano-Irving, TX Metropolitan Division	2022	M10	October	43.7
SMU48191243000000007	Texas	Dallas-Plano-Irving, TX Metropolitan Division	2022	M09	September	41.9
SMU48191243000000007	Texas	Dallas-Plano-Irving, TX Metropolitan Division	2022	M08	August	42.1
SMU48191243000000007	Texas	Dallas-Plano-Irving, TX Metropolitan Division	2022	M07	July	41.5
SMU48191243000000007	Texas	Dallas-Plano-Irving, TX Metropolitan Division	2022	M06	June	41.5
SMU48191243000000007	Texas	Dallas-Plano-Irving, TX Metropolitan Division	2022	M05	May	42.3
SMU48191243000000007	Texas	Dallas-Plano-Irving, TX Metropolitan Division	2022	M04	April	40.6
SMU48191243000000007	Texas	Dallas-Plano-Irving, TX Metropolitan Division	2022	M03	March	41.9
SMU48191243000000007	Texas	Dallas-Plano-Irving, TX Metropolitan Division	2022	M02	February	42.2
SMU48191243000000007	Texas	Dallas-Plano-Irving, TX Metropolitan Division	2022	M01	January	44.4
SMU48191243000000007	Texas	Dallas-Plano-Irving, TX Metropolitan Division	2021	M12	December	43.8
SMU48191243000000007	Texas	Dallas-Plano-Irving, TX Metropolitan Division	2021	M11	November	44.7
SMU48191243000000007	Texas	Dallas-Plano-Irving, TX Metropolitan Division	2021	M10	October	42.6
SMU48191243000000007	Texas	Dallas-Plano-Irving, TX Metropolitan Division	2021	M09	September	45.1
SMU48191243000000007	Texas	Dallas-Plano-Irving, TX Metropolitan Division	2021	M08	August	43.3
SMU48191243000000007	Texas	Dallas-Plano-Irving, TX Metropolitan Division	2021	M07	July	42.5
SMU48191243000000007	Texas	Dallas-Plano-Irving, TX Metropolitan Division	2021	M06	June	41.5
SMU48191243000000007	Texas	Dallas-Plano-Irving, TX Metropolitan Division	2021	M05	May	41.2
SMU48191243000000007	Texas	Dallas-Plano-Irving, TX Metropolitan Division	2021	M04	April	41.6
SMU48191243000000007	Texas	Dallas-Plano-Irving, TX Metropolitan Division	2021	M03	March	42.3
SMU48191243000000007	Texas	Dallas-Plano-Irving, TX Metropolitan Division	2021	M02	February	42.6
SMU48191243000000007	Texas	Dallas-Plano-Irving, TX Metropolitan Division	2021	M01	January	42.6
SMU48191243000000007	Texas	Dallas-Plano-Irving, TX Metropolitan Division	2020	M12	December	42.1
SMU48191243000000007	Texas	Dallas-Plano-Irving, TX Metropolitan Division	2020	M11	November	41.0
SMU48191243000000007	Texas	Dallas-Plano-Irving, TX Metropolitan Division	2020	M10	October	41.1
SMU48191243000000007	Texas	Dallas-Plano-Irving, TX Metropolitan Division	2020	M09	September	40.6
SMU48191243000000007	Texas	Dallas-Plano-Irving, TX Metropolitan Division	2020	M08	August	42.3
SMU48191243000000007	Texas	Dallas-Plano-Irving, TX Metropolitan Division	2020	M07	July	41.3
SMU48191243000000007	Texas	Dallas-Plano-Irving, TX Metropolitan Division	2020	M06	June	41.5
SMU48191243000000007	Texas	Dallas-Plano-Irving, TX Metropolitan Division	2020	M05	May	40.3
SMU48191243000000007	Texas	Dallas-Plano-Irving, TX Metropolitan Division	2020	M04	April	40.2
SMU48191243000000007	Texas	Dallas-Plano-Irving, TX Metropolitan Division	2020	M03	March	42.5
SMU48191243000000007	Texas	Dallas-Plano-Irving, TX Metropolitan Division	2020	M02	February	42.7
SMU48191243000000007	Texas	Dallas-Plano-Irving, TX Metropolitan Division	2020	M01	January	43.0
SMU48191243000000007	Texas	Dallas-Plano-Irving, TX Metropolitan Division	2019	M12	December	43.1
SMU48191243000000007	Texas	Dallas-Plano-Irving, TX Metropolitan Division	2019	M11	November	43.0
SMU48191243000000007	Texas	Dallas-Plano-Irving, TX Metropolitan Division	2019	M10	October	43.7
SMU48191243000000007	Texas	Dallas-Plano-Irving, TX Metropolitan Division	2019	M09	September	42.2
SMU48191243000000007	Texas	Dallas-Plano-Irving, TX Metropolitan Division	2019	M08	August	42.9
SMU48191243000000007	Texas	Dallas-Plano-Irving, TX Metropolitan Division	2019	M07	July	42.8
SMU48191243000000007	Texas	Dallas-Plano-Irving, TX Metropolitan Division	2019	M06	June	43.4
SMU48191243000000007	Texas	Dallas-Plano-Irving, TX Metropolitan Division	2019	M05	May	44.0
SMU48191243000000007	Texas	Dallas-Plano-Irving, TX Metropolitan Division	2019	M04	April	44.7
SMU48191243000000007	Texas	Dallas-Plano-Irving, TX Metropolitan Division	2019	M03	March	43.9
SMU48191243000000007	Texas	Dallas-Plano-Irving, TX Metropolitan Division	2019	M02	February	44.9
SMU48191243000000007	Texas	Dallas-Plano-Irving, TX Metropolitan Division	2019	M01	January	44.7
SMU48191243000000007	Texas	Dallas-Plano-Irving, TX Metropolitan Division	2018	M12	December	45.2
SMU48191243000000007	Texas	Dallas-Plano-Irving, TX Metropolitan Division	2018	M11	November	44.1
SMU48191243000000007	Texas	Dallas-Plano-Irving, TX Metropolitan Division	2018	M10	October	43.2
SMU48191243000000007	Texas	Dallas-Plano-Irving, TX Metropolitan Division	2018	M09	September	42.5
SMU48191243000000007	Texas	Dallas-Plano-Irving, TX Metropolitan Division	2018	M08	August	43.0
SMU48191243000000007	Texas	Dallas-Plano-Irving, TX Metropolitan Division	2018	M07	July	42.3
SMU48191243000000007	Texas	Dallas-Plano-Irving, TX Metropolitan Division	2018	M06	June	42.8
SMU48191243000000007	Texas	Dallas-Plano-Irving, TX Metropolitan Division	2018	M05	May	42.6
SMU48191243000000007	Texas	Dallas-Plano-Irving, TX Metropolitan Division	2018	M04	April	43.9
SMU48191243000000007	Texas	Dallas-Plano-Irving, TX Metropolitan Division	2018	M03	March	42.9
SMU48191243000000007	Texas	Dallas-Plano-Irving, TX Metropolitan Division	2018	M02	February	42.4
SMU48191243000000007	Texas	Dallas-Plano-Irving, TX Metropolitan Division	2018	M01	January	42.0
SMU48191243000000007	Texas	Dallas-Plano-Irving, TX Metropolitan Division	2017	M12	December	41.6
SMU48191243000000007	Texas	Dallas-Plano-Irving, TX Metropolitan Division	2017	M11	November	40.8
SMU48191243000000007	Texas	Dallas-Plano-Irving, TX Metropolitan Division	2017	M10	October	40.0
SMU48191243000000007	Texas	Dallas-Plano-Irving, TX Metropolitan Division	2017	M09	September	40.8
SMU48191243000000007	Texas	Dallas-Plano-Irving, TX Metropolitan Division	2017	M08	August	39.7
SMU48191243000000007	Texas	Dallas-Plano-Irving, TX Metropolitan Division	2017	M07	July	40.2
SMU48191243000000007	Texas	Dallas-Plano-Irving, TX Metropolitan Division	2017	M06	June	40.3
SMU48191243000000007	Texas	Dallas-Plano-Irving, TX Metropolitan Division	2017	M05	May	39.9
SMU48191243000000007	Texas	Dallas-Plano-Irving, TX Metropolitan Division	2017	M04	April	39.6
SMU48191243000000007	Texas	Dallas-Plano-Irving, TX Metropolitan Division	2017	M03	March	40.5
SMU48191243000000007	Texas	Dallas-Plano-Irving, TX Metropolitan Division	2017	M02	February	41.8
SMU48191243000000007	Texas	Dallas-Plano-Irving, TX Metropolitan Division	2017	M01	January	41.2
SMU48191243000000007	Texas	Dallas-Plano-Irving, TX Metropolitan Division	2016	M12	December	42.8
SMU48191243000000007	Texas	Dallas-Plano-Irving, TX Metropolitan Division	2016	M11	November	42.1
SMU48191243000000007	Texas	Dallas-Plano-Irving, TX Metropolitan Division	2016	M10	October	41.8
SMU48191243000000007	Texas	Dallas-Plano-Irving, TX Metropolitan Division	2016	M09	September	41.7
SMU48191243000000007	Texas	Dallas-Plano-Irving, TX Metropolitan Division	2016	M08	August	41.3
SMU48191243000000007	Texas	Dallas-Plano-Irving, TX Metropolitan Division	2016	M07	July	42.6
SMU48191243000000007	Texas	Dallas-Plano-Irving, TX Metropolitan Division	2016	M06	June	41.8
SMU48191243000000007	Texas	Dallas-Plano-Irving, TX Metropolitan Division	2016	M05	May	42.9
SMU48191243000000007	Texas	Dallas-Plano-Irving, TX Metropolitan Division	2016	M04	April	42.9
SMU48191243000000007	Texas	Dallas-Plano-Irving, TX Metropolitan Division	2016	M03	March	41.3
SMU48191243000000007	Texas	Dallas-Plano-Irving, TX Metropolitan Division	2016	M02	February	41.4
SMU48191243000000007	Texas	Dallas-Plano-Irving, TX Metropolitan Division	2016	M01	January	41.1
SMU48191243000000007	Texas	Dallas-Plano-Irving, TX Metropolitan Division	2015	M12	December	42.9
SMU48191243000000007	Texas	Dallas-Plano-Irving, TX Metropolitan Division	2015	M11	November	42.2
SMU48191243000000007	Texas	Dallas-Plano-Irving, TX Metropolitan Division	2015	M10	October	42.2
SMU48191243000000007	Texas	Dallas-Plano-Irving, TX Metropolitan Division	2015	M09	September	42.0
SMU48191243000000007	Texas	Dallas-Plano-Irving, TX Metropolitan Division	2015	M08	August	43.1
SMU48191243000000007	Texas	Dallas-Plano-Irving, TX Metropolitan Division	2015	M07	July	40.6
SMU48191243000000007	Texas	Dallas-Plano-Irving, TX Metropolitan Division	2015	M06	June	41.8
SMU48191243000000007	Texas	Dallas-Plano-Irving, TX Metropolitan Division	2015	M05	May	41.5
SMU48191243000000007	Texas	Dallas-Plano-Irving, TX Metropolitan Division	2015	M04	April	42.6
SMU48191243000000007	Texas	Dallas-Plano-Irving, TX Metropolitan Division	2015	M03	March	43.3
SMU48191243000000007	Texas	Dallas-Plano-Irving, TX Metropolitan Division	2015	M02	February	41.9
SMU48191243000000007	Texas	Dallas-Plano-Irving, TX Metropolitan Division	2015	M01	January	42.4
SMU48191243000000007	Texas	Dallas-Plano-Irving, TX Metropolitan Division	2014	M12	December	42.7
SMU48191243000000007	Texas	Dallas-Plano-Irving, TX Metropolitan Division	2014	M11	November	42.2
SMU48191243000000007	Texas	Dallas-Plano-Irving, TX Metropolitan Division	2014	M10	October	40.9
SMU48191243000000007	Texas	Dallas-Plano-Irving, TX Metropolitan Division	2014	M09	September	41.3
SMU48191243000000007	Texas	Dallas-Plano-Irving, TX Metropolitan Division	2014	M08	August	41.1
SMU48191243000000007	Texas	Dallas-Plano-Irving, TX Metropolitan Division	2014	M07	July	40.7
SMU48191243000000007	Texas	Dallas-Plano-Irving, TX Metropolitan Division	2014	M06	June	41.8
SMU48191243000000007	Texas	Dallas-Plano-Irving, TX Metropolitan Division	2014	M05	May	41.3
SMU48191243000000007	Texas	Dallas-Plano-Irving, TX Metropolitan Division	2014	M04	April	42.1
SMU48191243000000007	Texas	Dallas-Plano-Irving, TX Metropolitan Division	2014	M03	March	41.8
SMU48191243000000007	Texas	Dallas-Plano-Irving, TX Metropolitan Division	2014	M02	February	41.5
SMU48191243000000007	Texas	Dallas-Plano-Irving, TX Metropolitan Division	2014	M01	January	40.0
SMU48191243000000007	Texas	Dallas-Plano-Irving, TX Metropolitan Division	2013	M12	December	41.0
SMU48191243000000007	Texas	Dallas-Plano-Irving, TX Metropolitan Division	2013	M11	November	40.4
SMU48191243000000007	Texas	Dallas-Plano-Irving, TX Metropolitan Division	2013	M10	October	40.5
SMU48191243000000007	Texas	Dallas-Plano-Irving, TX Metropolitan Division	2013	M09	September	41.1
SMU48191243000000007	Texas	Dallas-Plano-Irving, TX Metropolitan Division	2013	M08	August	40.7
SMU48191243000000007	Texas	Dallas-Plano-Irving, TX Metropolitan Division	2013	M07	July	44.2
SMU48191243000000007	Texas	Dallas-Plano-Irving, TX Metropolitan Division	2013	M06	June	43.1
SMU48191243000000007	Texas	Dallas-Plano-Irving, TX Metropolitan Division	2013	M05	May	42.1
SMU48191243000000007	Texas	Dallas-Plano-Irving, TX Metropolitan Division	2013	M04	April	43.4
SMU48191243000000007	Texas	Dallas-Plano-Irving, TX Metropolitan Division	2013	M03	March	42.5
SMU48191243000000007	Texas	Dallas-Plano-Irving, TX Metropolitan Division	2013	M02	February	43.5
SMU48191243000000007	Texas	Dallas-Plano-Irving, TX Metropolitan Division	2013	M01	January	41.7
SMU48191243000000007	Texas	Dallas-Plano-Irving, TX Metropolitan Division	2012	M12	December	42.7
SMU48191243000000007	Texas	Dallas-Plano-Irving, TX Metropolitan Division	2012	M11	November	42.5
SMU48191243000000007	Texas	Dallas-Plano-Irving, TX Metropolitan Division	2012	M10	October	41.2
SMU48191243000000007	Texas	Dallas-Plano-Irving, TX Metropolitan Division	2012	M09	September	42.0
SMU48191243000000007	Texas	Dallas-Plano-Irving, TX Metropolitan Division	2012	M08	August	40.4
SMU48191243000000007	Texas	Dallas-Plano-Irving, TX Metropolitan Division	2012	M07	July	39.4
SMU48191243000000007	Texas	Dallas-Plano-Irving, TX Metropolitan Division	2012	M06	June	41.4
SMU48191243000000007	Texas	Dallas-Plano-Irving, TX Metropolitan Division	2012	M05	May	40.0
SMU48191243000000007	Texas	Dallas-Plano-Irving, TX Metropolitan Division	2012	M04	April	41.4
SMU48191243000000007	Texas	Dallas-Plano-Irving, TX Metropolitan Division	2012	M03	March	41.2
SMU48191243000000007	Texas	Dallas-Plano-Irving, TX Metropolitan Division	2012	M02	February	41.8
SMU48191243000000007	Texas	Dallas-Plano-Irving, TX Metropolitan Division	2012	M01	January	41.7
SMU48191243000000007	Texas	Dallas-Plano-Irving, TX Metropolitan Division	2011	M12	December	41.4
SMU48191243000000007	Texas	Dallas-Plano-Irving, TX Metropolitan Division	2011	M11	November	41.9
SMU48191243000000007	Texas	Dallas-Plano-Irving, TX Metropolitan Division	2011	M10	October	40.9
SMU48191243000000007	Texas	Dallas-Plano-Irving, TX Metropolitan Division	2011	M09	September	40.3
SMU48191243000000007	Texas	Dallas-Plano-Irving, TX Metropolitan Division	2011	M08	August	39.7
SMU48191243000000007	Texas	Dallas-Plano-Irving, TX Metropolitan Division	2011	M07	July	38.8
SMU48191243000000007	Texas	Dallas-Plano-Irving, TX Metropolitan Division	2011	M06	June	38.4
SMU48191243000000007	Texas	Dallas-Plano-Irving, TX Metropolitan Division	2011	M05	May	39.6
SMU48191243000000007	Texas	Dallas-Plano-Irving, TX Metropolitan Division	2011	M04	April	40.2
SMU48191243000000007	Texas	Dallas-Plano-Irving, TX Metropolitan Division	2011	M03	March	40.0
SMU48191243000000007	Texas	Dallas-Plano-Irving, TX Metropolitan Division	2011	M02	February	38.3
SMU48191243000000007	Texas	Dallas-Plano-Irving, TX Metropolitan Division	2011	M01	January	40.3
SMU48191243000000007	Texas	Dallas-Plano-Irving, TX Metropolitan Division	2010	M12	December	39.4
SMU48191243000000007	Texas	Dallas-Plano-Irving, TX Metropolitan Division	2010	M11	November	39.0
SMU48191243000000007	Texas	Dallas-Plano-Irving, TX Metropolitan Division	2010	M10	October	39.3
SMU48191243000000007	Texas	Dallas-Plano-Irving, TX Metropolitan Division	2010	M09	September	40.1
SMU48191243000000007	Texas	Dallas-Plano-Irving, TX Metropolitan Division	2010	M08	August	41.0
SMU48191243000000007	Texas	Dallas-Plano-Irving, TX Metropolitan Division	2010	M07	July	41.1
SMU48191243000000007	Texas	Dallas-Plano-Irving, TX Metropolitan Division	2010	M06	June	39.9
SMU48191243000000007	Texas	Dallas-Plano-Irving, TX Metropolitan Division	2010	M05	May	39.8
SMU48191243000000007	Texas	Dallas-Plano-Irving, TX Metropolitan Division	2010	M04	April	40.2
SMU48191243000000007	Texas	Dallas-Plano-Irving, TX Metropolitan Division	2010	M03	March	39.4
SMU48191243000000007	Texas	Dallas-Plano-Irving, TX Metropolitan Division	2010	M02	February	38.1
SMU48191243000000007	Texas	Dallas-Plano-Irving, TX Metropolitan Division	2010	M01	January	39.2
SMU48191243000000007	Texas	Dallas-Plano-Irving, TX Metropolitan Division	2009	M12	December	38.8
SMU48191243000000007	Texas	Dallas-Plano-Irving, TX Metropolitan Division	2009	M11	November	38.3
SMU48191243000000007	Texas	Dallas-Plano-Irving, TX Metropolitan Division	2009	M10	October	38.4
SMU48191243000000007	Texas	Dallas-Plano-Irving, TX Metropolitan Division	2009	M09	September	37.1
SMU48191243000000007	Texas	Dallas-Plano-Irving, TX Metropolitan Division	2009	M08	August	38.9
SMU48191243000000007	Texas	Dallas-Plano-Irving, TX Metropolitan Division	2009	M07	July	39.9
SMU48191243000000007	Texas	Dallas-Plano-Irving, TX Metropolitan Division	2009	M06	June	38.4
SMU48191243000000007	Texas	Dallas-Plano-Irving, TX Metropolitan Division	2009	M05	May	38.5
SMU48191243000000007	Texas	Dallas-Plano-Irving, TX Metropolitan Division	2009	M04	April	38.1
SMU48191243000000007	Texas	Dallas-Plano-Irving, TX Metropolitan Division	2009	M03	March	37.2
SMU48191243000000007	Texas	Dallas-Plano-Irving, TX Metropolitan Division	2009	M02	February	37.2
SMU48191243000000007	Texas	Dallas-Plano-Irving, TX Metropolitan Division	2009	M01	January	36.5
SMU48191243000000007	Texas	Dallas-Plano-Irving, TX Metropolitan Division	2008	M12	December	37.5
SMU48191243000000007	Texas	Dallas-Plano-Irving, TX Metropolitan Division	2008	M11	November	37.4
SMU48191243000000007	Texas	Dallas-Plano-Irving, TX Metropolitan Division	2008	M10	October	37.5
SMU48191243000000007	Texas	Dallas-Plano-Irving, TX Metropolitan Division	2008	M09	September	38.0
SMU48191243000000007	Texas	Dallas-Plano-Irving, TX Metropolitan Division	2008	M08	August	37.6
SMU48191243000000007	Texas	Dallas-Plano-Irving, TX Metropolitan Division	2008	M07	July	37.6
SMU48191243000000007	Texas	Dallas-Plano-Irving, TX Metropolitan Division	2008	M06	June	37.4
SMU48191243000000007	Texas	Dallas-Plano-Irving, TX Metropolitan Division	2008	M05	May	38.0
SMU48191243000000007	Texas	Dallas-Plano-Irving, TX Metropolitan Division	2008	M04	April	38.5
SMU48191243000000007	Texas	Dallas-Plano-Irving, TX Metropolitan Division	2008	M03	March	37.5
SMU48191243000000007	Texas	Dallas-Plano-Irving, TX Metropolitan Division	2008	M02	February	37.5
SMU48191243000000007	Texas	Dallas-Plano-Irving, TX Metropolitan Division	2008	M01	January	36.8
SMU48191243000000007	Texas	Dallas-Plano-Irving, TX Metropolitan Division	2007	M12	December	37.7
SMU48191243000000007	Texas	Dallas-Plano-Irving, TX Metropolitan Division	2007	M11	November	37.8
SMU48191243000000007	Texas	Dallas-Plano-Irving, TX Metropolitan Division	2007	M10	October	38.0
SMU48191243000000007	Texas	Dallas-Plano-Irving, TX Metropolitan Division	2007	M09	September	38.6
SMU48191243000000007	Texas	Dallas-Plano-Irving, TX Metropolitan Division	2007	M08	August	38.2
SMU48191243000000007	Texas	Dallas-Plano-Irving, TX Metropolitan Division	2007	M07	July	37.7
SMU48191243000000007	Texas	Dallas-Plano-Irving, TX Metropolitan Division	2007	M06	June	37.6
SMU48191243000000007	Texas	Dallas-Plano-Irving, TX Metropolitan Division	2007	M05	May	38.3
SMU48191243000000007	Texas	Dallas-Plano-Irving, TX Metropolitan Division	2007	M04	April	39.0
SMU48191243000000007	Texas	Dallas-Plano-Irving, TX Metropolitan Division	2007	M03	March	38.0
SMU48191243000000007	Texas	Dallas-Plano-Irving, TX Metropolitan Division	2007	M02	February	37.9
SMU48191243000000007	Texas	Dallas-Plano-Irving, TX Metropolitan Division	2007	M01	January	36.7
SMU18269003000000007	Indiana	Indianapolis-Carmel-Greenwood, IN	2025	M12	December	35.5
SMU18269003000000007	Indiana	Indianapolis-Carmel-Greenwood, IN	2025	M11	November	37.9
SMU18269003000000007	Indiana	Indianapolis-Carmel-Greenwood, IN	2025	M10	October	36.6
SMU18269003000000007	Indiana	Indianapolis-Carmel-Greenwood, IN	2025	M09	September	37.3
SMU18269003000000007	Indiana	Indianapolis-Carmel-Greenwood, IN	2025	M08	August	36.3
SMU18269003000000007	Indiana	Indianapolis-Carmel-Greenwood, IN	2025	M07	July	36.6
SMU18269003000000007	Indiana	Indianapolis-Carmel-Greenwood, IN	2025	M06	June	37.5
SMU18269003000000007	Indiana	Indianapolis-Carmel-Greenwood, IN	2025	M05	May	36.4
SMU18269003000000007	Indiana	Indianapolis-Carmel-Greenwood, IN	2025	M04	April	37.7
SMU18269003000000007	Indiana	Indianapolis-Carmel-Greenwood, IN	2025	M03	March	40.9
SMU18269003000000007	Indiana	Indianapolis-Carmel-Greenwood, IN	2025	M02	February	41.1
SMU18269003000000007	Indiana	Indianapolis-Carmel-Greenwood, IN	2025	M01	January	39.4
SMU18269003000000007	Indiana	Indianapolis-Carmel-Greenwood, IN	2024	M12	December	39.6
SMU18269003000000007	Indiana	Indianapolis-Carmel-Greenwood, IN	2024	M11	November	41.5
SMU18269003000000007	Indiana	Indianapolis-Carmel-Greenwood, IN	2024	M10	October	39.5
SMU18269003000000007	Indiana	Indianapolis-Carmel-Greenwood, IN	2024	M09	September	41.0
SMU18269003000000007	Indiana	Indianapolis-Carmel-Greenwood, IN	2024	M08	August	39.9
SMU18269003000000007	Indiana	Indianapolis-Carmel-Greenwood, IN	2024	M07	July	39.6
SMU18269003000000007	Indiana	Indianapolis-Carmel-Greenwood, IN	2024	M06	June	40.3
SMU18269003000000007	Indiana	Indianapolis-Carmel-Greenwood, IN	2024	M05	May	39.4
SMU18269003000000007	Indiana	Indianapolis-Carmel-Greenwood, IN	2024	M04	April	37.8
SMU18269003000000007	Indiana	Indianapolis-Carmel-Greenwood, IN	2024	M03	March	38.3
SMU18269003000000007	Indiana	Indianapolis-Carmel-Greenwood, IN	2024	M02	February	38.0
SMU18269003000000007	Indiana	Indianapolis-Carmel-Greenwood, IN	2024	M01	January	38.0
SMU18269003000000007	Indiana	Indianapolis-Carmel-Greenwood, IN	2023	M12	December	38.2
SMU18269003000000007	Indiana	Indianapolis-Carmel-Greenwood, IN	2023	M11	November	40.4
SMU18269003000000007	Indiana	Indianapolis-Carmel-Greenwood, IN	2023	M10	October	37.7
SMU18269003000000007	Indiana	Indianapolis-Carmel-Greenwood, IN	2023	M09	September	40.6
SMU18269003000000007	Indiana	Indianapolis-Carmel-Greenwood, IN	2023	M08	August	39.2
SMU18269003000000007	Indiana	Indianapolis-Carmel-Greenwood, IN	2023	M07	July	43.1
SMU18269003000000007	Indiana	Indianapolis-Carmel-Greenwood, IN	2023	M06	June	41.1
SMU18269003000000007	Indiana	Indianapolis-Carmel-Greenwood, IN	2023	M05	May	41.1
SMU18269003000000007	Indiana	Indianapolis-Carmel-Greenwood, IN	2023	M04	April	40.6
SMU18269003000000007	Indiana	Indianapolis-Carmel-Greenwood, IN	2023	M03	March	42.1
SMU18269003000000007	Indiana	Indianapolis-Carmel-Greenwood, IN	2023	M02	February	41.8
SMU18269003000000007	Indiana	Indianapolis-Carmel-Greenwood, IN	2023	M01	January	41.1
SMU18269003000000007	Indiana	Indianapolis-Carmel-Greenwood, IN	2022	M12	December	40.7
SMU18269003000000007	Indiana	Indianapolis-Carmel-Greenwood, IN	2022	M11	November	42.3
SMU18269003000000007	Indiana	Indianapolis-Carmel-Greenwood, IN	2022	M10	October	42.6
SMU18269003000000007	Indiana	Indianapolis-Carmel-Greenwood, IN	2022	M09	September	42.2
SMU18269003000000007	Indiana	Indianapolis-Carmel-Greenwood, IN	2022	M08	August	42.1
SMU18269003000000007	Indiana	Indianapolis-Carmel-Greenwood, IN	2022	M07	July	41.4
SMU18269003000000007	Indiana	Indianapolis-Carmel-Greenwood, IN	2022	M06	June	40.3
SMU18269003000000007	Indiana	Indianapolis-Carmel-Greenwood, IN	2022	M05	May	39.1
SMU18269003000000007	Indiana	Indianapolis-Carmel-Greenwood, IN	2022	M04	April	38.5
SMU18269003000000007	Indiana	Indianapolis-Carmel-Greenwood, IN	2022	M03	March	41.3
SMU18269003000000007	Indiana	Indianapolis-Carmel-Greenwood, IN	2022	M02	February	39.1
SMU18269003000000007	Indiana	Indianapolis-Carmel-Greenwood, IN	2022	M01	January	38.5
SMU18269003000000007	Indiana	Indianapolis-Carmel-Greenwood, IN	2021	M12	December	38.8
SMU18269003000000007	Indiana	Indianapolis-Carmel-Greenwood, IN	2021	M11	November	38.6
SMU18269003000000007	Indiana	Indianapolis-Carmel-Greenwood, IN	2021	M10	October	40.6
SMU18269003000000007	Indiana	Indianapolis-Carmel-Greenwood, IN	2021	M09	September	40.7
SMU18269003000000007	Indiana	Indianapolis-Carmel-Greenwood, IN	2021	M08	August	41.0
SMU18269003000000007	Indiana	Indianapolis-Carmel-Greenwood, IN	2021	M07	July	38.9
SMU18269003000000007	Indiana	Indianapolis-Carmel-Greenwood, IN	2021	M06	June	40.0
SMU18269003000000007	Indiana	Indianapolis-Carmel-Greenwood, IN	2021	M05	May	39.4
SMU18269003000000007	Indiana	Indianapolis-Carmel-Greenwood, IN	2021	M04	April	40.1
SMU18269003000000007	Indiana	Indianapolis-Carmel-Greenwood, IN	2021	M03	March	41.1
SMU18269003000000007	Indiana	Indianapolis-Carmel-Greenwood, IN	2021	M02	February	40.6
SMU18269003000000007	Indiana	Indianapolis-Carmel-Greenwood, IN	2021	M01	January	39.5
SMU18269003000000007	Indiana	Indianapolis-Carmel-Greenwood, IN	2020	M12	December	42.2
SMU18269003000000007	Indiana	Indianapolis-Carmel-Greenwood, IN	2020	M11	November	41.3
SMU18269003000000007	Indiana	Indianapolis-Carmel-Greenwood, IN	2020	M10	October	41.2
SMU18269003000000007	Indiana	Indianapolis-Carmel-Greenwood, IN	2020	M09	September	40.2
SMU18269003000000007	Indiana	Indianapolis-Carmel-Greenwood, IN	2020	M08	August	40.4
SMU18269003000000007	Indiana	Indianapolis-Carmel-Greenwood, IN	2020	M07	July	40.8
SMU18269003000000007	Indiana	Indianapolis-Carmel-Greenwood, IN	2020	M06	June	42.6
SMU18269003000000007	Indiana	Indianapolis-Carmel-Greenwood, IN	2020	M05	May	39.2
SMU18269003000000007	Indiana	Indianapolis-Carmel-Greenwood, IN	2020	M04	April	38.4
SMU18269003000000007	Indiana	Indianapolis-Carmel-Greenwood, IN	2020	M03	March	40.3
SMU18269003000000007	Indiana	Indianapolis-Carmel-Greenwood, IN	2020	M02	February	39.9
SMU18269003000000007	Indiana	Indianapolis-Carmel-Greenwood, IN	2020	M01	January	41.1
SMU18269003000000007	Indiana	Indianapolis-Carmel-Greenwood, IN	2019	M12	December	41.8
SMU18269003000000007	Indiana	Indianapolis-Carmel-Greenwood, IN	2019	M11	November	42.4
SMU18269003000000007	Indiana	Indianapolis-Carmel-Greenwood, IN	2019	M10	October	42.1
SMU18269003000000007	Indiana	Indianapolis-Carmel-Greenwood, IN	2019	M09	September	42.3
SMU18269003000000007	Indiana	Indianapolis-Carmel-Greenwood, IN	2019	M08	August	42.6
SMU18269003000000007	Indiana	Indianapolis-Carmel-Greenwood, IN	2019	M07	July	40.2
SMU18269003000000007	Indiana	Indianapolis-Carmel-Greenwood, IN	2019	M06	June	43.4
SMU18269003000000007	Indiana	Indianapolis-Carmel-Greenwood, IN	2019	M05	May	42.9
SMU18269003000000007	Indiana	Indianapolis-Carmel-Greenwood, IN	2019	M04	April	42.2
SMU18269003000000007	Indiana	Indianapolis-Carmel-Greenwood, IN	2019	M03	March	40.5
SMU18269003000000007	Indiana	Indianapolis-Carmel-Greenwood, IN	2019	M02	February	40.5
SMU18269003000000007	Indiana	Indianapolis-Carmel-Greenwood, IN	2019	M01	January	39.2
SMU18269003000000007	Indiana	Indianapolis-Carmel-Greenwood, IN	2018	M12	December	41.6
SMU18269003000000007	Indiana	Indianapolis-Carmel-Greenwood, IN	2018	M11	November	40.9
SMU18269003000000007	Indiana	Indianapolis-Carmel-Greenwood, IN	2018	M10	October	41.8
SMU18269003000000007	Indiana	Indianapolis-Carmel-Greenwood, IN	2018	M09	September	43.0
SMU18269003000000007	Indiana	Indianapolis-Carmel-Greenwood, IN	2018	M08	August	42.0
SMU18269003000000007	Indiana	Indianapolis-Carmel-Greenwood, IN	2018	M07	July	38.5
SMU18269003000000007	Indiana	Indianapolis-Carmel-Greenwood, IN	2018	M06	June	41.9
SMU18269003000000007	Indiana	Indianapolis-Carmel-Greenwood, IN	2018	M05	May	42.9
SMU18269003000000007	Indiana	Indianapolis-Carmel-Greenwood, IN	2018	M04	April	41.8
SMU18269003000000007	Indiana	Indianapolis-Carmel-Greenwood, IN	2018	M03	March	42.3
SMU18269003000000007	Indiana	Indianapolis-Carmel-Greenwood, IN	2018	M02	February	41.7
SMU18269003000000007	Indiana	Indianapolis-Carmel-Greenwood, IN	2018	M01	January	38.7
SMU18269003000000007	Indiana	Indianapolis-Carmel-Greenwood, IN	2017	M12	December	40.8
SMU18269003000000007	Indiana	Indianapolis-Carmel-Greenwood, IN	2017	M11	November	42.6
SMU18269003000000007	Indiana	Indianapolis-Carmel-Greenwood, IN	2017	M10	October	42.6
SMU18269003000000007	Indiana	Indianapolis-Carmel-Greenwood, IN	2017	M09	September	42.2
SMU18269003000000007	Indiana	Indianapolis-Carmel-Greenwood, IN	2017	M08	August	41.8
SMU18269003000000007	Indiana	Indianapolis-Carmel-Greenwood, IN	2017	M07	July	39.4
SMU18269003000000007	Indiana	Indianapolis-Carmel-Greenwood, IN	2017	M06	June	40.2
SMU18269003000000007	Indiana	Indianapolis-Carmel-Greenwood, IN	2017	M05	May	39.5
SMU18269003000000007	Indiana	Indianapolis-Carmel-Greenwood, IN	2017	M04	April	37.6
SMU18269003000000007	Indiana	Indianapolis-Carmel-Greenwood, IN	2017	M03	March	40.1
SMU18269003000000007	Indiana	Indianapolis-Carmel-Greenwood, IN	2017	M02	February	40.2
SMU18269003000000007	Indiana	Indianapolis-Carmel-Greenwood, IN	2017	M01	January	41.6
SMU18269003000000007	Indiana	Indianapolis-Carmel-Greenwood, IN	2016	M12	December	40.6
SMU18269003000000007	Indiana	Indianapolis-Carmel-Greenwood, IN	2016	M11	November	41.5
SMU18269003000000007	Indiana	Indianapolis-Carmel-Greenwood, IN	2016	M10	October	44.2
SMU18269003000000007	Indiana	Indianapolis-Carmel-Greenwood, IN	2016	M09	September	42.3
SMU18269003000000007	Indiana	Indianapolis-Carmel-Greenwood, IN	2016	M08	August	42.6
SMU18269003000000007	Indiana	Indianapolis-Carmel-Greenwood, IN	2016	M07	July	40.6
SMU18269003000000007	Indiana	Indianapolis-Carmel-Greenwood, IN	2016	M06	June	40.4
SMU18269003000000007	Indiana	Indianapolis-Carmel-Greenwood, IN	2016	M05	May	40.4
SMU18269003000000007	Indiana	Indianapolis-Carmel-Greenwood, IN	2016	M04	April	42.0
SMU18269003000000007	Indiana	Indianapolis-Carmel-Greenwood, IN	2016	M03	March	41.0
SMU18269003000000007	Indiana	Indianapolis-Carmel-Greenwood, IN	2016	M02	February	40.3
SMU18269003000000007	Indiana	Indianapolis-Carmel-Greenwood, IN	2016	M01	January	38.5
SMU18269003000000007	Indiana	Indianapolis-Carmel-Greenwood, IN	2015	M12	December	40.3
SMU18269003000000007	Indiana	Indianapolis-Carmel-Greenwood, IN	2015	M11	November	39.8
SMU18269003000000007	Indiana	Indianapolis-Carmel-Greenwood, IN	2015	M10	October	39.9
SMU18269003000000007	Indiana	Indianapolis-Carmel-Greenwood, IN	2015	M09	September	39.3
SMU18269003000000007	Indiana	Indianapolis-Carmel-Greenwood, IN	2015	M08	August	38.7
SMU18269003000000007	Indiana	Indianapolis-Carmel-Greenwood, IN	2015	M07	July	37.2
SMU18269003000000007	Indiana	Indianapolis-Carmel-Greenwood, IN	2015	M06	June	38.3
SMU18269003000000007	Indiana	Indianapolis-Carmel-Greenwood, IN	2015	M05	May	39.1
SMU18269003000000007	Indiana	Indianapolis-Carmel-Greenwood, IN	2015	M04	April	39.1
SMU18269003000000007	Indiana	Indianapolis-Carmel-Greenwood, IN	2015	M03	March	39.7
SMU18269003000000007	Indiana	Indianapolis-Carmel-Greenwood, IN	2015	M02	February	40.1
SMU18269003000000007	Indiana	Indianapolis-Carmel-Greenwood, IN	2015	M01	January	39.6
SMU18269003000000007	Indiana	Indianapolis-Carmel-Greenwood, IN	2014	M12	December	40.5
SMU18269003000000007	Indiana	Indianapolis-Carmel-Greenwood, IN	2014	M11	November	41.9
SMU18269003000000007	Indiana	Indianapolis-Carmel-Greenwood, IN	2014	M10	October	40.9
SMU18269003000000007	Indiana	Indianapolis-Carmel-Greenwood, IN	2014	M09	September	40.2
SMU18269003000000007	Indiana	Indianapolis-Carmel-Greenwood, IN	2014	M08	August	40.3
SMU18269003000000007	Indiana	Indianapolis-Carmel-Greenwood, IN	2014	M07	July	39.0
SMU18269003000000007	Indiana	Indianapolis-Carmel-Greenwood, IN	2014	M06	June	39.5
SMU18269003000000007	Indiana	Indianapolis-Carmel-Greenwood, IN	2014	M05	May	39.1
SMU18269003000000007	Indiana	Indianapolis-Carmel-Greenwood, IN	2014	M04	April	38.3
SMU18269003000000007	Indiana	Indianapolis-Carmel-Greenwood, IN	2014	M03	March	37.6
SMU18269003000000007	Indiana	Indianapolis-Carmel-Greenwood, IN	2014	M02	February	37.8
SMU18269003000000007	Indiana	Indianapolis-Carmel-Greenwood, IN	2014	M01	January	38.8
SMU18269003000000007	Indiana	Indianapolis-Carmel-Greenwood, IN	2013	M12	December	40.2
SMU18269003000000007	Indiana	Indianapolis-Carmel-Greenwood, IN	2013	M11	November	40.1
SMU18269003000000007	Indiana	Indianapolis-Carmel-Greenwood, IN	2013	M10	October	42.2
SMU18269003000000007	Indiana	Indianapolis-Carmel-Greenwood, IN	2013	M09	September	43.0
SMU18269003000000007	Indiana	Indianapolis-Carmel-Greenwood, IN	2013	M08	August	41.4
SMU18269003000000007	Indiana	Indianapolis-Carmel-Greenwood, IN	2013	M07	July	40.1
SMU18269003000000007	Indiana	Indianapolis-Carmel-Greenwood, IN	2013	M06	June	40.1
SMU18269003000000007	Indiana	Indianapolis-Carmel-Greenwood, IN	2013	M05	May	40.1
SMU18269003000000007	Indiana	Indianapolis-Carmel-Greenwood, IN	2013	M04	April	40.5
SMU18269003000000007	Indiana	Indianapolis-Carmel-Greenwood, IN	2013	M03	March	40.4
SMU18269003000000007	Indiana	Indianapolis-Carmel-Greenwood, IN	2013	M02	February	38.6
SMU18269003000000007	Indiana	Indianapolis-Carmel-Greenwood, IN	2013	M01	January	39.3
SMU18269003000000007	Indiana	Indianapolis-Carmel-Greenwood, IN	2012	M12	December	38.8
SMU18269003000000007	Indiana	Indianapolis-Carmel-Greenwood, IN	2012	M11	November	38.1
SMU18269003000000007	Indiana	Indianapolis-Carmel-Greenwood, IN	2012	M10	October	39.8
SMU18269003000000007	Indiana	Indianapolis-Carmel-Greenwood, IN	2012	M09	September	40.4
SMU18269003000000007	Indiana	Indianapolis-Carmel-Greenwood, IN	2012	M08	August	41.4
SMU18269003000000007	Indiana	Indianapolis-Carmel-Greenwood, IN	2012	M07	July	43.6
SMU18269003000000007	Indiana	Indianapolis-Carmel-Greenwood, IN	2012	M06	June	40.6
SMU18269003000000007	Indiana	Indianapolis-Carmel-Greenwood, IN	2012	M05	May	40.0
SMU18269003000000007	Indiana	Indianapolis-Carmel-Greenwood, IN	2012	M04	April	41.1
SMU18269003000000007	Indiana	Indianapolis-Carmel-Greenwood, IN	2012	M03	March	39.7
SMU18269003000000007	Indiana	Indianapolis-Carmel-Greenwood, IN	2012	M02	February	40.9
SMU18269003000000007	Indiana	Indianapolis-Carmel-Greenwood, IN	2012	M01	January	39.4
SMU18269003000000007	Indiana	Indianapolis-Carmel-Greenwood, IN	2011	M12	December	39.2
SMU18269003000000007	Indiana	Indianapolis-Carmel-Greenwood, IN	2011	M11	November	38.5
SMU18269003000000007	Indiana	Indianapolis-Carmel-Greenwood, IN	2011	M10	October	40.7
SMU18269003000000007	Indiana	Indianapolis-Carmel-Greenwood, IN	2011	M09	September	39.7
SMU18269003000000007	Indiana	Indianapolis-Carmel-Greenwood, IN	2011	M08	August	40.0
SMU18269003000000007	Indiana	Indianapolis-Carmel-Greenwood, IN	2011	M07	July	40.1
SMU18269003000000007	Indiana	Indianapolis-Carmel-Greenwood, IN	2011	M06	June	40.7
SMU18269003000000007	Indiana	Indianapolis-Carmel-Greenwood, IN	2011	M05	May	40.0
SMU18269003000000007	Indiana	Indianapolis-Carmel-Greenwood, IN	2011	M04	April	39.8
SMU18269003000000007	Indiana	Indianapolis-Carmel-Greenwood, IN	2011	M03	March	42.4
SMU18269003000000007	Indiana	Indianapolis-Carmel-Greenwood, IN	2011	M02	February	41.8
SMU18269003000000007	Indiana	Indianapolis-Carmel-Greenwood, IN	2011	M01	January	41.9
SMU18269003000000007	Indiana	Indianapolis-Carmel-Greenwood, IN	2010	M12	December	41.7
SMU18269003000000007	Indiana	Indianapolis-Carmel-Greenwood, IN	2010	M11	November	41.7
SMU18269003000000007	Indiana	Indianapolis-Carmel-Greenwood, IN	2010	M10	October	42.2
SMU18269003000000007	Indiana	Indianapolis-Carmel-Greenwood, IN	2010	M09	September	44.6
SMU18269003000000007	Indiana	Indianapolis-Carmel-Greenwood, IN	2010	M08	August	44.0
SMU18269003000000007	Indiana	Indianapolis-Carmel-Greenwood, IN	2010	M07	July	43.4
SMU18269003000000007	Indiana	Indianapolis-Carmel-Greenwood, IN	2010	M06	June	41.8
SMU18269003000000007	Indiana	Indianapolis-Carmel-Greenwood, IN	2010	M05	May	42.6
SMU18269003000000007	Indiana	Indianapolis-Carmel-Greenwood, IN	2010	M04	April	42.3
SMU18269003000000007	Indiana	Indianapolis-Carmel-Greenwood, IN	2010	M03	March	41.8
SMU18269003000000007	Indiana	Indianapolis-Carmel-Greenwood, IN	2010	M02	February	41.5
SMU18269003000000007	Indiana	Indianapolis-Carmel-Greenwood, IN	2010	M01	January	41.2
SMU18269003000000007	Indiana	Indianapolis-Carmel-Greenwood, IN	2009	M12	December	41.2
SMU18269003000000007	Indiana	Indianapolis-Carmel-Greenwood, IN	2009	M11	November	39.0
SMU18269003000000007	Indiana	Indianapolis-Carmel-Greenwood, IN	2009	M10	October	39.1
SMU18269003000000007	Indiana	Indianapolis-Carmel-Greenwood, IN	2009	M09	September	39.7
SMU18269003000000007	Indiana	Indianapolis-Carmel-Greenwood, IN	2009	M08	August	40.1
SMU18269003000000007	Indiana	Indianapolis-Carmel-Greenwood, IN	2009	M07	July	39.0
SMU18269003000000007	Indiana	Indianapolis-Carmel-Greenwood, IN	2009	M06	June	37.9
SMU18269003000000007	Indiana	Indianapolis-Carmel-Greenwood, IN	2009	M05	May	38.1
SMU18269003000000007	Indiana	Indianapolis-Carmel-Greenwood, IN	2009	M04	April	37.8
SMU18269003000000007	Indiana	Indianapolis-Carmel-Greenwood, IN	2009	M03	March	38.0
SMU18269003000000007	Indiana	Indianapolis-Carmel-Greenwood, IN	2009	M02	February	38.4
SMU18269003000000007	Indiana	Indianapolis-Carmel-Greenwood, IN	2009	M01	January	38.2
SMU18269003000000007	Indiana	Indianapolis-Carmel-Greenwood, IN	2008	M12	December	38.4
SMU18269003000000007	Indiana	Indianapolis-Carmel-Greenwood, IN	2008	M11	November	38.4
SMU18269003000000007	Indiana	Indianapolis-Carmel-Greenwood, IN	2008	M10	October	39.4
SMU18269003000000007	Indiana	Indianapolis-Carmel-Greenwood, IN	2008	M09	September	40.4
SMU18269003000000007	Indiana	Indianapolis-Carmel-Greenwood, IN	2008	M08	August	40.0
SMU18269003000000007	Indiana	Indianapolis-Carmel-Greenwood, IN	2008	M07	July	40.2
SMU18269003000000007	Indiana	Indianapolis-Carmel-Greenwood, IN	2008	M06	June	39.7
SMU18269003000000007	Indiana	Indianapolis-Carmel-Greenwood, IN	2008	M05	May	39.7
SMU18269003000000007	Indiana	Indianapolis-Carmel-Greenwood, IN	2008	M04	April	39.5
SMU18269003000000007	Indiana	Indianapolis-Carmel-Greenwood, IN	2008	M03	March	39.5
SMU18269003000000007	Indiana	Indianapolis-Carmel-Greenwood, IN	2008	M02	February	40.1
SMU18269003000000007	Indiana	Indianapolis-Carmel-Greenwood, IN	2008	M01	January	39.9
SMU18269003000000007	Indiana	Indianapolis-Carmel-Greenwood, IN	2007	M12	December	40.0
SMU18269003000000007	Indiana	Indianapolis-Carmel-Greenwood, IN	2007	M11	November	39.9
SMU18269003000000007	Indiana	Indianapolis-Carmel-Greenwood, IN	2007	M10	October	40.8
SMU18269003000000007	Indiana	Indianapolis-Carmel-Greenwood, IN	2007	M09	September	41.7
SMU18269003000000007	Indiana	Indianapolis-Carmel-Greenwood, IN	2007	M08	August	41.2
SMU18269003000000007	Indiana	Indianapolis-Carmel-Greenwood, IN	2007	M07	July	41.2
SMU18269003000000007	Indiana	Indianapolis-Carmel-Greenwood, IN	2007	M06	June	40.6
SMU18269003000000007	Indiana	Indianapolis-Carmel-Greenwood, IN	2007	M05	May	40.4
SMU18269003000000007	Indiana	Indianapolis-Carmel-Greenwood, IN	2007	M04	April	40.1
SMU18269003000000007	Indiana	Indianapolis-Carmel-Greenwood, IN	2007	M03	March	40.0
SMU18269003000000007	Indiana	Indianapolis-Carmel-Greenwood, IN	2007	M02	February	40.4
SMU18269003000000007	Indiana	Indianapolis-Carmel-Greenwood, IN	2007	M01	January	40.1
SMU48191003000000007	Texas	Dallas-Fort Worth-Arlington, TX	2025	M12	December	42.6
SMU48191003000000007	Texas	Dallas-Fort Worth-Arlington, TX	2025	M11	November	43.3
SMU48191003000000007	Texas	Dallas-Fort Worth-Arlington, TX	2025	M10	October	42.6
SMU48191003000000007	Texas	Dallas-Fort Worth-Arlington, TX	2025	M09	September	42.6
SMU48191003000000007	Texas	Dallas-Fort Worth-Arlington, TX	2025	M08	August	42.5
SMU48191003000000007	Texas	Dallas-Fort Worth-Arlington, TX	2025	M07	July	43.2
SMU48191003000000007	Texas	Dallas-Fort Worth-Arlington, TX	2025	M06	June	43.2
SMU48191003000000007	Texas	Dallas-Fort Worth-Arlington, TX	2025	M05	May	43.2
SMU48191003000000007	Texas	Dallas-Fort Worth-Arlington, TX	2025	M04	April	44.4
SMU48191003000000007	Texas	Dallas-Fort Worth-Arlington, TX	2025	M03	March	44.2
SMU48191003000000007	Texas	Dallas-Fort Worth-Arlington, TX	2025	M02	February	44.6
SMU48191003000000007	Texas	Dallas-Fort Worth-Arlington, TX	2025	M01	January	43.6
SMU48191003000000007	Texas	Dallas-Fort Worth-Arlington, TX	2024	M12	December	43.8
SMU48191003000000007	Texas	Dallas-Fort Worth-Arlington, TX	2024	M11	November	42.9
SMU48191003000000007	Texas	Dallas-Fort Worth-Arlington, TX	2024	M10	October	43.2
SMU48191003000000007	Texas	Dallas-Fort Worth-Arlington, TX	2024	M09	September	44.9
SMU48191003000000007	Texas	Dallas-Fort Worth-Arlington, TX	2024	M08	August	43.9
SMU48191003000000007	Texas	Dallas-Fort Worth-Arlington, TX	2024	M07	July	43.6
SMU48191003000000007	Texas	Dallas-Fort Worth-Arlington, TX	2024	M06	June	44.5
SMU48191003000000007	Texas	Dallas-Fort Worth-Arlington, TX	2024	M05	May	43.0
SMU48191003000000007	Texas	Dallas-Fort Worth-Arlington, TX	2024	M04	April	43.5
SMU48191003000000007	Texas	Dallas-Fort Worth-Arlington, TX	2024	M03	March	43.1
SMU48191003000000007	Texas	Dallas-Fort Worth-Arlington, TX	2024	M02	February	42.0
SMU48191003000000007	Texas	Dallas-Fort Worth-Arlington, TX	2024	M01	January	41.5
SMU48191003000000007	Texas	Dallas-Fort Worth-Arlington, TX	2023	M12	December	42.8
SMU48191003000000007	Texas	Dallas-Fort Worth-Arlington, TX	2023	M11	November	42.1
SMU48191003000000007	Texas	Dallas-Fort Worth-Arlington, TX	2023	M10	October	42.8
SMU48191003000000007	Texas	Dallas-Fort Worth-Arlington, TX	2023	M09	September	43.0
SMU48191003000000007	Texas	Dallas-Fort Worth-Arlington, TX	2023	M08	August	42.5
SMU48191003000000007	Texas	Dallas-Fort Worth-Arlington, TX	2023	M07	July	42.2
SMU48191003000000007	Texas	Dallas-Fort Worth-Arlington, TX	2023	M06	June	42.0
SMU48191003000000007	Texas	Dallas-Fort Worth-Arlington, TX	2023	M05	May	40.7
SMU48191003000000007	Texas	Dallas-Fort Worth-Arlington, TX	2023	M04	April	40.6
SMU48191003000000007	Texas	Dallas-Fort Worth-Arlington, TX	2023	M03	March	41.3
SMU48191003000000007	Texas	Dallas-Fort Worth-Arlington, TX	2023	M02	February	40.6
SMU48191003000000007	Texas	Dallas-Fort Worth-Arlington, TX	2023	M01	January	41.0
SMU48191003000000007	Texas	Dallas-Fort Worth-Arlington, TX	2022	M12	December	41.5
SMU48191003000000007	Texas	Dallas-Fort Worth-Arlington, TX	2022	M11	November	41.8
SMU48191003000000007	Texas	Dallas-Fort Worth-Arlington, TX	2022	M10	October	42.1
SMU48191003000000007	Texas	Dallas-Fort Worth-Arlington, TX	2022	M09	September	40.9
SMU48191003000000007	Texas	Dallas-Fort Worth-Arlington, TX	2022	M08	August	40.8
SMU48191003000000007	Texas	Dallas-Fort Worth-Arlington, TX	2022	M07	July	41.0
SMU48191003000000007	Texas	Dallas-Fort Worth-Arlington, TX	2022	M06	June	40.6
SMU48191003000000007	Texas	Dallas-Fort Worth-Arlington, TX	2022	M05	May	41.0
SMU48191003000000007	Texas	Dallas-Fort Worth-Arlington, TX	2022	M04	April	39.8
SMU48191003000000007	Texas	Dallas-Fort Worth-Arlington, TX	2022	M03	March	41.5
SMU48191003000000007	Texas	Dallas-Fort Worth-Arlington, TX	2022	M02	February	42.1
SMU48191003000000007	Texas	Dallas-Fort Worth-Arlington, TX	2022	M01	January	42.6
SMU48191003000000007	Texas	Dallas-Fort Worth-Arlington, TX	2021	M12	December	42.8
SMU48191003000000007	Texas	Dallas-Fort Worth-Arlington, TX	2021	M11	November	43.0
SMU48191003000000007	Texas	Dallas-Fort Worth-Arlington, TX	2021	M10	October	41.1
SMU48191003000000007	Texas	Dallas-Fort Worth-Arlington, TX	2021	M09	September	42.9
SMU48191003000000007	Texas	Dallas-Fort Worth-Arlington, TX	2021	M08	August	42.0
SMU48191003000000007	Texas	Dallas-Fort Worth-Arlington, TX	2021	M07	July	41.6
SMU48191003000000007	Texas	Dallas-Fort Worth-Arlington, TX	2021	M06	June	40.8
SMU48191003000000007	Texas	Dallas-Fort Worth-Arlington, TX	2021	M05	May	40.8
SMU48191003000000007	Texas	Dallas-Fort Worth-Arlington, TX	2021	M04	April	42.0
SMU48191003000000007	Texas	Dallas-Fort Worth-Arlington, TX	2021	M03	March	42.4
SMU48191003000000007	Texas	Dallas-Fort Worth-Arlington, TX	2021	M02	February	42.0
SMU48191003000000007	Texas	Dallas-Fort Worth-Arlington, TX	2021	M01	January	42.9
SMU48191003000000007	Texas	Dallas-Fort Worth-Arlington, TX	2020	M12	December	43.0
SMU48191003000000007	Texas	Dallas-Fort Worth-Arlington, TX	2020	M11	November	42.8
SMU48191003000000007	Texas	Dallas-Fort Worth-Arlington, TX	2020	M10	October	42.5
SMU48191003000000007	Texas	Dallas-Fort Worth-Arlington, TX	2020	M09	September	42.6
SMU48191003000000007	Texas	Dallas-Fort Worth-Arlington, TX	2020	M08	August	43.6
SMU48191003000000007	Texas	Dallas-Fort Worth-Arlington, TX	2020	M07	July	42.9
SMU48191003000000007	Texas	Dallas-Fort Worth-Arlington, TX	2020	M06	June	43.3
SMU48191003000000007	Texas	Dallas-Fort Worth-Arlington, TX	2020	M05	May	42.1
SMU48191003000000007	Texas	Dallas-Fort Worth-Arlington, TX	2020	M04	April	42.0
SMU48191003000000007	Texas	Dallas-Fort Worth-Arlington, TX	2020	M03	March	43.2
SMU48191003000000007	Texas	Dallas-Fort Worth-Arlington, TX	2020	M02	February	43.4
SMU48191003000000007	Texas	Dallas-Fort Worth-Arlington, TX	2020	M01	January	43.7
SMU48191003000000007	Texas	Dallas-Fort Worth-Arlington, TX	2019	M12	December	43.6
SMU48191003000000007	Texas	Dallas-Fort Worth-Arlington, TX	2019	M11	November	43.4
SMU48191003000000007	Texas	Dallas-Fort Worth-Arlington, TX	2019	M10	October	43.7
SMU48191003000000007	Texas	Dallas-Fort Worth-Arlington, TX	2019	M09	September	43.1
SMU48191003000000007	Texas	Dallas-Fort Worth-Arlington, TX	2019	M08	August	43.6
SMU48191003000000007	Texas	Dallas-Fort Worth-Arlington, TX	2019	M07	July	43.4
SMU48191003000000007	Texas	Dallas-Fort Worth-Arlington, TX	2019	M06	June	44.1
SMU48191003000000007	Texas	Dallas-Fort Worth-Arlington, TX	2019	M05	May	44.1
SMU48191003000000007	Texas	Dallas-Fort Worth-Arlington, TX	2019	M04	April	44.8
SMU48191003000000007	Texas	Dallas-Fort Worth-Arlington, TX	2019	M03	March	44.1
SMU48191003000000007	Texas	Dallas-Fort Worth-Arlington, TX	2019	M02	February	44.5
SMU48191003000000007	Texas	Dallas-Fort Worth-Arlington, TX	2019	M01	January	44.4
SMU48191003000000007	Texas	Dallas-Fort Worth-Arlington, TX	2018	M12	December	45.2
SMU48191003000000007	Texas	Dallas-Fort Worth-Arlington, TX	2018	M11	November	44.6
SMU48191003000000007	Texas	Dallas-Fort Worth-Arlington, TX	2018	M10	October	43.9
SMU48191003000000007	Texas	Dallas-Fort Worth-Arlington, TX	2018	M09	September	43.4
SMU48191003000000007	Texas	Dallas-Fort Worth-Arlington, TX	2018	M08	August	43.9
SMU48191003000000007	Texas	Dallas-Fort Worth-Arlington, TX	2018	M07	July	42.7
SMU48191003000000007	Texas	Dallas-Fort Worth-Arlington, TX	2018	M06	June	43.2
SMU48191003000000007	Texas	Dallas-Fort Worth-Arlington, TX	2018	M05	May	42.7
SMU48191003000000007	Texas	Dallas-Fort Worth-Arlington, TX	2018	M04	April	43.6
SMU48191003000000007	Texas	Dallas-Fort Worth-Arlington, TX	2018	M03	March	43.0
SMU48191003000000007	Texas	Dallas-Fort Worth-Arlington, TX	2018	M02	February	42.8
SMU48191003000000007	Texas	Dallas-Fort Worth-Arlington, TX	2018	M01	January	42.1
SMU48191003000000007	Texas	Dallas-Fort Worth-Arlington, TX	2017	M12	December	42.4
SMU48191003000000007	Texas	Dallas-Fort Worth-Arlington, TX	2017	M11	November	41.3
SMU48191003000000007	Texas	Dallas-Fort Worth-Arlington, TX	2017	M10	October	41.0
SMU48191003000000007	Texas	Dallas-Fort Worth-Arlington, TX	2017	M09	September	41.4
SMU48191003000000007	Texas	Dallas-Fort Worth-Arlington, TX	2017	M08	August	40.8
SMU48191003000000007	Texas	Dallas-Fort Worth-Arlington, TX	2017	M07	July	40.9
SMU48191003000000007	Texas	Dallas-Fort Worth-Arlington, TX	2017	M06	June	40.8
SMU48191003000000007	Texas	Dallas-Fort Worth-Arlington, TX	2017	M05	May	40.2
SMU48191003000000007	Texas	Dallas-Fort Worth-Arlington, TX	2017	M04	April	39.7
SMU48191003000000007	Texas	Dallas-Fort Worth-Arlington, TX	2017	M03	March	40.8
SMU48191003000000007	Texas	Dallas-Fort Worth-Arlington, TX	2017	M02	February	41.1
SMU48191003000000007	Texas	Dallas-Fort Worth-Arlington, TX	2017	M01	January	40.3
SMU48191003000000007	Texas	Dallas-Fort Worth-Arlington, TX	2016	M12	December	42.4
SMU48191003000000007	Texas	Dallas-Fort Worth-Arlington, TX	2016	M11	November	41.7
SMU48191003000000007	Texas	Dallas-Fort Worth-Arlington, TX	2016	M10	October	41.8
SMU48191003000000007	Texas	Dallas-Fort Worth-Arlington, TX	2016	M09	September	41.8
SMU48191003000000007	Texas	Dallas-Fort Worth-Arlington, TX	2016	M08	August	41.5
SMU48191003000000007	Texas	Dallas-Fort Worth-Arlington, TX	2016	M07	July	42.3
SMU48191003000000007	Texas	Dallas-Fort Worth-Arlington, TX	2016	M06	June	41.9
SMU48191003000000007	Texas	Dallas-Fort Worth-Arlington, TX	2016	M05	May	42.7
SMU48191003000000007	Texas	Dallas-Fort Worth-Arlington, TX	2016	M04	April	42.7
SMU48191003000000007	Texas	Dallas-Fort Worth-Arlington, TX	2016	M03	March	41.5
SMU48191003000000007	Texas	Dallas-Fort Worth-Arlington, TX	2016	M02	February	41.5
SMU48191003000000007	Texas	Dallas-Fort Worth-Arlington, TX	2016	M01	January	41.6
SMU48191003000000007	Texas	Dallas-Fort Worth-Arlington, TX	2015	M12	December	42.9
SMU48191003000000007	Texas	Dallas-Fort Worth-Arlington, TX	2015	M11	November	42.5
SMU48191003000000007	Texas	Dallas-Fort Worth-Arlington, TX	2015	M10	October	42.2
SMU48191003000000007	Texas	Dallas-Fort Worth-Arlington, TX	2015	M09	September	42.0
SMU48191003000000007	Texas	Dallas-Fort Worth-Arlington, TX	2015	M08	August	42.8
SMU48191003000000007	Texas	Dallas-Fort Worth-Arlington, TX	2015	M07	July	41.3
SMU48191003000000007	Texas	Dallas-Fort Worth-Arlington, TX	2015	M06	June	41.8
SMU48191003000000007	Texas	Dallas-Fort Worth-Arlington, TX	2015	M05	May	41.8
SMU48191003000000007	Texas	Dallas-Fort Worth-Arlington, TX	2015	M04	April	42.7
SMU48191003000000007	Texas	Dallas-Fort Worth-Arlington, TX	2015	M03	March	42.9
SMU48191003000000007	Texas	Dallas-Fort Worth-Arlington, TX	2015	M02	February	42.1
SMU48191003000000007	Texas	Dallas-Fort Worth-Arlington, TX	2015	M01	January	42.0
SMU48191003000000007	Texas	Dallas-Fort Worth-Arlington, TX	2014	M12	December	42.7
SMU48191003000000007	Texas	Dallas-Fort Worth-Arlington, TX	2014	M11	November	42.6
SMU48191003000000007	Texas	Dallas-Fort Worth-Arlington, TX	2014	M10	October	41.8
SMU48191003000000007	Texas	Dallas-Fort Worth-Arlington, TX	2014	M09	September	42.1
SMU48191003000000007	Texas	Dallas-Fort Worth-Arlington, TX	2014	M08	August	41.6
SMU48191003000000007	Texas	Dallas-Fort Worth-Arlington, TX	2014	M07	July	41.5
SMU48191003000000007	Texas	Dallas-Fort Worth-Arlington, TX	2014	M06	June	42.4
SMU48191003000000007	Texas	Dallas-Fort Worth-Arlington, TX	2014	M05	May	42.5
SMU48191003000000007	Texas	Dallas-Fort Worth-Arlington, TX	2014	M04	April	42.5
SMU48191003000000007	Texas	Dallas-Fort Worth-Arlington, TX	2014	M03	March	42.7
SMU48191003000000007	Texas	Dallas-Fort Worth-Arlington, TX	2014	M02	February	41.8
SMU48191003000000007	Texas	Dallas-Fort Worth-Arlington, TX	2014	M01	January	41.0
SMU48191003000000007	Texas	Dallas-Fort Worth-Arlington, TX	2013	M12	December	41.0
SMU48191003000000007	Texas	Dallas-Fort Worth-Arlington, TX	2013	M11	November	41.2
SMU48191003000000007	Texas	Dallas-Fort Worth-Arlington, TX	2013	M10	October	41.4
SMU48191003000000007	Texas	Dallas-Fort Worth-Arlington, TX	2013	M09	September	41.6
SMU48191003000000007	Texas	Dallas-Fort Worth-Arlington, TX	2013	M08	August	41.4
SMU48191003000000007	Texas	Dallas-Fort Worth-Arlington, TX	2013	M07	July	43.8
SMU48191003000000007	Texas	Dallas-Fort Worth-Arlington, TX	2013	M06	June	43.4
SMU48191003000000007	Texas	Dallas-Fort Worth-Arlington, TX	2013	M05	May	42.8
SMU48191003000000007	Texas	Dallas-Fort Worth-Arlington, TX	2013	M04	April	43.6
SMU48191003000000007	Texas	Dallas-Fort Worth-Arlington, TX	2013	M03	March	43.1
SMU48191003000000007	Texas	Dallas-Fort Worth-Arlington, TX	2013	M02	February	43.6
SMU48191003000000007	Texas	Dallas-Fort Worth-Arlington, TX	2013	M01	January	42.2
SMU48191003000000007	Texas	Dallas-Fort Worth-Arlington, TX	2012	M12	December	43.2
SMU48191003000000007	Texas	Dallas-Fort Worth-Arlington, TX	2012	M11	November	43.5
SMU48191003000000007	Texas	Dallas-Fort Worth-Arlington, TX	2012	M10	October	41.8
SMU48191003000000007	Texas	Dallas-Fort Worth-Arlington, TX	2012	M09	September	42.5
SMU48191003000000007	Texas	Dallas-Fort Worth-Arlington, TX	2012	M08	August	41.5
SMU48191003000000007	Texas	Dallas-Fort Worth-Arlington, TX	2012	M07	July	40.9
SMU48191003000000007	Texas	Dallas-Fort Worth-Arlington, TX	2012	M06	June	42.3
SMU48191003000000007	Texas	Dallas-Fort Worth-Arlington, TX	2012	M05	May	41.6
SMU48191003000000007	Texas	Dallas-Fort Worth-Arlington, TX	2012	M04	April	42.0
SMU48191003000000007	Texas	Dallas-Fort Worth-Arlington, TX	2012	M03	March	42.5
SMU48191003000000007	Texas	Dallas-Fort Worth-Arlington, TX	2012	M02	February	42.5
SMU48191003000000007	Texas	Dallas-Fort Worth-Arlington, TX	2012	M01	January	42.5
SMU48191003000000007	Texas	Dallas-Fort Worth-Arlington, TX	2011	M12	December	43.0
SMU48191003000000007	Texas	Dallas-Fort Worth-Arlington, TX	2011	M11	November	42.9
SMU48191003000000007	Texas	Dallas-Fort Worth-Arlington, TX	2011	M10	October	42.0
SMU48191003000000007	Texas	Dallas-Fort Worth-Arlington, TX	2011	M09	September	41.5
SMU48191003000000007	Texas	Dallas-Fort Worth-Arlington, TX	2011	M08	August	41.2
SMU48191003000000007	Texas	Dallas-Fort Worth-Arlington, TX	2011	M07	July	40.3
SMU48191003000000007	Texas	Dallas-Fort Worth-Arlington, TX	2011	M06	June	40.0
SMU48191003000000007	Texas	Dallas-Fort Worth-Arlington, TX	2011	M05	May	40.3
SMU48191003000000007	Texas	Dallas-Fort Worth-Arlington, TX	2011	M04	April	41.2
SMU48191003000000007	Texas	Dallas-Fort Worth-Arlington, TX	2011	M03	March	40.9
SMU48191003000000007	Texas	Dallas-Fort Worth-Arlington, TX	2011	M02	February	39.0
SMU48191003000000007	Texas	Dallas-Fort Worth-Arlington, TX	2011	M01	January	40.3
SMU48191003000000007	Texas	Dallas-Fort Worth-Arlington, TX	2010	M12	December	40.1
SMU48191003000000007	Texas	Dallas-Fort Worth-Arlington, TX	2010	M11	November	39.9
SMU48191003000000007	Texas	Dallas-Fort Worth-Arlington, TX	2010	M10	October	40.1
SMU48191003000000007	Texas	Dallas-Fort Worth-Arlington, TX	2010	M09	September	40.6
SMU48191003000000007	Texas	Dallas-Fort Worth-Arlington, TX	2010	M08	August	41.2
SMU48191003000000007	Texas	Dallas-Fort Worth-Arlington, TX	2010	M07	July	41.2
SMU48191003000000007	Texas	Dallas-Fort Worth-Arlington, TX	2010	M06	June	40.4
SMU48191003000000007	Texas	Dallas-Fort Worth-Arlington, TX	2010	M05	May	40.3
SMU48191003000000007	Texas	Dallas-Fort Worth-Arlington, TX	2010	M04	April	40.5
SMU48191003000000007	Texas	Dallas-Fort Worth-Arlington, TX	2010	M03	March	40.1
SMU48191003000000007	Texas	Dallas-Fort Worth-Arlington, TX	2010	M02	February	39.0
SMU48191003000000007	Texas	Dallas-Fort Worth-Arlington, TX	2010	M01	January	39.8
SMU48191003000000007	Texas	Dallas-Fort Worth-Arlington, TX	2009	M12	December	39.7
SMU48191003000000007	Texas	Dallas-Fort Worth-Arlington, TX	2009	M11	November	39.4
SMU48191003000000007	Texas	Dallas-Fort Worth-Arlington, TX	2009	M10	October	39.5
SMU48191003000000007	Texas	Dallas-Fort Worth-Arlington, TX	2009	M09	September	38.8
SMU48191003000000007	Texas	Dallas-Fort Worth-Arlington, TX	2009	M08	August	39.7
SMU48191003000000007	Texas	Dallas-Fort Worth-Arlington, TX	2009	M07	July	40.3
SMU48191003000000007	Texas	Dallas-Fort Worth-Arlington, TX	2009	M06	June	39.4
SMU48191003000000007	Texas	Dallas-Fort Worth-Arlington, TX	2009	M05	May	39.5
SMU48191003000000007	Texas	Dallas-Fort Worth-Arlington, TX	2009	M04	April	39.2
SMU48191003000000007	Texas	Dallas-Fort Worth-Arlington, TX	2009	M03	March	38.7
SMU48191003000000007	Texas	Dallas-Fort Worth-Arlington, TX	2009	M02	February	38.6
SMU48191003000000007	Texas	Dallas-Fort Worth-Arlington, TX	2009	M01	January	38.2
SMU48191003000000007	Texas	Dallas-Fort Worth-Arlington, TX	2008	M12	December	39.0
SMU48191003000000007	Texas	Dallas-Fort Worth-Arlington, TX	2008	M11	November	38.9
SMU48191003000000007	Texas	Dallas-Fort Worth-Arlington, TX	2008	M10	October	39.0
SMU48191003000000007	Texas	Dallas-Fort Worth-Arlington, TX	2008	M09	September	39.4
SMU48191003000000007	Texas	Dallas-Fort Worth-Arlington, TX	2008	M08	August	39.2
SMU48191003000000007	Texas	Dallas-Fort Worth-Arlington, TX	2008	M07	July	39.0
SMU48191003000000007	Texas	Dallas-Fort Worth-Arlington, TX	2008	M06	June	38.9
SMU48191003000000007	Texas	Dallas-Fort Worth-Arlington, TX	2008	M05	May	39.1
SMU48191003000000007	Texas	Dallas-Fort Worth-Arlington, TX	2008	M04	April	39.3
SMU48191003000000007	Texas	Dallas-Fort Worth-Arlington, TX	2008	M03	March	38.9
SMU48191003000000007	Texas	Dallas-Fort Worth-Arlington, TX	2008	M02	February	38.7
SMU48191003000000007	Texas	Dallas-Fort Worth-Arlington, TX	2008	M01	January	38.3
SMU48191003000000007	Texas	Dallas-Fort Worth-Arlington, TX	2007	M12	December	38.7
SMU48191003000000007	Texas	Dallas-Fort Worth-Arlington, TX	2007	M11	November	38.8
SMU48191003000000007	Texas	Dallas-Fort Worth-Arlington, TX	2007	M10	October	39.0
SMU48191003000000007	Texas	Dallas-Fort Worth-Arlington, TX	2007	M09	September	39.5
SMU48191003000000007	Texas	Dallas-Fort Worth-Arlington, TX	2007	M08	August	39.3
SMU48191003000000007	Texas	Dallas-Fort Worth-Arlington, TX	2007	M07	July	38.9
SMU48191003000000007	Texas	Dallas-Fort Worth-Arlington, TX	2007	M06	June	39.0
SMU48191003000000007	Texas	Dallas-Fort Worth-Arlington, TX	2007	M05	May	39.3
SMU48191003000000007	Texas	Dallas-Fort Worth-Arlington, TX	2007	M04	April	39.6
SMU48191003000000007	Texas	Dallas-Fort Worth-Arlington, TX	2007	M03	March	39.0
SMU48191003000000007	Texas	Dallas-Fort Worth-Arlington, TX	2007	M02	February	38.6
SMU48191003000000007	Texas	Dallas-Fort Worth-Arlington, TX	2007	M01	January	37.7
SMU21311403000000007	Kentucky	Louisville/Jefferson County, KY-IN	2025	M12	December	42.6
SMU21311403000000007	Kentucky	Louisville/Jefferson County, KY-IN	2025	M11	November	42.9
SMU21311403000000007	Kentucky	Louisville/Jefferson County, KY-IN	2025	M10	October	42.5
SMU21311403000000007	Kentucky	Louisville/Jefferson County, KY-IN	2025	M09	September	43.4
SMU21311403000000007	Kentucky	Louisville/Jefferson County, KY-IN	2025	M08	August	43.3
SMU21311403000000007	Kentucky	Louisville/Jefferson County, KY-IN	2025	M07	July	43.0
SMU21311403000000007	Kentucky	Louisville/Jefferson County, KY-IN	2025	M06	June	43.3
SMU21311403000000007	Kentucky	Louisville/Jefferson County, KY-IN	2025	M05	May	42.4
SMU21311403000000007	Kentucky	Louisville/Jefferson County, KY-IN	2025	M04	April	43.2
SMU21311403000000007	Kentucky	Louisville/Jefferson County, KY-IN	2025	M03	March	45.0
SMU21311403000000007	Kentucky	Louisville/Jefferson County, KY-IN	2025	M02	February	44.2
SMU21311403000000007	Kentucky	Louisville/Jefferson County, KY-IN	2025	M01	January	41.2
SMU21311403000000007	Kentucky	Louisville/Jefferson County, KY-IN	2024	M12	December	43.9
SMU21311403000000007	Kentucky	Louisville/Jefferson County, KY-IN	2024	M11	November	44.6
SMU21311403000000007	Kentucky	Louisville/Jefferson County, KY-IN	2024	M10	October	44.5
SMU21311403000000007	Kentucky	Louisville/Jefferson County, KY-IN	2024	M09	September	45.5
SMU21311403000000007	Kentucky	Louisville/Jefferson County, KY-IN	2024	M08	August	45.4
SMU21311403000000007	Kentucky	Louisville/Jefferson County, KY-IN	2024	M07	July	44.0
SMU21311403000000007	Kentucky	Louisville/Jefferson County, KY-IN	2024	M06	June	44.8
SMU21311403000000007	Kentucky	Louisville/Jefferson County, KY-IN	2024	M05	May	44.8
SMU21311403000000007	Kentucky	Louisville/Jefferson County, KY-IN	2024	M04	April	45.6
SMU21311403000000007	Kentucky	Louisville/Jefferson County, KY-IN	2024	M03	March	44.7
SMU21311403000000007	Kentucky	Louisville/Jefferson County, KY-IN	2024	M02	February	45.2
SMU21311403000000007	Kentucky	Louisville/Jefferson County, KY-IN	2024	M01	January	44.1
SMU21311403000000007	Kentucky	Louisville/Jefferson County, KY-IN	2023	M12	December	44.7
SMU21311403000000007	Kentucky	Louisville/Jefferson County, KY-IN	2023	M11	November	44.5
SMU21311403000000007	Kentucky	Louisville/Jefferson County, KY-IN	2023	M10	October	43.2
SMU21311403000000007	Kentucky	Louisville/Jefferson County, KY-IN	2023	M09	September	44.6
SMU21311403000000007	Kentucky	Louisville/Jefferson County, KY-IN	2023	M08	August	43.6
SMU21311403000000007	Kentucky	Louisville/Jefferson County, KY-IN	2023	M07	July	42.8
SMU21311403000000007	Kentucky	Louisville/Jefferson County, KY-IN	2023	M06	June	43.2
SMU21311403000000007	Kentucky	Louisville/Jefferson County, KY-IN	2023	M05	May	41.6
SMU21311403000000007	Kentucky	Louisville/Jefferson County, KY-IN	2023	M04	April	42.0
SMU21311403000000007	Kentucky	Louisville/Jefferson County, KY-IN	2023	M03	March	41.1
SMU21311403000000007	Kentucky	Louisville/Jefferson County, KY-IN	2023	M02	February	41.8
SMU21311403000000007	Kentucky	Louisville/Jefferson County, KY-IN	2023	M01	January	41.8
SMU21311403000000007	Kentucky	Louisville/Jefferson County, KY-IN	2022	M12	December	42.1
SMU21311403000000007	Kentucky	Louisville/Jefferson County, KY-IN	2022	M11	November	43.3
SMU21311403000000007	Kentucky	Louisville/Jefferson County, KY-IN	2022	M10	October	42.4
SMU21311403000000007	Kentucky	Louisville/Jefferson County, KY-IN	2022	M09	September	43.8
SMU21311403000000007	Kentucky	Louisville/Jefferson County, KY-IN	2022	M08	August	42.8
SMU21311403000000007	Kentucky	Louisville/Jefferson County, KY-IN	2022	M07	July	42.2
SMU21311403000000007	Kentucky	Louisville/Jefferson County, KY-IN	2022	M06	June	43.5
SMU21311403000000007	Kentucky	Louisville/Jefferson County, KY-IN	2022	M05	May	42.2
SMU21311403000000007	Kentucky	Louisville/Jefferson County, KY-IN	2022	M04	April	42.1
SMU21311403000000007	Kentucky	Louisville/Jefferson County, KY-IN	2022	M03	March	43.4
SMU21311403000000007	Kentucky	Louisville/Jefferson County, KY-IN	2022	M02	February	41.8
SMU21311403000000007	Kentucky	Louisville/Jefferson County, KY-IN	2022	M01	January	42.2
SMU21311403000000007	Kentucky	Louisville/Jefferson County, KY-IN	2021	M12	December	42.8
SMU21311403000000007	Kentucky	Louisville/Jefferson County, KY-IN	2021	M11	November	42.6
SMU21311403000000007	Kentucky	Louisville/Jefferson County, KY-IN	2021	M10	October	41.6
SMU21311403000000007	Kentucky	Louisville/Jefferson County, KY-IN	2021	M09	September	41.2
SMU21311403000000007	Kentucky	Louisville/Jefferson County, KY-IN	2021	M08	August	41.2
SMU21311403000000007	Kentucky	Louisville/Jefferson County, KY-IN	2021	M07	July	40.4
SMU21311403000000007	Kentucky	Louisville/Jefferson County, KY-IN	2021	M06	June	40.9
SMU21311403000000007	Kentucky	Louisville/Jefferson County, KY-IN	2021	M05	May	39.9
SMU21311403000000007	Kentucky	Louisville/Jefferson County, KY-IN	2021	M04	April	38.6
SMU21311403000000007	Kentucky	Louisville/Jefferson County, KY-IN	2021	M03	March	39.1
SMU21311403000000007	Kentucky	Louisville/Jefferson County, KY-IN	2021	M02	February	37.2
SMU21311403000000007	Kentucky	Louisville/Jefferson County, KY-IN	2021	M01	January	39.1
SMU21311403000000007	Kentucky	Louisville/Jefferson County, KY-IN	2020	M12	December	41.4
SMU21311403000000007	Kentucky	Louisville/Jefferson County, KY-IN	2020	M11	November	40.3
SMU21311403000000007	Kentucky	Louisville/Jefferson County, KY-IN	2020	M10	October	41.2
SMU21311403000000007	Kentucky	Louisville/Jefferson County, KY-IN	2020	M09	September	42.0
SMU21311403000000007	Kentucky	Louisville/Jefferson County, KY-IN	2020	M08	August	41.4
SMU21311403000000007	Kentucky	Louisville/Jefferson County, KY-IN	2020	M07	July	41.1
SMU21311403000000007	Kentucky	Louisville/Jefferson County, KY-IN	2020	M06	June	40.6
SMU21311403000000007	Kentucky	Louisville/Jefferson County, KY-IN	2020	M05	May	41.0
SMU21311403000000007	Kentucky	Louisville/Jefferson County, KY-IN	2020	M04	April	41.0
SMU21311403000000007	Kentucky	Louisville/Jefferson County, KY-IN	2020	M03	March	43.4
SMU21311403000000007	Kentucky	Louisville/Jefferson County, KY-IN	2020	M02	February	44.2
SMU21311403000000007	Kentucky	Louisville/Jefferson County, KY-IN	2020	M01	January	45.4
SMU21311403000000007	Kentucky	Louisville/Jefferson County, KY-IN	2019	M12	December	45.6
SMU21311403000000007	Kentucky	Louisville/Jefferson County, KY-IN	2019	M11	November	45.4
SMU21311403000000007	Kentucky	Louisville/Jefferson County, KY-IN	2019	M10	October	44.8
SMU21311403000000007	Kentucky	Louisville/Jefferson County, KY-IN	2019	M09	September	44.3
SMU21311403000000007	Kentucky	Louisville/Jefferson County, KY-IN	2019	M08	August	44.2
SMU21311403000000007	Kentucky	Louisville/Jefferson County, KY-IN	2019	M07	July	44.2
SMU21311403000000007	Kentucky	Louisville/Jefferson County, KY-IN	2019	M06	June	43.7
SMU21311403000000007	Kentucky	Louisville/Jefferson County, KY-IN	2019	M05	May	44.4
SMU21311403000000007	Kentucky	Louisville/Jefferson County, KY-IN	2019	M04	April	44.7
SMU21311403000000007	Kentucky	Louisville/Jefferson County, KY-IN	2019	M03	March	44.9
SMU21311403000000007	Kentucky	Louisville/Jefferson County, KY-IN	2019	M02	February	45.6
SMU21311403000000007	Kentucky	Louisville/Jefferson County, KY-IN	2019	M01	January	45.3
SMU21311403000000007	Kentucky	Louisville/Jefferson County, KY-IN	2018	M12	December	47.4
SMU21311403000000007	Kentucky	Louisville/Jefferson County, KY-IN	2018	M11	November	47.4
SMU21311403000000007	Kentucky	Louisville/Jefferson County, KY-IN	2018	M10	October	47.1
SMU21311403000000007	Kentucky	Louisville/Jefferson County, KY-IN	2018	M09	September	48.3
SMU21311403000000007	Kentucky	Louisville/Jefferson County, KY-IN	2018	M08	August	47.1
SMU21311403000000007	Kentucky	Louisville/Jefferson County, KY-IN	2018	M07	July	44.7
SMU21311403000000007	Kentucky	Louisville/Jefferson County, KY-IN	2018	M06	June	43.8
SMU21311403000000007	Kentucky	Louisville/Jefferson County, KY-IN	2018	M05	May	39.7
SMU21311403000000007	Kentucky	Louisville/Jefferson County, KY-IN	2018	M04	April	41.6
SMU21311403000000007	Kentucky	Louisville/Jefferson County, KY-IN	2018	M03	March	41.0
SMU21311403000000007	Kentucky	Louisville/Jefferson County, KY-IN	2018	M02	February	40.7
SMU21311403000000007	Kentucky	Louisville/Jefferson County, KY-IN	2018	M01	January	38.0
SMU21311403000000007	Kentucky	Louisville/Jefferson County, KY-IN	2017	M12	December	41.1
SMU21311403000000007	Kentucky	Louisville/Jefferson County, KY-IN	2017	M11	November	40.4
SMU21311403000000007	Kentucky	Louisville/Jefferson County, KY-IN	2017	M10	October	38.9
SMU21311403000000007	Kentucky	Louisville/Jefferson County, KY-IN	2017	M09	September	39.2
SMU21311403000000007	Kentucky	Louisville/Jefferson County, KY-IN	2017	M08	August	40.1
SMU21311403000000007	Kentucky	Louisville/Jefferson County, KY-IN	2017	M07	July	40.0
SMU21311403000000007	Kentucky	Louisville/Jefferson County, KY-IN	2017	M06	June	40.6
SMU21311403000000007	Kentucky	Louisville/Jefferson County, KY-IN	2017	M05	May	40.8
SMU21311403000000007	Kentucky	Louisville/Jefferson County, KY-IN	2017	M04	April	41.5
SMU21311403000000007	Kentucky	Louisville/Jefferson County, KY-IN	2017	M03	March	42.8
SMU21311403000000007	Kentucky	Louisville/Jefferson County, KY-IN	2017	M02	February	43.8
SMU21311403000000007	Kentucky	Louisville/Jefferson County, KY-IN	2017	M01	January	43.7
SMU21311403000000007	Kentucky	Louisville/Jefferson County, KY-IN	2016	M12	December	44.9
SMU21311403000000007	Kentucky	Louisville/Jefferson County, KY-IN	2016	M11	November	45.3
SMU21311403000000007	Kentucky	Louisville/Jefferson County, KY-IN	2016	M10	October	44.9
SMU21311403000000007	Kentucky	Louisville/Jefferson County, KY-IN	2016	M09	September	44.6
SMU21311403000000007	Kentucky	Louisville/Jefferson County, KY-IN	2016	M08	August	44.3
SMU21311403000000007	Kentucky	Louisville/Jefferson County, KY-IN	2016	M07	July	42.6
SMU21311403000000007	Kentucky	Louisville/Jefferson County, KY-IN	2016	M06	June	43.4
SMU21311403000000007	Kentucky	Louisville/Jefferson County, KY-IN	2016	M05	May	43.7
SMU21311403000000007	Kentucky	Louisville/Jefferson County, KY-IN	2016	M04	April	43.9
SMU21311403000000007	Kentucky	Louisville/Jefferson County, KY-IN	2016	M03	March	45.1
SMU21311403000000007	Kentucky	Louisville/Jefferson County, KY-IN	2016	M02	February	44.5
SMU21311403000000007	Kentucky	Louisville/Jefferson County, KY-IN	2016	M01	January	44.6
SMU21311403000000007	Kentucky	Louisville/Jefferson County, KY-IN	2015	M12	December	44.6
SMU21311403000000007	Kentucky	Louisville/Jefferson County, KY-IN	2015	M11	November	45.7
SMU21311403000000007	Kentucky	Louisville/Jefferson County, KY-IN	2015	M10	October	45.4
SMU21311403000000007	Kentucky	Louisville/Jefferson County, KY-IN	2015	M09	September	48.3
SMU21311403000000007	Kentucky	Louisville/Jefferson County, KY-IN	2015	M08	August	44.6
SMU21311403000000007	Kentucky	Louisville/Jefferson County, KY-IN	2015	M07	July	42.0
SMU21311403000000007	Kentucky	Louisville/Jefferson County, KY-IN	2015	M06	June	44.4
SMU21311403000000007	Kentucky	Louisville/Jefferson County, KY-IN	2015	M05	May	42.8
SMU21311403000000007	Kentucky	Louisville/Jefferson County, KY-IN	2015	M04	April	42.2
SMU21311403000000007	Kentucky	Louisville/Jefferson County, KY-IN	2015	M03	March	43.7
SMU21311403000000007	Kentucky	Louisville/Jefferson County, KY-IN	2015	M02	February	41.2
SMU21311403000000007	Kentucky	Louisville/Jefferson County, KY-IN	2015	M01	January	42.5
SMU21311403000000007	Kentucky	Louisville/Jefferson County, KY-IN	2014	M12	December	44.8
SMU21311403000000007	Kentucky	Louisville/Jefferson County, KY-IN	2014	M11	November	45.8
SMU21311403000000007	Kentucky	Louisville/Jefferson County, KY-IN	2014	M10	October	44.7
SMU21311403000000007	Kentucky	Louisville/Jefferson County, KY-IN	2014	M09	September	45.8
SMU21311403000000007	Kentucky	Louisville/Jefferson County, KY-IN	2014	M08	August	40.4
SMU21311403000000007	Kentucky	Louisville/Jefferson County, KY-IN	2014	M07	July	44.0
SMU21311403000000007	Kentucky	Louisville/Jefferson County, KY-IN	2014	M06	June	42.8
SMU21311403000000007	Kentucky	Louisville/Jefferson County, KY-IN	2014	M05	May	42.1
SMU21311403000000007	Kentucky	Louisville/Jefferson County, KY-IN	2014	M04	April	41.2
SMU21311403000000007	Kentucky	Louisville/Jefferson County, KY-IN	2014	M03	March	39.9
SMU21311403000000007	Kentucky	Louisville/Jefferson County, KY-IN	2014	M02	February	41.0
SMU21311403000000007	Kentucky	Louisville/Jefferson County, KY-IN	2014	M01	January	36.5
SMU21311403000000007	Kentucky	Louisville/Jefferson County, KY-IN	2013	M12	December	42.7
SMU21311403000000007	Kentucky	Louisville/Jefferson County, KY-IN	2013	M11	November	42.3
SMU21311403000000007	Kentucky	Louisville/Jefferson County, KY-IN	2013	M10	October	43.8
SMU21311403000000007	Kentucky	Louisville/Jefferson County, KY-IN	2013	M09	September	41.9
SMU21311403000000007	Kentucky	Louisville/Jefferson County, KY-IN	2013	M08	August	40.2
SMU21311403000000007	Kentucky	Louisville/Jefferson County, KY-IN	2013	M07	July	42.3
SMU21311403000000007	Kentucky	Louisville/Jefferson County, KY-IN	2013	M06	June	40.1
SMU21311403000000007	Kentucky	Louisville/Jefferson County, KY-IN	2013	M05	May	38.9
SMU21311403000000007	Kentucky	Louisville/Jefferson County, KY-IN	2013	M04	April	39.3
SMU21311403000000007	Kentucky	Louisville/Jefferson County, KY-IN	2013	M03	March	39.9
SMU21311403000000007	Kentucky	Louisville/Jefferson County, KY-IN	2013	M02	February	37.9
SMU21311403000000007	Kentucky	Louisville/Jefferson County, KY-IN	2013	M01	January	38.6
SMU21311403000000007	Kentucky	Louisville/Jefferson County, KY-IN	2012	M12	December	44.0
SMU21311403000000007	Kentucky	Louisville/Jefferson County, KY-IN	2012	M11	November	44.3
SMU21311403000000007	Kentucky	Louisville/Jefferson County, KY-IN	2012	M10	October	41.6
SMU21311403000000007	Kentucky	Louisville/Jefferson County, KY-IN	2012	M09	September	43.5
SMU21311403000000007	Kentucky	Louisville/Jefferson County, KY-IN	2012	M08	August	40.5
SMU21311403000000007	Kentucky	Louisville/Jefferson County, KY-IN	2012	M07	July	42.6
SMU21311403000000007	Kentucky	Louisville/Jefferson County, KY-IN	2012	M06	June	43.7
SMU21311403000000007	Kentucky	Louisville/Jefferson County, KY-IN	2012	M05	May	43.1
SMU21311403000000007	Kentucky	Louisville/Jefferson County, KY-IN	2012	M04	April	43.6
SMU21311403000000007	Kentucky	Louisville/Jefferson County, KY-IN	2012	M03	March	43.5
SMU21311403000000007	Kentucky	Louisville/Jefferson County, KY-IN	2012	M02	February	43.1
SMU21311403000000007	Kentucky	Louisville/Jefferson County, KY-IN	2012	M01	January	43.2
SMU21311403000000007	Kentucky	Louisville/Jefferson County, KY-IN	2011	M12	December	46.0
SMU21311403000000007	Kentucky	Louisville/Jefferson County, KY-IN	2011	M11	November	43.0
SMU21311403000000007	Kentucky	Louisville/Jefferson County, KY-IN	2011	M10	October	43.2
SMU21311403000000007	Kentucky	Louisville/Jefferson County, KY-IN	2011	M09	September	42.2
SMU21311403000000007	Kentucky	Louisville/Jefferson County, KY-IN	2011	M08	August	41.7
SMU21311403000000007	Kentucky	Louisville/Jefferson County, KY-IN	2011	M07	July	42.1
SMU21311403000000007	Kentucky	Louisville/Jefferson County, KY-IN	2011	M06	June	42.0
SMU21311403000000007	Kentucky	Louisville/Jefferson County, KY-IN	2011	M05	May	42.2
SMU21311403000000007	Kentucky	Louisville/Jefferson County, KY-IN	2011	M04	April	41.1
SMU21311403000000007	Kentucky	Louisville/Jefferson County, KY-IN	2011	M03	March	41.3
SMU21311403000000007	Kentucky	Louisville/Jefferson County, KY-IN	2011	M02	February	42.2
SMU21311403000000007	Kentucky	Louisville/Jefferson County, KY-IN	2011	M01	January	42.3
SMU21311403000000007	Kentucky	Louisville/Jefferson County, KY-IN	2010	M12	December	40.7
SMU21311403000000007	Kentucky	Louisville/Jefferson County, KY-IN	2010	M11	November	44.1
SMU21311403000000007	Kentucky	Louisville/Jefferson County, KY-IN	2010	M10	October	45.0
SMU21311403000000007	Kentucky	Louisville/Jefferson County, KY-IN	2010	M09	September	44.2
SMU21311403000000007	Kentucky	Louisville/Jefferson County, KY-IN	2010	M08	August	41.1
SMU21311403000000007	Kentucky	Louisville/Jefferson County, KY-IN	2010	M07	July	41.2
SMU21311403000000007	Kentucky	Louisville/Jefferson County, KY-IN	2010	M06	June	41.4
SMU21311403000000007	Kentucky	Louisville/Jefferson County, KY-IN	2010	M05	May	42.4
SMU21311403000000007	Kentucky	Louisville/Jefferson County, KY-IN	2010	M04	April	40.8
SMU21311403000000007	Kentucky	Louisville/Jefferson County, KY-IN	2010	M03	March	41.8
SMU21311403000000007	Kentucky	Louisville/Jefferson County, KY-IN	2010	M02	February	42.2
SMU21311403000000007	Kentucky	Louisville/Jefferson County, KY-IN	2010	M01	January	43.3
SMU21311403000000007	Kentucky	Louisville/Jefferson County, KY-IN	2009	M12	December	44.2
SMU21311403000000007	Kentucky	Louisville/Jefferson County, KY-IN	2009	M11	November	44.4
SMU21311403000000007	Kentucky	Louisville/Jefferson County, KY-IN	2009	M10	October	44.6
SMU21311403000000007	Kentucky	Louisville/Jefferson County, KY-IN	2009	M09	September	44.1
SMU21311403000000007	Kentucky	Louisville/Jefferson County, KY-IN	2009	M08	August	42.3
SMU21311403000000007	Kentucky	Louisville/Jefferson County, KY-IN	2009	M07	July	42.5
SMU21311403000000007	Kentucky	Louisville/Jefferson County, KY-IN	2009	M06	June	42.1
SMU21311403000000007	Kentucky	Louisville/Jefferson County, KY-IN	2009	M05	May	42.1
SMU21311403000000007	Kentucky	Louisville/Jefferson County, KY-IN	2009	M04	April	42.1
SMU21311403000000007	Kentucky	Louisville/Jefferson County, KY-IN	2009	M03	March	42.1
SMU21311403000000007	Kentucky	Louisville/Jefferson County, KY-IN	2009	M02	February	41.9
SMU21311403000000007	Kentucky	Louisville/Jefferson County, KY-IN	2009	M01	January	42.5
SMU21311403000000007	Kentucky	Louisville/Jefferson County, KY-IN	2008	M12	December	41.6
SMU21311403000000007	Kentucky	Louisville/Jefferson County, KY-IN	2008	M11	November	44.0
SMU21311403000000007	Kentucky	Louisville/Jefferson County, KY-IN	2008	M10	October	44.4
SMU21311403000000007	Kentucky	Louisville/Jefferson County, KY-IN	2008	M09	September	43.8
SMU21311403000000007	Kentucky	Louisville/Jefferson County, KY-IN	2008	M08	August	42.2
SMU21311403000000007	Kentucky	Louisville/Jefferson County, KY-IN	2008	M07	July	42.2
SMU21311403000000007	Kentucky	Louisville/Jefferson County, KY-IN	2008	M06	June	42.0
SMU21311403000000007	Kentucky	Louisville/Jefferson County, KY-IN	2008	M05	May	42.0
SMU21311403000000007	Kentucky	Louisville/Jefferson County, KY-IN	2008	M04	April	41.9
SMU21311403000000007	Kentucky	Louisville/Jefferson County, KY-IN	2008	M03	March	41.9
SMU21311403000000007	Kentucky	Louisville/Jefferson County, KY-IN	2008	M02	February	41.8
SMU21311403000000007	Kentucky	Louisville/Jefferson County, KY-IN	2008	M01	January	42.4
SMU21311403000000007	Kentucky	Louisville/Jefferson County, KY-IN	2007	M12	December	41.4
SMU21311403000000007	Kentucky	Louisville/Jefferson County, KY-IN	2007	M11	November	43.9
SMU21311403000000007	Kentucky	Louisville/Jefferson County, KY-IN	2007	M10	October	44.3
SMU21311403000000007	Kentucky	Louisville/Jefferson County, KY-IN	2007	M09	September	43.5
SMU21311403000000007	Kentucky	Louisville/Jefferson County, KY-IN	2007	M08	August	42.0
SMU21311403000000007	Kentucky	Louisville/Jefferson County, KY-IN	2007	M07	July	42.0
SMU21311403000000007	Kentucky	Louisville/Jefferson County, KY-IN	2007	M06	June	41.7
SMU21311403000000007	Kentucky	Louisville/Jefferson County, KY-IN	2007	M05	May	41.8
SMU21311403000000007	Kentucky	Louisville/Jefferson County, KY-IN	2007	M04	April	41.6
SMU21311403000000007	Kentucky	Louisville/Jefferson County, KY-IN	2007	M03	March	41.6
SMU21311403000000007	Kentucky	Louisville/Jefferson County, KY-IN	2007	M02	February	41.5
SMU21311403000000007	Kentucky	Louisville/Jefferson County, KY-IN	2007	M01	January	42.1
SMU26476643000000007	Michigan	Warren-Troy-Farmington Hills, MI Metropolitan Division	2025	M12	December	46.1
SMU26476643000000007	Michigan	Warren-Troy-Farmington Hills, MI Metropolitan Division	2025	M11	November	44.5
SMU26476643000000007	Michigan	Warren-Troy-Farmington Hills, MI Metropolitan Division	2025	M10	October	45.2
SMU26476643000000007	Michigan	Warren-Troy-Farmington Hills, MI Metropolitan Division	2025	M09	September	45.3
SMU26476643000000007	Michigan	Warren-Troy-Farmington Hills, MI Metropolitan Division	2025	M08	August	44.9
SMU26476643000000007	Michigan	Warren-Troy-Farmington Hills, MI Metropolitan Division	2025	M07	July	43.0
SMU26476643000000007	Michigan	Warren-Troy-Farmington Hills, MI Metropolitan Division	2025	M06	June	43.8
SMU26476643000000007	Michigan	Warren-Troy-Farmington Hills, MI Metropolitan Division	2025	M05	May	43.0
SMU26476643000000007	Michigan	Warren-Troy-Farmington Hills, MI Metropolitan Division	2025	M04	April	42.5
SMU26476643000000007	Michigan	Warren-Troy-Farmington Hills, MI Metropolitan Division	2025	M03	March	42.5
SMU26476643000000007	Michigan	Warren-Troy-Farmington Hills, MI Metropolitan Division	2025	M02	February	41.6
SMU26476643000000007	Michigan	Warren-Troy-Farmington Hills, MI Metropolitan Division	2025	M01	January	40.6
SMU26476643000000007	Michigan	Warren-Troy-Farmington Hills, MI Metropolitan Division	2024	M12	December	42.9
SMU26476643000000007	Michigan	Warren-Troy-Farmington Hills, MI Metropolitan Division	2024	M11	November	42.4
SMU26476643000000007	Michigan	Warren-Troy-Farmington Hills, MI Metropolitan Division	2024	M10	October	43.3
SMU26476643000000007	Michigan	Warren-Troy-Farmington Hills, MI Metropolitan Division	2024	M09	September	43.3
SMU26476643000000007	Michigan	Warren-Troy-Farmington Hills, MI Metropolitan Division	2024	M08	August	42.6
SMU26476643000000007	Michigan	Warren-Troy-Farmington Hills, MI Metropolitan Division	2024	M07	July	40.7
SMU26476643000000007	Michigan	Warren-Troy-Farmington Hills, MI Metropolitan Division	2024	M06	June	41.7
SMU26476643000000007	Michigan	Warren-Troy-Farmington Hills, MI Metropolitan Division	2024	M05	May	42.0
SMU26476643000000007	Michigan	Warren-Troy-Farmington Hills, MI Metropolitan Division	2024	M04	April	42.3
SMU26476643000000007	Michigan	Warren-Troy-Farmington Hills, MI Metropolitan Division	2024	M03	March	42.6
SMU26476643000000007	Michigan	Warren-Troy-Farmington Hills, MI Metropolitan Division	2024	M02	February	41.7
SMU26476643000000007	Michigan	Warren-Troy-Farmington Hills, MI Metropolitan Division	2024	M01	January	40.2
SMU26476643000000007	Michigan	Warren-Troy-Farmington Hills, MI Metropolitan Division	2023	M12	December	41.4
SMU26476643000000007	Michigan	Warren-Troy-Farmington Hills, MI Metropolitan Division	2023	M11	November	40.7
SMU26476643000000007	Michigan	Warren-Troy-Farmington Hills, MI Metropolitan Division	2023	M10	October	40.8
SMU26476643000000007	Michigan	Warren-Troy-Farmington Hills, MI Metropolitan Division	2023	M09	September	40.7
SMU26476643000000007	Michigan	Warren-Troy-Farmington Hills, MI Metropolitan Division	2023	M08	August	40.8
SMU26476643000000007	Michigan	Warren-Troy-Farmington Hills, MI Metropolitan Division	2023	M07	July	38.7
SMU26476643000000007	Michigan	Warren-Troy-Farmington Hills, MI Metropolitan Division	2023	M06	June	40.3
SMU26476643000000007	Michigan	Warren-Troy-Farmington Hills, MI Metropolitan Division	2023	M05	May	40.0
SMU26476643000000007	Michigan	Warren-Troy-Farmington Hills, MI Metropolitan Division	2023	M04	April	39.5
SMU26476643000000007	Michigan	Warren-Troy-Farmington Hills, MI Metropolitan Division	2023	M03	March	40.5
SMU26476643000000007	Michigan	Warren-Troy-Farmington Hills, MI Metropolitan Division	2023	M02	February	41.2
SMU26476643000000007	Michigan	Warren-Troy-Farmington Hills, MI Metropolitan Division	2023	M01	January	41.5
SMU26476643000000007	Michigan	Warren-Troy-Farmington Hills, MI Metropolitan Division	2022	M12	December	42.6
SMU26476643000000007	Michigan	Warren-Troy-Farmington Hills, MI Metropolitan Division	2022	M11	November	42.2
SMU26476643000000007	Michigan	Warren-Troy-Farmington Hills, MI Metropolitan Division	2022	M10	October	41.8
SMU26476643000000007	Michigan	Warren-Troy-Farmington Hills, MI Metropolitan Division	2022	M09	September	42.6
SMU26476643000000007	Michigan	Warren-Troy-Farmington Hills, MI Metropolitan Division	2022	M08	August	42.5
SMU26476643000000007	Michigan	Warren-Troy-Farmington Hills, MI Metropolitan Division	2022	M07	July	39.9
SMU26476643000000007	Michigan	Warren-Troy-Farmington Hills, MI Metropolitan Division	2022	M06	June	40.3
SMU26476643000000007	Michigan	Warren-Troy-Farmington Hills, MI Metropolitan Division	2022	M05	May	41.4
SMU26476643000000007	Michigan	Warren-Troy-Farmington Hills, MI Metropolitan Division	2022	M04	April	40.0
SMU26476643000000007	Michigan	Warren-Troy-Farmington Hills, MI Metropolitan Division	2022	M03	March	42.9
SMU26476643000000007	Michigan	Warren-Troy-Farmington Hills, MI Metropolitan Division	2022	M02	February	40.7
SMU26476643000000007	Michigan	Warren-Troy-Farmington Hills, MI Metropolitan Division	2022	M01	January	41.6
SMU26476643000000007	Michigan	Warren-Troy-Farmington Hills, MI Metropolitan Division	2021	M12	December	44.0
SMU26476643000000007	Michigan	Warren-Troy-Farmington Hills, MI Metropolitan Division	2021	M11	November	43.1
SMU26476643000000007	Michigan	Warren-Troy-Farmington Hills, MI Metropolitan Division	2021	M10	October	43.5
SMU26476643000000007	Michigan	Warren-Troy-Farmington Hills, MI Metropolitan Division	2021	M09	September	42.4
SMU26476643000000007	Michigan	Warren-Troy-Farmington Hills, MI Metropolitan Division	2021	M08	August	42.4
SMU26476643000000007	Michigan	Warren-Troy-Farmington Hills, MI Metropolitan Division	2021	M07	July	41.6
SMU26476643000000007	Michigan	Warren-Troy-Farmington Hills, MI Metropolitan Division	2021	M06	June	42.2
SMU26476643000000007	Michigan	Warren-Troy-Farmington Hills, MI Metropolitan Division	2021	M05	May	41.9
SMU26476643000000007	Michigan	Warren-Troy-Farmington Hills, MI Metropolitan Division	2021	M04	April	41.4
SMU26476643000000007	Michigan	Warren-Troy-Farmington Hills, MI Metropolitan Division	2021	M03	March	43.8
SMU26476643000000007	Michigan	Warren-Troy-Farmington Hills, MI Metropolitan Division	2021	M02	February	42.2
SMU26476643000000007	Michigan	Warren-Troy-Farmington Hills, MI Metropolitan Division	2021	M01	January	43.9
SMU26476643000000007	Michigan	Warren-Troy-Farmington Hills, MI Metropolitan Division	2020	M12	December	43.5
SMU26476643000000007	Michigan	Warren-Troy-Farmington Hills, MI Metropolitan Division	2020	M11	November	42.9
SMU26476643000000007	Michigan	Warren-Troy-Farmington Hills, MI Metropolitan Division	2020	M10	October	42.7
SMU26476643000000007	Michigan	Warren-Troy-Farmington Hills, MI Metropolitan Division	2020	M09	September	41.9
SMU26476643000000007	Michigan	Warren-Troy-Farmington Hills, MI Metropolitan Division	2020	M08	August	42.8
SMU26476643000000007	Michigan	Warren-Troy-Farmington Hills, MI Metropolitan Division	2020	M07	July	40.7
SMU26476643000000007	Michigan	Warren-Troy-Farmington Hills, MI Metropolitan Division	2020	M06	June	40.7
SMU26476643000000007	Michigan	Warren-Troy-Farmington Hills, MI Metropolitan Division	2020	M05	May	41.8
SMU26476643000000007	Michigan	Warren-Troy-Farmington Hills, MI Metropolitan Division	2020	M04	April	40.0
SMU26476643000000007	Michigan	Warren-Troy-Farmington Hills, MI Metropolitan Division	2020	M03	March	45.5
SMU26476643000000007	Michigan	Warren-Troy-Farmington Hills, MI Metropolitan Division	2020	M02	February	45.3
SMU26476643000000007	Michigan	Warren-Troy-Farmington Hills, MI Metropolitan Division	2020	M01	January	44.8
SMU26476643000000007	Michigan	Warren-Troy-Farmington Hills, MI Metropolitan Division	2019	M12	December	46.0
SMU26476643000000007	Michigan	Warren-Troy-Farmington Hills, MI Metropolitan Division	2019	M11	November	44.3
SMU26476643000000007	Michigan	Warren-Troy-Farmington Hills, MI Metropolitan Division	2019	M10	October	44.1
SMU26476643000000007	Michigan	Warren-Troy-Farmington Hills, MI Metropolitan Division	2019	M09	September	44.7
SMU26476643000000007	Michigan	Warren-Troy-Farmington Hills, MI Metropolitan Division	2019	M08	August	44.9
SMU26476643000000007	Michigan	Warren-Troy-Farmington Hills, MI Metropolitan Division	2019	M07	July	43.2
SMU26476643000000007	Michigan	Warren-Troy-Farmington Hills, MI Metropolitan Division	2019	M06	June	44.2
SMU26476643000000007	Michigan	Warren-Troy-Farmington Hills, MI Metropolitan Division	2019	M05	May	44.5
SMU26476643000000007	Michigan	Warren-Troy-Farmington Hills, MI Metropolitan Division	2019	M04	April	44.4
SMU26476643000000007	Michigan	Warren-Troy-Farmington Hills, MI Metropolitan Division	2019	M03	March	45.1
SMU26476643000000007	Michigan	Warren-Troy-Farmington Hills, MI Metropolitan Division	2019	M02	February	44.4
SMU26476643000000007	Michigan	Warren-Troy-Farmington Hills, MI Metropolitan Division	2019	M01	January	43.3
SMU26476643000000007	Michigan	Warren-Troy-Farmington Hills, MI Metropolitan Division	2018	M12	December	44.2
SMU26476643000000007	Michigan	Warren-Troy-Farmington Hills, MI Metropolitan Division	2018	M11	November	43.8
SMU26476643000000007	Michigan	Warren-Troy-Farmington Hills, MI Metropolitan Division	2018	M10	October	43.5
SMU26476643000000007	Michigan	Warren-Troy-Farmington Hills, MI Metropolitan Division	2018	M09	September	43.0
SMU26476643000000007	Michigan	Warren-Troy-Farmington Hills, MI Metropolitan Division	2018	M08	August	42.2
SMU26476643000000007	Michigan	Warren-Troy-Farmington Hills, MI Metropolitan Division	2018	M07	July	41.2
SMU26476643000000007	Michigan	Warren-Troy-Farmington Hills, MI Metropolitan Division	2018	M06	June	43.4
SMU26476643000000007	Michigan	Warren-Troy-Farmington Hills, MI Metropolitan Division	2018	M05	May	43.1
SMU26476643000000007	Michigan	Warren-Troy-Farmington Hills, MI Metropolitan Division	2018	M04	April	44.3
SMU26476643000000007	Michigan	Warren-Troy-Farmington Hills, MI Metropolitan Division	2018	M03	March	43.7
SMU26476643000000007	Michigan	Warren-Troy-Farmington Hills, MI Metropolitan Division	2018	M02	February	42.7
SMU26476643000000007	Michigan	Warren-Troy-Farmington Hills, MI Metropolitan Division	2018	M01	January	41.8
SMU26476643000000007	Michigan	Warren-Troy-Farmington Hills, MI Metropolitan Division	2017	M12	December	42.5
SMU26476643000000007	Michigan	Warren-Troy-Farmington Hills, MI Metropolitan Division	2017	M11	November	43.5
SMU26476643000000007	Michigan	Warren-Troy-Farmington Hills, MI Metropolitan Division	2017	M10	October	42.8
SMU26476643000000007	Michigan	Warren-Troy-Farmington Hills, MI Metropolitan Division	2017	M09	September	42.4
SMU26476643000000007	Michigan	Warren-Troy-Farmington Hills, MI Metropolitan Division	2017	M08	August	42.8
SMU26476643000000007	Michigan	Warren-Troy-Farmington Hills, MI Metropolitan Division	2017	M07	July	40.5
SMU26476643000000007	Michigan	Warren-Troy-Farmington Hills, MI Metropolitan Division	2017	M06	June	42.1
SMU26476643000000007	Michigan	Warren-Troy-Farmington Hills, MI Metropolitan Division	2017	M05	May	42.7
SMU26476643000000007	Michigan	Warren-Troy-Farmington Hills, MI Metropolitan Division	2017	M04	April	40.3
SMU26476643000000007	Michigan	Warren-Troy-Farmington Hills, MI Metropolitan Division	2017	M03	March	41.8
SMU26476643000000007	Michigan	Warren-Troy-Farmington Hills, MI Metropolitan Division	2017	M02	February	42.2
SMU26476643000000007	Michigan	Warren-Troy-Farmington Hills, MI Metropolitan Division	2017	M01	January	42.6
SMU26476643000000007	Michigan	Warren-Troy-Farmington Hills, MI Metropolitan Division	2016	M12	December	45.3
SMU26476643000000007	Michigan	Warren-Troy-Farmington Hills, MI Metropolitan Division	2016	M11	November	43.8
SMU26476643000000007	Michigan	Warren-Troy-Farmington Hills, MI Metropolitan Division	2016	M10	October	44.4
SMU26476643000000007	Michigan	Warren-Troy-Farmington Hills, MI Metropolitan Division	2016	M09	September	44.8
SMU26476643000000007	Michigan	Warren-Troy-Farmington Hills, MI Metropolitan Division	2016	M08	August	44.3
SMU26476643000000007	Michigan	Warren-Troy-Farmington Hills, MI Metropolitan Division	2016	M07	July	43.8
SMU26476643000000007	Michigan	Warren-Troy-Farmington Hills, MI Metropolitan Division	2016	M06	June	45.2
SMU26476643000000007	Michigan	Warren-Troy-Farmington Hills, MI Metropolitan Division	2016	M05	May	44.5
SMU26476643000000007	Michigan	Warren-Troy-Farmington Hills, MI Metropolitan Division	2016	M04	April	44.3
SMU26476643000000007	Michigan	Warren-Troy-Farmington Hills, MI Metropolitan Division	2016	M03	March	44.5
SMU26476643000000007	Michigan	Warren-Troy-Farmington Hills, MI Metropolitan Division	2016	M02	February	44.1
SMU26476643000000007	Michigan	Warren-Troy-Farmington Hills, MI Metropolitan Division	2016	M01	January	44.2
SMU26476643000000007	Michigan	Warren-Troy-Farmington Hills, MI Metropolitan Division	2015	M12	December	47.2
SMU26476643000000007	Michigan	Warren-Troy-Farmington Hills, MI Metropolitan Division	2015	M11	November	46.8
SMU26476643000000007	Michigan	Warren-Troy-Farmington Hills, MI Metropolitan Division	2015	M10	October	46.3
SMU26476643000000007	Michigan	Warren-Troy-Farmington Hills, MI Metropolitan Division	2015	M09	September	44.5
SMU26476643000000007	Michigan	Warren-Troy-Farmington Hills, MI Metropolitan Division	2015	M08	August	45.0
SMU26476643000000007	Michigan	Warren-Troy-Farmington Hills, MI Metropolitan Division	2015	M07	July	44.3
SMU26476643000000007	Michigan	Warren-Troy-Farmington Hills, MI Metropolitan Division	2015	M06	June	46.0
SMU26476643000000007	Michigan	Warren-Troy-Farmington Hills, MI Metropolitan Division	2015	M05	May	45.1
SMU26476643000000007	Michigan	Warren-Troy-Farmington Hills, MI Metropolitan Division	2015	M04	April	44.5
SMU26476643000000007	Michigan	Warren-Troy-Farmington Hills, MI Metropolitan Division	2015	M03	March	44.0
SMU26476643000000007	Michigan	Warren-Troy-Farmington Hills, MI Metropolitan Division	2015	M02	February	43.1
SMU26476643000000007	Michigan	Warren-Troy-Farmington Hills, MI Metropolitan Division	2015	M01	January	44.0
SMU26476643000000007	Michigan	Warren-Troy-Farmington Hills, MI Metropolitan Division	2014	M12	December	45.5
SMU26476643000000007	Michigan	Warren-Troy-Farmington Hills, MI Metropolitan Division	2014	M11	November	44.1
SMU26476643000000007	Michigan	Warren-Troy-Farmington Hills, MI Metropolitan Division	2014	M10	October	44.2
SMU26476643000000007	Michigan	Warren-Troy-Farmington Hills, MI Metropolitan Division	2014	M09	September	44.1
SMU26476643000000007	Michigan	Warren-Troy-Farmington Hills, MI Metropolitan Division	2014	M08	August	43.9
SMU26476643000000007	Michigan	Warren-Troy-Farmington Hills, MI Metropolitan Division	2014	M07	July	43.9
SMU26476643000000007	Michigan	Warren-Troy-Farmington Hills, MI Metropolitan Division	2014	M06	June	45.1
SMU26476643000000007	Michigan	Warren-Troy-Farmington Hills, MI Metropolitan Division	2014	M05	May	45.8
SMU26476643000000007	Michigan	Warren-Troy-Farmington Hills, MI Metropolitan Division	2014	M04	April	44.4
SMU26476643000000007	Michigan	Warren-Troy-Farmington Hills, MI Metropolitan Division	2014	M03	March	44.8
SMU26476643000000007	Michigan	Warren-Troy-Farmington Hills, MI Metropolitan Division	2014	M02	February	44.5
SMU26476643000000007	Michigan	Warren-Troy-Farmington Hills, MI Metropolitan Division	2014	M01	January	43.0
SMU26476643000000007	Michigan	Warren-Troy-Farmington Hills, MI Metropolitan Division	2013	M12	December	45.9
SMU26476643000000007	Michigan	Warren-Troy-Farmington Hills, MI Metropolitan Division	2013	M11	November	44.7
SMU26476643000000007	Michigan	Warren-Troy-Farmington Hills, MI Metropolitan Division	2013	M10	October	44.3
SMU26476643000000007	Michigan	Warren-Troy-Farmington Hills, MI Metropolitan Division	2013	M09	September	44.2
SMU26476643000000007	Michigan	Warren-Troy-Farmington Hills, MI Metropolitan Division	2013	M08	August	44.3
SMU26476643000000007	Michigan	Warren-Troy-Farmington Hills, MI Metropolitan Division	2013	M07	July	43.6
SMU26476643000000007	Michigan	Warren-Troy-Farmington Hills, MI Metropolitan Division	2013	M06	June	43.3
SMU26476643000000007	Michigan	Warren-Troy-Farmington Hills, MI Metropolitan Division	2013	M05	May	43.3
SMU26476643000000007	Michigan	Warren-Troy-Farmington Hills, MI Metropolitan Division	2013	M04	April	43.5
SMU26476643000000007	Michigan	Warren-Troy-Farmington Hills, MI Metropolitan Division	2013	M03	March	44.6
SMU26476643000000007	Michigan	Warren-Troy-Farmington Hills, MI Metropolitan Division	2013	M02	February	44.3
SMU26476643000000007	Michigan	Warren-Troy-Farmington Hills, MI Metropolitan Division	2013	M01	January	44.6
SMU26476643000000007	Michigan	Warren-Troy-Farmington Hills, MI Metropolitan Division	2012	M12	December	45.5
SMU26476643000000007	Michigan	Warren-Troy-Farmington Hills, MI Metropolitan Division	2012	M11	November	43.4
SMU26476643000000007	Michigan	Warren-Troy-Farmington Hills, MI Metropolitan Division	2012	M10	October	43.0
SMU26476643000000007	Michigan	Warren-Troy-Farmington Hills, MI Metropolitan Division	2012	M09	September	42.1
SMU26476643000000007	Michigan	Warren-Troy-Farmington Hills, MI Metropolitan Division	2012	M08	August	43.6
SMU26476643000000007	Michigan	Warren-Troy-Farmington Hills, MI Metropolitan Division	2012	M07	July	42.6
SMU26476643000000007	Michigan	Warren-Troy-Farmington Hills, MI Metropolitan Division	2012	M06	June	43.3
SMU26476643000000007	Michigan	Warren-Troy-Farmington Hills, MI Metropolitan Division	2012	M05	May	43.2
SMU26476643000000007	Michigan	Warren-Troy-Farmington Hills, MI Metropolitan Division	2012	M04	April	43.4
SMU26476643000000007	Michigan	Warren-Troy-Farmington Hills, MI Metropolitan Division	2012	M03	March	42.4
SMU26476643000000007	Michigan	Warren-Troy-Farmington Hills, MI Metropolitan Division	2012	M02	February	42.7
SMU26476643000000007	Michigan	Warren-Troy-Farmington Hills, MI Metropolitan Division	2012	M01	January	42.2
SMU26476643000000007	Michigan	Warren-Troy-Farmington Hills, MI Metropolitan Division	2011	M12	December	44.3
SMU26476643000000007	Michigan	Warren-Troy-Farmington Hills, MI Metropolitan Division	2011	M11	November	43.8
SMU26476643000000007	Michigan	Warren-Troy-Farmington Hills, MI Metropolitan Division	2011	M10	October	43.3
SMU26476643000000007	Michigan	Warren-Troy-Farmington Hills, MI Metropolitan Division	2011	M09	September	44.4
SMU26476643000000007	Michigan	Warren-Troy-Farmington Hills, MI Metropolitan Division	2011	M08	August	44.0
SMU26476643000000007	Michigan	Warren-Troy-Farmington Hills, MI Metropolitan Division	2011	M07	July	42.8
SMU26476643000000007	Michigan	Warren-Troy-Farmington Hills, MI Metropolitan Division	2011	M06	June	44.5
SMU26476643000000007	Michigan	Warren-Troy-Farmington Hills, MI Metropolitan Division	2011	M05	May	44.1
SMU26476643000000007	Michigan	Warren-Troy-Farmington Hills, MI Metropolitan Division	2011	M04	April	43.6
SMU26476643000000007	Michigan	Warren-Troy-Farmington Hills, MI Metropolitan Division	2011	M03	March	44.5
SMU26476643000000007	Michigan	Warren-Troy-Farmington Hills, MI Metropolitan Division	2011	M02	February	42.2
SMU26476643000000007	Michigan	Warren-Troy-Farmington Hills, MI Metropolitan Division	2011	M01	January	42.6
SMU26476643000000007	Michigan	Warren-Troy-Farmington Hills, MI Metropolitan Division	2010	M12	December	43.3
SMU26476643000000007	Michigan	Warren-Troy-Farmington Hills, MI Metropolitan Division	2010	M11	November	43.4
SMU26476643000000007	Michigan	Warren-Troy-Farmington Hills, MI Metropolitan Division	2010	M10	October	43.0
SMU26476643000000007	Michigan	Warren-Troy-Farmington Hills, MI Metropolitan Division	2010	M09	September	43.0
SMU26476643000000007	Michigan	Warren-Troy-Farmington Hills, MI Metropolitan Division	2010	M08	August	43.5
SMU26476643000000007	Michigan	Warren-Troy-Farmington Hills, MI Metropolitan Division	2010	M07	July	42.5
SMU26476643000000007	Michigan	Warren-Troy-Farmington Hills, MI Metropolitan Division	2010	M06	June	43.7
SMU26476643000000007	Michigan	Warren-Troy-Farmington Hills, MI Metropolitan Division	2010	M05	May	44.1
SMU26476643000000007	Michigan	Warren-Troy-Farmington Hills, MI Metropolitan Division	2010	M04	April	42.8
SMU26476643000000007	Michigan	Warren-Troy-Farmington Hills, MI Metropolitan Division	2010	M03	March	42.0
SMU26476643000000007	Michigan	Warren-Troy-Farmington Hills, MI Metropolitan Division	2010	M02	February	41.2
SMU26476643000000007	Michigan	Warren-Troy-Farmington Hills, MI Metropolitan Division	2010	M01	January	42.0
SMU26476643000000007	Michigan	Warren-Troy-Farmington Hills, MI Metropolitan Division	2009	M12	December	42.6
SMU26476643000000007	Michigan	Warren-Troy-Farmington Hills, MI Metropolitan Division	2009	M11	November	41.6
SMU26476643000000007	Michigan	Warren-Troy-Farmington Hills, MI Metropolitan Division	2009	M10	October	42.9
SMU26476643000000007	Michigan	Warren-Troy-Farmington Hills, MI Metropolitan Division	2009	M09	September	42.3
SMU26476643000000007	Michigan	Warren-Troy-Farmington Hills, MI Metropolitan Division	2009	M08	August	41.4
SMU26476643000000007	Michigan	Warren-Troy-Farmington Hills, MI Metropolitan Division	2009	M07	July	41.2
SMU26476643000000007	Michigan	Warren-Troy-Farmington Hills, MI Metropolitan Division	2009	M06	June	40.9
SMU26476643000000007	Michigan	Warren-Troy-Farmington Hills, MI Metropolitan Division	2009	M05	May	38.2
SMU26476643000000007	Michigan	Warren-Troy-Farmington Hills, MI Metropolitan Division	2009	M04	April	38.4
SMU26476643000000007	Michigan	Warren-Troy-Farmington Hills, MI Metropolitan Division	2009	M03	March	38.8
SMU26476643000000007	Michigan	Warren-Troy-Farmington Hills, MI Metropolitan Division	2009	M02	February	38.4
SMU26476643000000007	Michigan	Warren-Troy-Farmington Hills, MI Metropolitan Division	2009	M01	January	39.2
SMU26476643000000007	Michigan	Warren-Troy-Farmington Hills, MI Metropolitan Division	2008	M12	December	41.1
SMU26476643000000007	Michigan	Warren-Troy-Farmington Hills, MI Metropolitan Division	2008	M11	November	39.5
SMU26476643000000007	Michigan	Warren-Troy-Farmington Hills, MI Metropolitan Division	2008	M10	October	40.6
SMU26476643000000007	Michigan	Warren-Troy-Farmington Hills, MI Metropolitan Division	2008	M09	September	41.3
SMU26476643000000007	Michigan	Warren-Troy-Farmington Hills, MI Metropolitan Division	2008	M08	August	41.1
SMU26476643000000007	Michigan	Warren-Troy-Farmington Hills, MI Metropolitan Division	2008	M07	July	38.5
SMU26476643000000007	Michigan	Warren-Troy-Farmington Hills, MI Metropolitan Division	2008	M06	June	42.1
SMU26476643000000007	Michigan	Warren-Troy-Farmington Hills, MI Metropolitan Division	2008	M05	May	42.3
SMU26476643000000007	Michigan	Warren-Troy-Farmington Hills, MI Metropolitan Division	2008	M04	April	41.8
SMU26476643000000007	Michigan	Warren-Troy-Farmington Hills, MI Metropolitan Division	2008	M03	March	42.3
SMU26476643000000007	Michigan	Warren-Troy-Farmington Hills, MI Metropolitan Division	2008	M02	February	41.8
SMU26476643000000007	Michigan	Warren-Troy-Farmington Hills, MI Metropolitan Division	2008	M01	January	42.6
SMU26476643000000007	Michigan	Warren-Troy-Farmington Hills, MI Metropolitan Division	2007	M12	December	45.3
SMU26476643000000007	Michigan	Warren-Troy-Farmington Hills, MI Metropolitan Division	2007	M11	November	43.7
SMU26476643000000007	Michigan	Warren-Troy-Farmington Hills, MI Metropolitan Division	2007	M10	October	44.5
SMU26476643000000007	Michigan	Warren-Troy-Farmington Hills, MI Metropolitan Division	2007	M09	September	44.2
SMU26476643000000007	Michigan	Warren-Troy-Farmington Hills, MI Metropolitan Division	2007	M08	August	44.4
SMU26476643000000007	Michigan	Warren-Troy-Farmington Hills, MI Metropolitan Division	2007	M07	July	40.9
SMU26476643000000007	Michigan	Warren-Troy-Farmington Hills, MI Metropolitan Division	2007	M06	June	44.9
SMU26476643000000007	Michigan	Warren-Troy-Farmington Hills, MI Metropolitan Division	2007	M05	May	44.6
SMU26476643000000007	Michigan	Warren-Troy-Farmington Hills, MI Metropolitan Division	2007	M04	April	42.9
SMU26476643000000007	Michigan	Warren-Troy-Farmington Hills, MI Metropolitan Division	2007	M03	March	42.9
SMU26476643000000007	Michigan	Warren-Troy-Farmington Hills, MI Metropolitan Division	2007	M02	February	41.6
SMU26476643000000007	Michigan	Warren-Troy-Farmington Hills, MI Metropolitan Division	2007	M01	January	42.6
SMU08197403000000007	Colorado	Denver-Aurora-Centennial, CO	2025	M12	December	38.9
SMU08197403000000007	Colorado	Denver-Aurora-Centennial, CO	2025	M11	November	39.0
SMU08197403000000007	Colorado	Denver-Aurora-Centennial, CO	2025	M10	October	39.0
SMU08197403000000007	Colorado	Denver-Aurora-Centennial, CO	2025	M09	September	39.3
SMU08197403000000007	Colorado	Denver-Aurora-Centennial, CO	2025	M08	August	38.7
SMU08197403000000007	Colorado	Denver-Aurora-Centennial, CO	2025	M07	July	40.1
SMU08197403000000007	Colorado	Denver-Aurora-Centennial, CO	2025	M06	June	40.3
SMU08197403000000007	Colorado	Denver-Aurora-Centennial, CO	2025	M05	May	38.7
SMU08197403000000007	Colorado	Denver-Aurora-Centennial, CO	2025	M04	April	38.4
SMU08197403000000007	Colorado	Denver-Aurora-Centennial, CO	2025	M03	March	39.5
SMU08197403000000007	Colorado	Denver-Aurora-Centennial, CO	2025	M02	February	38.9
SMU08197403000000007	Colorado	Denver-Aurora-Centennial, CO	2025	M01	January	38.4
SMU08197403000000007	Colorado	Denver-Aurora-Centennial, CO	2024	M12	December	39.1
SMU08197403000000007	Colorado	Denver-Aurora-Centennial, CO	2024	M11	November	39.7
SMU08197403000000007	Colorado	Denver-Aurora-Centennial, CO	2024	M10	October	40.5
SMU08197403000000007	Colorado	Denver-Aurora-Centennial, CO	2024	M09	September	41.4
SMU08197403000000007	Colorado	Denver-Aurora-Centennial, CO	2024	M08	August	41.7
SMU08197403000000007	Colorado	Denver-Aurora-Centennial, CO	2024	M07	July	41.6
SMU08197403000000007	Colorado	Denver-Aurora-Centennial, CO	2024	M06	June	42.7
SMU08197403000000007	Colorado	Denver-Aurora-Centennial, CO	2024	M05	May	42.1
SMU08197403000000007	Colorado	Denver-Aurora-Centennial, CO	2024	M04	April	42.6
SMU08197403000000007	Colorado	Denver-Aurora-Centennial, CO	2024	M03	March	42.8
SMU08197403000000007	Colorado	Denver-Aurora-Centennial, CO	2024	M02	February	42.3
SMU08197403000000007	Colorado	Denver-Aurora-Centennial, CO	2024	M01	January	41.7
SMU08197403000000007	Colorado	Denver-Aurora-Centennial, CO	2023	M12	December	42.4
SMU08197403000000007	Colorado	Denver-Aurora-Centennial, CO	2023	M11	November	42.1
SMU08197403000000007	Colorado	Denver-Aurora-Centennial, CO	2023	M10	October	42.1
SMU08197403000000007	Colorado	Denver-Aurora-Centennial, CO	2023	M09	September	42.4
SMU08197403000000007	Colorado	Denver-Aurora-Centennial, CO	2023	M08	August	42.6
SMU08197403000000007	Colorado	Denver-Aurora-Centennial, CO	2023	M07	July	40.5
SMU08197403000000007	Colorado	Denver-Aurora-Centennial, CO	2023	M06	June	40.6
SMU08197403000000007	Colorado	Denver-Aurora-Centennial, CO	2023	M05	May	40.8
SMU08197403000000007	Colorado	Denver-Aurora-Centennial, CO	2023	M04	April	40.4
SMU08197403000000007	Colorado	Denver-Aurora-Centennial, CO	2023	M03	March	39.1
SMU08197403000000007	Colorado	Denver-Aurora-Centennial, CO	2023	M02	February	40.1
SMU08197403000000007	Colorado	Denver-Aurora-Centennial, CO	2023	M01	January	42.3
SMU08197403000000007	Colorado	Denver-Aurora-Centennial, CO	2022	M12	December	42.9
SMU08197403000000007	Colorado	Denver-Aurora-Centennial, CO	2022	M11	November	43.9
SMU08197403000000007	Colorado	Denver-Aurora-Centennial, CO	2022	M10	October	42.5
SMU08197403000000007	Colorado	Denver-Aurora-Centennial, CO	2022	M09	September	42.5
SMU08197403000000007	Colorado	Denver-Aurora-Centennial, CO	2022	M08	August	42.1
SMU08197403000000007	Colorado	Denver-Aurora-Centennial, CO	2022	M07	July	40.5
SMU08197403000000007	Colorado	Denver-Aurora-Centennial, CO	2022	M06	June	41.1
SMU08197403000000007	Colorado	Denver-Aurora-Centennial, CO	2022	M05	May	40.5
SMU08197403000000007	Colorado	Denver-Aurora-Centennial, CO	2022	M04	April	41.3
SMU08197403000000007	Colorado	Denver-Aurora-Centennial, CO	2022	M03	March	41.3
SMU08197403000000007	Colorado	Denver-Aurora-Centennial, CO	2022	M02	February	41.4
SMU08197403000000007	Colorado	Denver-Aurora-Centennial, CO	2022	M01	January	41.8
SMU08197403000000007	Colorado	Denver-Aurora-Centennial, CO	2021	M12	December	43.9
SMU08197403000000007	Colorado	Denver-Aurora-Centennial, CO	2021	M11	November	45.0
SMU08197403000000007	Colorado	Denver-Aurora-Centennial, CO	2021	M10	October	43.9
SMU08197403000000007	Colorado	Denver-Aurora-Centennial, CO	2021	M09	September	43.8
SMU08197403000000007	Colorado	Denver-Aurora-Centennial, CO	2021	M08	August	42.6
SMU08197403000000007	Colorado	Denver-Aurora-Centennial, CO	2021	M07	July	42.8
SMU08197403000000007	Colorado	Denver-Aurora-Centennial, CO	2021	M06	June	41.7
SMU08197403000000007	Colorado	Denver-Aurora-Centennial, CO	2021	M05	May	41.1
SMU08197403000000007	Colorado	Denver-Aurora-Centennial, CO	2021	M04	April	41.1
SMU08197403000000007	Colorado	Denver-Aurora-Centennial, CO	2021	M03	March	40.7
SMU08197403000000007	Colorado	Denver-Aurora-Centennial, CO	2021	M02	February	41.5
SMU08197403000000007	Colorado	Denver-Aurora-Centennial, CO	2021	M01	January	41.8
SMU08197403000000007	Colorado	Denver-Aurora-Centennial, CO	2020	M12	December	41.6
SMU08197403000000007	Colorado	Denver-Aurora-Centennial, CO	2020	M11	November	40.9
SMU08197403000000007	Colorado	Denver-Aurora-Centennial, CO	2020	M10	October	40.4
SMU08197403000000007	Colorado	Denver-Aurora-Centennial, CO	2020	M09	September	40.6
SMU08197403000000007	Colorado	Denver-Aurora-Centennial, CO	2020	M08	August	40.9
SMU08197403000000007	Colorado	Denver-Aurora-Centennial, CO	2020	M07	July	40.2
SMU08197403000000007	Colorado	Denver-Aurora-Centennial, CO	2020	M06	June	39.9
SMU08197403000000007	Colorado	Denver-Aurora-Centennial, CO	2020	M05	May	39.3
SMU08197403000000007	Colorado	Denver-Aurora-Centennial, CO	2020	M04	April	38.2
SMU08197403000000007	Colorado	Denver-Aurora-Centennial, CO	2020	M03	March	40.0
SMU08197403000000007	Colorado	Denver-Aurora-Centennial, CO	2020	M02	February	40.3
SMU08197403000000007	Colorado	Denver-Aurora-Centennial, CO	2020	M01	January	39.8
SMU08197403000000007	Colorado	Denver-Aurora-Centennial, CO	2019	M12	December	40.5
SMU08197403000000007	Colorado	Denver-Aurora-Centennial, CO	2019	M11	November	39.8
SMU08197403000000007	Colorado	Denver-Aurora-Centennial, CO	2019	M10	October	39.7
SMU08197403000000007	Colorado	Denver-Aurora-Centennial, CO	2019	M09	September	40.5
SMU08197403000000007	Colorado	Denver-Aurora-Centennial, CO	2019	M08	August	41.2
SMU08197403000000007	Colorado	Denver-Aurora-Centennial, CO	2019	M07	July	41.8
SMU08197403000000007	Colorado	Denver-Aurora-Centennial, CO	2019	M06	June	42.4
SMU08197403000000007	Colorado	Denver-Aurora-Centennial, CO	2019	M05	May	42.5
SMU08197403000000007	Colorado	Denver-Aurora-Centennial, CO	2019	M04	April	42.0
SMU08197403000000007	Colorado	Denver-Aurora-Centennial, CO	2019	M03	March	40.9
SMU08197403000000007	Colorado	Denver-Aurora-Centennial, CO	2019	M02	February	41.5
SMU08197403000000007	Colorado	Denver-Aurora-Centennial, CO	2019	M01	January	40.9
SMU08197403000000007	Colorado	Denver-Aurora-Centennial, CO	2018	M12	December	41.3
SMU08197403000000007	Colorado	Denver-Aurora-Centennial, CO	2018	M11	November	42.2
SMU08197403000000007	Colorado	Denver-Aurora-Centennial, CO	2018	M10	October	42.1
SMU08197403000000007	Colorado	Denver-Aurora-Centennial, CO	2018	M09	September	42.7
SMU08197403000000007	Colorado	Denver-Aurora-Centennial, CO	2018	M08	August	42.2
SMU08197403000000007	Colorado	Denver-Aurora-Centennial, CO	2018	M07	July	42.2
SMU08197403000000007	Colorado	Denver-Aurora-Centennial, CO	2018	M06	June	40.9
SMU08197403000000007	Colorado	Denver-Aurora-Centennial, CO	2018	M05	May	40.6
SMU08197403000000007	Colorado	Denver-Aurora-Centennial, CO	2018	M04	April	40.6
SMU08197403000000007	Colorado	Denver-Aurora-Centennial, CO	2018	M03	March	41.5
SMU08197403000000007	Colorado	Denver-Aurora-Centennial, CO	2018	M02	February	41.3
SMU08197403000000007	Colorado	Denver-Aurora-Centennial, CO	2018	M01	January	42.0
SMU08197403000000007	Colorado	Denver-Aurora-Centennial, CO	2017	M12	December	42.6
SMU08197403000000007	Colorado	Denver-Aurora-Centennial, CO	2017	M11	November	42.7
SMU08197403000000007	Colorado	Denver-Aurora-Centennial, CO	2017	M10	October	42.4
SMU08197403000000007	Colorado	Denver-Aurora-Centennial, CO	2017	M09	September	42.7
SMU08197403000000007	Colorado	Denver-Aurora-Centennial, CO	2017	M08	August	42.3
SMU08197403000000007	Colorado	Denver-Aurora-Centennial, CO	2017	M07	July	42.3
SMU08197403000000007	Colorado	Denver-Aurora-Centennial, CO	2017	M06	June	43.4
SMU08197403000000007	Colorado	Denver-Aurora-Centennial, CO	2017	M05	May	43.5
SMU08197403000000007	Colorado	Denver-Aurora-Centennial, CO	2017	M04	April	43.2
SMU08197403000000007	Colorado	Denver-Aurora-Centennial, CO	2017	M03	March	42.6
SMU08197403000000007	Colorado	Denver-Aurora-Centennial, CO	2017	M02	February	42.2
SMU08197403000000007	Colorado	Denver-Aurora-Centennial, CO	2017	M01	January	42.6
SMU08197403000000007	Colorado	Denver-Aurora-Centennial, CO	2016	M12	December	41.0
SMU08197403000000007	Colorado	Denver-Aurora-Centennial, CO	2016	M11	November	40.0
SMU08197403000000007	Colorado	Denver-Aurora-Centennial, CO	2016	M10	October	40.4
SMU08197403000000007	Colorado	Denver-Aurora-Centennial, CO	2016	M09	September	39.8
SMU08197403000000007	Colorado	Denver-Aurora-Centennial, CO	2016	M08	August	39.7
SMU08197403000000007	Colorado	Denver-Aurora-Centennial, CO	2016	M07	July	40.0
SMU08197403000000007	Colorado	Denver-Aurora-Centennial, CO	2016	M06	June	39.6
SMU08197403000000007	Colorado	Denver-Aurora-Centennial, CO	2016	M05	May	40.2
SMU08197403000000007	Colorado	Denver-Aurora-Centennial, CO	2016	M04	April	41.2
SMU08197403000000007	Colorado	Denver-Aurora-Centennial, CO	2016	M03	March	41.3
SMU08197403000000007	Colorado	Denver-Aurora-Centennial, CO	2016	M02	February	40.2
SMU08197403000000007	Colorado	Denver-Aurora-Centennial, CO	2016	M01	January	40.5
SMU08197403000000007	Colorado	Denver-Aurora-Centennial, CO	2015	M12	December	40.7
SMU08197403000000007	Colorado	Denver-Aurora-Centennial, CO	2015	M11	November	40.8
SMU08197403000000007	Colorado	Denver-Aurora-Centennial, CO	2015	M10	October	40.2
SMU08197403000000007	Colorado	Denver-Aurora-Centennial, CO	2015	M09	September	41.0
SMU08197403000000007	Colorado	Denver-Aurora-Centennial, CO	2015	M08	August	40.4
SMU08197403000000007	Colorado	Denver-Aurora-Centennial, CO	2015	M07	July	39.5
SMU08197403000000007	Colorado	Denver-Aurora-Centennial, CO	2015	M06	June	40.3
SMU08197403000000007	Colorado	Denver-Aurora-Centennial, CO	2015	M05	May	39.7
SMU08197403000000007	Colorado	Denver-Aurora-Centennial, CO	2015	M04	April	39.7
SMU08197403000000007	Colorado	Denver-Aurora-Centennial, CO	2015	M03	March	40.4
SMU08197403000000007	Colorado	Denver-Aurora-Centennial, CO	2015	M02	February	40.6
SMU08197403000000007	Colorado	Denver-Aurora-Centennial, CO	2015	M01	January	40.0
SMU08197403000000007	Colorado	Denver-Aurora-Centennial, CO	2014	M12	December	39.4
SMU08197403000000007	Colorado	Denver-Aurora-Centennial, CO	2014	M11	November	40.8
SMU08197403000000007	Colorado	Denver-Aurora-Centennial, CO	2014	M10	October	40.5
SMU08197403000000007	Colorado	Denver-Aurora-Centennial, CO	2014	M09	September	40.5
SMU08197403000000007	Colorado	Denver-Aurora-Centennial, CO	2014	M08	August	40.3
SMU08197403000000007	Colorado	Denver-Aurora-Centennial, CO	2014	M07	July	39.9
SMU08197403000000007	Colorado	Denver-Aurora-Centennial, CO	2014	M06	June	41.0
SMU08197403000000007	Colorado	Denver-Aurora-Centennial, CO	2014	M05	May	41.3
SMU08197403000000007	Colorado	Denver-Aurora-Centennial, CO	2014	M04	April	41.4
SMU08197403000000007	Colorado	Denver-Aurora-Centennial, CO	2014	M03	March	39.9
SMU08197403000000007	Colorado	Denver-Aurora-Centennial, CO	2014	M02	February	41.6
SMU08197403000000007	Colorado	Denver-Aurora-Centennial, CO	2014	M01	January	40.4
SMU08197403000000007	Colorado	Denver-Aurora-Centennial, CO	2013	M12	December	40.9
SMU08197403000000007	Colorado	Denver-Aurora-Centennial, CO	2013	M11	November	40.7
SMU08197403000000007	Colorado	Denver-Aurora-Centennial, CO	2013	M10	October	41.3
SMU08197403000000007	Colorado	Denver-Aurora-Centennial, CO	2013	M09	September	41.9
SMU08197403000000007	Colorado	Denver-Aurora-Centennial, CO	2013	M08	August	42.3
SMU08197403000000007	Colorado	Denver-Aurora-Centennial, CO	2013	M07	July	42.1
SMU08197403000000007	Colorado	Denver-Aurora-Centennial, CO	2013	M06	June	42.4
SMU08197403000000007	Colorado	Denver-Aurora-Centennial, CO	2013	M05	May	42.1
SMU08197403000000007	Colorado	Denver-Aurora-Centennial, CO	2013	M04	April	41.8
SMU08197403000000007	Colorado	Denver-Aurora-Centennial, CO	2013	M03	March	41.0
SMU08197403000000007	Colorado	Denver-Aurora-Centennial, CO	2013	M02	February	41.7
SMU08197403000000007	Colorado	Denver-Aurora-Centennial, CO	2013	M01	January	41.3
SMU08197403000000007	Colorado	Denver-Aurora-Centennial, CO	2012	M12	December	40.4
SMU08197403000000007	Colorado	Denver-Aurora-Centennial, CO	2012	M11	November	39.8
SMU08197403000000007	Colorado	Denver-Aurora-Centennial, CO	2012	M10	October	39.8
SMU08197403000000007	Colorado	Denver-Aurora-Centennial, CO	2012	M09	September	40.7
SMU08197403000000007	Colorado	Denver-Aurora-Centennial, CO	2012	M08	August	38.6
SMU08197403000000007	Colorado	Denver-Aurora-Centennial, CO	2012	M07	July	38.9
SMU08197403000000007	Colorado	Denver-Aurora-Centennial, CO	2012	M06	June	39.3
SMU08197403000000007	Colorado	Denver-Aurora-Centennial, CO	2012	M05	May	38.8
SMU08197403000000007	Colorado	Denver-Aurora-Centennial, CO	2012	M04	April	38.2
SMU08197403000000007	Colorado	Denver-Aurora-Centennial, CO	2012	M03	March	38.9
SMU08197403000000007	Colorado	Denver-Aurora-Centennial, CO	2012	M02	February	37.9
SMU08197403000000007	Colorado	Denver-Aurora-Centennial, CO	2012	M01	January	38.2
SMU08197403000000007	Colorado	Denver-Aurora-Centennial, CO	2011	M12	December	39.2
SMU08197403000000007	Colorado	Denver-Aurora-Centennial, CO	2011	M11	November	39.2
SMU08197403000000007	Colorado	Denver-Aurora-Centennial, CO	2011	M10	October	39.3
SMU08197403000000007	Colorado	Denver-Aurora-Centennial, CO	2011	M09	September	39.4
SMU08197403000000007	Colorado	Denver-Aurora-Centennial, CO	2011	M08	August	38.7
SMU08197403000000007	Colorado	Denver-Aurora-Centennial, CO	2011	M07	July	38.6
SMU08197403000000007	Colorado	Denver-Aurora-Centennial, CO	2011	M06	June	39.5
SMU08197403000000007	Colorado	Denver-Aurora-Centennial, CO	2011	M05	May	39.5
SMU08197403000000007	Colorado	Denver-Aurora-Centennial, CO	2011	M04	April	39.9
SMU08197403000000007	Colorado	Denver-Aurora-Centennial, CO	2011	M03	March	40.3
SMU08197403000000007	Colorado	Denver-Aurora-Centennial, CO	2011	M02	February	39.3
SMU08197403000000007	Colorado	Denver-Aurora-Centennial, CO	2011	M01	January	38.9
SMU08197403000000007	Colorado	Denver-Aurora-Centennial, CO	2010	M12	December	39.3
SMU08197403000000007	Colorado	Denver-Aurora-Centennial, CO	2010	M11	November	39.6
SMU08197403000000007	Colorado	Denver-Aurora-Centennial, CO	2010	M10	October	39.5
SMU08197403000000007	Colorado	Denver-Aurora-Centennial, CO	2010	M09	September	39.5
SMU08197403000000007	Colorado	Denver-Aurora-Centennial, CO	2010	M08	August	39.9
SMU08197403000000007	Colorado	Denver-Aurora-Centennial, CO	2010	M07	July	39.4
SMU08197403000000007	Colorado	Denver-Aurora-Centennial, CO	2010	M06	June	40.1
SMU08197403000000007	Colorado	Denver-Aurora-Centennial, CO	2010	M05	May	39.9
SMU08197403000000007	Colorado	Denver-Aurora-Centennial, CO	2010	M04	April	39.0
SMU08197403000000007	Colorado	Denver-Aurora-Centennial, CO	2010	M03	March	39.2
SMU08197403000000007	Colorado	Denver-Aurora-Centennial, CO	2010	M02	February	39.3
SMU08197403000000007	Colorado	Denver-Aurora-Centennial, CO	2010	M01	January	38.9
SMU08197403000000007	Colorado	Denver-Aurora-Centennial, CO	2009	M12	December	39.1
SMU08197403000000007	Colorado	Denver-Aurora-Centennial, CO	2009	M11	November	40.0
SMU08197403000000007	Colorado	Denver-Aurora-Centennial, CO	2009	M10	October	39.7
SMU08197403000000007	Colorado	Denver-Aurora-Centennial, CO	2009	M09	September	39.5
SMU08197403000000007	Colorado	Denver-Aurora-Centennial, CO	2009	M08	August	39.9
SMU08197403000000007	Colorado	Denver-Aurora-Centennial, CO	2009	M07	July	39.8
SMU08197403000000007	Colorado	Denver-Aurora-Centennial, CO	2009	M06	June	40.6
SMU08197403000000007	Colorado	Denver-Aurora-Centennial, CO	2009	M05	May	40.4
SMU08197403000000007	Colorado	Denver-Aurora-Centennial, CO	2009	M04	April	40.3
SMU08197403000000007	Colorado	Denver-Aurora-Centennial, CO	2009	M03	March	40.1
SMU08197403000000007	Colorado	Denver-Aurora-Centennial, CO	2009	M02	February	39.7
SMU08197403000000007	Colorado	Denver-Aurora-Centennial, CO	2009	M01	January	39.5
SMU08197403000000007	Colorado	Denver-Aurora-Centennial, CO	2008	M12	December	40.3
SMU08197403000000007	Colorado	Denver-Aurora-Centennial, CO	2008	M11	November	40.3
SMU08197403000000007	Colorado	Denver-Aurora-Centennial, CO	2008	M10	October	40.4
SMU08197403000000007	Colorado	Denver-Aurora-Centennial, CO	2008	M09	September	40.6
SMU08197403000000007	Colorado	Denver-Aurora-Centennial, CO	2008	M08	August	40.9
SMU08197403000000007	Colorado	Denver-Aurora-Centennial, CO	2008	M07	July	40.7
SMU08197403000000007	Colorado	Denver-Aurora-Centennial, CO	2008	M06	June	41.0
SMU08197403000000007	Colorado	Denver-Aurora-Centennial, CO	2008	M05	May	41.1
SMU08197403000000007	Colorado	Denver-Aurora-Centennial, CO	2008	M04	April	40.4
SMU08197403000000007	Colorado	Denver-Aurora-Centennial, CO	2008	M03	March	40.2
SMU08197403000000007	Colorado	Denver-Aurora-Centennial, CO	2008	M02	February	39.8
SMU08197403000000007	Colorado	Denver-Aurora-Centennial, CO	2008	M01	January	39.6
SMU08197403000000007	Colorado	Denver-Aurora-Centennial, CO	2007	M12	December	40.5
SMU08197403000000007	Colorado	Denver-Aurora-Centennial, CO	2007	M11	November	40.5
SMU08197403000000007	Colorado	Denver-Aurora-Centennial, CO	2007	M10	October	40.6
SMU08197403000000007	Colorado	Denver-Aurora-Centennial, CO	2007	M09	September	40.7
SMU08197403000000007	Colorado	Denver-Aurora-Centennial, CO	2007	M08	August	41.4
SMU08197403000000007	Colorado	Denver-Aurora-Centennial, CO	2007	M07	July	41.5
SMU08197403000000007	Colorado	Denver-Aurora-Centennial, CO	2007	M06	June	41.9
SMU08197403000000007	Colorado	Denver-Aurora-Centennial, CO	2007	M05	May	41.9
SMU08197403000000007	Colorado	Denver-Aurora-Centennial, CO	2007	M04	April	42.0
SMU08197403000000007	Colorado	Denver-Aurora-Centennial, CO	2007	M03	March	41.2
SMU08197403000000007	Colorado	Denver-Aurora-Centennial, CO	2007	M02	February	40.1
SMU08197403000000007	Colorado	Denver-Aurora-Centennial, CO	2007	M01	January	40.2
SMU55333403000000007	Wisconsin	Milwaukee-Waukesha, WI	2025	M12	December	35.9
SMU55333403000000007	Wisconsin	Milwaukee-Waukesha, WI	2025	M11	November	34.9
SMU55333403000000007	Wisconsin	Milwaukee-Waukesha, WI	2025	M10	October	34.9
SMU55333403000000007	Wisconsin	Milwaukee-Waukesha, WI	2025	M09	September	33.6
SMU55333403000000007	Wisconsin	Milwaukee-Waukesha, WI	2025	M08	August	34.8
SMU55333403000000007	Wisconsin	Milwaukee-Waukesha, WI	2025	M07	July	35.0
SMU55333403000000007	Wisconsin	Milwaukee-Waukesha, WI	2025	M06	June	33.9
SMU55333403000000007	Wisconsin	Milwaukee-Waukesha, WI	2025	M05	May	34.4
SMU55333403000000007	Wisconsin	Milwaukee-Waukesha, WI	2025	M04	April	34.7
SMU55333403000000007	Wisconsin	Milwaukee-Waukesha, WI	2025	M03	March	34.0
SMU55333403000000007	Wisconsin	Milwaukee-Waukesha, WI	2025	M02	February	33.5
SMU55333403000000007	Wisconsin	Milwaukee-Waukesha, WI	2025	M01	January	34.4
SMU55333403000000007	Wisconsin	Milwaukee-Waukesha, WI	2024	M12	December	35.3
SMU55333403000000007	Wisconsin	Milwaukee-Waukesha, WI	2024	M11	November	36.5
SMU55333403000000007	Wisconsin	Milwaukee-Waukesha, WI	2024	M10	October	36.3
SMU55333403000000007	Wisconsin	Milwaukee-Waukesha, WI	2024	M09	September	36.2
SMU55333403000000007	Wisconsin	Milwaukee-Waukesha, WI	2024	M08	August	36.2
SMU55333403000000007	Wisconsin	Milwaukee-Waukesha, WI	2024	M07	July	36.2
SMU55333403000000007	Wisconsin	Milwaukee-Waukesha, WI	2024	M06	June	36.4
SMU55333403000000007	Wisconsin	Milwaukee-Waukesha, WI	2024	M05	May	35.0
SMU55333403000000007	Wisconsin	Milwaukee-Waukesha, WI	2024	M04	April	36.7
SMU55333403000000007	Wisconsin	Milwaukee-Waukesha, WI	2024	M03	March	35.7
SMU55333403000000007	Wisconsin	Milwaukee-Waukesha, WI	2024	M02	February	34.2
SMU55333403000000007	Wisconsin	Milwaukee-Waukesha, WI	2024	M01	January	33.2
SMU55333403000000007	Wisconsin	Milwaukee-Waukesha, WI	2023	M12	December	33.2
SMU55333403000000007	Wisconsin	Milwaukee-Waukesha, WI	2023	M11	November	34.6
SMU55333403000000007	Wisconsin	Milwaukee-Waukesha, WI	2023	M10	October	33.3
SMU55333403000000007	Wisconsin	Milwaukee-Waukesha, WI	2023	M09	September	35.2
SMU55333403000000007	Wisconsin	Milwaukee-Waukesha, WI	2023	M08	August	35.6
SMU55333403000000007	Wisconsin	Milwaukee-Waukesha, WI	2023	M07	July	36.7
SMU55333403000000007	Wisconsin	Milwaukee-Waukesha, WI	2023	M06	June	34.9
SMU55333403000000007	Wisconsin	Milwaukee-Waukesha, WI	2023	M05	May	34.8
SMU55333403000000007	Wisconsin	Milwaukee-Waukesha, WI	2023	M04	April	33.1
SMU55333403000000007	Wisconsin	Milwaukee-Waukesha, WI	2023	M03	March	34.8
SMU55333403000000007	Wisconsin	Milwaukee-Waukesha, WI	2023	M02	February	36.3
SMU55333403000000007	Wisconsin	Milwaukee-Waukesha, WI	2023	M01	January	37.0
SMU55333403000000007	Wisconsin	Milwaukee-Waukesha, WI	2022	M12	December	35.5
SMU55333403000000007	Wisconsin	Milwaukee-Waukesha, WI	2022	M11	November	37.9
SMU55333403000000007	Wisconsin	Milwaukee-Waukesha, WI	2022	M10	October	37.4
SMU55333403000000007	Wisconsin	Milwaukee-Waukesha, WI	2022	M09	September	35.5
SMU55333403000000007	Wisconsin	Milwaukee-Waukesha, WI	2022	M08	August	36.4
SMU55333403000000007	Wisconsin	Milwaukee-Waukesha, WI	2022	M07	July	34.5
SMU55333403000000007	Wisconsin	Milwaukee-Waukesha, WI	2022	M06	June	35.0
SMU55333403000000007	Wisconsin	Milwaukee-Waukesha, WI	2022	M05	May	36.0
SMU55333403000000007	Wisconsin	Milwaukee-Waukesha, WI	2022	M04	April	34.8
SMU55333403000000007	Wisconsin	Milwaukee-Waukesha, WI	2022	M03	March	36.0
SMU55333403000000007	Wisconsin	Milwaukee-Waukesha, WI	2022	M02	February	35.9
SMU55333403000000007	Wisconsin	Milwaukee-Waukesha, WI	2022	M01	January	36.5
SMU55333403000000007	Wisconsin	Milwaukee-Waukesha, WI	2021	M12	December	37.3
SMU55333403000000007	Wisconsin	Milwaukee-Waukesha, WI	2021	M11	November	38.9
SMU55333403000000007	Wisconsin	Milwaukee-Waukesha, WI	2021	M10	October	38.9
SMU55333403000000007	Wisconsin	Milwaukee-Waukesha, WI	2021	M09	September	38.6
SMU55333403000000007	Wisconsin	Milwaukee-Waukesha, WI	2021	M08	August	39.9
SMU55333403000000007	Wisconsin	Milwaukee-Waukesha, WI	2021	M07	July	40.9
SMU55333403000000007	Wisconsin	Milwaukee-Waukesha, WI	2021	M06	June	40.2
SMU55333403000000007	Wisconsin	Milwaukee-Waukesha, WI	2021	M05	May	40.6
SMU55333403000000007	Wisconsin	Milwaukee-Waukesha, WI	2021	M04	April	41.1
SMU55333403000000007	Wisconsin	Milwaukee-Waukesha, WI	2021	M03	March	41.8
SMU55333403000000007	Wisconsin	Milwaukee-Waukesha, WI	2021	M02	February	40.5
SMU55333403000000007	Wisconsin	Milwaukee-Waukesha, WI	2021	M01	January	41.7
SMU55333403000000007	Wisconsin	Milwaukee-Waukesha, WI	2020	M12	December	42.2
SMU55333403000000007	Wisconsin	Milwaukee-Waukesha, WI	2020	M11	November	40.8
SMU55333403000000007	Wisconsin	Milwaukee-Waukesha, WI	2020	M10	October	41.1
SMU55333403000000007	Wisconsin	Milwaukee-Waukesha, WI	2020	M09	September	39.3
SMU55333403000000007	Wisconsin	Milwaukee-Waukesha, WI	2020	M08	August	39.7
SMU55333403000000007	Wisconsin	Milwaukee-Waukesha, WI	2020	M07	July	37.7
SMU55333403000000007	Wisconsin	Milwaukee-Waukesha, WI	2020	M06	June	37.2
SMU55333403000000007	Wisconsin	Milwaukee-Waukesha, WI	2020	M05	May	36.8
SMU55333403000000007	Wisconsin	Milwaukee-Waukesha, WI	2020	M04	April	37.8
SMU55333403000000007	Wisconsin	Milwaukee-Waukesha, WI	2020	M03	March	40.1
SMU55333403000000007	Wisconsin	Milwaukee-Waukesha, WI	2020	M02	February	41.1
SMU55333403000000007	Wisconsin	Milwaukee-Waukesha, WI	2020	M01	January	40.8
SMU55333403000000007	Wisconsin	Milwaukee-Waukesha, WI	2019	M12	December	41.3
SMU55333403000000007	Wisconsin	Milwaukee-Waukesha, WI	2019	M11	November	41.6
SMU55333403000000007	Wisconsin	Milwaukee-Waukesha, WI	2019	M10	October	41.6
SMU55333403000000007	Wisconsin	Milwaukee-Waukesha, WI	2019	M09	September	41.6
SMU55333403000000007	Wisconsin	Milwaukee-Waukesha, WI	2019	M08	August	41.5
SMU55333403000000007	Wisconsin	Milwaukee-Waukesha, WI	2019	M07	July	39.4
SMU55333403000000007	Wisconsin	Milwaukee-Waukesha, WI	2019	M06	June	41.8
SMU55333403000000007	Wisconsin	Milwaukee-Waukesha, WI	2019	M05	May	41.2
SMU55333403000000007	Wisconsin	Milwaukee-Waukesha, WI	2019	M04	April	42.3
SMU55333403000000007	Wisconsin	Milwaukee-Waukesha, WI	2019	M03	March	42.4
SMU55333403000000007	Wisconsin	Milwaukee-Waukesha, WI	2019	M02	February	42.9
SMU55333403000000007	Wisconsin	Milwaukee-Waukesha, WI	2019	M01	January	43.7
SMU55333403000000007	Wisconsin	Milwaukee-Waukesha, WI	2018	M12	December	43.5
SMU55333403000000007	Wisconsin	Milwaukee-Waukesha, WI	2018	M11	November	41.8
SMU55333403000000007	Wisconsin	Milwaukee-Waukesha, WI	2018	M10	October	42.6
SMU55333403000000007	Wisconsin	Milwaukee-Waukesha, WI	2018	M09	September	43.7
SMU55333403000000007	Wisconsin	Milwaukee-Waukesha, WI	2018	M08	August	42.9
SMU55333403000000007	Wisconsin	Milwaukee-Waukesha, WI	2018	M07	July	43.4
SMU55333403000000007	Wisconsin	Milwaukee-Waukesha, WI	2018	M06	June	41.9
SMU55333403000000007	Wisconsin	Milwaukee-Waukesha, WI	2018	M05	May	42.9
SMU55333403000000007	Wisconsin	Milwaukee-Waukesha, WI	2018	M04	April	42.4
SMU55333403000000007	Wisconsin	Milwaukee-Waukesha, WI	2018	M03	March	41.9
SMU55333403000000007	Wisconsin	Milwaukee-Waukesha, WI	2018	M02	February	41.9
SMU55333403000000007	Wisconsin	Milwaukee-Waukesha, WI	2018	M01	January	42.7
SMU55333403000000007	Wisconsin	Milwaukee-Waukesha, WI	2017	M12	December	43.4
SMU55333403000000007	Wisconsin	Milwaukee-Waukesha, WI	2017	M11	November	43.6
SMU55333403000000007	Wisconsin	Milwaukee-Waukesha, WI	2017	M10	October	42.8
SMU55333403000000007	Wisconsin	Milwaukee-Waukesha, WI	2017	M09	September	41.8
SMU55333403000000007	Wisconsin	Milwaukee-Waukesha, WI	2017	M08	August	41.5
SMU55333403000000007	Wisconsin	Milwaukee-Waukesha, WI	2017	M07	July	40.9
SMU55333403000000007	Wisconsin	Milwaukee-Waukesha, WI	2017	M06	June	40.5
SMU55333403000000007	Wisconsin	Milwaukee-Waukesha, WI	2017	M05	May	41.0
SMU55333403000000007	Wisconsin	Milwaukee-Waukesha, WI	2017	M04	April	40.4
SMU55333403000000007	Wisconsin	Milwaukee-Waukesha, WI	2017	M03	March	40.5
SMU55333403000000007	Wisconsin	Milwaukee-Waukesha, WI	2017	M02	February	41.4
SMU55333403000000007	Wisconsin	Milwaukee-Waukesha, WI	2017	M01	January	42.6
SMU55333403000000007	Wisconsin	Milwaukee-Waukesha, WI	2016	M12	December	41.4
SMU55333403000000007	Wisconsin	Milwaukee-Waukesha, WI	2016	M11	November	41.8
SMU55333403000000007	Wisconsin	Milwaukee-Waukesha, WI	2016	M10	October	40.4
SMU55333403000000007	Wisconsin	Milwaukee-Waukesha, WI	2016	M09	September	40.9
SMU55333403000000007	Wisconsin	Milwaukee-Waukesha, WI	2016	M08	August	40.8
SMU55333403000000007	Wisconsin	Milwaukee-Waukesha, WI	2016	M07	July	40.3
SMU55333403000000007	Wisconsin	Milwaukee-Waukesha, WI	2016	M06	June	40.7
SMU55333403000000007	Wisconsin	Milwaukee-Waukesha, WI	2016	M05	May	41.4
SMU55333403000000007	Wisconsin	Milwaukee-Waukesha, WI	2016	M04	April	41.3
SMU55333403000000007	Wisconsin	Milwaukee-Waukesha, WI	2016	M03	March	41.3
SMU55333403000000007	Wisconsin	Milwaukee-Waukesha, WI	2016	M02	February	41.1
SMU55333403000000007	Wisconsin	Milwaukee-Waukesha, WI	2016	M01	January	42.6
SMU55333403000000007	Wisconsin	Milwaukee-Waukesha, WI	2015	M12	December	43.5
SMU55333403000000007	Wisconsin	Milwaukee-Waukesha, WI	2015	M11	November	42.3
SMU55333403000000007	Wisconsin	Milwaukee-Waukesha, WI	2015	M10	October	41.9
SMU55333403000000007	Wisconsin	Milwaukee-Waukesha, WI	2015	M09	September	40.7
SMU55333403000000007	Wisconsin	Milwaukee-Waukesha, WI	2015	M08	August	41.1
SMU55333403000000007	Wisconsin	Milwaukee-Waukesha, WI	2015	M07	July	40.8
SMU55333403000000007	Wisconsin	Milwaukee-Waukesha, WI	2015	M06	June	41.7
SMU55333403000000007	Wisconsin	Milwaukee-Waukesha, WI	2015	M05	May	41.9
SMU55333403000000007	Wisconsin	Milwaukee-Waukesha, WI	2015	M04	April	41.7
SMU55333403000000007	Wisconsin	Milwaukee-Waukesha, WI	2015	M03	March	41.1
SMU55333403000000007	Wisconsin	Milwaukee-Waukesha, WI	2015	M02	February	41.4
SMU55333403000000007	Wisconsin	Milwaukee-Waukesha, WI	2015	M01	January	41.2
SMU55333403000000007	Wisconsin	Milwaukee-Waukesha, WI	2014	M12	December	42.2
SMU55333403000000007	Wisconsin	Milwaukee-Waukesha, WI	2014	M11	November	41.4
SMU55333403000000007	Wisconsin	Milwaukee-Waukesha, WI	2014	M10	October	42.2
SMU55333403000000007	Wisconsin	Milwaukee-Waukesha, WI	2014	M09	September	42.3
SMU55333403000000007	Wisconsin	Milwaukee-Waukesha, WI	2014	M08	August	41.8
SMU55333403000000007	Wisconsin	Milwaukee-Waukesha, WI	2014	M07	July	41.1
SMU55333403000000007	Wisconsin	Milwaukee-Waukesha, WI	2014	M06	June	41.7
SMU55333403000000007	Wisconsin	Milwaukee-Waukesha, WI	2014	M05	May	40.8
SMU55333403000000007	Wisconsin	Milwaukee-Waukesha, WI	2014	M04	April	41.5
SMU55333403000000007	Wisconsin	Milwaukee-Waukesha, WI	2014	M03	March	41.2
SMU55333403000000007	Wisconsin	Milwaukee-Waukesha, WI	2014	M02	February	41.5
SMU55333403000000007	Wisconsin	Milwaukee-Waukesha, WI	2014	M01	January	40.4
SMU55333403000000007	Wisconsin	Milwaukee-Waukesha, WI	2013	M12	December	42.2
SMU55333403000000007	Wisconsin	Milwaukee-Waukesha, WI	2013	M11	November	41.2
SMU55333403000000007	Wisconsin	Milwaukee-Waukesha, WI	2013	M10	October	43.0
SMU55333403000000007	Wisconsin	Milwaukee-Waukesha, WI	2013	M09	September	41.8
SMU55333403000000007	Wisconsin	Milwaukee-Waukesha, WI	2013	M08	August	42.2
SMU55333403000000007	Wisconsin	Milwaukee-Waukesha, WI	2013	M07	July	42.3
SMU55333403000000007	Wisconsin	Milwaukee-Waukesha, WI	2013	M06	June	42.7
SMU55333403000000007	Wisconsin	Milwaukee-Waukesha, WI	2013	M05	May	42.4
SMU55333403000000007	Wisconsin	Milwaukee-Waukesha, WI	2013	M04	April	43.2
SMU55333403000000007	Wisconsin	Milwaukee-Waukesha, WI	2013	M03	March	44.2
SMU55333403000000007	Wisconsin	Milwaukee-Waukesha, WI	2013	M02	February	44.0
SMU55333403000000007	Wisconsin	Milwaukee-Waukesha, WI	2013	M01	January	43.9
SMU55333403000000007	Wisconsin	Milwaukee-Waukesha, WI	2012	M12	December	43.7
SMU55333403000000007	Wisconsin	Milwaukee-Waukesha, WI	2012	M11	November	42.7
SMU55333403000000007	Wisconsin	Milwaukee-Waukesha, WI	2012	M10	October	43.0
SMU55333403000000007	Wisconsin	Milwaukee-Waukesha, WI	2012	M09	September	43.1
SMU55333403000000007	Wisconsin	Milwaukee-Waukesha, WI	2012	M08	August	43.0
SMU55333403000000007	Wisconsin	Milwaukee-Waukesha, WI	2012	M07	July	42.7
SMU55333403000000007	Wisconsin	Milwaukee-Waukesha, WI	2012	M06	June	42.7
SMU55333403000000007	Wisconsin	Milwaukee-Waukesha, WI	2012	M05	May	42.8
SMU55333403000000007	Wisconsin	Milwaukee-Waukesha, WI	2012	M04	April	42.0
SMU55333403000000007	Wisconsin	Milwaukee-Waukesha, WI	2012	M03	March	42.3
SMU55333403000000007	Wisconsin	Milwaukee-Waukesha, WI	2012	M02	February	41.6
SMU55333403000000007	Wisconsin	Milwaukee-Waukesha, WI	2012	M01	January	42.0
SMU55333403000000007	Wisconsin	Milwaukee-Waukesha, WI	2011	M12	December	43.6
SMU55333403000000007	Wisconsin	Milwaukee-Waukesha, WI	2011	M11	November	43.3
SMU55333403000000007	Wisconsin	Milwaukee-Waukesha, WI	2011	M10	October	43.3
SMU55333403000000007	Wisconsin	Milwaukee-Waukesha, WI	2011	M09	September	42.2
SMU55333403000000007	Wisconsin	Milwaukee-Waukesha, WI	2011	M08	August	42.7
SMU55333403000000007	Wisconsin	Milwaukee-Waukesha, WI	2011	M07	July	41.8
SMU55333403000000007	Wisconsin	Milwaukee-Waukesha, WI	2011	M06	June	42.2
SMU55333403000000007	Wisconsin	Milwaukee-Waukesha, WI	2011	M05	May	41.6
SMU55333403000000007	Wisconsin	Milwaukee-Waukesha, WI	2011	M04	April	41.7
SMU55333403000000007	Wisconsin	Milwaukee-Waukesha, WI	2011	M03	March	42.0
SMU55333403000000007	Wisconsin	Milwaukee-Waukesha, WI	2011	M02	February	42.1
SMU55333403000000007	Wisconsin	Milwaukee-Waukesha, WI	2011	M01	January	43.1
SMU55333403000000007	Wisconsin	Milwaukee-Waukesha, WI	2010	M12	December	44.9
SMU55333403000000007	Wisconsin	Milwaukee-Waukesha, WI	2010	M11	November	41.6
SMU55333403000000007	Wisconsin	Milwaukee-Waukesha, WI	2010	M10	October	41.5
SMU55333403000000007	Wisconsin	Milwaukee-Waukesha, WI	2010	M09	September	40.6
SMU55333403000000007	Wisconsin	Milwaukee-Waukesha, WI	2010	M08	August	41.9
SMU55333403000000007	Wisconsin	Milwaukee-Waukesha, WI	2010	M07	July	40.4
SMU55333403000000007	Wisconsin	Milwaukee-Waukesha, WI	2010	M06	June	41.3
SMU55333403000000007	Wisconsin	Milwaukee-Waukesha, WI	2010	M05	May	41.3
SMU55333403000000007	Wisconsin	Milwaukee-Waukesha, WI	2010	M04	April	41.2
SMU55333403000000007	Wisconsin	Milwaukee-Waukesha, WI	2010	M03	March	41.8
SMU55333403000000007	Wisconsin	Milwaukee-Waukesha, WI	2010	M02	February	40.0
SMU55333403000000007	Wisconsin	Milwaukee-Waukesha, WI	2010	M01	January	41.3
SMU55333403000000007	Wisconsin	Milwaukee-Waukesha, WI	2009	M12	December	42.9
SMU55333403000000007	Wisconsin	Milwaukee-Waukesha, WI	2009	M11	November	40.4
SMU55333403000000007	Wisconsin	Milwaukee-Waukesha, WI	2009	M10	October	39.4
SMU55333403000000007	Wisconsin	Milwaukee-Waukesha, WI	2009	M09	September	36.8
SMU55333403000000007	Wisconsin	Milwaukee-Waukesha, WI	2009	M08	August	37.3
SMU55333403000000007	Wisconsin	Milwaukee-Waukesha, WI	2009	M07	July	35.5
SMU55333403000000007	Wisconsin	Milwaukee-Waukesha, WI	2009	M06	June	37.2
SMU55333403000000007	Wisconsin	Milwaukee-Waukesha, WI	2009	M05	May	37.5
SMU55333403000000007	Wisconsin	Milwaukee-Waukesha, WI	2009	M04	April	36.9
SMU55333403000000007	Wisconsin	Milwaukee-Waukesha, WI	2009	M03	March	38.0
SMU55333403000000007	Wisconsin	Milwaukee-Waukesha, WI	2009	M02	February	38.1
SMU55333403000000007	Wisconsin	Milwaukee-Waukesha, WI	2009	M01	January	38.0
SMU55333403000000007	Wisconsin	Milwaukee-Waukesha, WI	2008	M12	December	38.3
SMU55333403000000007	Wisconsin	Milwaukee-Waukesha, WI	2008	M11	November	37.4
SMU55333403000000007	Wisconsin	Milwaukee-Waukesha, WI	2008	M10	October	37.3
SMU55333403000000007	Wisconsin	Milwaukee-Waukesha, WI	2008	M09	September	37.5
SMU55333403000000007	Wisconsin	Milwaukee-Waukesha, WI	2008	M08	August	37.5
SMU55333403000000007	Wisconsin	Milwaukee-Waukesha, WI	2008	M07	July	35.8
SMU55333403000000007	Wisconsin	Milwaukee-Waukesha, WI	2008	M06	June	38.4
SMU55333403000000007	Wisconsin	Milwaukee-Waukesha, WI	2008	M05	May	39.2
SMU55333403000000007	Wisconsin	Milwaukee-Waukesha, WI	2008	M04	April	38.8
SMU55333403000000007	Wisconsin	Milwaukee-Waukesha, WI	2008	M03	March	39.8
SMU55333403000000007	Wisconsin	Milwaukee-Waukesha, WI	2008	M02	February	39.9
SMU55333403000000007	Wisconsin	Milwaukee-Waukesha, WI	2008	M01	January	39.9
SMU55333403000000007	Wisconsin	Milwaukee-Waukesha, WI	2007	M12	December	39.8
SMU55333403000000007	Wisconsin	Milwaukee-Waukesha, WI	2007	M11	November	38.9
SMU55333403000000007	Wisconsin	Milwaukee-Waukesha, WI	2007	M10	October	38.4
SMU55333403000000007	Wisconsin	Milwaukee-Waukesha, WI	2007	M09	September	38.6
SMU55333403000000007	Wisconsin	Milwaukee-Waukesha, WI	2007	M08	August	38.3
SMU55333403000000007	Wisconsin	Milwaukee-Waukesha, WI	2007	M07	July	36.4
SMU55333403000000007	Wisconsin	Milwaukee-Waukesha, WI	2007	M06	June	38.5
SMU55333403000000007	Wisconsin	Milwaukee-Waukesha, WI	2007	M05	May	39.4
SMU55333403000000007	Wisconsin	Milwaukee-Waukesha, WI	2007	M04	April	39.1
SMU55333403000000007	Wisconsin	Milwaukee-Waukesha, WI	2007	M03	March	39.7
SMU55333403000000007	Wisconsin	Milwaukee-Waukesha, WI	2007	M02	February	40.0
SMU55333403000000007	Wisconsin	Milwaukee-Waukesha, WI	2007	M01	January	39.5
SMU39181403000000007	Ohio	Columbus, OH	2025	M12	December	35.2
SMU39181403000000007	Ohio	Columbus, OH	2025	M11	November	37.4
SMU39181403000000007	Ohio	Columbus, OH	2025	M10	October	36.5
SMU39181403000000007	Ohio	Columbus, OH	2025	M09	September	37.0
SMU39181403000000007	Ohio	Columbus, OH	2025	M08	August	35.2
SMU39181403000000007	Ohio	Columbus, OH	2025	M07	July	36.4
SMU39181403000000007	Ohio	Columbus, OH	2025	M06	June	37.2
SMU39181403000000007	Ohio	Columbus, OH	2025	M05	May	34.8
SMU39181403000000007	Ohio	Columbus, OH	2025	M04	April	34.0
SMU39181403000000007	Ohio	Columbus, OH	2025	M03	March	35.7
SMU39181403000000007	Ohio	Columbus, OH	2025	M02	February	37.3
SMU39181403000000007	Ohio	Columbus, OH	2025	M01	January	36.3
SMU39181403000000007	Ohio	Columbus, OH	2024	M12	December	34.4
SMU39181403000000007	Ohio	Columbus, OH	2024	M11	November	33.8
SMU39181403000000007	Ohio	Columbus, OH	2024	M10	October	31.9
SMU39181403000000007	Ohio	Columbus, OH	2024	M09	September	32.4
SMU39181403000000007	Ohio	Columbus, OH	2024	M08	August	30.6
SMU39181403000000007	Ohio	Columbus, OH	2024	M07	July	31.7
SMU39181403000000007	Ohio	Columbus, OH	2024	M06	June	31.5
SMU39181403000000007	Ohio	Columbus, OH	2024	M05	May	29.6
SMU39181403000000007	Ohio	Columbus, OH	2024	M04	April	28.4
SMU39181403000000007	Ohio	Columbus, OH	2024	M03	March	29.0
SMU39181403000000007	Ohio	Columbus, OH	2024	M02	February	29.1
SMU39181403000000007	Ohio	Columbus, OH	2024	M01	January	28.6
SMU39181403000000007	Ohio	Columbus, OH	2023	M12	December	28.6
SMU39181403000000007	Ohio	Columbus, OH	2023	M11	November	28.2
SMU39181403000000007	Ohio	Columbus, OH	2023	M10	October	29.2
SMU39181403000000007	Ohio	Columbus, OH	2023	M09	September	27.3
SMU39181403000000007	Ohio	Columbus, OH	2023	M08	August	26.0
SMU39181403000000007	Ohio	Columbus, OH	2023	M07	July	26.8
SMU39181403000000007	Ohio	Columbus, OH	2023	M06	June	27.4
SMU39181403000000007	Ohio	Columbus, OH	2023	M05	May	28.6
SMU39181403000000007	Ohio	Columbus, OH	2023	M04	April	27.5
SMU39181403000000007	Ohio	Columbus, OH	2023	M03	March	26.8
SMU39181403000000007	Ohio	Columbus, OH	2023	M02	February	24.1
SMU39181403000000007	Ohio	Columbus, OH	2023	M01	January	26.7
SMU39181403000000007	Ohio	Columbus, OH	2022	M12	December	30.1
SMU39181403000000007	Ohio	Columbus, OH	2022	M11	November	32.5
SMU39181403000000007	Ohio	Columbus, OH	2022	M10	October	29.6
SMU39181403000000007	Ohio	Columbus, OH	2022	M09	September	31.1
SMU39181403000000007	Ohio	Columbus, OH	2022	M08	August	32.4
SMU39181403000000007	Ohio	Columbus, OH	2022	M07	July	33.5
SMU39181403000000007	Ohio	Columbus, OH	2022	M06	June	33.7
SMU39181403000000007	Ohio	Columbus, OH	2022	M05	May	33.1
SMU39181403000000007	Ohio	Columbus, OH	2022	M04	April	34.1
SMU39181403000000007	Ohio	Columbus, OH	2022	M03	March	32.8
SMU39181403000000007	Ohio	Columbus, OH	2022	M02	February	36.0
SMU39181403000000007	Ohio	Columbus, OH	2022	M01	January	36.1
SMU39181403000000007	Ohio	Columbus, OH	2021	M12	December	38.3
SMU39181403000000007	Ohio	Columbus, OH	2021	M11	November	38.4
SMU39181403000000007	Ohio	Columbus, OH	2021	M10	October	37.0
SMU39181403000000007	Ohio	Columbus, OH	2021	M09	September	37.4
SMU39181403000000007	Ohio	Columbus, OH	2021	M08	August	37.2
SMU39181403000000007	Ohio	Columbus, OH	2021	M07	July	35.3
SMU39181403000000007	Ohio	Columbus, OH	2021	M06	June	34.9
SMU39181403000000007	Ohio	Columbus, OH	2021	M05	May	35.2
SMU39181403000000007	Ohio	Columbus, OH	2021	M04	April	34.6
SMU39181403000000007	Ohio	Columbus, OH	2021	M03	March	36.2
SMU39181403000000007	Ohio	Columbus, OH	2021	M02	February	34.1
SMU39181403000000007	Ohio	Columbus, OH	2021	M01	January	35.2
SMU39181403000000007	Ohio	Columbus, OH	2020	M12	December	38.3
SMU39181403000000007	Ohio	Columbus, OH	2020	M11	November	36.0
SMU39181403000000007	Ohio	Columbus, OH	2020	M10	October	34.9
SMU39181403000000007	Ohio	Columbus, OH	2020	M09	September	36.0
SMU39181403000000007	Ohio	Columbus, OH	2020	M08	August	36.0
SMU39181403000000007	Ohio	Columbus, OH	2020	M07	July	34.4
SMU39181403000000007	Ohio	Columbus, OH	2020	M06	June	34.1
SMU39181403000000007	Ohio	Columbus, OH	2020	M05	May	33.8
SMU39181403000000007	Ohio	Columbus, OH	2020	M04	April	33.7
SMU39181403000000007	Ohio	Columbus, OH	2020	M03	March	38.6
SMU39181403000000007	Ohio	Columbus, OH	2020	M02	February	39.1
SMU39181403000000007	Ohio	Columbus, OH	2020	M01	January	38.1
SMU39181403000000007	Ohio	Columbus, OH	2019	M12	December	41.0
SMU39181403000000007	Ohio	Columbus, OH	2019	M11	November	40.8
SMU39181403000000007	Ohio	Columbus, OH	2019	M10	October	39.3
SMU39181403000000007	Ohio	Columbus, OH	2019	M09	September	41.6
SMU39181403000000007	Ohio	Columbus, OH	2019	M08	August	41.0
SMU39181403000000007	Ohio	Columbus, OH	2019	M07	July	40.0
SMU39181403000000007	Ohio	Columbus, OH	2019	M06	June	41.0
SMU39181403000000007	Ohio	Columbus, OH	2019	M05	May	41.8
SMU39181403000000007	Ohio	Columbus, OH	2019	M04	April	40.7
SMU39181403000000007	Ohio	Columbus, OH	2019	M03	March	41.4
SMU39181403000000007	Ohio	Columbus, OH	2019	M02	February	40.7
SMU39181403000000007	Ohio	Columbus, OH	2019	M01	January	39.8
SMU39181403000000007	Ohio	Columbus, OH	2018	M12	December	41.6
SMU39181403000000007	Ohio	Columbus, OH	2018	M11	November	42.8
SMU39181403000000007	Ohio	Columbus, OH	2018	M10	October	42.4
SMU39181403000000007	Ohio	Columbus, OH	2018	M09	September	42.1
SMU39181403000000007	Ohio	Columbus, OH	2018	M08	August	40.7
SMU39181403000000007	Ohio	Columbus, OH	2018	M07	July	38.3
SMU39181403000000007	Ohio	Columbus, OH	2018	M06	June	40.6
SMU39181403000000007	Ohio	Columbus, OH	2018	M05	May	39.3
SMU39181403000000007	Ohio	Columbus, OH	2018	M04	April	40.5
SMU39181403000000007	Ohio	Columbus, OH	2018	M03	March	41.8
SMU39181403000000007	Ohio	Columbus, OH	2018	M02	February	43.2
SMU39181403000000007	Ohio	Columbus, OH	2018	M01	January	39.8
SMU39181403000000007	Ohio	Columbus, OH	2017	M12	December	42.8
SMU39181403000000007	Ohio	Columbus, OH	2017	M11	November	41.4
SMU39181403000000007	Ohio	Columbus, OH	2017	M10	October	41.5
SMU39181403000000007	Ohio	Columbus, OH	2017	M09	September	39.1
SMU39181403000000007	Ohio	Columbus, OH	2017	M08	August	40.5
SMU39181403000000007	Ohio	Columbus, OH	2017	M07	July	39.3
SMU39181403000000007	Ohio	Columbus, OH	2017	M06	June	41.5
SMU39181403000000007	Ohio	Columbus, OH	2017	M05	May	40.0
SMU39181403000000007	Ohio	Columbus, OH	2017	M04	April	41.5
SMU39181403000000007	Ohio	Columbus, OH	2017	M03	March	41.2
SMU39181403000000007	Ohio	Columbus, OH	2017	M02	February	42.7
SMU39181403000000007	Ohio	Columbus, OH	2017	M01	January	42.9
SMU39181403000000007	Ohio	Columbus, OH	2016	M12	December	43.1
SMU39181403000000007	Ohio	Columbus, OH	2016	M11	November	43.0
SMU39181403000000007	Ohio	Columbus, OH	2016	M10	October	43.0
SMU39181403000000007	Ohio	Columbus, OH	2016	M09	September	43.5
SMU39181403000000007	Ohio	Columbus, OH	2016	M08	August	43.6
SMU39181403000000007	Ohio	Columbus, OH	2016	M07	July	43.1
SMU39181403000000007	Ohio	Columbus, OH	2016	M06	June	42.6
SMU39181403000000007	Ohio	Columbus, OH	2016	M05	May	42.2
SMU39181403000000007	Ohio	Columbus, OH	2016	M04	April	41.1
SMU39181403000000007	Ohio	Columbus, OH	2016	M03	March	42.7
SMU39181403000000007	Ohio	Columbus, OH	2016	M02	February	40.2
SMU39181403000000007	Ohio	Columbus, OH	2016	M01	January	40.9
SMU39181403000000007	Ohio	Columbus, OH	2015	M12	December	42.0
SMU39181403000000007	Ohio	Columbus, OH	2015	M11	November	41.8
SMU39181403000000007	Ohio	Columbus, OH	2015	M10	October	41.1
SMU39181403000000007	Ohio	Columbus, OH	2015	M09	September	40.5
SMU39181403000000007	Ohio	Columbus, OH	2015	M08	August	41.3
SMU39181403000000007	Ohio	Columbus, OH	2015	M07	July	40.7
SMU39181403000000007	Ohio	Columbus, OH	2015	M06	June	42.6
SMU39181403000000007	Ohio	Columbus, OH	2015	M05	May	40.5
SMU39181403000000007	Ohio	Columbus, OH	2015	M04	April	40.2
SMU39181403000000007	Ohio	Columbus, OH	2015	M03	March	41.0
SMU39181403000000007	Ohio	Columbus, OH	2015	M02	February	39.4
SMU39181403000000007	Ohio	Columbus, OH	2015	M01	January	41.0
SMU39181403000000007	Ohio	Columbus, OH	2014	M12	December	40.6
SMU39181403000000007	Ohio	Columbus, OH	2014	M11	November	41.3
SMU39181403000000007	Ohio	Columbus, OH	2014	M10	October	41.4
SMU39181403000000007	Ohio	Columbus, OH	2014	M09	September	40.7
SMU39181403000000007	Ohio	Columbus, OH	2014	M08	August	40.2
SMU39181403000000007	Ohio	Columbus, OH	2014	M07	July	40.2
SMU39181403000000007	Ohio	Columbus, OH	2014	M06	June	39.4
SMU39181403000000007	Ohio	Columbus, OH	2014	M05	May	40.2
SMU39181403000000007	Ohio	Columbus, OH	2014	M04	April	39.3
SMU39181403000000007	Ohio	Columbus, OH	2014	M03	March	40.0
SMU39181403000000007	Ohio	Columbus, OH	2014	M02	February	41.1
SMU39181403000000007	Ohio	Columbus, OH	2014	M01	January	40.3
SMU39181403000000007	Ohio	Columbus, OH	2013	M12	December	42.9
SMU39181403000000007	Ohio	Columbus, OH	2013	M11	November	42.1
SMU39181403000000007	Ohio	Columbus, OH	2013	M10	October	42.6
SMU39181403000000007	Ohio	Columbus, OH	2013	M09	September	40.8
SMU39181403000000007	Ohio	Columbus, OH	2013	M08	August	42.7
SMU39181403000000007	Ohio	Columbus, OH	2013	M07	July	41.6
SMU39181403000000007	Ohio	Columbus, OH	2013	M06	June	41.1
SMU39181403000000007	Ohio	Columbus, OH	2013	M05	May	43.0
SMU39181403000000007	Ohio	Columbus, OH	2013	M04	April	41.3
SMU39181403000000007	Ohio	Columbus, OH	2013	M03	March	41.5
SMU39181403000000007	Ohio	Columbus, OH	2013	M02	February	42.7
SMU39181403000000007	Ohio	Columbus, OH	2013	M01	January	42.2
SMU39181403000000007	Ohio	Columbus, OH	2012	M12	December	42.8
SMU39181403000000007	Ohio	Columbus, OH	2012	M11	November	41.2
SMU39181403000000007	Ohio	Columbus, OH	2012	M10	October	42.2
SMU39181403000000007	Ohio	Columbus, OH	2012	M09	September	40.2
SMU39181403000000007	Ohio	Columbus, OH	2012	M08	August	39.9
SMU39181403000000007	Ohio	Columbus, OH	2012	M07	July	39.4
SMU39181403000000007	Ohio	Columbus, OH	2012	M06	June	40.0
SMU39181403000000007	Ohio	Columbus, OH	2012	M05	May	40.1
SMU39181403000000007	Ohio	Columbus, OH	2012	M04	April	40.8
SMU39181403000000007	Ohio	Columbus, OH	2012	M03	March	42.8
SMU39181403000000007	Ohio	Columbus, OH	2012	M02	February	43.0
SMU39181403000000007	Ohio	Columbus, OH	2012	M01	January	40.4
SMU39181403000000007	Ohio	Columbus, OH	2011	M12	December	40.9
SMU39181403000000007	Ohio	Columbus, OH	2011	M11	November	40.4
SMU39181403000000007	Ohio	Columbus, OH	2011	M10	October	40.0
SMU39181403000000007	Ohio	Columbus, OH	2011	M09	September	40.5
SMU39181403000000007	Ohio	Columbus, OH	2011	M08	August	39.9
SMU39181403000000007	Ohio	Columbus, OH	2011	M07	July	38.4
SMU39181403000000007	Ohio	Columbus, OH	2011	M06	June	37.2
SMU39181403000000007	Ohio	Columbus, OH	2011	M05	May	38.5
SMU39181403000000007	Ohio	Columbus, OH	2011	M04	April	36.6
SMU39181403000000007	Ohio	Columbus, OH	2011	M03	March	37.7
SMU39181403000000007	Ohio	Columbus, OH	2011	M02	February	37.4
SMU39181403000000007	Ohio	Columbus, OH	2011	M01	January	38.0
SMU39181403000000007	Ohio	Columbus, OH	2010	M12	December	38.3
SMU39181403000000007	Ohio	Columbus, OH	2010	M11	November	38.5
SMU39181403000000007	Ohio	Columbus, OH	2010	M10	October	38.4
SMU39181403000000007	Ohio	Columbus, OH	2010	M09	September	38.2
SMU39181403000000007	Ohio	Columbus, OH	2010	M08	August	38.0
SMU39181403000000007	Ohio	Columbus, OH	2010	M07	July	38.3
SMU39181403000000007	Ohio	Columbus, OH	2010	M06	June	38.7
SMU39181403000000007	Ohio	Columbus, OH	2010	M05	May	38.1
SMU39181403000000007	Ohio	Columbus, OH	2010	M04	April	38.1
SMU39181403000000007	Ohio	Columbus, OH	2010	M03	March	38.2
SMU39181403000000007	Ohio	Columbus, OH	2010	M02	February	38.3
SMU39181403000000007	Ohio	Columbus, OH	2010	M01	January	37.9
SMU39181403000000007	Ohio	Columbus, OH	2009	M12	December	38.6
SMU39181403000000007	Ohio	Columbus, OH	2009	M11	November	38.3
SMU39181403000000007	Ohio	Columbus, OH	2009	M10	October	37.7
SMU39181403000000007	Ohio	Columbus, OH	2009	M09	September	36.9
SMU39181403000000007	Ohio	Columbus, OH	2009	M08	August	37.2
SMU39181403000000007	Ohio	Columbus, OH	2009	M07	July	36.2
SMU39181403000000007	Ohio	Columbus, OH	2009	M06	June	36.4
SMU39181403000000007	Ohio	Columbus, OH	2009	M05	May	36.3
SMU39181403000000007	Ohio	Columbus, OH	2009	M04	April	36.4
SMU39181403000000007	Ohio	Columbus, OH	2009	M03	March	36.4
SMU39181403000000007	Ohio	Columbus, OH	2009	M02	February	36.4
SMU39181403000000007	Ohio	Columbus, OH	2009	M01	January	37.7
SMU39181403000000007	Ohio	Columbus, OH	2008	M12	December	37.7
SMU39181403000000007	Ohio	Columbus, OH	2008	M11	November	38.7
SMU39181403000000007	Ohio	Columbus, OH	2008	M10	October	38.7
SMU39181403000000007	Ohio	Columbus, OH	2008	M09	September	38.9
SMU39181403000000007	Ohio	Columbus, OH	2008	M08	August	39.2
SMU39181403000000007	Ohio	Columbus, OH	2008	M07	July	38.3
SMU39181403000000007	Ohio	Columbus, OH	2008	M06	June	39.5
SMU39181403000000007	Ohio	Columbus, OH	2008	M05	May	39.4
SMU39181403000000007	Ohio	Columbus, OH	2008	M04	April	40.0
SMU39181403000000007	Ohio	Columbus, OH	2008	M03	March	39.9
SMU39181403000000007	Ohio	Columbus, OH	2008	M02	February	40.0
SMU39181403000000007	Ohio	Columbus, OH	2008	M01	January	41.2
SMU39181403000000007	Ohio	Columbus, OH	2007	M12	December	40.8
SMU39181403000000007	Ohio	Columbus, OH	2007	M11	November	41.9
SMU39181403000000007	Ohio	Columbus, OH	2007	M10	October	41.4
SMU39181403000000007	Ohio	Columbus, OH	2007	M09	September	41.3
SMU39181403000000007	Ohio	Columbus, OH	2007	M08	August	41.5
SMU39181403000000007	Ohio	Columbus, OH	2007	M07	July	40.1
SMU39181403000000007	Ohio	Columbus, OH	2007	M06	June	40.9
SMU39181403000000007	Ohio	Columbus, OH	2007	M05	May	40.6
SMU39181403000000007	Ohio	Columbus, OH	2007	M04	April	41.2
SMU39181403000000007	Ohio	Columbus, OH	2007	M03	March	40.8
SMU39181403000000007	Ohio	Columbus, OH	2007	M02	February	40.3
SMU39181403000000007	Ohio	Columbus, OH	2007	M01	January	41.9
SMU29411803000000007	Missouri	St. Louis, MO-IL	2025	M12	December	41.8
SMU29411803000000007	Missouri	St. Louis, MO-IL	2025	M11	November	39.6
SMU29411803000000007	Missouri	St. Louis, MO-IL	2025	M10	October	39.5
SMU29411803000000007	Missouri	St. Louis, MO-IL	2025	M09	September	38.6
SMU29411803000000007	Missouri	St. Louis, MO-IL	2025	M08	August	38.5
SMU29411803000000007	Missouri	St. Louis, MO-IL	2025	M07	July	41.2
SMU29411803000000007	Missouri	St. Louis, MO-IL	2025	M06	June	40.3
SMU29411803000000007	Missouri	St. Louis, MO-IL	2025	M05	May	40.4
SMU29411803000000007	Missouri	St. Louis, MO-IL	2025	M04	April	41.2
SMU29411803000000007	Missouri	St. Louis, MO-IL	2025	M03	March	42.1
SMU29411803000000007	Missouri	St. Louis, MO-IL	2025	M02	February	42.0
SMU29411803000000007	Missouri	St. Louis, MO-IL	2025	M01	January	40.3
SMU29411803000000007	Missouri	St. Louis, MO-IL	2024	M12	December	41.9
SMU29411803000000007	Missouri	St. Louis, MO-IL	2024	M11	November	41.1
SMU29411803000000007	Missouri	St. Louis, MO-IL	2024	M10	October	41.4
SMU29411803000000007	Missouri	St. Louis, MO-IL	2024	M09	September	41.7
SMU29411803000000007	Missouri	St. Louis, MO-IL	2024	M08	August	41.3
SMU29411803000000007	Missouri	St. Louis, MO-IL	2024	M07	July	41.0
SMU29411803000000007	Missouri	St. Louis, MO-IL	2024	M06	June	41.1
SMU29411803000000007	Missouri	St. Louis, MO-IL	2024	M05	May	40.5
SMU29411803000000007	Missouri	St. Louis, MO-IL	2024	M04	April	40.6
SMU29411803000000007	Missouri	St. Louis, MO-IL	2024	M03	March	40.6
SMU29411803000000007	Missouri	St. Louis, MO-IL	2024	M02	February	40.6
SMU29411803000000007	Missouri	St. Louis, MO-IL	2024	M01	January	38.3
SMU29411803000000007	Missouri	St. Louis, MO-IL	2023	M12	December	40.5
SMU29411803000000007	Missouri	St. Louis, MO-IL	2023	M11	November	39.7
SMU29411803000000007	Missouri	St. Louis, MO-IL	2023	M10	October	39.7
SMU29411803000000007	Missouri	St. Louis, MO-IL	2023	M09	September	38.8
SMU29411803000000007	Missouri	St. Louis, MO-IL	2023	M08	August	39.6
SMU29411803000000007	Missouri	St. Louis, MO-IL	2023	M07	July	39.5
SMU29411803000000007	Missouri	St. Louis, MO-IL	2023	M06	June	38.6
SMU29411803000000007	Missouri	St. Louis, MO-IL	2023	M05	May	38.2
SMU29411803000000007	Missouri	St. Louis, MO-IL	2023	M04	April	39.0
SMU29411803000000007	Missouri	St. Louis, MO-IL	2023	M03	March	38.8
SMU29411803000000007	Missouri	St. Louis, MO-IL	2023	M02	February	38.4
SMU29411803000000007	Missouri	St. Louis, MO-IL	2023	M01	January	38.8
SMU29411803000000007	Missouri	St. Louis, MO-IL	2022	M12	December	39.2
SMU29411803000000007	Missouri	St. Louis, MO-IL	2022	M11	November	39.7
SMU29411803000000007	Missouri	St. Louis, MO-IL	2022	M10	October	40.1
SMU29411803000000007	Missouri	St. Louis, MO-IL	2022	M09	September	39.5
SMU29411803000000007	Missouri	St. Louis, MO-IL	2022	M08	August	39.8
SMU29411803000000007	Missouri	St. Louis, MO-IL	2022	M07	July	40.8
SMU29411803000000007	Missouri	St. Louis, MO-IL	2022	M06	June	39.8
SMU29411803000000007	Missouri	St. Louis, MO-IL	2022	M05	May	40.1
SMU29411803000000007	Missouri	St. Louis, MO-IL	2022	M04	April	40.0
SMU29411803000000007	Missouri	St. Louis, MO-IL	2022	M03	March	40.6
SMU29411803000000007	Missouri	St. Louis, MO-IL	2022	M02	February	39.5
SMU29411803000000007	Missouri	St. Louis, MO-IL	2022	M01	January	39.2
SMU29411803000000007	Missouri	St. Louis, MO-IL	2021	M12	December	39.6
SMU29411803000000007	Missouri	St. Louis, MO-IL	2021	M11	November	41.4
SMU29411803000000007	Missouri	St. Louis, MO-IL	2021	M10	October	40.9
SMU29411803000000007	Missouri	St. Louis, MO-IL	2021	M09	September	40.6
SMU29411803000000007	Missouri	St. Louis, MO-IL	2021	M08	August	40.7
SMU29411803000000007	Missouri	St. Louis, MO-IL	2021	M07	July	41.2
SMU29411803000000007	Missouri	St. Louis, MO-IL	2021	M06	June	41.2
SMU29411803000000007	Missouri	St. Louis, MO-IL	2021	M05	May	41.2
SMU29411803000000007	Missouri	St. Louis, MO-IL	2021	M04	April	42.0
SMU29411803000000007	Missouri	St. Louis, MO-IL	2021	M03	March	42.8
SMU29411803000000007	Missouri	St. Louis, MO-IL	2021	M02	February	41.4
SMU29411803000000007	Missouri	St. Louis, MO-IL	2021	M01	January	41.1
SMU29411803000000007	Missouri	St. Louis, MO-IL	2020	M12	December	42.1
SMU29411803000000007	Missouri	St. Louis, MO-IL	2020	M11	November	41.1
SMU29411803000000007	Missouri	St. Louis, MO-IL	2020	M10	October	41.5
SMU29411803000000007	Missouri	St. Louis, MO-IL	2020	M09	September	38.2
SMU29411803000000007	Missouri	St. Louis, MO-IL	2020	M08	August	39.9
SMU29411803000000007	Missouri	St. Louis, MO-IL	2020	M07	July	40.2
SMU29411803000000007	Missouri	St. Louis, MO-IL	2020	M06	June	39.5
SMU29411803000000007	Missouri	St. Louis, MO-IL	2020	M05	May	37.2
SMU29411803000000007	Missouri	St. Louis, MO-IL	2020	M04	April	39.2
SMU29411803000000007	Missouri	St. Louis, MO-IL	2020	M03	March	39.1
SMU29411803000000007	Missouri	St. Louis, MO-IL	2020	M02	February	39.7
SMU29411803000000007	Missouri	St. Louis, MO-IL	2020	M01	January	39.0
SMU29411803000000007	Missouri	St. Louis, MO-IL	2019	M12	December	40.5
SMU29411803000000007	Missouri	St. Louis, MO-IL	2019	M11	November	40.2
SMU29411803000000007	Missouri	St. Louis, MO-IL	2019	M10	October	40.9
SMU29411803000000007	Missouri	St. Louis, MO-IL	2019	M09	September	40.7
SMU29411803000000007	Missouri	St. Louis, MO-IL	2019	M08	August	41.6
SMU29411803000000007	Missouri	St. Louis, MO-IL	2019	M07	July	40.6
SMU29411803000000007	Missouri	St. Louis, MO-IL	2019	M06	June	41.0
SMU29411803000000007	Missouri	St. Louis, MO-IL	2019	M05	May	41.0
SMU29411803000000007	Missouri	St. Louis, MO-IL	2019	M04	April	41.0
SMU29411803000000007	Missouri	St. Louis, MO-IL	2019	M03	March	41.2
SMU29411803000000007	Missouri	St. Louis, MO-IL	2019	M02	February	41.4
SMU29411803000000007	Missouri	St. Louis, MO-IL	2019	M01	January	40.4
SMU29411803000000007	Missouri	St. Louis, MO-IL	2018	M12	December	41.2
SMU29411803000000007	Missouri	St. Louis, MO-IL	2018	M11	November	39.1
SMU29411803000000007	Missouri	St. Louis, MO-IL	2018	M10	October	39.7
SMU29411803000000007	Missouri	St. Louis, MO-IL	2018	M09	September	42.3
SMU29411803000000007	Missouri	St. Louis, MO-IL	2018	M08	August	39.3
SMU29411803000000007	Missouri	St. Louis, MO-IL	2018	M07	July	40.7
SMU29411803000000007	Missouri	St. Louis, MO-IL	2018	M06	June	40.2
SMU29411803000000007	Missouri	St. Louis, MO-IL	2018	M05	May	39.6
SMU29411803000000007	Missouri	St. Louis, MO-IL	2018	M04	April	40.7
SMU29411803000000007	Missouri	St. Louis, MO-IL	2018	M03	March	41.3
SMU29411803000000007	Missouri	St. Louis, MO-IL	2018	M02	February	42.2
SMU29411803000000007	Missouri	St. Louis, MO-IL	2018	M01	January	41.5
SMU29411803000000007	Missouri	St. Louis, MO-IL	2017	M12	December	42.2
SMU29411803000000007	Missouri	St. Louis, MO-IL	2017	M11	November	42.0
SMU29411803000000007	Missouri	St. Louis, MO-IL	2017	M10	October	42.7
SMU29411803000000007	Missouri	St. Louis, MO-IL	2017	M09	September	41.6
SMU29411803000000007	Missouri	St. Louis, MO-IL	2017	M08	August	43.1
SMU29411803000000007	Missouri	St. Louis, MO-IL	2017	M07	July	40.8
SMU29411803000000007	Missouri	St. Louis, MO-IL	2017	M06	June	40.9
SMU29411803000000007	Missouri	St. Louis, MO-IL	2017	M05	May	41.1
SMU29411803000000007	Missouri	St. Louis, MO-IL	2017	M04	April	38.8
SMU29411803000000007	Missouri	St. Louis, MO-IL	2017	M03	March	40.3
SMU29411803000000007	Missouri	St. Louis, MO-IL	2017	M02	February	40.8
SMU29411803000000007	Missouri	St. Louis, MO-IL	2017	M01	January	39.5
SMU29411803000000007	Missouri	St. Louis, MO-IL	2016	M12	December	41.7
SMU29411803000000007	Missouri	St. Louis, MO-IL	2016	M11	November	40.4
SMU29411803000000007	Missouri	St. Louis, MO-IL	2016	M10	October	41.2
SMU29411803000000007	Missouri	St. Louis, MO-IL	2016	M09	September	42.3
SMU29411803000000007	Missouri	St. Louis, MO-IL	2016	M08	August	41.4
SMU29411803000000007	Missouri	St. Louis, MO-IL	2016	M07	July	42.7
SMU29411803000000007	Missouri	St. Louis, MO-IL	2016	M06	June	42.7
SMU29411803000000007	Missouri	St. Louis, MO-IL	2016	M05	May	43.7
SMU29411803000000007	Missouri	St. Louis, MO-IL	2016	M04	April	43.4
SMU29411803000000007	Missouri	St. Louis, MO-IL	2016	M03	March	44.0
SMU29411803000000007	Missouri	St. Louis, MO-IL	2016	M02	February	43.7
SMU29411803000000007	Missouri	St. Louis, MO-IL	2016	M01	January	43.2
SMU29411803000000007	Missouri	St. Louis, MO-IL	2015	M12	December	43.5
SMU29411803000000007	Missouri	St. Louis, MO-IL	2015	M11	November	42.3
SMU29411803000000007	Missouri	St. Louis, MO-IL	2015	M10	October	42.8
SMU29411803000000007	Missouri	St. Louis, MO-IL	2015	M09	September	42.7
SMU29411803000000007	Missouri	St. Louis, MO-IL	2015	M08	August	44.9
SMU29411803000000007	Missouri	St. Louis, MO-IL	2015	M07	July	45.8
SMU29411803000000007	Missouri	St. Louis, MO-IL	2015	M06	June	45.7
SMU29411803000000007	Missouri	St. Louis, MO-IL	2015	M05	May	45.3
SMU29411803000000007	Missouri	St. Louis, MO-IL	2015	M04	April	45.2
SMU29411803000000007	Missouri	St. Louis, MO-IL	2015	M03	March	44.7
SMU29411803000000007	Missouri	St. Louis, MO-IL	2015	M02	February	43.5
SMU29411803000000007	Missouri	St. Louis, MO-IL	2015	M01	January	43.4
SMU29411803000000007	Missouri	St. Louis, MO-IL	2014	M12	December	45.8
SMU29411803000000007	Missouri	St. Louis, MO-IL	2014	M11	November	45.3
SMU29411803000000007	Missouri	St. Louis, MO-IL	2014	M10	October	45.2
SMU29411803000000007	Missouri	St. Louis, MO-IL	2014	M09	September	42.9
SMU29411803000000007	Missouri	St. Louis, MO-IL	2014	M08	August	44.0
SMU29411803000000007	Missouri	St. Louis, MO-IL	2014	M07	July	43.6
SMU29411803000000007	Missouri	St. Louis, MO-IL	2014	M06	June	42.9
SMU29411803000000007	Missouri	St. Louis, MO-IL	2014	M05	May	42.8
SMU29411803000000007	Missouri	St. Louis, MO-IL	2014	M04	April	43.5
SMU29411803000000007	Missouri	St. Louis, MO-IL	2014	M03	March	42.4
SMU29411803000000007	Missouri	St. Louis, MO-IL	2014	M02	February	43.3
SMU29411803000000007	Missouri	St. Louis, MO-IL	2014	M01	January	42.7
SMU29411803000000007	Missouri	St. Louis, MO-IL	2013	M12	December	43.4
SMU29411803000000007	Missouri	St. Louis, MO-IL	2013	M11	November	42.7
SMU29411803000000007	Missouri	St. Louis, MO-IL	2013	M10	October	44.7
SMU29411803000000007	Missouri	St. Louis, MO-IL	2013	M09	September	44.6
SMU29411803000000007	Missouri	St. Louis, MO-IL	2013	M08	August	43.2
SMU29411803000000007	Missouri	St. Louis, MO-IL	2013	M07	July	43.4
SMU29411803000000007	Missouri	St. Louis, MO-IL	2013	M06	June	44.8
SMU29411803000000007	Missouri	St. Louis, MO-IL	2013	M05	May	44.2
SMU29411803000000007	Missouri	St. Louis, MO-IL	2013	M04	April	43.8
SMU29411803000000007	Missouri	St. Louis, MO-IL	2013	M03	March	43.9
SMU29411803000000007	Missouri	St. Louis, MO-IL	2013	M02	February	43.9
SMU29411803000000007	Missouri	St. Louis, MO-IL	2013	M01	January	44.2
SMU29411803000000007	Missouri	St. Louis, MO-IL	2012	M12	December	45.0
SMU29411803000000007	Missouri	St. Louis, MO-IL	2012	M11	November	43.8
SMU29411803000000007	Missouri	St. Louis, MO-IL	2012	M10	October	44.6
SMU29411803000000007	Missouri	St. Louis, MO-IL	2012	M09	September	45.5
SMU29411803000000007	Missouri	St. Louis, MO-IL	2012	M08	August	43.7
SMU29411803000000007	Missouri	St. Louis, MO-IL	2012	M07	July	45.9
SMU29411803000000007	Missouri	St. Louis, MO-IL	2012	M06	June	45.5
SMU29411803000000007	Missouri	St. Louis, MO-IL	2012	M05	May	45.2
SMU29411803000000007	Missouri	St. Louis, MO-IL	2012	M04	April	45.5
SMU29411803000000007	Missouri	St. Louis, MO-IL	2012	M03	March	44.6
SMU29411803000000007	Missouri	St. Louis, MO-IL	2012	M02	February	44.4
SMU29411803000000007	Missouri	St. Louis, MO-IL	2012	M01	January	43.7
SMU29411803000000007	Missouri	St. Louis, MO-IL	2011	M12	December	45.0
SMU29411803000000007	Missouri	St. Louis, MO-IL	2011	M11	November	41.1
SMU29411803000000007	Missouri	St. Louis, MO-IL	2011	M10	October	41.1
SMU29411803000000007	Missouri	St. Louis, MO-IL	2011	M09	September	41.8
SMU29411803000000007	Missouri	St. Louis, MO-IL	2011	M08	August	39.0
SMU29411803000000007	Missouri	St. Louis, MO-IL	2011	M07	July	40.0
SMU29411803000000007	Missouri	St. Louis, MO-IL	2011	M06	June	39.5
SMU29411803000000007	Missouri	St. Louis, MO-IL	2011	M05	May	40.1
SMU29411803000000007	Missouri	St. Louis, MO-IL	2011	M04	April	38.6
SMU29411803000000007	Missouri	St. Louis, MO-IL	2011	M03	March	38.0
SMU29411803000000007	Missouri	St. Louis, MO-IL	2011	M02	February	38.1
SMU29411803000000007	Missouri	St. Louis, MO-IL	2011	M01	January	38.1
SMU29411803000000007	Missouri	St. Louis, MO-IL	2010	M12	December	39.7
SMU29411803000000007	Missouri	St. Louis, MO-IL	2010	M11	November	39.6
SMU29411803000000007	Missouri	St. Louis, MO-IL	2010	M10	October	40.3
SMU29411803000000007	Missouri	St. Louis, MO-IL	2010	M09	September	40.3
SMU29411803000000007	Missouri	St. Louis, MO-IL	2010	M08	August	40.4
SMU29411803000000007	Missouri	St. Louis, MO-IL	2010	M07	July	40.5
SMU29411803000000007	Missouri	St. Louis, MO-IL	2010	M06	June	42.0
SMU29411803000000007	Missouri	St. Louis, MO-IL	2010	M05	May	41.4
SMU29411803000000007	Missouri	St. Louis, MO-IL	2010	M04	April	41.5
SMU29411803000000007	Missouri	St. Louis, MO-IL	2010	M03	March	40.2
SMU29411803000000007	Missouri	St. Louis, MO-IL	2010	M02	February	41.1
SMU29411803000000007	Missouri	St. Louis, MO-IL	2010	M01	January	43.2
SMU29411803000000007	Missouri	St. Louis, MO-IL	2009	M12	December	42.9
SMU29411803000000007	Missouri	St. Louis, MO-IL	2009	M11	November	42.4
SMU29411803000000007	Missouri	St. Louis, MO-IL	2009	M10	October	40.8
SMU29411803000000007	Missouri	St. Louis, MO-IL	2009	M09	September	42.2
SMU29411803000000007	Missouri	St. Louis, MO-IL	2009	M08	August	42.0
SMU29411803000000007	Missouri	St. Louis, MO-IL	2009	M07	July	42.2
SMU29411803000000007	Missouri	St. Louis, MO-IL	2009	M06	June	41.9
SMU29411803000000007	Missouri	St. Louis, MO-IL	2009	M05	May	43.0
SMU29411803000000007	Missouri	St. Louis, MO-IL	2009	M04	April	43.2
SMU29411803000000007	Missouri	St. Louis, MO-IL	2009	M03	March	43.5
SMU29411803000000007	Missouri	St. Louis, MO-IL	2009	M02	February	43.5
SMU29411803000000007	Missouri	St. Louis, MO-IL	2009	M01	January	43.1
SMU29411803000000007	Missouri	St. Louis, MO-IL	2008	M12	December	44.7
SMU29411803000000007	Missouri	St. Louis, MO-IL	2008	M11	November	42.6
SMU29411803000000007	Missouri	St. Louis, MO-IL	2008	M10	October	43.5
SMU29411803000000007	Missouri	St. Louis, MO-IL	2008	M09	September	45.4
SMU29411803000000007	Missouri	St. Louis, MO-IL	2008	M08	August	44.3
SMU29411803000000007	Missouri	St. Louis, MO-IL	2008	M07	July	41.3
SMU29411803000000007	Missouri	St. Louis, MO-IL	2008	M06	June	43.3
SMU29411803000000007	Missouri	St. Louis, MO-IL	2008	M05	May	41.8
SMU29411803000000007	Missouri	St. Louis, MO-IL	2008	M04	April	41.1
SMU29411803000000007	Missouri	St. Louis, MO-IL	2008	M03	March	42.8
SMU29411803000000007	Missouri	St. Louis, MO-IL	2008	M02	February	42.4
SMU29411803000000007	Missouri	St. Louis, MO-IL	2008	M01	January	42.6
SMU29411803000000007	Missouri	St. Louis, MO-IL	2007	M12	December	43.0
SMU29411803000000007	Missouri	St. Louis, MO-IL	2007	M11	November	42.3
SMU29411803000000007	Missouri	St. Louis, MO-IL	2007	M10	October	42.5
SMU29411803000000007	Missouri	St. Louis, MO-IL	2007	M09	September	43.9
SMU29411803000000007	Missouri	St. Louis, MO-IL	2007	M08	August	41.8
SMU29411803000000007	Missouri	St. Louis, MO-IL	2007	M07	July	41.5
SMU29411803000000007	Missouri	St. Louis, MO-IL	2007	M06	June	42.9
SMU29411803000000007	Missouri	St. Louis, MO-IL	2007	M05	May	40.8
SMU29411803000000007	Missouri	St. Louis, MO-IL	2007	M04	April	41.9
SMU29411803000000007	Missouri	St. Louis, MO-IL	2007	M03	March	41.5
SMU29411803000000007	Missouri	St. Louis, MO-IL	2007	M02	February	40.6
SMU29411803000000007	Missouri	St. Louis, MO-IL	2007	M01	January	41.1
SMU26198043000000007	Michigan	Detroit-Dearborn-Livonia, MI Metropolitan Division	2025	M12	December	43.5
SMU26198043000000007	Michigan	Detroit-Dearborn-Livonia, MI Metropolitan Division	2025	M11	November	42.6
SMU26198043000000007	Michigan	Detroit-Dearborn-Livonia, MI Metropolitan Division	2025	M10	October	44.6
SMU26198043000000007	Michigan	Detroit-Dearborn-Livonia, MI Metropolitan Division	2025	M09	September	44.9
SMU26198043000000007	Michigan	Detroit-Dearborn-Livonia, MI Metropolitan Division	2025	M08	August	44.3
SMU26198043000000007	Michigan	Detroit-Dearborn-Livonia, MI Metropolitan Division	2025	M07	July	44.8
SMU26198043000000007	Michigan	Detroit-Dearborn-Livonia, MI Metropolitan Division	2025	M06	June	43.8
SMU26198043000000007	Michigan	Detroit-Dearborn-Livonia, MI Metropolitan Division	2025	M05	May	43.1
SMU26198043000000007	Michigan	Detroit-Dearborn-Livonia, MI Metropolitan Division	2025	M04	April	44.5
SMU26198043000000007	Michigan	Detroit-Dearborn-Livonia, MI Metropolitan Division	2025	M03	March	43.5
SMU26198043000000007	Michigan	Detroit-Dearborn-Livonia, MI Metropolitan Division	2025	M02	February	41.5
SMU26198043000000007	Michigan	Detroit-Dearborn-Livonia, MI Metropolitan Division	2025	M01	January	42.4
SMU26198043000000007	Michigan	Detroit-Dearborn-Livonia, MI Metropolitan Division	2024	M12	December	43.8
SMU26198043000000007	Michigan	Detroit-Dearborn-Livonia, MI Metropolitan Division	2024	M11	November	43.9
SMU26198043000000007	Michigan	Detroit-Dearborn-Livonia, MI Metropolitan Division	2024	M10	October	43.4
SMU26198043000000007	Michigan	Detroit-Dearborn-Livonia, MI Metropolitan Division	2024	M09	September	44.6
SMU26198043000000007	Michigan	Detroit-Dearborn-Livonia, MI Metropolitan Division	2024	M08	August	43.4
SMU26198043000000007	Michigan	Detroit-Dearborn-Livonia, MI Metropolitan Division	2024	M07	July	45.2
SMU26198043000000007	Michigan	Detroit-Dearborn-Livonia, MI Metropolitan Division	2024	M06	June	44.1
SMU26198043000000007	Michigan	Detroit-Dearborn-Livonia, MI Metropolitan Division	2024	M05	May	44.4
SMU26198043000000007	Michigan	Detroit-Dearborn-Livonia, MI Metropolitan Division	2024	M04	April	43.5
SMU26198043000000007	Michigan	Detroit-Dearborn-Livonia, MI Metropolitan Division	2024	M03	March	43.2
SMU26198043000000007	Michigan	Detroit-Dearborn-Livonia, MI Metropolitan Division	2024	M02	February	40.7
SMU26198043000000007	Michigan	Detroit-Dearborn-Livonia, MI Metropolitan Division	2024	M01	January	39.8
SMU26198043000000007	Michigan	Detroit-Dearborn-Livonia, MI Metropolitan Division	2023	M12	December	42.2
SMU26198043000000007	Michigan	Detroit-Dearborn-Livonia, MI Metropolitan Division	2023	M11	November	41.5
SMU26198043000000007	Michigan	Detroit-Dearborn-Livonia, MI Metropolitan Division	2023	M10	October	40.9
SMU26198043000000007	Michigan	Detroit-Dearborn-Livonia, MI Metropolitan Division	2023	M09	September	41.7
SMU26198043000000007	Michigan	Detroit-Dearborn-Livonia, MI Metropolitan Division	2023	M08	August	40.3
SMU26198043000000007	Michigan	Detroit-Dearborn-Livonia, MI Metropolitan Division	2023	M07	July	41.0
SMU26198043000000007	Michigan	Detroit-Dearborn-Livonia, MI Metropolitan Division	2023	M06	June	44.9
SMU26198043000000007	Michigan	Detroit-Dearborn-Livonia, MI Metropolitan Division	2023	M05	May	43.5
SMU26198043000000007	Michigan	Detroit-Dearborn-Livonia, MI Metropolitan Division	2023	M04	April	41.4
SMU26198043000000007	Michigan	Detroit-Dearborn-Livonia, MI Metropolitan Division	2023	M03	March	41.7
SMU26198043000000007	Michigan	Detroit-Dearborn-Livonia, MI Metropolitan Division	2023	M02	February	41.7
SMU26198043000000007	Michigan	Detroit-Dearborn-Livonia, MI Metropolitan Division	2023	M01	January	39.3
SMU26198043000000007	Michigan	Detroit-Dearborn-Livonia, MI Metropolitan Division	2022	M12	December	45.1
SMU26198043000000007	Michigan	Detroit-Dearborn-Livonia, MI Metropolitan Division	2022	M11	November	46.4
SMU26198043000000007	Michigan	Detroit-Dearborn-Livonia, MI Metropolitan Division	2022	M10	October	45.6
SMU26198043000000007	Michigan	Detroit-Dearborn-Livonia, MI Metropolitan Division	2022	M09	September	42.6
SMU26198043000000007	Michigan	Detroit-Dearborn-Livonia, MI Metropolitan Division	2022	M08	August	44.2
SMU26198043000000007	Michigan	Detroit-Dearborn-Livonia, MI Metropolitan Division	2022	M07	July	45.8
SMU26198043000000007	Michigan	Detroit-Dearborn-Livonia, MI Metropolitan Division	2022	M06	June	42.0
SMU26198043000000007	Michigan	Detroit-Dearborn-Livonia, MI Metropolitan Division	2022	M05	May	41.7
SMU26198043000000007	Michigan	Detroit-Dearborn-Livonia, MI Metropolitan Division	2022	M04	April	40.7
SMU26198043000000007	Michigan	Detroit-Dearborn-Livonia, MI Metropolitan Division	2022	M03	March	44.0
SMU26198043000000007	Michigan	Detroit-Dearborn-Livonia, MI Metropolitan Division	2022	M02	February	42.4
SMU26198043000000007	Michigan	Detroit-Dearborn-Livonia, MI Metropolitan Division	2022	M01	January	46.2
SMU26198043000000007	Michigan	Detroit-Dearborn-Livonia, MI Metropolitan Division	2021	M12	December	47.5
SMU26198043000000007	Michigan	Detroit-Dearborn-Livonia, MI Metropolitan Division	2021	M11	November	47.4
SMU26198043000000007	Michigan	Detroit-Dearborn-Livonia, MI Metropolitan Division	2021	M10	October	45.5
SMU26198043000000007	Michigan	Detroit-Dearborn-Livonia, MI Metropolitan Division	2021	M09	September	43.4
SMU26198043000000007	Michigan	Detroit-Dearborn-Livonia, MI Metropolitan Division	2021	M08	August	45.1
SMU26198043000000007	Michigan	Detroit-Dearborn-Livonia, MI Metropolitan Division	2021	M07	July	44.8
SMU26198043000000007	Michigan	Detroit-Dearborn-Livonia, MI Metropolitan Division	2021	M06	June	42.0
SMU26198043000000007	Michigan	Detroit-Dearborn-Livonia, MI Metropolitan Division	2021	M05	May	42.2
SMU26198043000000007	Michigan	Detroit-Dearborn-Livonia, MI Metropolitan Division	2021	M04	April	41.0
SMU26198043000000007	Michigan	Detroit-Dearborn-Livonia, MI Metropolitan Division	2021	M03	March	43.7
SMU26198043000000007	Michigan	Detroit-Dearborn-Livonia, MI Metropolitan Division	2021	M02	February	42.1
SMU26198043000000007	Michigan	Detroit-Dearborn-Livonia, MI Metropolitan Division	2021	M01	January	44.0
SMU26198043000000007	Michigan	Detroit-Dearborn-Livonia, MI Metropolitan Division	2020	M12	December	45.1
SMU26198043000000007	Michigan	Detroit-Dearborn-Livonia, MI Metropolitan Division	2020	M11	November	44.7
SMU26198043000000007	Michigan	Detroit-Dearborn-Livonia, MI Metropolitan Division	2020	M10	October	44.4
SMU26198043000000007	Michigan	Detroit-Dearborn-Livonia, MI Metropolitan Division	2020	M09	September	45.1
SMU26198043000000007	Michigan	Detroit-Dearborn-Livonia, MI Metropolitan Division	2020	M08	August	45.7
SMU26198043000000007	Michigan	Detroit-Dearborn-Livonia, MI Metropolitan Division	2020	M07	July	46.5
SMU26198043000000007	Michigan	Detroit-Dearborn-Livonia, MI Metropolitan Division	2020	M06	June	45.6
SMU26198043000000007	Michigan	Detroit-Dearborn-Livonia, MI Metropolitan Division	2020	M05	May	47.7
SMU26198043000000007	Michigan	Detroit-Dearborn-Livonia, MI Metropolitan Division	2020	M04	April	46.2
SMU26198043000000007	Michigan	Detroit-Dearborn-Livonia, MI Metropolitan Division	2020	M03	March	47.8
SMU26198043000000007	Michigan	Detroit-Dearborn-Livonia, MI Metropolitan Division	2020	M02	February	45.0
SMU26198043000000007	Michigan	Detroit-Dearborn-Livonia, MI Metropolitan Division	2020	M01	January	45.1
SMU26198043000000007	Michigan	Detroit-Dearborn-Livonia, MI Metropolitan Division	2019	M12	December	47.2
SMU26198043000000007	Michigan	Detroit-Dearborn-Livonia, MI Metropolitan Division	2019	M11	November	46.7
SMU26198043000000007	Michigan	Detroit-Dearborn-Livonia, MI Metropolitan Division	2019	M10	October	47.0
SMU26198043000000007	Michigan	Detroit-Dearborn-Livonia, MI Metropolitan Division	2019	M09	September	47.3
SMU26198043000000007	Michigan	Detroit-Dearborn-Livonia, MI Metropolitan Division	2019	M08	August	46.5
SMU26198043000000007	Michigan	Detroit-Dearborn-Livonia, MI Metropolitan Division	2019	M07	July	44.7
SMU26198043000000007	Michigan	Detroit-Dearborn-Livonia, MI Metropolitan Division	2019	M06	June	44.9
SMU26198043000000007	Michigan	Detroit-Dearborn-Livonia, MI Metropolitan Division	2019	M05	May	45.6
SMU26198043000000007	Michigan	Detroit-Dearborn-Livonia, MI Metropolitan Division	2019	M04	April	45.2
SMU26198043000000007	Michigan	Detroit-Dearborn-Livonia, MI Metropolitan Division	2019	M03	March	45.7
SMU26198043000000007	Michigan	Detroit-Dearborn-Livonia, MI Metropolitan Division	2019	M02	February	46.7
SMU26198043000000007	Michigan	Detroit-Dearborn-Livonia, MI Metropolitan Division	2019	M01	January	47.7
SMU26198043000000007	Michigan	Detroit-Dearborn-Livonia, MI Metropolitan Division	2018	M12	December	46.7
SMU26198043000000007	Michigan	Detroit-Dearborn-Livonia, MI Metropolitan Division	2018	M11	November	46.5
SMU26198043000000007	Michigan	Detroit-Dearborn-Livonia, MI Metropolitan Division	2018	M10	October	45.7
SMU26198043000000007	Michigan	Detroit-Dearborn-Livonia, MI Metropolitan Division	2018	M09	September	47.2
SMU26198043000000007	Michigan	Detroit-Dearborn-Livonia, MI Metropolitan Division	2018	M08	August	46.2
SMU26198043000000007	Michigan	Detroit-Dearborn-Livonia, MI Metropolitan Division	2018	M07	July	45.6
SMU26198043000000007	Michigan	Detroit-Dearborn-Livonia, MI Metropolitan Division	2018	M06	June	46.5
SMU26198043000000007	Michigan	Detroit-Dearborn-Livonia, MI Metropolitan Division	2018	M05	May	46.3
SMU26198043000000007	Michigan	Detroit-Dearborn-Livonia, MI Metropolitan Division	2018	M04	April	49.1
SMU26198043000000007	Michigan	Detroit-Dearborn-Livonia, MI Metropolitan Division	2018	M03	March	48.6
SMU26198043000000007	Michigan	Detroit-Dearborn-Livonia, MI Metropolitan Division	2018	M02	February	47.8
SMU26198043000000007	Michigan	Detroit-Dearborn-Livonia, MI Metropolitan Division	2018	M01	January	46.5
SMU26198043000000007	Michigan	Detroit-Dearborn-Livonia, MI Metropolitan Division	2017	M12	December	48.1
SMU26198043000000007	Michigan	Detroit-Dearborn-Livonia, MI Metropolitan Division	2017	M11	November	47.6
SMU26198043000000007	Michigan	Detroit-Dearborn-Livonia, MI Metropolitan Division	2017	M10	October	46.8
SMU26198043000000007	Michigan	Detroit-Dearborn-Livonia, MI Metropolitan Division	2017	M09	September	46.9
SMU26198043000000007	Michigan	Detroit-Dearborn-Livonia, MI Metropolitan Division	2017	M08	August	46.1
SMU26198043000000007	Michigan	Detroit-Dearborn-Livonia, MI Metropolitan Division	2017	M07	July	48.4
SMU26198043000000007	Michigan	Detroit-Dearborn-Livonia, MI Metropolitan Division	2017	M06	June	46.8
SMU26198043000000007	Michigan	Detroit-Dearborn-Livonia, MI Metropolitan Division	2017	M05	May	46.8
SMU26198043000000007	Michigan	Detroit-Dearborn-Livonia, MI Metropolitan Division	2017	M04	April	45.6
SMU26198043000000007	Michigan	Detroit-Dearborn-Livonia, MI Metropolitan Division	2017	M03	March	47.1
SMU26198043000000007	Michigan	Detroit-Dearborn-Livonia, MI Metropolitan Division	2017	M02	February	46.2
SMU26198043000000007	Michigan	Detroit-Dearborn-Livonia, MI Metropolitan Division	2017	M01	January	46.9
SMU26198043000000007	Michigan	Detroit-Dearborn-Livonia, MI Metropolitan Division	2016	M12	December	45.4
SMU26198043000000007	Michigan	Detroit-Dearborn-Livonia, MI Metropolitan Division	2016	M11	November	45.2
SMU26198043000000007	Michigan	Detroit-Dearborn-Livonia, MI Metropolitan Division	2016	M10	October	47.3
SMU26198043000000007	Michigan	Detroit-Dearborn-Livonia, MI Metropolitan Division	2016	M09	September	47.1
SMU26198043000000007	Michigan	Detroit-Dearborn-Livonia, MI Metropolitan Division	2016	M08	August	45.2
SMU26198043000000007	Michigan	Detroit-Dearborn-Livonia, MI Metropolitan Division	2016	M07	July	43.3
SMU26198043000000007	Michigan	Detroit-Dearborn-Livonia, MI Metropolitan Division	2016	M06	June	46.6
SMU26198043000000007	Michigan	Detroit-Dearborn-Livonia, MI Metropolitan Division	2016	M05	May	45.3
SMU26198043000000007	Michigan	Detroit-Dearborn-Livonia, MI Metropolitan Division	2016	M04	April	45.5
SMU26198043000000007	Michigan	Detroit-Dearborn-Livonia, MI Metropolitan Division	2016	M03	March	46.2
SMU26198043000000007	Michigan	Detroit-Dearborn-Livonia, MI Metropolitan Division	2016	M02	February	46.9
SMU26198043000000007	Michigan	Detroit-Dearborn-Livonia, MI Metropolitan Division	2016	M01	January	45.7
SMU26198043000000007	Michigan	Detroit-Dearborn-Livonia, MI Metropolitan Division	2015	M12	December	47.4
SMU26198043000000007	Michigan	Detroit-Dearborn-Livonia, MI Metropolitan Division	2015	M11	November	47.6
SMU26198043000000007	Michigan	Detroit-Dearborn-Livonia, MI Metropolitan Division	2015	M10	October	48.9
SMU26198043000000007	Michigan	Detroit-Dearborn-Livonia, MI Metropolitan Division	2015	M09	September	49.3
SMU26198043000000007	Michigan	Detroit-Dearborn-Livonia, MI Metropolitan Division	2015	M08	August	48.8
SMU26198043000000007	Michigan	Detroit-Dearborn-Livonia, MI Metropolitan Division	2015	M07	July	48.0
SMU26198043000000007	Michigan	Detroit-Dearborn-Livonia, MI Metropolitan Division	2015	M06	June	50.5
SMU26198043000000007	Michigan	Detroit-Dearborn-Livonia, MI Metropolitan Division	2015	M05	May	49.9
SMU26198043000000007	Michigan	Detroit-Dearborn-Livonia, MI Metropolitan Division	2015	M04	April	50.3
SMU26198043000000007	Michigan	Detroit-Dearborn-Livonia, MI Metropolitan Division	2015	M03	March	50.3
SMU26198043000000007	Michigan	Detroit-Dearborn-Livonia, MI Metropolitan Division	2015	M02	February	51.5
SMU26198043000000007	Michigan	Detroit-Dearborn-Livonia, MI Metropolitan Division	2015	M01	January	51.2
SMU26198043000000007	Michigan	Detroit-Dearborn-Livonia, MI Metropolitan Division	2014	M12	December	52.0
SMU26198043000000007	Michigan	Detroit-Dearborn-Livonia, MI Metropolitan Division	2014	M11	November	52.7
SMU26198043000000007	Michigan	Detroit-Dearborn-Livonia, MI Metropolitan Division	2014	M10	October	51.4
SMU26198043000000007	Michigan	Detroit-Dearborn-Livonia, MI Metropolitan Division	2014	M09	September	50.6
SMU26198043000000007	Michigan	Detroit-Dearborn-Livonia, MI Metropolitan Division	2014	M08	August	51.1
SMU26198043000000007	Michigan	Detroit-Dearborn-Livonia, MI Metropolitan Division	2014	M07	July	49.9
SMU26198043000000007	Michigan	Detroit-Dearborn-Livonia, MI Metropolitan Division	2014	M06	June	49.6
SMU26198043000000007	Michigan	Detroit-Dearborn-Livonia, MI Metropolitan Division	2014	M05	May	50.8
SMU26198043000000007	Michigan	Detroit-Dearborn-Livonia, MI Metropolitan Division	2014	M04	April	49.0
SMU26198043000000007	Michigan	Detroit-Dearborn-Livonia, MI Metropolitan Division	2014	M03	March	49.4
SMU26198043000000007	Michigan	Detroit-Dearborn-Livonia, MI Metropolitan Division	2014	M02	February	49.5
SMU26198043000000007	Michigan	Detroit-Dearborn-Livonia, MI Metropolitan Division	2014	M01	January	46.0
SMU26198043000000007	Michigan	Detroit-Dearborn-Livonia, MI Metropolitan Division	2013	M12	December	49.6
SMU26198043000000007	Michigan	Detroit-Dearborn-Livonia, MI Metropolitan Division	2013	M11	November	49.7
SMU26198043000000007	Michigan	Detroit-Dearborn-Livonia, MI Metropolitan Division	2013	M10	October	47.0
SMU26198043000000007	Michigan	Detroit-Dearborn-Livonia, MI Metropolitan Division	2013	M09	September	48.5
SMU26198043000000007	Michigan	Detroit-Dearborn-Livonia, MI Metropolitan Division	2013	M08	August	49.0
SMU26198043000000007	Michigan	Detroit-Dearborn-Livonia, MI Metropolitan Division	2013	M07	July	47.5
SMU26198043000000007	Michigan	Detroit-Dearborn-Livonia, MI Metropolitan Division	2013	M06	June	48.5
SMU26198043000000007	Michigan	Detroit-Dearborn-Livonia, MI Metropolitan Division	2013	M05	May	47.9
SMU26198043000000007	Michigan	Detroit-Dearborn-Livonia, MI Metropolitan Division	2013	M04	April	48.7
SMU26198043000000007	Michigan	Detroit-Dearborn-Livonia, MI Metropolitan Division	2013	M03	March	49.6
SMU26198043000000007	Michigan	Detroit-Dearborn-Livonia, MI Metropolitan Division	2013	M02	February	49.5
SMU26198043000000007	Michigan	Detroit-Dearborn-Livonia, MI Metropolitan Division	2013	M01	January	48.2
SMU26198043000000007	Michigan	Detroit-Dearborn-Livonia, MI Metropolitan Division	2012	M12	December	49.4
SMU26198043000000007	Michigan	Detroit-Dearborn-Livonia, MI Metropolitan Division	2012	M11	November	49.3
SMU26198043000000007	Michigan	Detroit-Dearborn-Livonia, MI Metropolitan Division	2012	M10	October	48.8
SMU26198043000000007	Michigan	Detroit-Dearborn-Livonia, MI Metropolitan Division	2012	M09	September	50.3
SMU26198043000000007	Michigan	Detroit-Dearborn-Livonia, MI Metropolitan Division	2012	M08	August	49.5
SMU26198043000000007	Michigan	Detroit-Dearborn-Livonia, MI Metropolitan Division	2012	M07	July	48.7
SMU26198043000000007	Michigan	Detroit-Dearborn-Livonia, MI Metropolitan Division	2012	M06	June	49.3
SMU26198043000000007	Michigan	Detroit-Dearborn-Livonia, MI Metropolitan Division	2012	M05	May	47.2
SMU26198043000000007	Michigan	Detroit-Dearborn-Livonia, MI Metropolitan Division	2012	M04	April	48.4
SMU26198043000000007	Michigan	Detroit-Dearborn-Livonia, MI Metropolitan Division	2012	M03	March	46.9
SMU26198043000000007	Michigan	Detroit-Dearborn-Livonia, MI Metropolitan Division	2012	M02	February	47.5
SMU26198043000000007	Michigan	Detroit-Dearborn-Livonia, MI Metropolitan Division	2012	M01	January	46.1
SMU26198043000000007	Michigan	Detroit-Dearborn-Livonia, MI Metropolitan Division	2011	M12	December	49.8
SMU26198043000000007	Michigan	Detroit-Dearborn-Livonia, MI Metropolitan Division	2011	M11	November	49.0
SMU26198043000000007	Michigan	Detroit-Dearborn-Livonia, MI Metropolitan Division	2011	M10	October	49.3
SMU26198043000000007	Michigan	Detroit-Dearborn-Livonia, MI Metropolitan Division	2011	M09	September	50.0
SMU26198043000000007	Michigan	Detroit-Dearborn-Livonia, MI Metropolitan Division	2011	M08	August	49.6
SMU26198043000000007	Michigan	Detroit-Dearborn-Livonia, MI Metropolitan Division	2011	M07	July	48.8
SMU26198043000000007	Michigan	Detroit-Dearborn-Livonia, MI Metropolitan Division	2011	M06	June	47.9
SMU26198043000000007	Michigan	Detroit-Dearborn-Livonia, MI Metropolitan Division	2011	M05	May	48.5
SMU26198043000000007	Michigan	Detroit-Dearborn-Livonia, MI Metropolitan Division	2011	M04	April	46.9
SMU26198043000000007	Michigan	Detroit-Dearborn-Livonia, MI Metropolitan Division	2011	M03	March	46.3
SMU26198043000000007	Michigan	Detroit-Dearborn-Livonia, MI Metropolitan Division	2011	M02	February	45.4
SMU26198043000000007	Michigan	Detroit-Dearborn-Livonia, MI Metropolitan Division	2011	M01	January	45.2
SMU26198043000000007	Michigan	Detroit-Dearborn-Livonia, MI Metropolitan Division	2010	M12	December	46.0
SMU26198043000000007	Michigan	Detroit-Dearborn-Livonia, MI Metropolitan Division	2010	M11	November	45.4
SMU26198043000000007	Michigan	Detroit-Dearborn-Livonia, MI Metropolitan Division	2010	M10	October	47.3
SMU26198043000000007	Michigan	Detroit-Dearborn-Livonia, MI Metropolitan Division	2010	M09	September	46.4
SMU26198043000000007	Michigan	Detroit-Dearborn-Livonia, MI Metropolitan Division	2010	M08	August	46.1
SMU26198043000000007	Michigan	Detroit-Dearborn-Livonia, MI Metropolitan Division	2010	M07	July	45.1
SMU26198043000000007	Michigan	Detroit-Dearborn-Livonia, MI Metropolitan Division	2010	M06	June	45.3
SMU26198043000000007	Michigan	Detroit-Dearborn-Livonia, MI Metropolitan Division	2010	M05	May	44.7
SMU26198043000000007	Michigan	Detroit-Dearborn-Livonia, MI Metropolitan Division	2010	M04	April	43.4
SMU26198043000000007	Michigan	Detroit-Dearborn-Livonia, MI Metropolitan Division	2010	M03	March	42.7
SMU26198043000000007	Michigan	Detroit-Dearborn-Livonia, MI Metropolitan Division	2010	M02	February	42.7
SMU26198043000000007	Michigan	Detroit-Dearborn-Livonia, MI Metropolitan Division	2010	M01	January	42.7
SMU26198043000000007	Michigan	Detroit-Dearborn-Livonia, MI Metropolitan Division	2009	M12	December	44.1
SMU26198043000000007	Michigan	Detroit-Dearborn-Livonia, MI Metropolitan Division	2009	M11	November	43.6
SMU26198043000000007	Michigan	Detroit-Dearborn-Livonia, MI Metropolitan Division	2009	M10	October	44.7
SMU26198043000000007	Michigan	Detroit-Dearborn-Livonia, MI Metropolitan Division	2009	M09	September	42.9
SMU26198043000000007	Michigan	Detroit-Dearborn-Livonia, MI Metropolitan Division	2009	M08	August	43.4
SMU26198043000000007	Michigan	Detroit-Dearborn-Livonia, MI Metropolitan Division	2009	M07	July	42.2
SMU26198043000000007	Michigan	Detroit-Dearborn-Livonia, MI Metropolitan Division	2009	M06	June	41.7
SMU26198043000000007	Michigan	Detroit-Dearborn-Livonia, MI Metropolitan Division	2009	M05	May	40.6
SMU26198043000000007	Michigan	Detroit-Dearborn-Livonia, MI Metropolitan Division	2009	M04	April	40.4
SMU26198043000000007	Michigan	Detroit-Dearborn-Livonia, MI Metropolitan Division	2009	M03	March	40.9
SMU26198043000000007	Michigan	Detroit-Dearborn-Livonia, MI Metropolitan Division	2009	M02	February	41.0
SMU26198043000000007	Michigan	Detroit-Dearborn-Livonia, MI Metropolitan Division	2009	M01	January	39.7
SMU26198043000000007	Michigan	Detroit-Dearborn-Livonia, MI Metropolitan Division	2008	M12	December	42.2
SMU26198043000000007	Michigan	Detroit-Dearborn-Livonia, MI Metropolitan Division	2008	M11	November	41.9
SMU26198043000000007	Michigan	Detroit-Dearborn-Livonia, MI Metropolitan Division	2008	M10	October	42.0
SMU26198043000000007	Michigan	Detroit-Dearborn-Livonia, MI Metropolitan Division	2008	M09	September	42.3
SMU26198043000000007	Michigan	Detroit-Dearborn-Livonia, MI Metropolitan Division	2008	M08	August	42.3
SMU26198043000000007	Michigan	Detroit-Dearborn-Livonia, MI Metropolitan Division	2008	M07	July	41.3
SMU26198043000000007	Michigan	Detroit-Dearborn-Livonia, MI Metropolitan Division	2008	M06	June	42.7
SMU26198043000000007	Michigan	Detroit-Dearborn-Livonia, MI Metropolitan Division	2008	M05	May	42.5
SMU26198043000000007	Michigan	Detroit-Dearborn-Livonia, MI Metropolitan Division	2008	M04	April	42.4
SMU26198043000000007	Michigan	Detroit-Dearborn-Livonia, MI Metropolitan Division	2008	M03	March	42.9
SMU26198043000000007	Michigan	Detroit-Dearborn-Livonia, MI Metropolitan Division	2008	M02	February	43.0
SMU26198043000000007	Michigan	Detroit-Dearborn-Livonia, MI Metropolitan Division	2008	M01	January	41.7
SMU26198043000000007	Michigan	Detroit-Dearborn-Livonia, MI Metropolitan Division	2007	M12	December	45.5
SMU26198043000000007	Michigan	Detroit-Dearborn-Livonia, MI Metropolitan Division	2007	M11	November	45.2
SMU26198043000000007	Michigan	Detroit-Dearborn-Livonia, MI Metropolitan Division	2007	M10	October	44.5
SMU26198043000000007	Michigan	Detroit-Dearborn-Livonia, MI Metropolitan Division	2007	M09	September	45.2
SMU26198043000000007	Michigan	Detroit-Dearborn-Livonia, MI Metropolitan Division	2007	M08	August	44.4
SMU26198043000000007	Michigan	Detroit-Dearborn-Livonia, MI Metropolitan Division	2007	M07	July	42.9
SMU26198043000000007	Michigan	Detroit-Dearborn-Livonia, MI Metropolitan Division	2007	M06	June	44.3
SMU26198043000000007	Michigan	Detroit-Dearborn-Livonia, MI Metropolitan Division	2007	M05	May	43.8
SMU26198043000000007	Michigan	Detroit-Dearborn-Livonia, MI Metropolitan Division	2007	M04	April	43.4
SMU26198043000000007	Michigan	Detroit-Dearborn-Livonia, MI Metropolitan Division	2007	M03	March	43.7
SMU26198043000000007	Michigan	Detroit-Dearborn-Livonia, MI Metropolitan Division	2007	M02	February	43.5
SMU26198043000000007	Michigan	Detroit-Dearborn-Livonia, MI Metropolitan Division	2007	M01	January	39.9
SMU48231043000000007	Texas	Fort Worth-Arlington-Grapevine, TX Metropolitan Division	2025	M12	December	44.3
SMU48231043000000007	Texas	Fort Worth-Arlington-Grapevine, TX Metropolitan Division	2025	M11	November	44.8
SMU48231043000000007	Texas	Fort Worth-Arlington-Grapevine, TX Metropolitan Division	2025	M10	October	44.8
SMU48231043000000007	Texas	Fort Worth-Arlington-Grapevine, TX Metropolitan Division	2025	M09	September	44.8
SMU48231043000000007	Texas	Fort Worth-Arlington-Grapevine, TX Metropolitan Division	2025	M08	August	44.6
SMU48231043000000007	Texas	Fort Worth-Arlington-Grapevine, TX Metropolitan Division	2025	M07	July	45.0
SMU48231043000000007	Texas	Fort Worth-Arlington-Grapevine, TX Metropolitan Division	2025	M06	June	44.9
SMU48231043000000007	Texas	Fort Worth-Arlington-Grapevine, TX Metropolitan Division	2025	M05	May	44.7
SMU48231043000000007	Texas	Fort Worth-Arlington-Grapevine, TX Metropolitan Division	2025	M04	April	45.8
SMU48231043000000007	Texas	Fort Worth-Arlington-Grapevine, TX Metropolitan Division	2025	M03	March	45.3
SMU48231043000000007	Texas	Fort Worth-Arlington-Grapevine, TX Metropolitan Division	2025	M02	February	45.3
SMU48231043000000007	Texas	Fort Worth-Arlington-Grapevine, TX Metropolitan Division	2025	M01	January	45.8
SMU48231043000000007	Texas	Fort Worth-Arlington-Grapevine, TX Metropolitan Division	2024	M12	December	45.6
SMU48231043000000007	Texas	Fort Worth-Arlington-Grapevine, TX Metropolitan Division	2024	M11	November	45.7
SMU48231043000000007	Texas	Fort Worth-Arlington-Grapevine, TX Metropolitan Division	2024	M10	October	46.2
SMU48231043000000007	Texas	Fort Worth-Arlington-Grapevine, TX Metropolitan Division	2024	M09	September	47.6
SMU48231043000000007	Texas	Fort Worth-Arlington-Grapevine, TX Metropolitan Division	2024	M08	August	46.2
SMU48231043000000007	Texas	Fort Worth-Arlington-Grapevine, TX Metropolitan Division	2024	M07	July	45.8
SMU48231043000000007	Texas	Fort Worth-Arlington-Grapevine, TX Metropolitan Division	2024	M06	June	46.7
SMU48231043000000007	Texas	Fort Worth-Arlington-Grapevine, TX Metropolitan Division	2024	M05	May	45.6
SMU48231043000000007	Texas	Fort Worth-Arlington-Grapevine, TX Metropolitan Division	2024	M04	April	45.1
SMU48231043000000007	Texas	Fort Worth-Arlington-Grapevine, TX Metropolitan Division	2024	M03	March	44.0
SMU48231043000000007	Texas	Fort Worth-Arlington-Grapevine, TX Metropolitan Division	2024	M02	February	43.9
SMU48231043000000007	Texas	Fort Worth-Arlington-Grapevine, TX Metropolitan Division	2024	M01	January	42.5
SMU48231043000000007	Texas	Fort Worth-Arlington-Grapevine, TX Metropolitan Division	2023	M12	December	44.1
SMU48231043000000007	Texas	Fort Worth-Arlington-Grapevine, TX Metropolitan Division	2023	M11	November	43.7
SMU48231043000000007	Texas	Fort Worth-Arlington-Grapevine, TX Metropolitan Division	2023	M10	October	44.7
SMU48231043000000007	Texas	Fort Worth-Arlington-Grapevine, TX Metropolitan Division	2023	M09	September	44.1
SMU48231043000000007	Texas	Fort Worth-Arlington-Grapevine, TX Metropolitan Division	2023	M08	August	43.5
SMU48231043000000007	Texas	Fort Worth-Arlington-Grapevine, TX Metropolitan Division	2023	M07	July	42.7
SMU48231043000000007	Texas	Fort Worth-Arlington-Grapevine, TX Metropolitan Division	2023	M06	June	41.8
SMU48231043000000007	Texas	Fort Worth-Arlington-Grapevine, TX Metropolitan Division	2023	M05	May	41.1
SMU48231043000000007	Texas	Fort Worth-Arlington-Grapevine, TX Metropolitan Division	2023	M04	April	41.4
SMU48231043000000007	Texas	Fort Worth-Arlington-Grapevine, TX Metropolitan Division	2023	M03	March	42.4
SMU48231043000000007	Texas	Fort Worth-Arlington-Grapevine, TX Metropolitan Division	2023	M02	February	41.2
SMU48231043000000007	Texas	Fort Worth-Arlington-Grapevine, TX Metropolitan Division	2023	M01	January	40.9
SMU48231043000000007	Texas	Fort Worth-Arlington-Grapevine, TX Metropolitan Division	2022	M12	December	41.2
SMU48231043000000007	Texas	Fort Worth-Arlington-Grapevine, TX Metropolitan Division	2022	M11	November	39.6
SMU48231043000000007	Texas	Fort Worth-Arlington-Grapevine, TX Metropolitan Division	2022	M10	October	39.3
SMU48231043000000007	Texas	Fort Worth-Arlington-Grapevine, TX Metropolitan Division	2022	M09	September	39.1
SMU48231043000000007	Texas	Fort Worth-Arlington-Grapevine, TX Metropolitan Division	2022	M08	August	38.5
SMU48231043000000007	Texas	Fort Worth-Arlington-Grapevine, TX Metropolitan Division	2022	M07	July	40.1
SMU48231043000000007	Texas	Fort Worth-Arlington-Grapevine, TX Metropolitan Division	2022	M06	June	39.0
SMU48231043000000007	Texas	Fort Worth-Arlington-Grapevine, TX Metropolitan Division	2022	M05	May	38.7
SMU48231043000000007	Texas	Fort Worth-Arlington-Grapevine, TX Metropolitan Division	2022	M04	April	38.4
SMU48231043000000007	Texas	Fort Worth-Arlington-Grapevine, TX Metropolitan Division	2022	M03	March	40.7
SMU48231043000000007	Texas	Fort Worth-Arlington-Grapevine, TX Metropolitan Division	2022	M02	February	41.9
SMU48231043000000007	Texas	Fort Worth-Arlington-Grapevine, TX Metropolitan Division	2022	M01	January	39.4
SMU48231043000000007	Texas	Fort Worth-Arlington-Grapevine, TX Metropolitan Division	2021	M12	December	41.0
SMU48231043000000007	Texas	Fort Worth-Arlington-Grapevine, TX Metropolitan Division	2021	M11	November	39.9
SMU48231043000000007	Texas	Fort Worth-Arlington-Grapevine, TX Metropolitan Division	2021	M10	October	38.5
SMU48231043000000007	Texas	Fort Worth-Arlington-Grapevine, TX Metropolitan Division	2021	M09	September	39.0
SMU48231043000000007	Texas	Fort Worth-Arlington-Grapevine, TX Metropolitan Division	2021	M08	August	39.6
SMU48231043000000007	Texas	Fort Worth-Arlington-Grapevine, TX Metropolitan Division	2021	M07	July	40.0
SMU48231043000000007	Texas	Fort Worth-Arlington-Grapevine, TX Metropolitan Division	2021	M06	June	39.7
SMU48231043000000007	Texas	Fort Worth-Arlington-Grapevine, TX Metropolitan Division	2021	M05	May	40.1
SMU48231043000000007	Texas	Fort Worth-Arlington-Grapevine, TX Metropolitan Division	2021	M04	April	42.6
SMU48231043000000007	Texas	Fort Worth-Arlington-Grapevine, TX Metropolitan Division	2021	M03	March	42.6
SMU48231043000000007	Texas	Fort Worth-Arlington-Grapevine, TX Metropolitan Division	2021	M02	February	41.1
SMU48231043000000007	Texas	Fort Worth-Arlington-Grapevine, TX Metropolitan Division	2021	M01	January	43.4
SMU48231043000000007	Texas	Fort Worth-Arlington-Grapevine, TX Metropolitan Division	2020	M12	December	44.4
SMU48231043000000007	Texas	Fort Worth-Arlington-Grapevine, TX Metropolitan Division	2020	M11	November	45.8
SMU48231043000000007	Texas	Fort Worth-Arlington-Grapevine, TX Metropolitan Division	2020	M10	October	44.7
SMU48231043000000007	Texas	Fort Worth-Arlington-Grapevine, TX Metropolitan Division	2020	M09	September	45.9
SMU48231043000000007	Texas	Fort Worth-Arlington-Grapevine, TX Metropolitan Division	2020	M08	August	45.8
SMU48231043000000007	Texas	Fort Worth-Arlington-Grapevine, TX Metropolitan Division	2020	M07	July	45.5
SMU48231043000000007	Texas	Fort Worth-Arlington-Grapevine, TX Metropolitan Division	2020	M06	June	46.1
SMU48231043000000007	Texas	Fort Worth-Arlington-Grapevine, TX Metropolitan Division	2020	M05	May	45.0
SMU48231043000000007	Texas	Fort Worth-Arlington-Grapevine, TX Metropolitan Division	2020	M04	April	45.0
SMU48231043000000007	Texas	Fort Worth-Arlington-Grapevine, TX Metropolitan Division	2020	M03	March	44.2
SMU48231043000000007	Texas	Fort Worth-Arlington-Grapevine, TX Metropolitan Division	2020	M02	February	44.6
SMU48231043000000007	Texas	Fort Worth-Arlington-Grapevine, TX Metropolitan Division	2020	M01	January	44.9
SMU48231043000000007	Texas	Fort Worth-Arlington-Grapevine, TX Metropolitan Division	2019	M12	December	44.5
SMU48231043000000007	Texas	Fort Worth-Arlington-Grapevine, TX Metropolitan Division	2019	M11	November	44.1
SMU48231043000000007	Texas	Fort Worth-Arlington-Grapevine, TX Metropolitan Division	2019	M10	October	43.8
SMU48231043000000007	Texas	Fort Worth-Arlington-Grapevine, TX Metropolitan Division	2019	M09	September	44.6
SMU48231043000000007	Texas	Fort Worth-Arlington-Grapevine, TX Metropolitan Division	2019	M08	August	44.7
SMU48231043000000007	Texas	Fort Worth-Arlington-Grapevine, TX Metropolitan Division	2019	M07	July	44.4
SMU48231043000000007	Texas	Fort Worth-Arlington-Grapevine, TX Metropolitan Division	2019	M06	June	45.2
SMU48231043000000007	Texas	Fort Worth-Arlington-Grapevine, TX Metropolitan Division	2019	M05	May	44.2
SMU48231043000000007	Texas	Fort Worth-Arlington-Grapevine, TX Metropolitan Division	2019	M04	April	45.0
SMU48231043000000007	Texas	Fort Worth-Arlington-Grapevine, TX Metropolitan Division	2019	M03	March	44.5
SMU48231043000000007	Texas	Fort Worth-Arlington-Grapevine, TX Metropolitan Division	2019	M02	February	44.0
SMU48231043000000007	Texas	Fort Worth-Arlington-Grapevine, TX Metropolitan Division	2019	M01	January	44.0
SMU48231043000000007	Texas	Fort Worth-Arlington-Grapevine, TX Metropolitan Division	2018	M12	December	45.1
SMU48231043000000007	Texas	Fort Worth-Arlington-Grapevine, TX Metropolitan Division	2018	M11	November	45.4
SMU48231043000000007	Texas	Fort Worth-Arlington-Grapevine, TX Metropolitan Division	2018	M10	October	44.9
SMU48231043000000007	Texas	Fort Worth-Arlington-Grapevine, TX Metropolitan Division	2018	M09	September	44.9
SMU48231043000000007	Texas	Fort Worth-Arlington-Grapevine, TX Metropolitan Division	2018	M08	August	45.3
SMU48231043000000007	Texas	Fort Worth-Arlington-Grapevine, TX Metropolitan Division	2018	M07	July	43.4
SMU48231043000000007	Texas	Fort Worth-Arlington-Grapevine, TX Metropolitan Division	2018	M06	June	43.9
SMU48231043000000007	Texas	Fort Worth-Arlington-Grapevine, TX Metropolitan Division	2018	M05	May	42.9
SMU48231043000000007	Texas	Fort Worth-Arlington-Grapevine, TX Metropolitan Division	2018	M04	April	43.2
SMU48231043000000007	Texas	Fort Worth-Arlington-Grapevine, TX Metropolitan Division	2018	M03	March	43.2
SMU48231043000000007	Texas	Fort Worth-Arlington-Grapevine, TX Metropolitan Division	2018	M02	February	43.3
SMU48231043000000007	Texas	Fort Worth-Arlington-Grapevine, TX Metropolitan Division	2018	M01	January	42.2
SMU48231043000000007	Texas	Fort Worth-Arlington-Grapevine, TX Metropolitan Division	2017	M12	December	43.7
SMU48231043000000007	Texas	Fort Worth-Arlington-Grapevine, TX Metropolitan Division	2017	M11	November	42.2
SMU48231043000000007	Texas	Fort Worth-Arlington-Grapevine, TX Metropolitan Division	2017	M10	October	42.7
SMU48231043000000007	Texas	Fort Worth-Arlington-Grapevine, TX Metropolitan Division	2017	M09	September	42.4
SMU48231043000000007	Texas	Fort Worth-Arlington-Grapevine, TX Metropolitan Division	2017	M08	August	42.5
SMU48231043000000007	Texas	Fort Worth-Arlington-Grapevine, TX Metropolitan Division	2017	M07	July	42.0
SMU48231043000000007	Texas	Fort Worth-Arlington-Grapevine, TX Metropolitan Division	2017	M06	June	41.5
SMU48231043000000007	Texas	Fort Worth-Arlington-Grapevine, TX Metropolitan Division	2017	M05	May	40.8
SMU48231043000000007	Texas	Fort Worth-Arlington-Grapevine, TX Metropolitan Division	2017	M04	April	40.0
SMU48231043000000007	Texas	Fort Worth-Arlington-Grapevine, TX Metropolitan Division	2017	M03	March	41.2
SMU48231043000000007	Texas	Fort Worth-Arlington-Grapevine, TX Metropolitan Division	2017	M02	February	39.9
SMU48231043000000007	Texas	Fort Worth-Arlington-Grapevine, TX Metropolitan Division	2017	M01	January	38.7
SMU48231043000000007	Texas	Fort Worth-Arlington-Grapevine, TX Metropolitan Division	2016	M12	December	41.6
SMU48231043000000007	Texas	Fort Worth-Arlington-Grapevine, TX Metropolitan Division	2016	M11	November	40.9
SMU48231043000000007	Texas	Fort Worth-Arlington-Grapevine, TX Metropolitan Division	2016	M10	October	41.9
SMU48231043000000007	Texas	Fort Worth-Arlington-Grapevine, TX Metropolitan Division	2016	M09	September	42.1
SMU48231043000000007	Texas	Fort Worth-Arlington-Grapevine, TX Metropolitan Division	2016	M08	August	41.9
SMU48231043000000007	Texas	Fort Worth-Arlington-Grapevine, TX Metropolitan Division	2016	M07	July	41.8
SMU48231043000000007	Texas	Fort Worth-Arlington-Grapevine, TX Metropolitan Division	2016	M06	June	42.2
SMU48231043000000007	Texas	Fort Worth-Arlington-Grapevine, TX Metropolitan Division	2016	M05	May	42.4
SMU48231043000000007	Texas	Fort Worth-Arlington-Grapevine, TX Metropolitan Division	2016	M04	April	42.4
SMU48231043000000007	Texas	Fort Worth-Arlington-Grapevine, TX Metropolitan Division	2016	M03	March	41.9
SMU48231043000000007	Texas	Fort Worth-Arlington-Grapevine, TX Metropolitan Division	2016	M02	February	41.7
SMU48231043000000007	Texas	Fort Worth-Arlington-Grapevine, TX Metropolitan Division	2016	M01	January	42.4
SMU48231043000000007	Texas	Fort Worth-Arlington-Grapevine, TX Metropolitan Division	2015	M12	December	42.9
SMU48231043000000007	Texas	Fort Worth-Arlington-Grapevine, TX Metropolitan Division	2015	M11	November	43.0
SMU48231043000000007	Texas	Fort Worth-Arlington-Grapevine, TX Metropolitan Division	2015	M10	October	42.3
SMU48231043000000007	Texas	Fort Worth-Arlington-Grapevine, TX Metropolitan Division	2015	M09	September	41.9
SMU48231043000000007	Texas	Fort Worth-Arlington-Grapevine, TX Metropolitan Division	2015	M08	August	42.2
SMU48231043000000007	Texas	Fort Worth-Arlington-Grapevine, TX Metropolitan Division	2015	M07	July	42.3
SMU48231043000000007	Texas	Fort Worth-Arlington-Grapevine, TX Metropolitan Division	2015	M06	June	41.7
SMU48231043000000007	Texas	Fort Worth-Arlington-Grapevine, TX Metropolitan Division	2015	M05	May	42.3
SMU48231043000000007	Texas	Fort Worth-Arlington-Grapevine, TX Metropolitan Division	2015	M04	April	42.8
SMU48231043000000007	Texas	Fort Worth-Arlington-Grapevine, TX Metropolitan Division	2015	M03	March	42.2
SMU48231043000000007	Texas	Fort Worth-Arlington-Grapevine, TX Metropolitan Division	2015	M02	February	42.3
SMU48231043000000007	Texas	Fort Worth-Arlington-Grapevine, TX Metropolitan Division	2015	M01	January	41.5
SMU48231043000000007	Texas	Fort Worth-Arlington-Grapevine, TX Metropolitan Division	2014	M12	December	42.7
SMU48231043000000007	Texas	Fort Worth-Arlington-Grapevine, TX Metropolitan Division	2014	M11	November	43.2
SMU48231043000000007	Texas	Fort Worth-Arlington-Grapevine, TX Metropolitan Division	2014	M10	October	43.1
SMU48231043000000007	Texas	Fort Worth-Arlington-Grapevine, TX Metropolitan Division	2014	M09	September	43.3
SMU48231043000000007	Texas	Fort Worth-Arlington-Grapevine, TX Metropolitan Division	2014	M08	August	42.3
SMU48231043000000007	Texas	Fort Worth-Arlington-Grapevine, TX Metropolitan Division	2014	M07	July	42.8
SMU48231043000000007	Texas	Fort Worth-Arlington-Grapevine, TX Metropolitan Division	2014	M06	June	43.4
SMU48231043000000007	Texas	Fort Worth-Arlington-Grapevine, TX Metropolitan Division	2014	M05	May	44.3
SMU48231043000000007	Texas	Fort Worth-Arlington-Grapevine, TX Metropolitan Division	2014	M04	April	43.1
SMU48231043000000007	Texas	Fort Worth-Arlington-Grapevine, TX Metropolitan Division	2014	M03	March	44.0
SMU48231043000000007	Texas	Fort Worth-Arlington-Grapevine, TX Metropolitan Division	2014	M02	February	42.3
SMU48231043000000007	Texas	Fort Worth-Arlington-Grapevine, TX Metropolitan Division	2014	M01	January	42.6
SMU48231043000000007	Texas	Fort Worth-Arlington-Grapevine, TX Metropolitan Division	2013	M12	December	40.9
SMU48231043000000007	Texas	Fort Worth-Arlington-Grapevine, TX Metropolitan Division	2013	M11	November	42.3
SMU48231043000000007	Texas	Fort Worth-Arlington-Grapevine, TX Metropolitan Division	2013	M10	October	42.6
SMU48231043000000007	Texas	Fort Worth-Arlington-Grapevine, TX Metropolitan Division	2013	M09	September	42.2
SMU48231043000000007	Texas	Fort Worth-Arlington-Grapevine, TX Metropolitan Division	2013	M08	August	42.5
SMU48231043000000007	Texas	Fort Worth-Arlington-Grapevine, TX Metropolitan Division	2013	M07	July	43.3
SMU48231043000000007	Texas	Fort Worth-Arlington-Grapevine, TX Metropolitan Division	2013	M06	June	43.7
SMU48231043000000007	Texas	Fort Worth-Arlington-Grapevine, TX Metropolitan Division	2013	M05	May	43.9
SMU48231043000000007	Texas	Fort Worth-Arlington-Grapevine, TX Metropolitan Division	2013	M04	April	43.8
SMU48231043000000007	Texas	Fort Worth-Arlington-Grapevine, TX Metropolitan Division	2013	M03	March	44.1
SMU48231043000000007	Texas	Fort Worth-Arlington-Grapevine, TX Metropolitan Division	2013	M02	February	43.7
SMU48231043000000007	Texas	Fort Worth-Arlington-Grapevine, TX Metropolitan Division	2013	M01	January	42.9
SMU48231043000000007	Texas	Fort Worth-Arlington-Grapevine, TX Metropolitan Division	2012	M12	December	44.0
SMU48231043000000007	Texas	Fort Worth-Arlington-Grapevine, TX Metropolitan Division	2012	M11	November	45.0
SMU48231043000000007	Texas	Fort Worth-Arlington-Grapevine, TX Metropolitan Division	2012	M10	October	42.6
SMU48231043000000007	Texas	Fort Worth-Arlington-Grapevine, TX Metropolitan Division	2012	M09	September	43.4
SMU48231043000000007	Texas	Fort Worth-Arlington-Grapevine, TX Metropolitan Division	2012	M08	August	43.3
SMU48231043000000007	Texas	Fort Worth-Arlington-Grapevine, TX Metropolitan Division	2012	M07	July	43.2
SMU48231043000000007	Texas	Fort Worth-Arlington-Grapevine, TX Metropolitan Division	2012	M06	June	43.6
SMU48231043000000007	Texas	Fort Worth-Arlington-Grapevine, TX Metropolitan Division	2012	M05	May	44.3
SMU48231043000000007	Texas	Fort Worth-Arlington-Grapevine, TX Metropolitan Division	2012	M04	April	42.8
SMU48231043000000007	Texas	Fort Worth-Arlington-Grapevine, TX Metropolitan Division	2012	M03	March	44.6
SMU48231043000000007	Texas	Fort Worth-Arlington-Grapevine, TX Metropolitan Division	2012	M02	February	43.6
SMU48231043000000007	Texas	Fort Worth-Arlington-Grapevine, TX Metropolitan Division	2012	M01	January	43.7
SMU48231043000000007	Texas	Fort Worth-Arlington-Grapevine, TX Metropolitan Division	2011	M12	December	45.5
SMU48231043000000007	Texas	Fort Worth-Arlington-Grapevine, TX Metropolitan Division	2011	M11	November	44.4
SMU48231043000000007	Texas	Fort Worth-Arlington-Grapevine, TX Metropolitan Division	2011	M10	October	43.8
SMU48231043000000007	Texas	Fort Worth-Arlington-Grapevine, TX Metropolitan Division	2011	M09	September	43.5
SMU48231043000000007	Texas	Fort Worth-Arlington-Grapevine, TX Metropolitan Division	2011	M08	August	43.8
SMU48231043000000007	Texas	Fort Worth-Arlington-Grapevine, TX Metropolitan Division	2011	M07	July	43.0
SMU48231043000000007	Texas	Fort Worth-Arlington-Grapevine, TX Metropolitan Division	2011	M06	June	42.9
SMU48231043000000007	Texas	Fort Worth-Arlington-Grapevine, TX Metropolitan Division	2011	M05	May	41.6
SMU48231043000000007	Texas	Fort Worth-Arlington-Grapevine, TX Metropolitan Division	2011	M04	April	42.9
SMU48231043000000007	Texas	Fort Worth-Arlington-Grapevine, TX Metropolitan Division	2011	M03	March	42.5
SMU48231043000000007	Texas	Fort Worth-Arlington-Grapevine, TX Metropolitan Division	2011	M02	February	40.2
SMU48231043000000007	Texas	Fort Worth-Arlington-Grapevine, TX Metropolitan Division	2011	M01	January	40.4
SMU48231043000000007	Texas	Fort Worth-Arlington-Grapevine, TX Metropolitan Division	2010	M12	December	41.4
SMU48231043000000007	Texas	Fort Worth-Arlington-Grapevine, TX Metropolitan Division	2010	M11	November	41.3
SMU48231043000000007	Texas	Fort Worth-Arlington-Grapevine, TX Metropolitan Division	2010	M10	October	41.4
SMU48231043000000007	Texas	Fort Worth-Arlington-Grapevine, TX Metropolitan Division	2010	M09	September	41.4
SMU48231043000000007	Texas	Fort Worth-Arlington-Grapevine, TX Metropolitan Division	2010	M08	August	41.5
SMU48231043000000007	Texas	Fort Worth-Arlington-Grapevine, TX Metropolitan Division	2010	M07	July	41.4
SMU48231043000000007	Texas	Fort Worth-Arlington-Grapevine, TX Metropolitan Division	2010	M06	June	41.4
SMU48231043000000007	Texas	Fort Worth-Arlington-Grapevine, TX Metropolitan Division	2010	M05	May	41.1
SMU48231043000000007	Texas	Fort Worth-Arlington-Grapevine, TX Metropolitan Division	2010	M04	April	41.1
SMU48231043000000007	Texas	Fort Worth-Arlington-Grapevine, TX Metropolitan Division	2010	M03	March	41.3
SMU48231043000000007	Texas	Fort Worth-Arlington-Grapevine, TX Metropolitan Division	2010	M02	February	40.5
SMU48231043000000007	Texas	Fort Worth-Arlington-Grapevine, TX Metropolitan Division	2010	M01	January	40.7
SMU48231043000000007	Texas	Fort Worth-Arlington-Grapevine, TX Metropolitan Division	2009	M12	December	41.3
SMU48231043000000007	Texas	Fort Worth-Arlington-Grapevine, TX Metropolitan Division	2009	M11	November	41.4
SMU48231043000000007	Texas	Fort Worth-Arlington-Grapevine, TX Metropolitan Division	2009	M10	October	41.4
SMU48231043000000007	Texas	Fort Worth-Arlington-Grapevine, TX Metropolitan Division	2009	M09	September	41.9
SMU48231043000000007	Texas	Fort Worth-Arlington-Grapevine, TX Metropolitan Division	2009	M08	August	41.2
SMU48231043000000007	Texas	Fort Worth-Arlington-Grapevine, TX Metropolitan Division	2009	M07	July	41.0
SMU48231043000000007	Texas	Fort Worth-Arlington-Grapevine, TX Metropolitan Division	2009	M06	June	41.4
SMU48231043000000007	Texas	Fort Worth-Arlington-Grapevine, TX Metropolitan Division	2009	M05	May	41.1
SMU48231043000000007	Texas	Fort Worth-Arlington-Grapevine, TX Metropolitan Division	2009	M04	April	41.0
SMU48231043000000007	Texas	Fort Worth-Arlington-Grapevine, TX Metropolitan Division	2009	M03	March	41.5
SMU48231043000000007	Texas	Fort Worth-Arlington-Grapevine, TX Metropolitan Division	2009	M02	February	41.1
SMU48231043000000007	Texas	Fort Worth-Arlington-Grapevine, TX Metropolitan Division	2009	M01	January	41.2
SMU48231043000000007	Texas	Fort Worth-Arlington-Grapevine, TX Metropolitan Division	2008	M12	December	41.8
SMU48231043000000007	Texas	Fort Worth-Arlington-Grapevine, TX Metropolitan Division	2008	M11	November	41.7
SMU48231043000000007	Texas	Fort Worth-Arlington-Grapevine, TX Metropolitan Division	2008	M10	October	41.5
SMU48231043000000007	Texas	Fort Worth-Arlington-Grapevine, TX Metropolitan Division	2008	M09	September	42.0
SMU48231043000000007	Texas	Fort Worth-Arlington-Grapevine, TX Metropolitan Division	2008	M08	August	42.0
SMU48231043000000007	Texas	Fort Worth-Arlington-Grapevine, TX Metropolitan Division	2008	M07	July	41.4
SMU48231043000000007	Texas	Fort Worth-Arlington-Grapevine, TX Metropolitan Division	2008	M06	June	41.7
SMU48231043000000007	Texas	Fort Worth-Arlington-Grapevine, TX Metropolitan Division	2008	M05	May	41.1
SMU48231043000000007	Texas	Fort Worth-Arlington-Grapevine, TX Metropolitan Division	2008	M04	April	40.8
SMU48231043000000007	Texas	Fort Worth-Arlington-Grapevine, TX Metropolitan Division	2008	M03	March	41.3
SMU48231043000000007	Texas	Fort Worth-Arlington-Grapevine, TX Metropolitan Division	2008	M02	February	40.9
SMU48231043000000007	Texas	Fort Worth-Arlington-Grapevine, TX Metropolitan Division	2008	M01	January	41.0
SMU48231043000000007	Texas	Fort Worth-Arlington-Grapevine, TX Metropolitan Division	2007	M12	December	40.5
SMU48231043000000007	Texas	Fort Worth-Arlington-Grapevine, TX Metropolitan Division	2007	M11	November	40.6
SMU48231043000000007	Texas	Fort Worth-Arlington-Grapevine, TX Metropolitan Division	2007	M10	October	40.6
SMU48231043000000007	Texas	Fort Worth-Arlington-Grapevine, TX Metropolitan Division	2007	M09	September	41.0
SMU48231043000000007	Texas	Fort Worth-Arlington-Grapevine, TX Metropolitan Division	2007	M08	August	41.1
SMU48231043000000007	Texas	Fort Worth-Arlington-Grapevine, TX Metropolitan Division	2007	M07	July	40.9
SMU48231043000000007	Texas	Fort Worth-Arlington-Grapevine, TX Metropolitan Division	2007	M06	June	41.4
SMU48231043000000007	Texas	Fort Worth-Arlington-Grapevine, TX Metropolitan Division	2007	M05	May	40.9
SMU48231043000000007	Texas	Fort Worth-Arlington-Grapevine, TX Metropolitan Division	2007	M04	April	40.5
SMU48231043000000007	Texas	Fort Worth-Arlington-Grapevine, TX Metropolitan Division	2007	M03	March	40.7
SMU48231043000000007	Texas	Fort Worth-Arlington-Grapevine, TX Metropolitan Division	2007	M02	February	39.7
SMU48231043000000007	Texas	Fort Worth-Arlington-Grapevine, TX Metropolitan Division	2007	M01	January	39.3
SMU49416203000000007	Utah	Salt Lake City-Murray, UT	2025	M12	December	37.8
SMU49416203000000007	Utah	Salt Lake City-Murray, UT	2025	M11	November	38.5
SMU49416203000000007	Utah	Salt Lake City-Murray, UT	2025	M10	October	39.5
SMU49416203000000007	Utah	Salt Lake City-Murray, UT	2025	M09	September	39.2
SMU49416203000000007	Utah	Salt Lake City-Murray, UT	2025	M08	August	38.2
SMU49416203000000007	Utah	Salt Lake City-Murray, UT	2025	M07	July	38.6
SMU49416203000000007	Utah	Salt Lake City-Murray, UT	2025	M06	June	39.8
SMU49416203000000007	Utah	Salt Lake City-Murray, UT	2025	M05	May	38.1
SMU49416203000000007	Utah	Salt Lake City-Murray, UT	2025	M04	April	38.5
SMU49416203000000007	Utah	Salt Lake City-Murray, UT	2025	M03	March	37.0
SMU49416203000000007	Utah	Salt Lake City-Murray, UT	2025	M02	February	36.1
SMU49416203000000007	Utah	Salt Lake City-Murray, UT	2025	M01	January	36.5
SMU49416203000000007	Utah	Salt Lake City-Murray, UT	2024	M12	December	37.5
SMU49416203000000007	Utah	Salt Lake City-Murray, UT	2024	M11	November	38.8
SMU49416203000000007	Utah	Salt Lake City-Murray, UT	2024	M10	October	37.3
SMU49416203000000007	Utah	Salt Lake City-Murray, UT	2024	M09	September	36.5
SMU49416203000000007	Utah	Salt Lake City-Murray, UT	2024	M08	August	37.7
SMU49416203000000007	Utah	Salt Lake City-Murray, UT	2024	M07	July	35.8
SMU49416203000000007	Utah	Salt Lake City-Murray, UT	2024	M06	June	36.5
SMU49416203000000007	Utah	Salt Lake City-Murray, UT	2024	M05	May	38.8
SMU49416203000000007	Utah	Salt Lake City-Murray, UT	2024	M04	April	39.1
SMU49416203000000007	Utah	Salt Lake City-Murray, UT	2024	M03	March	37.4
SMU49416203000000007	Utah	Salt Lake City-Murray, UT	2024	M02	February	38.1
SMU49416203000000007	Utah	Salt Lake City-Murray, UT	2024	M01	January	36.7
SMU49416203000000007	Utah	Salt Lake City-Murray, UT	2023	M12	December	37.9
SMU49416203000000007	Utah	Salt Lake City-Murray, UT	2023	M11	November	38.8
SMU49416203000000007	Utah	Salt Lake City-Murray, UT	2023	M10	October	36.8
SMU49416203000000007	Utah	Salt Lake City-Murray, UT	2023	M09	September	37.6
SMU49416203000000007	Utah	Salt Lake City-Murray, UT	2023	M08	August	36.9
SMU49416203000000007	Utah	Salt Lake City-Murray, UT	2023	M07	July	36.2
SMU49416203000000007	Utah	Salt Lake City-Murray, UT	2023	M06	June	36.0
SMU49416203000000007	Utah	Salt Lake City-Murray, UT	2023	M05	May	35.4
SMU49416203000000007	Utah	Salt Lake City-Murray, UT	2023	M04	April	37.7
SMU49416203000000007	Utah	Salt Lake City-Murray, UT	2023	M03	March	37.4
SMU49416203000000007	Utah	Salt Lake City-Murray, UT	2023	M02	February	38.1
SMU49416203000000007	Utah	Salt Lake City-Murray, UT	2023	M01	January	38.4
SMU49416203000000007	Utah	Salt Lake City-Murray, UT	2022	M12	December	38.5
SMU49416203000000007	Utah	Salt Lake City-Murray, UT	2022	M11	November	38.7
SMU49416203000000007	Utah	Salt Lake City-Murray, UT	2022	M10	October	38.7
SMU49416203000000007	Utah	Salt Lake City-Murray, UT	2022	M09	September	39.6
SMU49416203000000007	Utah	Salt Lake City-Murray, UT	2022	M08	August	39.0
SMU49416203000000007	Utah	Salt Lake City-Murray, UT	2022	M07	July	40.0
SMU49416203000000007	Utah	Salt Lake City-Murray, UT	2022	M06	June	41.1
SMU49416203000000007	Utah	Salt Lake City-Murray, UT	2022	M05	May	41.9
SMU49416203000000007	Utah	Salt Lake City-Murray, UT	2022	M04	April	41.5
SMU49416203000000007	Utah	Salt Lake City-Murray, UT	2022	M03	March	40.5
SMU49416203000000007	Utah	Salt Lake City-Murray, UT	2022	M02	February	41.8
SMU49416203000000007	Utah	Salt Lake City-Murray, UT	2022	M01	January	39.9
SMU49416203000000007	Utah	Salt Lake City-Murray, UT	2021	M12	December	40.5
SMU49416203000000007	Utah	Salt Lake City-Murray, UT	2021	M11	November	41.9
SMU49416203000000007	Utah	Salt Lake City-Murray, UT	2021	M10	October	40.5
SMU49416203000000007	Utah	Salt Lake City-Murray, UT	2021	M09	September	40.0
SMU49416203000000007	Utah	Salt Lake City-Murray, UT	2021	M08	August	41.8
SMU49416203000000007	Utah	Salt Lake City-Murray, UT	2021	M07	July	40.9
SMU49416203000000007	Utah	Salt Lake City-Murray, UT	2021	M06	June	41.5
SMU49416203000000007	Utah	Salt Lake City-Murray, UT	2021	M05	May	39.9
SMU49416203000000007	Utah	Salt Lake City-Murray, UT	2021	M04	April	38.7
SMU49416203000000007	Utah	Salt Lake City-Murray, UT	2021	M03	March	39.2
SMU49416203000000007	Utah	Salt Lake City-Murray, UT	2021	M02	February	38.8
SMU49416203000000007	Utah	Salt Lake City-Murray, UT	2021	M01	January	38.8
SMU49416203000000007	Utah	Salt Lake City-Murray, UT	2020	M12	December	37.9
SMU49416203000000007	Utah	Salt Lake City-Murray, UT	2020	M11	November	38.5
SMU49416203000000007	Utah	Salt Lake City-Murray, UT	2020	M10	October	37.5
SMU49416203000000007	Utah	Salt Lake City-Murray, UT	2020	M09	September	33.7
SMU49416203000000007	Utah	Salt Lake City-Murray, UT	2020	M08	August	37.6
SMU49416203000000007	Utah	Salt Lake City-Murray, UT	2020	M07	July	39.0
SMU49416203000000007	Utah	Salt Lake City-Murray, UT	2020	M06	June	39.7
SMU49416203000000007	Utah	Salt Lake City-Murray, UT	2020	M05	May	40.5
SMU49416203000000007	Utah	Salt Lake City-Murray, UT	2020	M04	April	39.7
SMU49416203000000007	Utah	Salt Lake City-Murray, UT	2020	M03	March	40.3
SMU49416203000000007	Utah	Salt Lake City-Murray, UT	2020	M02	February	40.4
SMU49416203000000007	Utah	Salt Lake City-Murray, UT	2020	M01	January	38.8
SMU49416203000000007	Utah	Salt Lake City-Murray, UT	2019	M12	December	40.0
SMU49416203000000007	Utah	Salt Lake City-Murray, UT	2019	M11	November	40.6
SMU49416203000000007	Utah	Salt Lake City-Murray, UT	2019	M10	October	39.9
SMU49416203000000007	Utah	Salt Lake City-Murray, UT	2019	M09	September	38.7
SMU49416203000000007	Utah	Salt Lake City-Murray, UT	2019	M08	August	39.8
SMU49416203000000007	Utah	Salt Lake City-Murray, UT	2019	M07	July	39.9
SMU49416203000000007	Utah	Salt Lake City-Murray, UT	2019	M06	June	40.0
SMU49416203000000007	Utah	Salt Lake City-Murray, UT	2019	M05	May	38.7
SMU49416203000000007	Utah	Salt Lake City-Murray, UT	2019	M04	April	39.2
SMU49416203000000007	Utah	Salt Lake City-Murray, UT	2019	M03	March	37.9
SMU49416203000000007	Utah	Salt Lake City-Murray, UT	2019	M02	February	37.0
SMU49416203000000007	Utah	Salt Lake City-Murray, UT	2019	M01	January	36.7
SMU49416203000000007	Utah	Salt Lake City-Murray, UT	2018	M12	December	38.5
SMU49416203000000007	Utah	Salt Lake City-Murray, UT	2018	M11	November	39.7
SMU49416203000000007	Utah	Salt Lake City-Murray, UT	2018	M10	October	38.7
SMU49416203000000007	Utah	Salt Lake City-Murray, UT	2018	M09	September	38.2
SMU49416203000000007	Utah	Salt Lake City-Murray, UT	2018	M08	August	39.4
SMU49416203000000007	Utah	Salt Lake City-Murray, UT	2018	M07	July	38.0
SMU49416203000000007	Utah	Salt Lake City-Murray, UT	2018	M06	June	38.5
SMU49416203000000007	Utah	Salt Lake City-Murray, UT	2018	M05	May	39.3
SMU49416203000000007	Utah	Salt Lake City-Murray, UT	2018	M04	April	38.6
SMU49416203000000007	Utah	Salt Lake City-Murray, UT	2018	M03	March	38.2
SMU49416203000000007	Utah	Salt Lake City-Murray, UT	2018	M02	February	37.7
SMU49416203000000007	Utah	Salt Lake City-Murray, UT	2018	M01	January	36.7
SMU49416203000000007	Utah	Salt Lake City-Murray, UT	2017	M12	December	37.3
SMU49416203000000007	Utah	Salt Lake City-Murray, UT	2017	M11	November	39.3
SMU49416203000000007	Utah	Salt Lake City-Murray, UT	2017	M10	October	40.4
SMU49416203000000007	Utah	Salt Lake City-Murray, UT	2017	M09	September	40.3
SMU49416203000000007	Utah	Salt Lake City-Murray, UT	2017	M08	August	41.5
SMU49416203000000007	Utah	Salt Lake City-Murray, UT	2017	M07	July	40.6
SMU49416203000000007	Utah	Salt Lake City-Murray, UT	2017	M06	June	41.0
SMU49416203000000007	Utah	Salt Lake City-Murray, UT	2017	M05	May	40.3
SMU49416203000000007	Utah	Salt Lake City-Murray, UT	2017	M04	April	40.1
SMU49416203000000007	Utah	Salt Lake City-Murray, UT	2017	M03	March	39.6
SMU49416203000000007	Utah	Salt Lake City-Murray, UT	2017	M02	February	40.4
SMU49416203000000007	Utah	Salt Lake City-Murray, UT	2017	M01	January	40.4
SMU49416203000000007	Utah	Salt Lake City-Murray, UT	2016	M12	December	42.2
SMU49416203000000007	Utah	Salt Lake City-Murray, UT	2016	M11	November	40.8
SMU49416203000000007	Utah	Salt Lake City-Murray, UT	2016	M10	October	40.5
SMU49416203000000007	Utah	Salt Lake City-Murray, UT	2016	M09	September	40.2
SMU49416203000000007	Utah	Salt Lake City-Murray, UT	2016	M08	August	40.5
SMU49416203000000007	Utah	Salt Lake City-Murray, UT	2016	M07	July	41.3
SMU49416203000000007	Utah	Salt Lake City-Murray, UT	2016	M06	June	40.8
SMU49416203000000007	Utah	Salt Lake City-Murray, UT	2016	M05	May	39.9
SMU49416203000000007	Utah	Salt Lake City-Murray, UT	2016	M04	April	39.6
SMU49416203000000007	Utah	Salt Lake City-Murray, UT	2016	M03	March	39.8
SMU49416203000000007	Utah	Salt Lake City-Murray, UT	2016	M02	February	38.9
SMU49416203000000007	Utah	Salt Lake City-Murray, UT	2016	M01	January	38.8
SMU49416203000000007	Utah	Salt Lake City-Murray, UT	2015	M12	December	38.1
SMU49416203000000007	Utah	Salt Lake City-Murray, UT	2015	M11	November	37.8
SMU49416203000000007	Utah	Salt Lake City-Murray, UT	2015	M10	October	38.6
SMU49416203000000007	Utah	Salt Lake City-Murray, UT	2015	M09	September	38.3
SMU49416203000000007	Utah	Salt Lake City-Murray, UT	2015	M08	August	39.4
SMU49416203000000007	Utah	Salt Lake City-Murray, UT	2015	M07	July	38.1
SMU49416203000000007	Utah	Salt Lake City-Murray, UT	2015	M06	June	40.0
SMU49416203000000007	Utah	Salt Lake City-Murray, UT	2015	M05	May	39.9
SMU49416203000000007	Utah	Salt Lake City-Murray, UT	2015	M04	April	39.9
SMU49416203000000007	Utah	Salt Lake City-Murray, UT	2015	M03	March	39.7
SMU49416203000000007	Utah	Salt Lake City-Murray, UT	2015	M02	February	40.3
SMU49416203000000007	Utah	Salt Lake City-Murray, UT	2015	M01	January	39.4
SMU49416203000000007	Utah	Salt Lake City-Murray, UT	2014	M12	December	40.5
SMU49416203000000007	Utah	Salt Lake City-Murray, UT	2014	M11	November	39.9
SMU49416203000000007	Utah	Salt Lake City-Murray, UT	2014	M10	October	40.2
SMU49416203000000007	Utah	Salt Lake City-Murray, UT	2014	M09	September	39.2
SMU49416203000000007	Utah	Salt Lake City-Murray, UT	2014	M08	August	39.7
SMU49416203000000007	Utah	Salt Lake City-Murray, UT	2014	M07	July	40.2
SMU49416203000000007	Utah	Salt Lake City-Murray, UT	2014	M06	June	40.0
SMU49416203000000007	Utah	Salt Lake City-Murray, UT	2014	M05	May	39.2
SMU49416203000000007	Utah	Salt Lake City-Murray, UT	2014	M04	April	39.3
SMU49416203000000007	Utah	Salt Lake City-Murray, UT	2014	M03	March	38.9
SMU49416203000000007	Utah	Salt Lake City-Murray, UT	2014	M02	February	38.4
SMU49416203000000007	Utah	Salt Lake City-Murray, UT	2014	M01	January	38.1
SMU49416203000000007	Utah	Salt Lake City-Murray, UT	2013	M12	December	38.5
SMU49416203000000007	Utah	Salt Lake City-Murray, UT	2013	M11	November	40.4
SMU49416203000000007	Utah	Salt Lake City-Murray, UT	2013	M10	October	39.6
SMU49416203000000007	Utah	Salt Lake City-Murray, UT	2013	M09	September	40.4
SMU49416203000000007	Utah	Salt Lake City-Murray, UT	2013	M08	August	39.8
SMU49416203000000007	Utah	Salt Lake City-Murray, UT	2013	M07	July	39.4
SMU49416203000000007	Utah	Salt Lake City-Murray, UT	2013	M06	June	40.2
SMU49416203000000007	Utah	Salt Lake City-Murray, UT	2013	M05	May	39.5
SMU49416203000000007	Utah	Salt Lake City-Murray, UT	2013	M04	April	39.0
SMU49416203000000007	Utah	Salt Lake City-Murray, UT	2013	M03	March	38.5
SMU49416203000000007	Utah	Salt Lake City-Murray, UT	2013	M02	February	38.8
SMU49416203000000007	Utah	Salt Lake City-Murray, UT	2013	M01	January	37.0
SMU49416203000000007	Utah	Salt Lake City-Murray, UT	2012	M12	December	39.6
SMU49416203000000007	Utah	Salt Lake City-Murray, UT	2012	M11	November	38.0
SMU49416203000000007	Utah	Salt Lake City-Murray, UT	2012	M10	October	39.4
SMU49416203000000007	Utah	Salt Lake City-Murray, UT	2012	M09	September	39.1
SMU49416203000000007	Utah	Salt Lake City-Murray, UT	2012	M08	August	39.6
SMU49416203000000007	Utah	Salt Lake City-Murray, UT	2012	M07	July	39.3
SMU49416203000000007	Utah	Salt Lake City-Murray, UT	2012	M06	June	38.5
SMU49416203000000007	Utah	Salt Lake City-Murray, UT	2012	M05	May	39.7
SMU49416203000000007	Utah	Salt Lake City-Murray, UT	2012	M04	April	39.6
SMU49416203000000007	Utah	Salt Lake City-Murray, UT	2012	M03	March	39.8
SMU49416203000000007	Utah	Salt Lake City-Murray, UT	2012	M02	February	39.4
SMU49416203000000007	Utah	Salt Lake City-Murray, UT	2012	M01	January	39.1
SMU49416203000000007	Utah	Salt Lake City-Murray, UT	2011	M12	December	39.4
SMU49416203000000007	Utah	Salt Lake City-Murray, UT	2011	M11	November	38.8
SMU49416203000000007	Utah	Salt Lake City-Murray, UT	2011	M10	October	38.4
SMU49416203000000007	Utah	Salt Lake City-Murray, UT	2011	M09	September	37.2
SMU49416203000000007	Utah	Salt Lake City-Murray, UT	2011	M08	August	38.0
SMU49416203000000007	Utah	Salt Lake City-Murray, UT	2011	M07	July	38.4
SMU49416203000000007	Utah	Salt Lake City-Murray, UT	2011	M06	June	38.3
SMU49416203000000007	Utah	Salt Lake City-Murray, UT	2011	M05	May	39.1
SMU49416203000000007	Utah	Salt Lake City-Murray, UT	2011	M04	April	38.4
SMU49416203000000007	Utah	Salt Lake City-Murray, UT	2011	M03	March	39.0
SMU49416203000000007	Utah	Salt Lake City-Murray, UT	2011	M02	February	39.9
SMU49416203000000007	Utah	Salt Lake City-Murray, UT	2011	M01	January	41.0
SMU49416203000000007	Utah	Salt Lake City-Murray, UT	2010	M12	December	41.2
SMU49416203000000007	Utah	Salt Lake City-Murray, UT	2010	M11	November	40.0
SMU49416203000000007	Utah	Salt Lake City-Murray, UT	2010	M10	October	40.2
SMU49416203000000007	Utah	Salt Lake City-Murray, UT	2010	M09	September	40.3
SMU49416203000000007	Utah	Salt Lake City-Murray, UT	2010	M08	August	39.9
SMU49416203000000007	Utah	Salt Lake City-Murray, UT	2010	M07	July	39.5
SMU49416203000000007	Utah	Salt Lake City-Murray, UT	2010	M06	June	40.7
SMU49416203000000007	Utah	Salt Lake City-Murray, UT	2010	M05	May	41.2
SMU49416203000000007	Utah	Salt Lake City-Murray, UT	2010	M04	April	39.9
SMU49416203000000007	Utah	Salt Lake City-Murray, UT	2010	M03	March	39.8
SMU49416203000000007	Utah	Salt Lake City-Murray, UT	2010	M02	February	41.4
SMU49416203000000007	Utah	Salt Lake City-Murray, UT	2010	M01	January	44.2
SMU49416203000000007	Utah	Salt Lake City-Murray, UT	2009	M12	December	43.1
SMU49416203000000007	Utah	Salt Lake City-Murray, UT	2009	M11	November	42.5
SMU49416203000000007	Utah	Salt Lake City-Murray, UT	2009	M10	October	40.9
SMU49416203000000007	Utah	Salt Lake City-Murray, UT	2009	M09	September	41.3
SMU49416203000000007	Utah	Salt Lake City-Murray, UT	2009	M08	August	41.2
SMU49416203000000007	Utah	Salt Lake City-Murray, UT	2009	M07	July	42.1
SMU49416203000000007	Utah	Salt Lake City-Murray, UT	2009	M06	June	41.2
SMU49416203000000007	Utah	Salt Lake City-Murray, UT	2009	M05	May	41.3
SMU49416203000000007	Utah	Salt Lake City-Murray, UT	2009	M04	April	41.3
SMU49416203000000007	Utah	Salt Lake City-Murray, UT	2009	M03	March	42.0
SMU49416203000000007	Utah	Salt Lake City-Murray, UT	2009	M02	February	38.6
SMU49416203000000007	Utah	Salt Lake City-Murray, UT	2009	M01	January	38.8
SMU49416203000000007	Utah	Salt Lake City-Murray, UT	2008	M12	December	43.5
SMU49416203000000007	Utah	Salt Lake City-Murray, UT	2008	M11	November	41.7
SMU49416203000000007	Utah	Salt Lake City-Murray, UT	2008	M10	October	42.8
SMU49416203000000007	Utah	Salt Lake City-Murray, UT	2008	M09	September	42.5
SMU49416203000000007	Utah	Salt Lake City-Murray, UT	2008	M08	August	42.0
SMU49416203000000007	Utah	Salt Lake City-Murray, UT	2008	M07	July	41.8
SMU49416203000000007	Utah	Salt Lake City-Murray, UT	2008	M06	June	42.6
SMU49416203000000007	Utah	Salt Lake City-Murray, UT	2008	M05	May	43.5
SMU49416203000000007	Utah	Salt Lake City-Murray, UT	2008	M04	April	42.0
SMU49416203000000007	Utah	Salt Lake City-Murray, UT	2008	M03	March	42.8
SMU49416203000000007	Utah	Salt Lake City-Murray, UT	2008	M02	February	39.4
SMU49416203000000007	Utah	Salt Lake City-Murray, UT	2008	M01	January	39.5
SMU49416203000000007	Utah	Salt Lake City-Murray, UT	2007	M12	December	43.7
SMU49416203000000007	Utah	Salt Lake City-Murray, UT	2007	M11	November	42.1
SMU49416203000000007	Utah	Salt Lake City-Murray, UT	2007	M10	October	42.9
SMU49416203000000007	Utah	Salt Lake City-Murray, UT	2007	M09	September	42.5
SMU49416203000000007	Utah	Salt Lake City-Murray, UT	2007	M08	August	42.4
SMU49416203000000007	Utah	Salt Lake City-Murray, UT	2007	M07	July	42.3
SMU49416203000000007	Utah	Salt Lake City-Murray, UT	2007	M06	June	42.3
SMU49416203000000007	Utah	Salt Lake City-Murray, UT	2007	M05	May	43.1
SMU49416203000000007	Utah	Salt Lake City-Murray, UT	2007	M04	April	41.8
SMU49416203000000007	Utah	Salt Lake City-Murray, UT	2007	M03	March	42.1
SMU49416203000000007	Utah	Salt Lake City-Murray, UT	2007	M02	February	39.4
SMU49416203000000007	Utah	Salt Lake City-Murray, UT	2007	M01	January	39.2
SMU10488643000000007	Delaware	Wilmington, DE-MD-NJ Metropolitan Division	2025	M12	December	43.2
SMU10488643000000007	Delaware	Wilmington, DE-MD-NJ Metropolitan Division	2025	M11	November	43.4
SMU10488643000000007	Delaware	Wilmington, DE-MD-NJ Metropolitan Division	2025	M10	October	42.8
SMU10488643000000007	Delaware	Wilmington, DE-MD-NJ Metropolitan Division	2025	M09	September	43.2
SMU10488643000000007	Delaware	Wilmington, DE-MD-NJ Metropolitan Division	2025	M08	August	42.9
SMU10488643000000007	Delaware	Wilmington, DE-MD-NJ Metropolitan Division	2025	M07	July	41.6
SMU10488643000000007	Delaware	Wilmington, DE-MD-NJ Metropolitan Division	2025	M06	June	41.9
SMU10488643000000007	Delaware	Wilmington, DE-MD-NJ Metropolitan Division	2025	M05	May	41.1
SMU10488643000000007	Delaware	Wilmington, DE-MD-NJ Metropolitan Division	2025	M04	April	40.6
SMU10488643000000007	Delaware	Wilmington, DE-MD-NJ Metropolitan Division	2025	M03	March	40.5
SMU10488643000000007	Delaware	Wilmington, DE-MD-NJ Metropolitan Division	2025	M02	February	39.9
SMU10488643000000007	Delaware	Wilmington, DE-MD-NJ Metropolitan Division	2025	M01	January	39.5
SMU10488643000000007	Delaware	Wilmington, DE-MD-NJ Metropolitan Division	2024	M12	December	41.2
SMU10488643000000007	Delaware	Wilmington, DE-MD-NJ Metropolitan Division	2024	M11	November	41.4
SMU10488643000000007	Delaware	Wilmington, DE-MD-NJ Metropolitan Division	2024	M10	October	40.8
SMU10488643000000007	Delaware	Wilmington, DE-MD-NJ Metropolitan Division	2024	M09	September	40.2
SMU10488643000000007	Delaware	Wilmington, DE-MD-NJ Metropolitan Division	2024	M08	August	40.7
SMU10488643000000007	Delaware	Wilmington, DE-MD-NJ Metropolitan Division	2024	M07	July	40.5
SMU10488643000000007	Delaware	Wilmington, DE-MD-NJ Metropolitan Division	2024	M06	June	40.7
SMU10488643000000007	Delaware	Wilmington, DE-MD-NJ Metropolitan Division	2024	M05	May	40.4
SMU10488643000000007	Delaware	Wilmington, DE-MD-NJ Metropolitan Division	2024	M04	April	40.3
SMU10488643000000007	Delaware	Wilmington, DE-MD-NJ Metropolitan Division	2024	M03	March	39.8
SMU10488643000000007	Delaware	Wilmington, DE-MD-NJ Metropolitan Division	2024	M02	February	38.8
SMU10488643000000007	Delaware	Wilmington, DE-MD-NJ Metropolitan Division	2024	M01	January	38.6
SMU10488643000000007	Delaware	Wilmington, DE-MD-NJ Metropolitan Division	2023	M12	December	37.6
SMU10488643000000007	Delaware	Wilmington, DE-MD-NJ Metropolitan Division	2023	M11	November	36.3
SMU10488643000000007	Delaware	Wilmington, DE-MD-NJ Metropolitan Division	2023	M10	October	35.4
SMU10488643000000007	Delaware	Wilmington, DE-MD-NJ Metropolitan Division	2023	M09	September	35.4
SMU10488643000000007	Delaware	Wilmington, DE-MD-NJ Metropolitan Division	2023	M08	August	35.6
SMU10488643000000007	Delaware	Wilmington, DE-MD-NJ Metropolitan Division	2023	M07	July	36.0
SMU10488643000000007	Delaware	Wilmington, DE-MD-NJ Metropolitan Division	2023	M06	June	35.6
SMU10488643000000007	Delaware	Wilmington, DE-MD-NJ Metropolitan Division	2023	M05	May	36.0
SMU10488643000000007	Delaware	Wilmington, DE-MD-NJ Metropolitan Division	2023	M04	April	37.3
SMU10488643000000007	Delaware	Wilmington, DE-MD-NJ Metropolitan Division	2023	M03	March	36.7
SMU10488643000000007	Delaware	Wilmington, DE-MD-NJ Metropolitan Division	2023	M02	February	36.7
SMU10488643000000007	Delaware	Wilmington, DE-MD-NJ Metropolitan Division	2023	M01	January	37.7
SMU10488643000000007	Delaware	Wilmington, DE-MD-NJ Metropolitan Division	2022	M12	December	38.2
SMU10488643000000007	Delaware	Wilmington, DE-MD-NJ Metropolitan Division	2022	M11	November	37.1
SMU10488643000000007	Delaware	Wilmington, DE-MD-NJ Metropolitan Division	2022	M10	October	39.2
SMU10488643000000007	Delaware	Wilmington, DE-MD-NJ Metropolitan Division	2022	M09	September	39.8
SMU10488643000000007	Delaware	Wilmington, DE-MD-NJ Metropolitan Division	2022	M08	August	39.7
SMU10488643000000007	Delaware	Wilmington, DE-MD-NJ Metropolitan Division	2022	M07	July	38.6
SMU10488643000000007	Delaware	Wilmington, DE-MD-NJ Metropolitan Division	2022	M06	June	38.7
SMU10488643000000007	Delaware	Wilmington, DE-MD-NJ Metropolitan Division	2022	M05	May	40.2
SMU10488643000000007	Delaware	Wilmington, DE-MD-NJ Metropolitan Division	2022	M04	April	40.1
SMU10488643000000007	Delaware	Wilmington, DE-MD-NJ Metropolitan Division	2022	M03	March	40.6
SMU10488643000000007	Delaware	Wilmington, DE-MD-NJ Metropolitan Division	2022	M02	February	40.4
SMU10488643000000007	Delaware	Wilmington, DE-MD-NJ Metropolitan Division	2022	M01	January	41.2
SMU10488643000000007	Delaware	Wilmington, DE-MD-NJ Metropolitan Division	2021	M12	December	41.4
SMU10488643000000007	Delaware	Wilmington, DE-MD-NJ Metropolitan Division	2021	M11	November	40.1
SMU10488643000000007	Delaware	Wilmington, DE-MD-NJ Metropolitan Division	2021	M10	October	39.2
SMU10488643000000007	Delaware	Wilmington, DE-MD-NJ Metropolitan Division	2021	M09	September	40.2
SMU10488643000000007	Delaware	Wilmington, DE-MD-NJ Metropolitan Division	2021	M08	August	40.7
SMU10488643000000007	Delaware	Wilmington, DE-MD-NJ Metropolitan Division	2021	M07	July	41.1
SMU10488643000000007	Delaware	Wilmington, DE-MD-NJ Metropolitan Division	2021	M06	June	41.5
SMU10488643000000007	Delaware	Wilmington, DE-MD-NJ Metropolitan Division	2021	M05	May	42.8
SMU10488643000000007	Delaware	Wilmington, DE-MD-NJ Metropolitan Division	2021	M04	April	43.0
SMU10488643000000007	Delaware	Wilmington, DE-MD-NJ Metropolitan Division	2021	M03	March	44.2
SMU10488643000000007	Delaware	Wilmington, DE-MD-NJ Metropolitan Division	2021	M02	February	43.2
SMU10488643000000007	Delaware	Wilmington, DE-MD-NJ Metropolitan Division	2021	M01	January	42.6
SMU10488643000000007	Delaware	Wilmington, DE-MD-NJ Metropolitan Division	2020	M12	December	42.2
SMU10488643000000007	Delaware	Wilmington, DE-MD-NJ Metropolitan Division	2020	M11	November	41.1
SMU10488643000000007	Delaware	Wilmington, DE-MD-NJ Metropolitan Division	2020	M10	October	42.4
SMU10488643000000007	Delaware	Wilmington, DE-MD-NJ Metropolitan Division	2020	M09	September	41.4
SMU10488643000000007	Delaware	Wilmington, DE-MD-NJ Metropolitan Division	2020	M08	August	39.9
SMU10488643000000007	Delaware	Wilmington, DE-MD-NJ Metropolitan Division	2020	M07	July	40.6
SMU10488643000000007	Delaware	Wilmington, DE-MD-NJ Metropolitan Division	2020	M06	June	40.0
SMU10488643000000007	Delaware	Wilmington, DE-MD-NJ Metropolitan Division	2020	M05	May	41.3
SMU10488643000000007	Delaware	Wilmington, DE-MD-NJ Metropolitan Division	2020	M04	April	41.1
SMU10488643000000007	Delaware	Wilmington, DE-MD-NJ Metropolitan Division	2020	M03	March	43.1
SMU10488643000000007	Delaware	Wilmington, DE-MD-NJ Metropolitan Division	2020	M02	February	42.8
SMU10488643000000007	Delaware	Wilmington, DE-MD-NJ Metropolitan Division	2020	M01	January	43.2
SMU10488643000000007	Delaware	Wilmington, DE-MD-NJ Metropolitan Division	2019	M12	December	45.7
SMU10488643000000007	Delaware	Wilmington, DE-MD-NJ Metropolitan Division	2019	M11	November	45.1
SMU10488643000000007	Delaware	Wilmington, DE-MD-NJ Metropolitan Division	2019	M10	October	43.8
SMU10488643000000007	Delaware	Wilmington, DE-MD-NJ Metropolitan Division	2019	M09	September	45.1
SMU10488643000000007	Delaware	Wilmington, DE-MD-NJ Metropolitan Division	2019	M08	August	44.0
SMU10488643000000007	Delaware	Wilmington, DE-MD-NJ Metropolitan Division	2019	M07	July	44.5
SMU10488643000000007	Delaware	Wilmington, DE-MD-NJ Metropolitan Division	2019	M06	June	44.0
SMU10488643000000007	Delaware	Wilmington, DE-MD-NJ Metropolitan Division	2019	M05	May	44.2
SMU10488643000000007	Delaware	Wilmington, DE-MD-NJ Metropolitan Division	2019	M04	April	45.3
SMU10488643000000007	Delaware	Wilmington, DE-MD-NJ Metropolitan Division	2019	M03	March	44.5
SMU10488643000000007	Delaware	Wilmington, DE-MD-NJ Metropolitan Division	2019	M02	February	42.8
SMU10488643000000007	Delaware	Wilmington, DE-MD-NJ Metropolitan Division	2019	M01	January	43.1
SMU10488643000000007	Delaware	Wilmington, DE-MD-NJ Metropolitan Division	2018	M12	December	43.8
SMU10488643000000007	Delaware	Wilmington, DE-MD-NJ Metropolitan Division	2018	M11	November	42.4
SMU10488643000000007	Delaware	Wilmington, DE-MD-NJ Metropolitan Division	2018	M10	October	40.5
SMU10488643000000007	Delaware	Wilmington, DE-MD-NJ Metropolitan Division	2018	M09	September	41.0
SMU10488643000000007	Delaware	Wilmington, DE-MD-NJ Metropolitan Division	2018	M08	August	39.7
SMU10488643000000007	Delaware	Wilmington, DE-MD-NJ Metropolitan Division	2018	M07	July	40.6
SMU10488643000000007	Delaware	Wilmington, DE-MD-NJ Metropolitan Division	2018	M06	June	39.6
SMU10488643000000007	Delaware	Wilmington, DE-MD-NJ Metropolitan Division	2018	M05	May	38.4
SMU10488643000000007	Delaware	Wilmington, DE-MD-NJ Metropolitan Division	2018	M04	April	37.9
SMU10488643000000007	Delaware	Wilmington, DE-MD-NJ Metropolitan Division	2018	M03	March	38.7
SMU10488643000000007	Delaware	Wilmington, DE-MD-NJ Metropolitan Division	2018	M02	February	38.5
SMU10488643000000007	Delaware	Wilmington, DE-MD-NJ Metropolitan Division	2018	M01	January	38.3
SMU10488643000000007	Delaware	Wilmington, DE-MD-NJ Metropolitan Division	2017	M12	December	38.8
SMU10488643000000007	Delaware	Wilmington, DE-MD-NJ Metropolitan Division	2017	M11	November	39.2
SMU10488643000000007	Delaware	Wilmington, DE-MD-NJ Metropolitan Division	2017	M10	October	38.5
SMU10488643000000007	Delaware	Wilmington, DE-MD-NJ Metropolitan Division	2017	M09	September	40.5
SMU10488643000000007	Delaware	Wilmington, DE-MD-NJ Metropolitan Division	2017	M08	August	39.1
SMU10488643000000007	Delaware	Wilmington, DE-MD-NJ Metropolitan Division	2017	M07	July	40.5
SMU10488643000000007	Delaware	Wilmington, DE-MD-NJ Metropolitan Division	2017	M06	June	39.4
SMU10488643000000007	Delaware	Wilmington, DE-MD-NJ Metropolitan Division	2017	M05	May	40.7
SMU10488643000000007	Delaware	Wilmington, DE-MD-NJ Metropolitan Division	2017	M04	April	42.0
SMU10488643000000007	Delaware	Wilmington, DE-MD-NJ Metropolitan Division	2017	M03	March	39.8
SMU10488643000000007	Delaware	Wilmington, DE-MD-NJ Metropolitan Division	2017	M02	February	37.3
SMU10488643000000007	Delaware	Wilmington, DE-MD-NJ Metropolitan Division	2017	M01	January	38.1
SMU10488643000000007	Delaware	Wilmington, DE-MD-NJ Metropolitan Division	2016	M12	December	39.5
SMU10488643000000007	Delaware	Wilmington, DE-MD-NJ Metropolitan Division	2016	M11	November	38.7
SMU10488643000000007	Delaware	Wilmington, DE-MD-NJ Metropolitan Division	2016	M10	October	37.7
SMU10488643000000007	Delaware	Wilmington, DE-MD-NJ Metropolitan Division	2016	M09	September	39.5
SMU10488643000000007	Delaware	Wilmington, DE-MD-NJ Metropolitan Division	2016	M08	August	40.8
SMU10488643000000007	Delaware	Wilmington, DE-MD-NJ Metropolitan Division	2016	M07	July	40.5
SMU10488643000000007	Delaware	Wilmington, DE-MD-NJ Metropolitan Division	2016	M06	June	39.8
SMU10488643000000007	Delaware	Wilmington, DE-MD-NJ Metropolitan Division	2016	M05	May	39.7
SMU10488643000000007	Delaware	Wilmington, DE-MD-NJ Metropolitan Division	2016	M04	April	40.0
SMU10488643000000007	Delaware	Wilmington, DE-MD-NJ Metropolitan Division	2016	M03	March	42.1
SMU10488643000000007	Delaware	Wilmington, DE-MD-NJ Metropolitan Division	2016	M02	February	41.4
SMU10488643000000007	Delaware	Wilmington, DE-MD-NJ Metropolitan Division	2016	M01	January	41.6
SMU10488643000000007	Delaware	Wilmington, DE-MD-NJ Metropolitan Division	2015	M12	December	41.5
SMU10488643000000007	Delaware	Wilmington, DE-MD-NJ Metropolitan Division	2015	M11	November	42.1
SMU10488643000000007	Delaware	Wilmington, DE-MD-NJ Metropolitan Division	2015	M10	October	41.3
SMU10488643000000007	Delaware	Wilmington, DE-MD-NJ Metropolitan Division	2015	M09	September	42.6
SMU10488643000000007	Delaware	Wilmington, DE-MD-NJ Metropolitan Division	2015	M08	August	40.6
SMU10488643000000007	Delaware	Wilmington, DE-MD-NJ Metropolitan Division	2015	M07	July	40.9
SMU10488643000000007	Delaware	Wilmington, DE-MD-NJ Metropolitan Division	2015	M06	June	40.7
SMU10488643000000007	Delaware	Wilmington, DE-MD-NJ Metropolitan Division	2015	M05	May	39.9
SMU10488643000000007	Delaware	Wilmington, DE-MD-NJ Metropolitan Division	2015	M04	April	41.0
SMU10488643000000007	Delaware	Wilmington, DE-MD-NJ Metropolitan Division	2015	M03	March	39.6
SMU10488643000000007	Delaware	Wilmington, DE-MD-NJ Metropolitan Division	2015	M02	February	41.1
SMU10488643000000007	Delaware	Wilmington, DE-MD-NJ Metropolitan Division	2015	M01	January	41.0
SMU10488643000000007	Delaware	Wilmington, DE-MD-NJ Metropolitan Division	2014	M12	December	41.2
SMU10488643000000007	Delaware	Wilmington, DE-MD-NJ Metropolitan Division	2014	M11	November	40.9
SMU10488643000000007	Delaware	Wilmington, DE-MD-NJ Metropolitan Division	2014	M10	October	40.7
SMU10488643000000007	Delaware	Wilmington, DE-MD-NJ Metropolitan Division	2014	M09	September	41.2
SMU10488643000000007	Delaware	Wilmington, DE-MD-NJ Metropolitan Division	2014	M08	August	41.0
SMU10488643000000007	Delaware	Wilmington, DE-MD-NJ Metropolitan Division	2014	M07	July	41.2
SMU10488643000000007	Delaware	Wilmington, DE-MD-NJ Metropolitan Division	2014	M06	June	42.1
SMU10488643000000007	Delaware	Wilmington, DE-MD-NJ Metropolitan Division	2014	M05	May	41.6
SMU10488643000000007	Delaware	Wilmington, DE-MD-NJ Metropolitan Division	2014	M04	April	41.4
SMU10488643000000007	Delaware	Wilmington, DE-MD-NJ Metropolitan Division	2014	M03	March	42.4
SMU10488643000000007	Delaware	Wilmington, DE-MD-NJ Metropolitan Division	2014	M02	February	40.6
SMU10488643000000007	Delaware	Wilmington, DE-MD-NJ Metropolitan Division	2014	M01	January	39.2
SMU10488643000000007	Delaware	Wilmington, DE-MD-NJ Metropolitan Division	2013	M12	December	41.9
SMU10488643000000007	Delaware	Wilmington, DE-MD-NJ Metropolitan Division	2013	M11	November	40.3
SMU10488643000000007	Delaware	Wilmington, DE-MD-NJ Metropolitan Division	2013	M10	October	41.3
SMU10488643000000007	Delaware	Wilmington, DE-MD-NJ Metropolitan Division	2013	M09	September	40.8
SMU10488643000000007	Delaware	Wilmington, DE-MD-NJ Metropolitan Division	2013	M08	August	39.4
SMU10488643000000007	Delaware	Wilmington, DE-MD-NJ Metropolitan Division	2013	M07	July	39.4
SMU10488643000000007	Delaware	Wilmington, DE-MD-NJ Metropolitan Division	2013	M06	June	41.0
SMU10488643000000007	Delaware	Wilmington, DE-MD-NJ Metropolitan Division	2013	M05	May	39.7
SMU10488643000000007	Delaware	Wilmington, DE-MD-NJ Metropolitan Division	2013	M04	April	40.3
SMU10488643000000007	Delaware	Wilmington, DE-MD-NJ Metropolitan Division	2013	M03	March	39.0
SMU10488643000000007	Delaware	Wilmington, DE-MD-NJ Metropolitan Division	2013	M02	February	38.1
SMU10488643000000007	Delaware	Wilmington, DE-MD-NJ Metropolitan Division	2013	M01	January	37.6
SMU10488643000000007	Delaware	Wilmington, DE-MD-NJ Metropolitan Division	2012	M12	December	38.5
SMU10488643000000007	Delaware	Wilmington, DE-MD-NJ Metropolitan Division	2012	M11	November	38.8
SMU10488643000000007	Delaware	Wilmington, DE-MD-NJ Metropolitan Division	2012	M10	October	41.2
SMU10488643000000007	Delaware	Wilmington, DE-MD-NJ Metropolitan Division	2012	M09	September	40.7
SMU10488643000000007	Delaware	Wilmington, DE-MD-NJ Metropolitan Division	2012	M08	August	39.5
SMU10488643000000007	Delaware	Wilmington, DE-MD-NJ Metropolitan Division	2012	M07	July	39.4
SMU10488643000000007	Delaware	Wilmington, DE-MD-NJ Metropolitan Division	2012	M06	June	39.5
SMU10488643000000007	Delaware	Wilmington, DE-MD-NJ Metropolitan Division	2012	M05	May	40.4
SMU10488643000000007	Delaware	Wilmington, DE-MD-NJ Metropolitan Division	2012	M04	April	39.9
SMU10488643000000007	Delaware	Wilmington, DE-MD-NJ Metropolitan Division	2012	M03	March	41.5
SMU10488643000000007	Delaware	Wilmington, DE-MD-NJ Metropolitan Division	2012	M02	February	40.2
SMU10488643000000007	Delaware	Wilmington, DE-MD-NJ Metropolitan Division	2012	M01	January	40.2
SMU10488643000000007	Delaware	Wilmington, DE-MD-NJ Metropolitan Division	2011	M12	December	42.2
SMU10488643000000007	Delaware	Wilmington, DE-MD-NJ Metropolitan Division	2011	M11	November	40.6
SMU10488643000000007	Delaware	Wilmington, DE-MD-NJ Metropolitan Division	2011	M10	October	40.8
SMU10488643000000007	Delaware	Wilmington, DE-MD-NJ Metropolitan Division	2011	M09	September	40.3
SMU10488643000000007	Delaware	Wilmington, DE-MD-NJ Metropolitan Division	2011	M08	August	40.9
SMU10488643000000007	Delaware	Wilmington, DE-MD-NJ Metropolitan Division	2011	M07	July	41.9
SMU10488643000000007	Delaware	Wilmington, DE-MD-NJ Metropolitan Division	2011	M06	June	41.9
SMU10488643000000007	Delaware	Wilmington, DE-MD-NJ Metropolitan Division	2011	M05	May	41.6
SMU10488643000000007	Delaware	Wilmington, DE-MD-NJ Metropolitan Division	2011	M04	April	40.8
SMU10488643000000007	Delaware	Wilmington, DE-MD-NJ Metropolitan Division	2011	M03	March	40.7
SMU10488643000000007	Delaware	Wilmington, DE-MD-NJ Metropolitan Division	2011	M02	February	40.7
SMU10488643000000007	Delaware	Wilmington, DE-MD-NJ Metropolitan Division	2011	M01	January	40.5
SMU10488643000000007	Delaware	Wilmington, DE-MD-NJ Metropolitan Division	2010	M12	December	41.0
SMU10488643000000007	Delaware	Wilmington, DE-MD-NJ Metropolitan Division	2010	M11	November	40.8
SMU10488643000000007	Delaware	Wilmington, DE-MD-NJ Metropolitan Division	2010	M10	October	41.5
SMU10488643000000007	Delaware	Wilmington, DE-MD-NJ Metropolitan Division	2010	M09	September	40.7
SMU10488643000000007	Delaware	Wilmington, DE-MD-NJ Metropolitan Division	2010	M08	August	40.8
SMU10488643000000007	Delaware	Wilmington, DE-MD-NJ Metropolitan Division	2010	M07	July	41.8
SMU10488643000000007	Delaware	Wilmington, DE-MD-NJ Metropolitan Division	2010	M06	June	41.0
SMU10488643000000007	Delaware	Wilmington, DE-MD-NJ Metropolitan Division	2010	M05	May	40.0
SMU10488643000000007	Delaware	Wilmington, DE-MD-NJ Metropolitan Division	2010	M04	April	39.3
SMU10488643000000007	Delaware	Wilmington, DE-MD-NJ Metropolitan Division	2010	M03	March	38.8
SMU10488643000000007	Delaware	Wilmington, DE-MD-NJ Metropolitan Division	2010	M02	February	38.4
SMU10488643000000007	Delaware	Wilmington, DE-MD-NJ Metropolitan Division	2010	M01	January	39.2
SMU10488643000000007	Delaware	Wilmington, DE-MD-NJ Metropolitan Division	2009	M12	December	40.0
SMU10488643000000007	Delaware	Wilmington, DE-MD-NJ Metropolitan Division	2009	M11	November	38.9
SMU10488643000000007	Delaware	Wilmington, DE-MD-NJ Metropolitan Division	2009	M10	October	41.5
SMU10488643000000007	Delaware	Wilmington, DE-MD-NJ Metropolitan Division	2009	M09	September	41.1
SMU10488643000000007	Delaware	Wilmington, DE-MD-NJ Metropolitan Division	2009	M08	August	40.6
SMU10488643000000007	Delaware	Wilmington, DE-MD-NJ Metropolitan Division	2009	M07	July	40.7
SMU10488643000000007	Delaware	Wilmington, DE-MD-NJ Metropolitan Division	2009	M06	June	41.6
SMU10488643000000007	Delaware	Wilmington, DE-MD-NJ Metropolitan Division	2009	M05	May	39.6
SMU10488643000000007	Delaware	Wilmington, DE-MD-NJ Metropolitan Division	2009	M04	April	38.4
SMU10488643000000007	Delaware	Wilmington, DE-MD-NJ Metropolitan Division	2009	M03	March	38.3
SMU10488643000000007	Delaware	Wilmington, DE-MD-NJ Metropolitan Division	2009	M02	February	38.1
SMU10488643000000007	Delaware	Wilmington, DE-MD-NJ Metropolitan Division	2009	M01	January	38.1
SMU10488643000000007	Delaware	Wilmington, DE-MD-NJ Metropolitan Division	2008	M12	December	39.1
SMU10488643000000007	Delaware	Wilmington, DE-MD-NJ Metropolitan Division	2008	M11	November	39.4
SMU10488643000000007	Delaware	Wilmington, DE-MD-NJ Metropolitan Division	2008	M10	October	39.8
SMU10488643000000007	Delaware	Wilmington, DE-MD-NJ Metropolitan Division	2008	M09	September	39.7
SMU10488643000000007	Delaware	Wilmington, DE-MD-NJ Metropolitan Division	2008	M08	August	40.6
SMU10488643000000007	Delaware	Wilmington, DE-MD-NJ Metropolitan Division	2008	M07	July	39.5
SMU10488643000000007	Delaware	Wilmington, DE-MD-NJ Metropolitan Division	2008	M06	June	40.1
SMU10488643000000007	Delaware	Wilmington, DE-MD-NJ Metropolitan Division	2008	M05	May	39.1
SMU10488643000000007	Delaware	Wilmington, DE-MD-NJ Metropolitan Division	2008	M04	April	39.0
SMU10488643000000007	Delaware	Wilmington, DE-MD-NJ Metropolitan Division	2008	M03	March	38.9
SMU10488643000000007	Delaware	Wilmington, DE-MD-NJ Metropolitan Division	2008	M02	February	38.7
SMU10488643000000007	Delaware	Wilmington, DE-MD-NJ Metropolitan Division	2008	M01	January	38.7
SMU10488643000000007	Delaware	Wilmington, DE-MD-NJ Metropolitan Division	2007	M12	December	39.4
SMU10488643000000007	Delaware	Wilmington, DE-MD-NJ Metropolitan Division	2007	M11	November	40.0
SMU10488643000000007	Delaware	Wilmington, DE-MD-NJ Metropolitan Division	2007	M10	October	40.4
SMU10488643000000007	Delaware	Wilmington, DE-MD-NJ Metropolitan Division	2007	M09	September	40.1
SMU10488643000000007	Delaware	Wilmington, DE-MD-NJ Metropolitan Division	2007	M08	August	41.2
SMU10488643000000007	Delaware	Wilmington, DE-MD-NJ Metropolitan Division	2007	M07	July	39.7
SMU10488643000000007	Delaware	Wilmington, DE-MD-NJ Metropolitan Division	2007	M06	June	40.3
SMU10488643000000007	Delaware	Wilmington, DE-MD-NJ Metropolitan Division	2007	M05	May	38.6
SMU10488643000000007	Delaware	Wilmington, DE-MD-NJ Metropolitan Division	2007	M04	April	38.8
SMU10488643000000007	Delaware	Wilmington, DE-MD-NJ Metropolitan Division	2007	M03	March	38.7
SMU10488643000000007	Delaware	Wilmington, DE-MD-NJ Metropolitan Division	2007	M02	February	38.2
SMU10488643000000007	Delaware	Wilmington, DE-MD-NJ Metropolitan Division	2007	M01	January	38.2
SMU39174103000000007	Ohio	Cleveland, OH	2025	M12	December	41.6
SMU39174103000000007	Ohio	Cleveland, OH	2025	M11	November	42.2
SMU39174103000000007	Ohio	Cleveland, OH	2025	M10	October	40.7
SMU39174103000000007	Ohio	Cleveland, OH	2025	M09	September	41.6
SMU39174103000000007	Ohio	Cleveland, OH	2025	M08	August	41.5
SMU39174103000000007	Ohio	Cleveland, OH	2025	M07	July	41.2
SMU39174103000000007	Ohio	Cleveland, OH	2025	M06	June	40.8
SMU39174103000000007	Ohio	Cleveland, OH	2025	M05	May	42.3
SMU39174103000000007	Ohio	Cleveland, OH	2025	M04	April	43.1
SMU39174103000000007	Ohio	Cleveland, OH	2025	M03	March	42.9
SMU39174103000000007	Ohio	Cleveland, OH	2025	M02	February	42.9
SMU39174103000000007	Ohio	Cleveland, OH	2025	M01	January	41.1
SMU39174103000000007	Ohio	Cleveland, OH	2024	M12	December	42.0
SMU39174103000000007	Ohio	Cleveland, OH	2024	M11	November	42.0
SMU39174103000000007	Ohio	Cleveland, OH	2024	M10	October	40.5
SMU39174103000000007	Ohio	Cleveland, OH	2024	M09	September	40.5
SMU39174103000000007	Ohio	Cleveland, OH	2024	M08	August	40.3
SMU39174103000000007	Ohio	Cleveland, OH	2024	M07	July	39.7
SMU39174103000000007	Ohio	Cleveland, OH	2024	M06	June	40.2
SMU39174103000000007	Ohio	Cleveland, OH	2024	M05	May	40.8
SMU39174103000000007	Ohio	Cleveland, OH	2024	M04	April	40.2
SMU39174103000000007	Ohio	Cleveland, OH	2024	M03	March	41.8
SMU39174103000000007	Ohio	Cleveland, OH	2024	M02	February	40.6
SMU39174103000000007	Ohio	Cleveland, OH	2024	M01	January	41.7
SMU39174103000000007	Ohio	Cleveland, OH	2023	M12	December	41.6
SMU39174103000000007	Ohio	Cleveland, OH	2023	M11	November	40.5
SMU39174103000000007	Ohio	Cleveland, OH	2023	M10	October	41.6
SMU39174103000000007	Ohio	Cleveland, OH	2023	M09	September	41.0
SMU39174103000000007	Ohio	Cleveland, OH	2023	M08	August	41.4
SMU39174103000000007	Ohio	Cleveland, OH	2023	M07	July	40.8
SMU39174103000000007	Ohio	Cleveland, OH	2023	M06	June	41.3
SMU39174103000000007	Ohio	Cleveland, OH	2023	M05	May	40.4
SMU39174103000000007	Ohio	Cleveland, OH	2023	M04	April	40.5
SMU39174103000000007	Ohio	Cleveland, OH	2023	M03	March	40.5
SMU39174103000000007	Ohio	Cleveland, OH	2023	M02	February	41.4
SMU39174103000000007	Ohio	Cleveland, OH	2023	M01	January	42.4
SMU39174103000000007	Ohio	Cleveland, OH	2022	M12	December	42.0
SMU39174103000000007	Ohio	Cleveland, OH	2022	M11	November	42.2
SMU39174103000000007	Ohio	Cleveland, OH	2022	M10	October	42.2
SMU39174103000000007	Ohio	Cleveland, OH	2022	M09	September	42.3
SMU39174103000000007	Ohio	Cleveland, OH	2022	M08	August	41.8
SMU39174103000000007	Ohio	Cleveland, OH	2022	M07	July	41.8
SMU39174103000000007	Ohio	Cleveland, OH	2022	M06	June	42.0
SMU39174103000000007	Ohio	Cleveland, OH	2022	M05	May	41.5
SMU39174103000000007	Ohio	Cleveland, OH	2022	M04	April	40.6
SMU39174103000000007	Ohio	Cleveland, OH	2022	M03	March	41.6
SMU39174103000000007	Ohio	Cleveland, OH	2022	M02	February	43.2
SMU39174103000000007	Ohio	Cleveland, OH	2022	M01	January	43.2
SMU39174103000000007	Ohio	Cleveland, OH	2021	M12	December	44.2
SMU39174103000000007	Ohio	Cleveland, OH	2021	M11	November	43.8
SMU39174103000000007	Ohio	Cleveland, OH	2021	M10	October	43.5
SMU39174103000000007	Ohio	Cleveland, OH	2021	M09	September	42.3
SMU39174103000000007	Ohio	Cleveland, OH	2021	M08	August	42.2
SMU39174103000000007	Ohio	Cleveland, OH	2021	M07	July	40.5
SMU39174103000000007	Ohio	Cleveland, OH	2021	M06	June	41.3
SMU39174103000000007	Ohio	Cleveland, OH	2021	M05	May	42.2
SMU39174103000000007	Ohio	Cleveland, OH	2021	M04	April	40.8
SMU39174103000000007	Ohio	Cleveland, OH	2021	M03	March	41.5
SMU39174103000000007	Ohio	Cleveland, OH	2021	M02	February	40.4
SMU39174103000000007	Ohio	Cleveland, OH	2021	M01	January	40.2
SMU39174103000000007	Ohio	Cleveland, OH	2020	M12	December	40.7
SMU39174103000000007	Ohio	Cleveland, OH	2020	M11	November	40.6
SMU39174103000000007	Ohio	Cleveland, OH	2020	M10	October	39.4
SMU39174103000000007	Ohio	Cleveland, OH	2020	M09	September	38.8
SMU39174103000000007	Ohio	Cleveland, OH	2020	M08	August	38.6
SMU39174103000000007	Ohio	Cleveland, OH	2020	M07	July	38.0
SMU39174103000000007	Ohio	Cleveland, OH	2020	M06	June	38.4
SMU39174103000000007	Ohio	Cleveland, OH	2020	M05	May	38.3
SMU39174103000000007	Ohio	Cleveland, OH	2020	M04	April	36.2
SMU39174103000000007	Ohio	Cleveland, OH	2020	M03	March	39.1
SMU39174103000000007	Ohio	Cleveland, OH	2020	M02	February	39.5
SMU39174103000000007	Ohio	Cleveland, OH	2020	M01	January	40.6
SMU39174103000000007	Ohio	Cleveland, OH	2019	M12	December	41.3
SMU39174103000000007	Ohio	Cleveland, OH	2019	M11	November	41.9
SMU39174103000000007	Ohio	Cleveland, OH	2019	M10	October	42.3
SMU39174103000000007	Ohio	Cleveland, OH	2019	M09	September	42.8
SMU39174103000000007	Ohio	Cleveland, OH	2019	M08	August	41.7
SMU39174103000000007	Ohio	Cleveland, OH	2019	M07	July	40.6
SMU39174103000000007	Ohio	Cleveland, OH	2019	M06	June	41.0
SMU39174103000000007	Ohio	Cleveland, OH	2019	M05	May	41.0
SMU39174103000000007	Ohio	Cleveland, OH	2019	M04	April	40.6
SMU39174103000000007	Ohio	Cleveland, OH	2019	M03	March	40.4
SMU39174103000000007	Ohio	Cleveland, OH	2019	M02	February	41.1
SMU39174103000000007	Ohio	Cleveland, OH	2019	M01	January	40.8
SMU39174103000000007	Ohio	Cleveland, OH	2018	M12	December	42.8
SMU39174103000000007	Ohio	Cleveland, OH	2018	M11	November	43.3
SMU39174103000000007	Ohio	Cleveland, OH	2018	M10	October	42.5
SMU39174103000000007	Ohio	Cleveland, OH	2018	M09	September	42.8
SMU39174103000000007	Ohio	Cleveland, OH	2018	M08	August	43.4
SMU39174103000000007	Ohio	Cleveland, OH	2018	M07	July	42.9
SMU39174103000000007	Ohio	Cleveland, OH	2018	M06	June	43.5
SMU39174103000000007	Ohio	Cleveland, OH	2018	M05	May	42.7
SMU39174103000000007	Ohio	Cleveland, OH	2018	M04	April	44.1
SMU39174103000000007	Ohio	Cleveland, OH	2018	M03	March	44.4
SMU39174103000000007	Ohio	Cleveland, OH	2018	M02	February	44.4
SMU39174103000000007	Ohio	Cleveland, OH	2018	M01	January	44.3
SMU39174103000000007	Ohio	Cleveland, OH	2017	M12	December	43.0
SMU39174103000000007	Ohio	Cleveland, OH	2017	M11	November	43.8
SMU39174103000000007	Ohio	Cleveland, OH	2017	M10	October	43.8
SMU39174103000000007	Ohio	Cleveland, OH	2017	M09	September	44.0
SMU39174103000000007	Ohio	Cleveland, OH	2017	M08	August	43.1
SMU39174103000000007	Ohio	Cleveland, OH	2017	M07	July	43.0
SMU39174103000000007	Ohio	Cleveland, OH	2017	M06	June	43.7
SMU39174103000000007	Ohio	Cleveland, OH	2017	M05	May	44.4
SMU39174103000000007	Ohio	Cleveland, OH	2017	M04	April	43.4
SMU39174103000000007	Ohio	Cleveland, OH	2017	M03	March	44.3
SMU39174103000000007	Ohio	Cleveland, OH	2017	M02	February	44.3
SMU39174103000000007	Ohio	Cleveland, OH	2017	M01	January	43.6
SMU39174103000000007	Ohio	Cleveland, OH	2016	M12	December	42.7
SMU39174103000000007	Ohio	Cleveland, OH	2016	M11	November	43.5
SMU39174103000000007	Ohio	Cleveland, OH	2016	M10	October	43.5
SMU39174103000000007	Ohio	Cleveland, OH	2016	M09	September	42.8
SMU39174103000000007	Ohio	Cleveland, OH	2016	M08	August	42.1
SMU39174103000000007	Ohio	Cleveland, OH	2016	M07	July	40.9
SMU39174103000000007	Ohio	Cleveland, OH	2016	M06	June	41.3
SMU39174103000000007	Ohio	Cleveland, OH	2016	M05	May	41.3
SMU39174103000000007	Ohio	Cleveland, OH	2016	M04	April	41.4
SMU39174103000000007	Ohio	Cleveland, OH	2016	M03	March	41.3
SMU39174103000000007	Ohio	Cleveland, OH	2016	M02	February	41.3
SMU39174103000000007	Ohio	Cleveland, OH	2016	M01	January	42.5
SMU39174103000000007	Ohio	Cleveland, OH	2015	M12	December	41.7
SMU39174103000000007	Ohio	Cleveland, OH	2015	M11	November	41.9
SMU39174103000000007	Ohio	Cleveland, OH	2015	M10	October	42.1
SMU39174103000000007	Ohio	Cleveland, OH	2015	M09	September	41.6
SMU39174103000000007	Ohio	Cleveland, OH	2015	M08	August	41.3
SMU39174103000000007	Ohio	Cleveland, OH	2015	M07	July	40.8
SMU39174103000000007	Ohio	Cleveland, OH	2015	M06	June	41.3
SMU39174103000000007	Ohio	Cleveland, OH	2015	M05	May	40.4
SMU39174103000000007	Ohio	Cleveland, OH	2015	M04	April	40.8
SMU39174103000000007	Ohio	Cleveland, OH	2015	M03	March	40.4
SMU39174103000000007	Ohio	Cleveland, OH	2015	M02	February	40.3
SMU39174103000000007	Ohio	Cleveland, OH	2015	M01	January	40.8
SMU39174103000000007	Ohio	Cleveland, OH	2014	M12	December	42.8
SMU39174103000000007	Ohio	Cleveland, OH	2014	M11	November	42.3
SMU39174103000000007	Ohio	Cleveland, OH	2014	M10	October	41.7
SMU39174103000000007	Ohio	Cleveland, OH	2014	M09	September	41.6
SMU39174103000000007	Ohio	Cleveland, OH	2014	M08	August	41.0
SMU39174103000000007	Ohio	Cleveland, OH	2014	M07	July	41.2
SMU39174103000000007	Ohio	Cleveland, OH	2014	M06	June	43.1
SMU39174103000000007	Ohio	Cleveland, OH	2014	M05	May	42.0
SMU39174103000000007	Ohio	Cleveland, OH	2014	M04	April	41.0
SMU39174103000000007	Ohio	Cleveland, OH	2014	M03	March	41.4
SMU39174103000000007	Ohio	Cleveland, OH	2014	M02	February	41.4
SMU39174103000000007	Ohio	Cleveland, OH	2014	M01	January	40.2
SMU39174103000000007	Ohio	Cleveland, OH	2013	M12	December	41.3
SMU39174103000000007	Ohio	Cleveland, OH	2013	M11	November	41.9
SMU39174103000000007	Ohio	Cleveland, OH	2013	M10	October	41.3
SMU39174103000000007	Ohio	Cleveland, OH	2013	M09	September	41.5
SMU39174103000000007	Ohio	Cleveland, OH	2013	M08	August	41.3
SMU39174103000000007	Ohio	Cleveland, OH	2013	M07	July	40.0
SMU39174103000000007	Ohio	Cleveland, OH	2013	M06	June	41.0
SMU39174103000000007	Ohio	Cleveland, OH	2013	M05	May	42.0
SMU39174103000000007	Ohio	Cleveland, OH	2013	M04	April	41.6
SMU39174103000000007	Ohio	Cleveland, OH	2013	M03	March	40.8
SMU39174103000000007	Ohio	Cleveland, OH	2013	M02	February	40.7
SMU39174103000000007	Ohio	Cleveland, OH	2013	M01	January	39.7
SMU39174103000000007	Ohio	Cleveland, OH	2012	M12	December	40.5
SMU39174103000000007	Ohio	Cleveland, OH	2012	M11	November	39.8
SMU39174103000000007	Ohio	Cleveland, OH	2012	M10	October	39.7
SMU39174103000000007	Ohio	Cleveland, OH	2012	M09	September	39.4
SMU39174103000000007	Ohio	Cleveland, OH	2012	M08	August	38.8
SMU39174103000000007	Ohio	Cleveland, OH	2012	M07	July	38.6
SMU39174103000000007	Ohio	Cleveland, OH	2012	M06	June	39.9
SMU39174103000000007	Ohio	Cleveland, OH	2012	M05	May	39.7
SMU39174103000000007	Ohio	Cleveland, OH	2012	M04	April	40.3
SMU39174103000000007	Ohio	Cleveland, OH	2012	M03	March	38.8
SMU39174103000000007	Ohio	Cleveland, OH	2012	M02	February	37.9
SMU39174103000000007	Ohio	Cleveland, OH	2012	M01	January	37.5
SMU39174103000000007	Ohio	Cleveland, OH	2011	M12	December	39.2
SMU39174103000000007	Ohio	Cleveland, OH	2011	M11	November	39.1
SMU39174103000000007	Ohio	Cleveland, OH	2011	M10	October	38.0
SMU39174103000000007	Ohio	Cleveland, OH	2011	M09	September	38.1
SMU39174103000000007	Ohio	Cleveland, OH	2011	M08	August	37.9
SMU39174103000000007	Ohio	Cleveland, OH	2011	M07	July	36.3
SMU39174103000000007	Ohio	Cleveland, OH	2011	M06	June	37.6
SMU39174103000000007	Ohio	Cleveland, OH	2011	M05	May	38.0
SMU39174103000000007	Ohio	Cleveland, OH	2011	M04	April	37.4
SMU39174103000000007	Ohio	Cleveland, OH	2011	M03	March	38.4
SMU39174103000000007	Ohio	Cleveland, OH	2011	M02	February	38.6
SMU39174103000000007	Ohio	Cleveland, OH	2011	M01	January	38.2
SMU39174103000000007	Ohio	Cleveland, OH	2010	M12	December	38.2
SMU39174103000000007	Ohio	Cleveland, OH	2010	M11	November	38.6
SMU39174103000000007	Ohio	Cleveland, OH	2010	M10	October	38.6
SMU39174103000000007	Ohio	Cleveland, OH	2010	M09	September	38.6
SMU39174103000000007	Ohio	Cleveland, OH	2010	M08	August	38.6
SMU39174103000000007	Ohio	Cleveland, OH	2010	M07	July	37.9
SMU39174103000000007	Ohio	Cleveland, OH	2010	M06	June	38.6
SMU39174103000000007	Ohio	Cleveland, OH	2010	M05	May	39.2
SMU39174103000000007	Ohio	Cleveland, OH	2010	M04	April	39.2
SMU39174103000000007	Ohio	Cleveland, OH	2010	M03	March	38.8
SMU39174103000000007	Ohio	Cleveland, OH	2010	M02	February	38.9
SMU39174103000000007	Ohio	Cleveland, OH	2010	M01	January	39.1
SMU39174103000000007	Ohio	Cleveland, OH	2009	M12	December	39.0
SMU39174103000000007	Ohio	Cleveland, OH	2009	M11	November	38.6
SMU39174103000000007	Ohio	Cleveland, OH	2009	M10	October	38.1
SMU39174103000000007	Ohio	Cleveland, OH	2009	M09	September	37.6
SMU39174103000000007	Ohio	Cleveland, OH	2009	M08	August	38.6
SMU39174103000000007	Ohio	Cleveland, OH	2009	M07	July	38.0
SMU39174103000000007	Ohio	Cleveland, OH	2009	M06	June	37.9
SMU39174103000000007	Ohio	Cleveland, OH	2009	M05	May	37.9
SMU39174103000000007	Ohio	Cleveland, OH	2009	M04	April	38.0
SMU39174103000000007	Ohio	Cleveland, OH	2009	M03	March	38.7
SMU39174103000000007	Ohio	Cleveland, OH	2009	M02	February	39.1
SMU39174103000000007	Ohio	Cleveland, OH	2009	M01	January	39.0
SMU39174103000000007	Ohio	Cleveland, OH	2008	M12	December	40.1
SMU39174103000000007	Ohio	Cleveland, OH	2008	M11	November	40.0
SMU39174103000000007	Ohio	Cleveland, OH	2008	M10	October	40.3
SMU39174103000000007	Ohio	Cleveland, OH	2008	M09	September	40.5
SMU39174103000000007	Ohio	Cleveland, OH	2008	M08	August	40.9
SMU39174103000000007	Ohio	Cleveland, OH	2008	M07	July	40.9
SMU39174103000000007	Ohio	Cleveland, OH	2008	M06	June	41.5
SMU39174103000000007	Ohio	Cleveland, OH	2008	M05	May	41.3
SMU39174103000000007	Ohio	Cleveland, OH	2008	M04	April	40.8
SMU39174103000000007	Ohio	Cleveland, OH	2008	M03	March	41.5
SMU39174103000000007	Ohio	Cleveland, OH	2008	M02	February	41.9
SMU39174103000000007	Ohio	Cleveland, OH	2008	M01	January	41.8
SMU39174103000000007	Ohio	Cleveland, OH	2007	M12	December	43.2
SMU39174103000000007	Ohio	Cleveland, OH	2007	M11	November	42.8
SMU39174103000000007	Ohio	Cleveland, OH	2007	M10	October	42.9
SMU39174103000000007	Ohio	Cleveland, OH	2007	M09	September	42.9
SMU39174103000000007	Ohio	Cleveland, OH	2007	M08	August	43.1
SMU39174103000000007	Ohio	Cleveland, OH	2007	M07	July	42.8
SMU39174103000000007	Ohio	Cleveland, OH	2007	M06	June	43.1
SMU39174103000000007	Ohio	Cleveland, OH	2007	M05	May	42.6
SMU39174103000000007	Ohio	Cleveland, OH	2007	M04	April	42.0
SMU39174103000000007	Ohio	Cleveland, OH	2007	M03	March	42.1
SMU39174103000000007	Ohio	Cleveland, OH	2007	M02	February	42.4
SMU39174103000000007	Ohio	Cleveland, OH	2007	M01	January	42.1
SMU40461403000000007	Oklahoma	Tulsa, OK	2025	M12	December	41.4
SMU40461403000000007	Oklahoma	Tulsa, OK	2025	M11	November	42.5
SMU40461403000000007	Oklahoma	Tulsa, OK	2025	M10	October	41.4
SMU40461403000000007	Oklahoma	Tulsa, OK	2025	M09	September	41.9
SMU40461403000000007	Oklahoma	Tulsa, OK	2025	M08	August	43.3
SMU40461403000000007	Oklahoma	Tulsa, OK	2025	M07	July	43.0
SMU40461403000000007	Oklahoma	Tulsa, OK	2025	M06	June	42.5
SMU40461403000000007	Oklahoma	Tulsa, OK	2025	M05	May	43.2
SMU40461403000000007	Oklahoma	Tulsa, OK	2025	M04	April	43.0
SMU40461403000000007	Oklahoma	Tulsa, OK	2025	M03	March	44.3
SMU40461403000000007	Oklahoma	Tulsa, OK	2025	M02	February	43.0
SMU40461403000000007	Oklahoma	Tulsa, OK	2025	M01	January	42.9
SMU40461403000000007	Oklahoma	Tulsa, OK	2024	M12	December	43.1
SMU40461403000000007	Oklahoma	Tulsa, OK	2024	M11	November	43.0
SMU40461403000000007	Oklahoma	Tulsa, OK	2024	M10	October	41.4
SMU40461403000000007	Oklahoma	Tulsa, OK	2024	M09	September	41.6
SMU40461403000000007	Oklahoma	Tulsa, OK	2024	M08	August	42.2
SMU40461403000000007	Oklahoma	Tulsa, OK	2024	M07	July	43.0
SMU40461403000000007	Oklahoma	Tulsa, OK	2024	M06	June	41.6
SMU40461403000000007	Oklahoma	Tulsa, OK	2024	M05	May	41.1
SMU40461403000000007	Oklahoma	Tulsa, OK	2024	M04	April	39.3
SMU40461403000000007	Oklahoma	Tulsa, OK	2024	M03	March	38.9
SMU40461403000000007	Oklahoma	Tulsa, OK	2024	M02	February	38.0
SMU40461403000000007	Oklahoma	Tulsa, OK	2024	M01	January	37.8
SMU40461403000000007	Oklahoma	Tulsa, OK	2023	M12	December	37.5
SMU40461403000000007	Oklahoma	Tulsa, OK	2023	M11	November	38.2
SMU40461403000000007	Oklahoma	Tulsa, OK	2023	M10	October	39.4
SMU40461403000000007	Oklahoma	Tulsa, OK	2023	M09	September	36.6
SMU40461403000000007	Oklahoma	Tulsa, OK	2023	M08	August	35.6
SMU40461403000000007	Oklahoma	Tulsa, OK	2023	M07	July	42.0
SMU40461403000000007	Oklahoma	Tulsa, OK	2023	M06	June	41.7
SMU40461403000000007	Oklahoma	Tulsa, OK	2023	M05	May	40.7
SMU40461403000000007	Oklahoma	Tulsa, OK	2023	M04	April	41.2
SMU40461403000000007	Oklahoma	Tulsa, OK	2023	M03	March	39.3
SMU40461403000000007	Oklahoma	Tulsa, OK	2023	M02	February	39.3
SMU40461403000000007	Oklahoma	Tulsa, OK	2023	M01	January	41.7
SMU40461403000000007	Oklahoma	Tulsa, OK	2022	M12	December	41.1
SMU40461403000000007	Oklahoma	Tulsa, OK	2022	M11	November	40.6
SMU40461403000000007	Oklahoma	Tulsa, OK	2022	M10	October	41.7
SMU40461403000000007	Oklahoma	Tulsa, OK	2022	M09	September	40.8
SMU40461403000000007	Oklahoma	Tulsa, OK	2022	M08	August	41.0
SMU40461403000000007	Oklahoma	Tulsa, OK	2022	M07	July	41.1
SMU40461403000000007	Oklahoma	Tulsa, OK	2022	M06	June	41.3
SMU40461403000000007	Oklahoma	Tulsa, OK	2022	M05	May	40.9
SMU40461403000000007	Oklahoma	Tulsa, OK	2022	M04	April	40.7
SMU40461403000000007	Oklahoma	Tulsa, OK	2022	M03	March	36.1
SMU40461403000000007	Oklahoma	Tulsa, OK	2022	M02	February	36.6
SMU40461403000000007	Oklahoma	Tulsa, OK	2022	M01	January	38.3
SMU40461403000000007	Oklahoma	Tulsa, OK	2021	M12	December	40.6
SMU40461403000000007	Oklahoma	Tulsa, OK	2021	M11	November	39.9
SMU40461403000000007	Oklahoma	Tulsa, OK	2021	M10	October	40.7
SMU40461403000000007	Oklahoma	Tulsa, OK	2021	M09	September	40.2
SMU40461403000000007	Oklahoma	Tulsa, OK	2021	M08	August	41.4
SMU40461403000000007	Oklahoma	Tulsa, OK	2021	M07	July	41.3
SMU40461403000000007	Oklahoma	Tulsa, OK	2021	M06	June	40.0
SMU40461403000000007	Oklahoma	Tulsa, OK	2021	M05	May	41.1
SMU40461403000000007	Oklahoma	Tulsa, OK	2021	M04	April	41.8
SMU40461403000000007	Oklahoma	Tulsa, OK	2021	M03	March	42.2
SMU40461403000000007	Oklahoma	Tulsa, OK	2021	M02	February	40.5
SMU40461403000000007	Oklahoma	Tulsa, OK	2021	M01	January	42.1
SMU40461403000000007	Oklahoma	Tulsa, OK	2020	M12	December	41.7
SMU40461403000000007	Oklahoma	Tulsa, OK	2020	M11	November	40.7
SMU40461403000000007	Oklahoma	Tulsa, OK	2020	M10	October	41.0
SMU40461403000000007	Oklahoma	Tulsa, OK	2020	M09	September	42.2
SMU40461403000000007	Oklahoma	Tulsa, OK	2020	M08	August	39.8
SMU40461403000000007	Oklahoma	Tulsa, OK	2020	M07	July	39.0
SMU40461403000000007	Oklahoma	Tulsa, OK	2020	M06	June	40.5
SMU40461403000000007	Oklahoma	Tulsa, OK	2020	M05	May	39.6
SMU40461403000000007	Oklahoma	Tulsa, OK	2020	M04	April	41.1
SMU40461403000000007	Oklahoma	Tulsa, OK	2020	M03	March	39.7
SMU40461403000000007	Oklahoma	Tulsa, OK	2020	M02	February	40.2
SMU40461403000000007	Oklahoma	Tulsa, OK	2020	M01	January	40.9
SMU40461403000000007	Oklahoma	Tulsa, OK	2019	M12	December	40.6
SMU40461403000000007	Oklahoma	Tulsa, OK	2019	M11	November	41.4
SMU40461403000000007	Oklahoma	Tulsa, OK	2019	M10	October	41.1
SMU40461403000000007	Oklahoma	Tulsa, OK	2019	M09	September	40.0
SMU40461403000000007	Oklahoma	Tulsa, OK	2019	M08	August	41.0
SMU40461403000000007	Oklahoma	Tulsa, OK	2019	M07	July	40.3
SMU40461403000000007	Oklahoma	Tulsa, OK	2019	M06	June	42.1
SMU40461403000000007	Oklahoma	Tulsa, OK	2019	M05	May	40.3
SMU40461403000000007	Oklahoma	Tulsa, OK	2019	M04	April	40.8
SMU40461403000000007	Oklahoma	Tulsa, OK	2019	M03	March	40.3
SMU40461403000000007	Oklahoma	Tulsa, OK	2019	M02	February	41.7
SMU40461403000000007	Oklahoma	Tulsa, OK	2019	M01	January	41.2
SMU40461403000000007	Oklahoma	Tulsa, OK	2018	M12	December	42.8
SMU40461403000000007	Oklahoma	Tulsa, OK	2018	M11	November	42.0
SMU40461403000000007	Oklahoma	Tulsa, OK	2018	M10	October	41.1
SMU40461403000000007	Oklahoma	Tulsa, OK	2018	M09	September	40.9
SMU40461403000000007	Oklahoma	Tulsa, OK	2018	M08	August	39.0
SMU40461403000000007	Oklahoma	Tulsa, OK	2018	M07	July	39.6
SMU40461403000000007	Oklahoma	Tulsa, OK	2018	M06	June	40.3
SMU40461403000000007	Oklahoma	Tulsa, OK	2018	M05	May	40.9
SMU40461403000000007	Oklahoma	Tulsa, OK	2018	M04	April	42.0
SMU40461403000000007	Oklahoma	Tulsa, OK	2018	M03	March	42.4
SMU40461403000000007	Oklahoma	Tulsa, OK	2018	M02	February	40.2
SMU40461403000000007	Oklahoma	Tulsa, OK	2018	M01	January	42.1
SMU40461403000000007	Oklahoma	Tulsa, OK	2017	M12	December	41.1
SMU40461403000000007	Oklahoma	Tulsa, OK	2017	M11	November	39.4
SMU40461403000000007	Oklahoma	Tulsa, OK	2017	M10	October	39.1
SMU40461403000000007	Oklahoma	Tulsa, OK	2017	M09	September	39.8
SMU40461403000000007	Oklahoma	Tulsa, OK	2017	M08	August	37.6
SMU40461403000000007	Oklahoma	Tulsa, OK	2017	M07	July	38.5
SMU40461403000000007	Oklahoma	Tulsa, OK	2017	M06	June	38.2
SMU40461403000000007	Oklahoma	Tulsa, OK	2017	M05	May	38.2
SMU40461403000000007	Oklahoma	Tulsa, OK	2017	M04	April	38.3
SMU40461403000000007	Oklahoma	Tulsa, OK	2017	M03	March	38.3
SMU40461403000000007	Oklahoma	Tulsa, OK	2017	M02	February	37.3
SMU40461403000000007	Oklahoma	Tulsa, OK	2017	M01	January	37.7
SMU40461403000000007	Oklahoma	Tulsa, OK	2016	M12	December	37.6
SMU40461403000000007	Oklahoma	Tulsa, OK	2016	M11	November	38.3
SMU40461403000000007	Oklahoma	Tulsa, OK	2016	M10	October	38.5
SMU40461403000000007	Oklahoma	Tulsa, OK	2016	M09	September	38.3
SMU40461403000000007	Oklahoma	Tulsa, OK	2016	M08	August	38.8
SMU40461403000000007	Oklahoma	Tulsa, OK	2016	M07	July	38.5
SMU40461403000000007	Oklahoma	Tulsa, OK	2016	M06	June	38.2
SMU40461403000000007	Oklahoma	Tulsa, OK	2016	M05	May	38.4
SMU40461403000000007	Oklahoma	Tulsa, OK	2016	M04	April	37.8
SMU40461403000000007	Oklahoma	Tulsa, OK	2016	M03	March	38.7
SMU40461403000000007	Oklahoma	Tulsa, OK	2016	M02	February	41.1
SMU40461403000000007	Oklahoma	Tulsa, OK	2016	M01	January	41.3
SMU40461403000000007	Oklahoma	Tulsa, OK	2015	M12	December	40.2
SMU40461403000000007	Oklahoma	Tulsa, OK	2015	M11	November	42.4
SMU40461403000000007	Oklahoma	Tulsa, OK	2015	M10	October	41.9
SMU40461403000000007	Oklahoma	Tulsa, OK	2015	M09	September	41.9
SMU40461403000000007	Oklahoma	Tulsa, OK	2015	M08	August	42.1
SMU40461403000000007	Oklahoma	Tulsa, OK	2015	M07	July	42.5
SMU40461403000000007	Oklahoma	Tulsa, OK	2015	M06	June	42.6
SMU40461403000000007	Oklahoma	Tulsa, OK	2015	M05	May	42.0
SMU40461403000000007	Oklahoma	Tulsa, OK	2015	M04	April	41.7
SMU40461403000000007	Oklahoma	Tulsa, OK	2015	M03	March	42.9
SMU40461403000000007	Oklahoma	Tulsa, OK	2015	M02	February	43.3
SMU40461403000000007	Oklahoma	Tulsa, OK	2015	M01	January	43.7
SMU40461403000000007	Oklahoma	Tulsa, OK	2014	M12	December	46.6
SMU40461403000000007	Oklahoma	Tulsa, OK	2014	M11	November	46.2
SMU40461403000000007	Oklahoma	Tulsa, OK	2014	M10	October	44.1
SMU40461403000000007	Oklahoma	Tulsa, OK	2014	M09	September	43.9
SMU40461403000000007	Oklahoma	Tulsa, OK	2014	M08	August	41.4
SMU40461403000000007	Oklahoma	Tulsa, OK	2014	M07	July	42.4
SMU40461403000000007	Oklahoma	Tulsa, OK	2014	M06	June	42.4
SMU40461403000000007	Oklahoma	Tulsa, OK	2014	M05	May	42.4
SMU40461403000000007	Oklahoma	Tulsa, OK	2014	M04	April	43.1
SMU40461403000000007	Oklahoma	Tulsa, OK	2014	M03	March	41.6
SMU40461403000000007	Oklahoma	Tulsa, OK	2014	M02	February	42.2
SMU40461403000000007	Oklahoma	Tulsa, OK	2014	M01	January	41.8
SMU40461403000000007	Oklahoma	Tulsa, OK	2013	M12	December	42.4
SMU40461403000000007	Oklahoma	Tulsa, OK	2013	M11	November	42.5
SMU40461403000000007	Oklahoma	Tulsa, OK	2013	M10	October	41.7
SMU40461403000000007	Oklahoma	Tulsa, OK	2013	M09	September	42.3
SMU40461403000000007	Oklahoma	Tulsa, OK	2013	M08	August	42.2
SMU40461403000000007	Oklahoma	Tulsa, OK	2013	M07	July	41.0
SMU40461403000000007	Oklahoma	Tulsa, OK	2013	M06	June	42.5
SMU40461403000000007	Oklahoma	Tulsa, OK	2013	M05	May	41.6
SMU40461403000000007	Oklahoma	Tulsa, OK	2013	M04	April	40.6
SMU40461403000000007	Oklahoma	Tulsa, OK	2013	M03	March	41.6
SMU40461403000000007	Oklahoma	Tulsa, OK	2013	M02	February	40.2
SMU40461403000000007	Oklahoma	Tulsa, OK	2013	M01	January	40.3
SMU40461403000000007	Oklahoma	Tulsa, OK	2012	M12	December	40.3
SMU40461403000000007	Oklahoma	Tulsa, OK	2012	M11	November	42.5
SMU40461403000000007	Oklahoma	Tulsa, OK	2012	M10	October	40.7
SMU40461403000000007	Oklahoma	Tulsa, OK	2012	M09	September	39.8
SMU40461403000000007	Oklahoma	Tulsa, OK	2012	M08	August	39.3
SMU40461403000000007	Oklahoma	Tulsa, OK	2012	M07	July	38.5
SMU40461403000000007	Oklahoma	Tulsa, OK	2012	M06	June	38.4
SMU40461403000000007	Oklahoma	Tulsa, OK	2012	M05	May	39.5
SMU40461403000000007	Oklahoma	Tulsa, OK	2012	M04	April	38.7
SMU40461403000000007	Oklahoma	Tulsa, OK	2012	M03	March	40.1
SMU40461403000000007	Oklahoma	Tulsa, OK	2012	M02	February	38.6
SMU40461403000000007	Oklahoma	Tulsa, OK	2012	M01	January	37.0
SMU40461403000000007	Oklahoma	Tulsa, OK	2011	M12	December	37.4
SMU40461403000000007	Oklahoma	Tulsa, OK	2011	M11	November	38.8
SMU40461403000000007	Oklahoma	Tulsa, OK	2011	M10	October	38.8
SMU40461403000000007	Oklahoma	Tulsa, OK	2011	M09	September	41.3
SMU40461403000000007	Oklahoma	Tulsa, OK	2011	M08	August	41.6
SMU40461403000000007	Oklahoma	Tulsa, OK	2011	M07	July	38.2
SMU40461403000000007	Oklahoma	Tulsa, OK	2011	M06	June	40.3
SMU40461403000000007	Oklahoma	Tulsa, OK	2011	M05	May	38.6
SMU40461403000000007	Oklahoma	Tulsa, OK	2011	M04	April	37.7
SMU40461403000000007	Oklahoma	Tulsa, OK	2011	M03	March	41.5
SMU40461403000000007	Oklahoma	Tulsa, OK	2011	M02	February	39.5
SMU40461403000000007	Oklahoma	Tulsa, OK	2011	M01	January	37.8
SMU40461403000000007	Oklahoma	Tulsa, OK	2010	M12	December	39.4
SMU40461403000000007	Oklahoma	Tulsa, OK	2010	M11	November	40.9
SMU40461403000000007	Oklahoma	Tulsa, OK	2010	M10	October	40.4
SMU40461403000000007	Oklahoma	Tulsa, OK	2010	M09	September	41.6
SMU40461403000000007	Oklahoma	Tulsa, OK	2010	M08	August	40.4
SMU40461403000000007	Oklahoma	Tulsa, OK	2010	M07	July	41.4
SMU40461403000000007	Oklahoma	Tulsa, OK	2010	M06	June	43.5
SMU40461403000000007	Oklahoma	Tulsa, OK	2010	M05	May	43.3
SMU40461403000000007	Oklahoma	Tulsa, OK	2010	M04	April	43.8
SMU40461403000000007	Oklahoma	Tulsa, OK	2010	M03	March	42.4
SMU40461403000000007	Oklahoma	Tulsa, OK	2010	M02	February	40.6
SMU40461403000000007	Oklahoma	Tulsa, OK	2010	M01	January	39.9
SMU40461403000000007	Oklahoma	Tulsa, OK	2009	M12	December	41.9
SMU40461403000000007	Oklahoma	Tulsa, OK	2009	M11	November	41.7
SMU40461403000000007	Oklahoma	Tulsa, OK	2009	M10	October	40.4
SMU40461403000000007	Oklahoma	Tulsa, OK	2009	M09	September	41.7
SMU40461403000000007	Oklahoma	Tulsa, OK	2009	M08	August	39.9
SMU40461403000000007	Oklahoma	Tulsa, OK	2009	M07	July	40.9
SMU40461403000000007	Oklahoma	Tulsa, OK	2009	M06	June	40.5
SMU40461403000000007	Oklahoma	Tulsa, OK	2009	M05	May	38.6
SMU40461403000000007	Oklahoma	Tulsa, OK	2009	M04	April	38.8
SMU40461403000000007	Oklahoma	Tulsa, OK	2009	M03	March	38.9
SMU40461403000000007	Oklahoma	Tulsa, OK	2009	M02	February	39.9
SMU40461403000000007	Oklahoma	Tulsa, OK	2009	M01	January	41.0
SMU40461403000000007	Oklahoma	Tulsa, OK	2008	M12	December	41.5
SMU40461403000000007	Oklahoma	Tulsa, OK	2008	M11	November	40.0
SMU40461403000000007	Oklahoma	Tulsa, OK	2008	M10	October	42.5
SMU40461403000000007	Oklahoma	Tulsa, OK	2008	M09	September	41.7
SMU40461403000000007	Oklahoma	Tulsa, OK	2008	M08	August	42.2
SMU40461403000000007	Oklahoma	Tulsa, OK	2008	M07	July	40.3
SMU40461403000000007	Oklahoma	Tulsa, OK	2008	M06	June	40.9
SMU40461403000000007	Oklahoma	Tulsa, OK	2008	M05	May	41.9
SMU40461403000000007	Oklahoma	Tulsa, OK	2008	M04	April	40.8
SMU40461403000000007	Oklahoma	Tulsa, OK	2008	M03	March	40.8
SMU40461403000000007	Oklahoma	Tulsa, OK	2008	M02	February	41.9
SMU40461403000000007	Oklahoma	Tulsa, OK	2008	M01	January	42.9
SMU40461403000000007	Oklahoma	Tulsa, OK	2007	M12	December	45.2
SMU40461403000000007	Oklahoma	Tulsa, OK	2007	M11	November	45.1
SMU40461403000000007	Oklahoma	Tulsa, OK	2007	M10	October	45.2
SMU40461403000000007	Oklahoma	Tulsa, OK	2007	M09	September	46.1
SMU40461403000000007	Oklahoma	Tulsa, OK	2007	M08	August	46.3
SMU40461403000000007	Oklahoma	Tulsa, OK	2007	M07	July	50.0
SMU40461403000000007	Oklahoma	Tulsa, OK	2007	M06	June	50.0
SMU40461403000000007	Oklahoma	Tulsa, OK	2007	M05	May	43.6
SMU40461403000000007	Oklahoma	Tulsa, OK	2007	M04	April	40.9
SMU40461403000000007	Oklahoma	Tulsa, OK	2007	M03	March	40.7
SMU40461403000000007	Oklahoma	Tulsa, OK	2007	M02	February	42.8
SMU40461403000000007	Oklahoma	Tulsa, OK	2007	M01	January	44.5
SMU04380603000000007	Arizona	Phoenix-Mesa-Chandler, AZ	2025	M12	December	42.6
SMU04380603000000007	Arizona	Phoenix-Mesa-Chandler, AZ	2025	M11	November	42.9
SMU04380603000000007	Arizona	Phoenix-Mesa-Chandler, AZ	2025	M10	October	41.5
SMU04380603000000007	Arizona	Phoenix-Mesa-Chandler, AZ	2025	M09	September	42.2
SMU04380603000000007	Arizona	Phoenix-Mesa-Chandler, AZ	2025	M08	August	41.8
SMU04380603000000007	Arizona	Phoenix-Mesa-Chandler, AZ	2025	M07	July	41.1
SMU04380603000000007	Arizona	Phoenix-Mesa-Chandler, AZ	2025	M06	June	41.7
SMU04380603000000007	Arizona	Phoenix-Mesa-Chandler, AZ	2025	M05	May	42.8
SMU04380603000000007	Arizona	Phoenix-Mesa-Chandler, AZ	2025	M04	April	41.5
SMU04380603000000007	Arizona	Phoenix-Mesa-Chandler, AZ	2025	M03	March	43.6
SMU04380603000000007	Arizona	Phoenix-Mesa-Chandler, AZ	2025	M02	February	44.4
SMU04380603000000007	Arizona	Phoenix-Mesa-Chandler, AZ	2025	M01	January	45.1
SMU04380603000000007	Arizona	Phoenix-Mesa-Chandler, AZ	2024	M12	December	46.5
SMU04380603000000007	Arizona	Phoenix-Mesa-Chandler, AZ	2024	M11	November	46.5
SMU04380603000000007	Arizona	Phoenix-Mesa-Chandler, AZ	2024	M10	October	45.7
SMU04380603000000007	Arizona	Phoenix-Mesa-Chandler, AZ	2024	M09	September	45.7
SMU04380603000000007	Arizona	Phoenix-Mesa-Chandler, AZ	2024	M08	August	45.1
SMU04380603000000007	Arizona	Phoenix-Mesa-Chandler, AZ	2024	M07	July	43.8
SMU04380603000000007	Arizona	Phoenix-Mesa-Chandler, AZ	2024	M06	June	43.8
SMU04380603000000007	Arizona	Phoenix-Mesa-Chandler, AZ	2024	M05	May	43.4
SMU04380603000000007	Arizona	Phoenix-Mesa-Chandler, AZ	2024	M04	April	42.7
SMU04380603000000007	Arizona	Phoenix-Mesa-Chandler, AZ	2024	M03	March	42.5
SMU04380603000000007	Arizona	Phoenix-Mesa-Chandler, AZ	2024	M02	February	40.9
SMU04380603000000007	Arizona	Phoenix-Mesa-Chandler, AZ	2024	M01	January	40.9
SMU04380603000000007	Arizona	Phoenix-Mesa-Chandler, AZ	2023	M12	December	41.3
SMU04380603000000007	Arizona	Phoenix-Mesa-Chandler, AZ	2023	M11	November	41.1
SMU04380603000000007	Arizona	Phoenix-Mesa-Chandler, AZ	2023	M10	October	41.0
SMU04380603000000007	Arizona	Phoenix-Mesa-Chandler, AZ	2023	M09	September	39.1
SMU04380603000000007	Arizona	Phoenix-Mesa-Chandler, AZ	2023	M08	August	40.5
SMU04380603000000007	Arizona	Phoenix-Mesa-Chandler, AZ	2023	M07	July	41.0
SMU04380603000000007	Arizona	Phoenix-Mesa-Chandler, AZ	2023	M06	June	41.2
SMU04380603000000007	Arizona	Phoenix-Mesa-Chandler, AZ	2023	M05	May	41.8
SMU04380603000000007	Arizona	Phoenix-Mesa-Chandler, AZ	2023	M04	April	41.9
SMU04380603000000007	Arizona	Phoenix-Mesa-Chandler, AZ	2023	M03	March	42.3
SMU04380603000000007	Arizona	Phoenix-Mesa-Chandler, AZ	2023	M02	February	41.7
SMU04380603000000007	Arizona	Phoenix-Mesa-Chandler, AZ	2023	M01	January	42.4
SMU04380603000000007	Arizona	Phoenix-Mesa-Chandler, AZ	2022	M12	December	39.9
SMU04380603000000007	Arizona	Phoenix-Mesa-Chandler, AZ	2022	M11	November	40.8
SMU04380603000000007	Arizona	Phoenix-Mesa-Chandler, AZ	2022	M10	October	41.5
SMU04380603000000007	Arizona	Phoenix-Mesa-Chandler, AZ	2022	M09	September	41.7
SMU04380603000000007	Arizona	Phoenix-Mesa-Chandler, AZ	2022	M08	August	42.3
SMU04380603000000007	Arizona	Phoenix-Mesa-Chandler, AZ	2022	M07	July	42.4
SMU04380603000000007	Arizona	Phoenix-Mesa-Chandler, AZ	2022	M06	June	41.1
SMU04380603000000007	Arizona	Phoenix-Mesa-Chandler, AZ	2022	M05	May	41.9
SMU04380603000000007	Arizona	Phoenix-Mesa-Chandler, AZ	2022	M04	April	41.2
SMU04380603000000007	Arizona	Phoenix-Mesa-Chandler, AZ	2022	M03	March	41.8
SMU04380603000000007	Arizona	Phoenix-Mesa-Chandler, AZ	2022	M02	February	42.4
SMU04380603000000007	Arizona	Phoenix-Mesa-Chandler, AZ	2022	M01	January	40.9
SMU04380603000000007	Arizona	Phoenix-Mesa-Chandler, AZ	2021	M12	December	40.4
SMU04380603000000007	Arizona	Phoenix-Mesa-Chandler, AZ	2021	M11	November	39.9
SMU04380603000000007	Arizona	Phoenix-Mesa-Chandler, AZ	2021	M10	October	39.0
SMU04380603000000007	Arizona	Phoenix-Mesa-Chandler, AZ	2021	M09	September	39.1
SMU04380603000000007	Arizona	Phoenix-Mesa-Chandler, AZ	2021	M08	August	39.3
SMU04380603000000007	Arizona	Phoenix-Mesa-Chandler, AZ	2021	M07	July	39.2
SMU04380603000000007	Arizona	Phoenix-Mesa-Chandler, AZ	2021	M06	June	38.9
SMU04380603000000007	Arizona	Phoenix-Mesa-Chandler, AZ	2021	M05	May	39.3
SMU04380603000000007	Arizona	Phoenix-Mesa-Chandler, AZ	2021	M04	April	39.0
SMU04380603000000007	Arizona	Phoenix-Mesa-Chandler, AZ	2021	M03	March	38.1
SMU04380603000000007	Arizona	Phoenix-Mesa-Chandler, AZ	2021	M02	February	37.5
SMU04380603000000007	Arizona	Phoenix-Mesa-Chandler, AZ	2021	M01	January	40.9
SMU04380603000000007	Arizona	Phoenix-Mesa-Chandler, AZ	2020	M12	December	41.1
SMU04380603000000007	Arizona	Phoenix-Mesa-Chandler, AZ	2020	M11	November	40.2
SMU04380603000000007	Arizona	Phoenix-Mesa-Chandler, AZ	2020	M10	October	39.9
SMU04380603000000007	Arizona	Phoenix-Mesa-Chandler, AZ	2020	M09	September	37.9
SMU04380603000000007	Arizona	Phoenix-Mesa-Chandler, AZ	2020	M08	August	39.9
SMU04380603000000007	Arizona	Phoenix-Mesa-Chandler, AZ	2020	M07	July	39.1
SMU04380603000000007	Arizona	Phoenix-Mesa-Chandler, AZ	2020	M06	June	40.3
SMU04380603000000007	Arizona	Phoenix-Mesa-Chandler, AZ	2020	M05	May	38.8
SMU04380603000000007	Arizona	Phoenix-Mesa-Chandler, AZ	2020	M04	April	39.6
SMU04380603000000007	Arizona	Phoenix-Mesa-Chandler, AZ	2020	M03	March	43.0
SMU04380603000000007	Arizona	Phoenix-Mesa-Chandler, AZ	2020	M02	February	41.9
SMU04380603000000007	Arizona	Phoenix-Mesa-Chandler, AZ	2020	M01	January	41.4
SMU04380603000000007	Arizona	Phoenix-Mesa-Chandler, AZ	2019	M12	December	42.8
SMU04380603000000007	Arizona	Phoenix-Mesa-Chandler, AZ	2019	M11	November	43.0
SMU04380603000000007	Arizona	Phoenix-Mesa-Chandler, AZ	2019	M10	October	41.7
SMU04380603000000007	Arizona	Phoenix-Mesa-Chandler, AZ	2019	M09	September	41.4
SMU04380603000000007	Arizona	Phoenix-Mesa-Chandler, AZ	2019	M08	August	41.6
SMU04380603000000007	Arizona	Phoenix-Mesa-Chandler, AZ	2019	M07	July	41.5
SMU04380603000000007	Arizona	Phoenix-Mesa-Chandler, AZ	2019	M06	June	42.3
SMU04380603000000007	Arizona	Phoenix-Mesa-Chandler, AZ	2019	M05	May	42.2
SMU04380603000000007	Arizona	Phoenix-Mesa-Chandler, AZ	2019	M04	April	41.9
SMU04380603000000007	Arizona	Phoenix-Mesa-Chandler, AZ	2019	M03	March	42.2
SMU04380603000000007	Arizona	Phoenix-Mesa-Chandler, AZ	2019	M02	February	41.2
SMU04380603000000007	Arizona	Phoenix-Mesa-Chandler, AZ	2019	M01	January	40.1
SMU04380603000000007	Arizona	Phoenix-Mesa-Chandler, AZ	2018	M12	December	41.9
SMU04380603000000007	Arizona	Phoenix-Mesa-Chandler, AZ	2018	M11	November	41.5
SMU04380603000000007	Arizona	Phoenix-Mesa-Chandler, AZ	2018	M10	October	40.9
SMU04380603000000007	Arizona	Phoenix-Mesa-Chandler, AZ	2018	M09	September	41.5
SMU04380603000000007	Arizona	Phoenix-Mesa-Chandler, AZ	2018	M08	August	40.8
SMU04380603000000007	Arizona	Phoenix-Mesa-Chandler, AZ	2018	M07	July	40.6
SMU04380603000000007	Arizona	Phoenix-Mesa-Chandler, AZ	2018	M06	June	41.4
SMU04380603000000007	Arizona	Phoenix-Mesa-Chandler, AZ	2018	M05	May	40.1
SMU04380603000000007	Arizona	Phoenix-Mesa-Chandler, AZ	2018	M04	April	40.9
SMU04380603000000007	Arizona	Phoenix-Mesa-Chandler, AZ	2018	M03	March	39.5
SMU04380603000000007	Arizona	Phoenix-Mesa-Chandler, AZ	2018	M02	February	39.4
SMU04380603000000007	Arizona	Phoenix-Mesa-Chandler, AZ	2018	M01	January	40.8
SMU04380603000000007	Arizona	Phoenix-Mesa-Chandler, AZ	2017	M12	December	41.8
SMU04380603000000007	Arizona	Phoenix-Mesa-Chandler, AZ	2017	M11	November	41.3
SMU04380603000000007	Arizona	Phoenix-Mesa-Chandler, AZ	2017	M10	October	41.2
SMU04380603000000007	Arizona	Phoenix-Mesa-Chandler, AZ	2017	M09	September	41.0
SMU04380603000000007	Arizona	Phoenix-Mesa-Chandler, AZ	2017	M08	August	41.4
SMU04380603000000007	Arizona	Phoenix-Mesa-Chandler, AZ	2017	M07	July	41.5
SMU04380603000000007	Arizona	Phoenix-Mesa-Chandler, AZ	2017	M06	June	40.6
SMU04380603000000007	Arizona	Phoenix-Mesa-Chandler, AZ	2017	M05	May	41.5
SMU04380603000000007	Arizona	Phoenix-Mesa-Chandler, AZ	2017	M04	April	38.5
SMU04380603000000007	Arizona	Phoenix-Mesa-Chandler, AZ	2017	M03	March	39.7
SMU04380603000000007	Arizona	Phoenix-Mesa-Chandler, AZ	2017	M02	February	39.3
SMU04380603000000007	Arizona	Phoenix-Mesa-Chandler, AZ	2017	M01	January	39.9
SMU04380603000000007	Arizona	Phoenix-Mesa-Chandler, AZ	2016	M12	December	40.1
SMU04380603000000007	Arizona	Phoenix-Mesa-Chandler, AZ	2016	M11	November	39.0
SMU04380603000000007	Arizona	Phoenix-Mesa-Chandler, AZ	2016	M10	October	40.1
SMU04380603000000007	Arizona	Phoenix-Mesa-Chandler, AZ	2016	M09	September	40.2
SMU04380603000000007	Arizona	Phoenix-Mesa-Chandler, AZ	2016	M08	August	40.1
SMU04380603000000007	Arizona	Phoenix-Mesa-Chandler, AZ	2016	M07	July	39.4
SMU04380603000000007	Arizona	Phoenix-Mesa-Chandler, AZ	2016	M06	June	40.5
SMU04380603000000007	Arizona	Phoenix-Mesa-Chandler, AZ	2016	M05	May	41.3
SMU04380603000000007	Arizona	Phoenix-Mesa-Chandler, AZ	2016	M04	April	40.7
SMU04380603000000007	Arizona	Phoenix-Mesa-Chandler, AZ	2016	M03	March	42.8
SMU04380603000000007	Arizona	Phoenix-Mesa-Chandler, AZ	2016	M02	February	41.6
SMU04380603000000007	Arizona	Phoenix-Mesa-Chandler, AZ	2016	M01	January	42.6
SMU04380603000000007	Arizona	Phoenix-Mesa-Chandler, AZ	2015	M12	December	42.3
SMU04380603000000007	Arizona	Phoenix-Mesa-Chandler, AZ	2015	M11	November	42.1
SMU04380603000000007	Arizona	Phoenix-Mesa-Chandler, AZ	2015	M10	October	41.7
SMU04380603000000007	Arizona	Phoenix-Mesa-Chandler, AZ	2015	M09	September	41.4
SMU04380603000000007	Arizona	Phoenix-Mesa-Chandler, AZ	2015	M08	August	40.5
SMU04380603000000007	Arizona	Phoenix-Mesa-Chandler, AZ	2015	M07	July	40.2
SMU04380603000000007	Arizona	Phoenix-Mesa-Chandler, AZ	2015	M06	June	42.5
SMU04380603000000007	Arizona	Phoenix-Mesa-Chandler, AZ	2015	M05	May	41.7
SMU04380603000000007	Arizona	Phoenix-Mesa-Chandler, AZ	2015	M04	April	41.7
SMU04380603000000007	Arizona	Phoenix-Mesa-Chandler, AZ	2015	M03	March	41.0
SMU04380603000000007	Arizona	Phoenix-Mesa-Chandler, AZ	2015	M02	February	40.6
SMU04380603000000007	Arizona	Phoenix-Mesa-Chandler, AZ	2015	M01	January	42.7
SMU04380603000000007	Arizona	Phoenix-Mesa-Chandler, AZ	2014	M12	December	42.8
SMU04380603000000007	Arizona	Phoenix-Mesa-Chandler, AZ	2014	M11	November	40.8
SMU04380603000000007	Arizona	Phoenix-Mesa-Chandler, AZ	2014	M10	October	40.9
SMU04380603000000007	Arizona	Phoenix-Mesa-Chandler, AZ	2014	M09	September	42.0
SMU04380603000000007	Arizona	Phoenix-Mesa-Chandler, AZ	2014	M08	August	42.4
SMU04380603000000007	Arizona	Phoenix-Mesa-Chandler, AZ	2014	M07	July	41.7
SMU04380603000000007	Arizona	Phoenix-Mesa-Chandler, AZ	2014	M06	June	42.0
SMU04380603000000007	Arizona	Phoenix-Mesa-Chandler, AZ	2014	M05	May	41.7
SMU04380603000000007	Arizona	Phoenix-Mesa-Chandler, AZ	2014	M04	April	41.5
SMU04380603000000007	Arizona	Phoenix-Mesa-Chandler, AZ	2014	M03	March	41.6
SMU04380603000000007	Arizona	Phoenix-Mesa-Chandler, AZ	2014	M02	February	40.5
SMU04380603000000007	Arizona	Phoenix-Mesa-Chandler, AZ	2014	M01	January	39.6
SMU04380603000000007	Arizona	Phoenix-Mesa-Chandler, AZ	2013	M12	December	41.4
SMU04380603000000007	Arizona	Phoenix-Mesa-Chandler, AZ	2013	M11	November	41.3
SMU04380603000000007	Arizona	Phoenix-Mesa-Chandler, AZ	2013	M10	October	41.0
SMU04380603000000007	Arizona	Phoenix-Mesa-Chandler, AZ	2013	M09	September	40.7
SMU04380603000000007	Arizona	Phoenix-Mesa-Chandler, AZ	2013	M08	August	41.8
SMU04380603000000007	Arizona	Phoenix-Mesa-Chandler, AZ	2013	M07	July	40.8
SMU04380603000000007	Arizona	Phoenix-Mesa-Chandler, AZ	2013	M06	June	41.5
SMU04380603000000007	Arizona	Phoenix-Mesa-Chandler, AZ	2013	M05	May	41.1
SMU04380603000000007	Arizona	Phoenix-Mesa-Chandler, AZ	2013	M04	April	41.4
SMU04380603000000007	Arizona	Phoenix-Mesa-Chandler, AZ	2013	M03	March	40.3
SMU04380603000000007	Arizona	Phoenix-Mesa-Chandler, AZ	2013	M02	February	40.2
SMU04380603000000007	Arizona	Phoenix-Mesa-Chandler, AZ	2013	M01	January	39.1
SMU04380603000000007	Arizona	Phoenix-Mesa-Chandler, AZ	2012	M12	December	40.7
SMU04380603000000007	Arizona	Phoenix-Mesa-Chandler, AZ	2012	M11	November	40.3
SMU04380603000000007	Arizona	Phoenix-Mesa-Chandler, AZ	2012	M10	October	40.3
SMU04380603000000007	Arizona	Phoenix-Mesa-Chandler, AZ	2012	M09	September	40.8
SMU04380603000000007	Arizona	Phoenix-Mesa-Chandler, AZ	2012	M08	August	41.0
SMU04380603000000007	Arizona	Phoenix-Mesa-Chandler, AZ	2012	M07	July	40.7
SMU04380603000000007	Arizona	Phoenix-Mesa-Chandler, AZ	2012	M06	June	42.2
SMU04380603000000007	Arizona	Phoenix-Mesa-Chandler, AZ	2012	M05	May	42.0
SMU04380603000000007	Arizona	Phoenix-Mesa-Chandler, AZ	2012	M04	April	41.1
SMU04380603000000007	Arizona	Phoenix-Mesa-Chandler, AZ	2012	M03	March	41.1
SMU04380603000000007	Arizona	Phoenix-Mesa-Chandler, AZ	2012	M02	February	41.1
SMU04380603000000007	Arizona	Phoenix-Mesa-Chandler, AZ	2012	M01	January	41.0
SMU04380603000000007	Arizona	Phoenix-Mesa-Chandler, AZ	2011	M12	December	42.0
SMU04380603000000007	Arizona	Phoenix-Mesa-Chandler, AZ	2011	M11	November	40.9
SMU04380603000000007	Arizona	Phoenix-Mesa-Chandler, AZ	2011	M10	October	41.0
SMU04380603000000007	Arizona	Phoenix-Mesa-Chandler, AZ	2011	M09	September	41.3
SMU04380603000000007	Arizona	Phoenix-Mesa-Chandler, AZ	2011	M08	August	40.3
SMU04380603000000007	Arizona	Phoenix-Mesa-Chandler, AZ	2011	M07	July	38.9
SMU04380603000000007	Arizona	Phoenix-Mesa-Chandler, AZ	2011	M06	June	40.4
SMU04380603000000007	Arizona	Phoenix-Mesa-Chandler, AZ	2011	M05	May	39.1
SMU04380603000000007	Arizona	Phoenix-Mesa-Chandler, AZ	2011	M04	April	38.9
SMU04380603000000007	Arizona	Phoenix-Mesa-Chandler, AZ	2011	M03	March	38.5
SMU04380603000000007	Arizona	Phoenix-Mesa-Chandler, AZ	2011	M02	February	38.4
SMU04380603000000007	Arizona	Phoenix-Mesa-Chandler, AZ	2011	M01	January	38.2
SMU04380603000000007	Arizona	Phoenix-Mesa-Chandler, AZ	2010	M12	December	39.1
SMU04380603000000007	Arizona	Phoenix-Mesa-Chandler, AZ	2010	M11	November	38.8
SMU04380603000000007	Arizona	Phoenix-Mesa-Chandler, AZ	2010	M10	October	38.0
SMU04380603000000007	Arizona	Phoenix-Mesa-Chandler, AZ	2010	M09	September	37.8
SMU04380603000000007	Arizona	Phoenix-Mesa-Chandler, AZ	2010	M08	August	37.1
SMU04380603000000007	Arizona	Phoenix-Mesa-Chandler, AZ	2010	M07	July	37.9
SMU04380603000000007	Arizona	Phoenix-Mesa-Chandler, AZ	2010	M06	June	37.0
SMU04380603000000007	Arizona	Phoenix-Mesa-Chandler, AZ	2010	M05	May	39.2
SMU04380603000000007	Arizona	Phoenix-Mesa-Chandler, AZ	2010	M04	April	38.3
SMU04380603000000007	Arizona	Phoenix-Mesa-Chandler, AZ	2010	M03	March	37.3
SMU04380603000000007	Arizona	Phoenix-Mesa-Chandler, AZ	2010	M02	February	37.4
SMU04380603000000007	Arizona	Phoenix-Mesa-Chandler, AZ	2010	M01	January	38.1
SMU04380603000000007	Arizona	Phoenix-Mesa-Chandler, AZ	2009	M12	December	37.3
SMU04380603000000007	Arizona	Phoenix-Mesa-Chandler, AZ	2009	M11	November	37.9
SMU04380603000000007	Arizona	Phoenix-Mesa-Chandler, AZ	2009	M10	October	36.8
SMU04380603000000007	Arizona	Phoenix-Mesa-Chandler, AZ	2009	M09	September	35.8
SMU04380603000000007	Arizona	Phoenix-Mesa-Chandler, AZ	2009	M08	August	36.3
SMU04380603000000007	Arizona	Phoenix-Mesa-Chandler, AZ	2009	M07	July	36.1
SMU04380603000000007	Arizona	Phoenix-Mesa-Chandler, AZ	2009	M06	June	35.9
SMU04380603000000007	Arizona	Phoenix-Mesa-Chandler, AZ	2009	M05	May	36.0
SMU04380603000000007	Arizona	Phoenix-Mesa-Chandler, AZ	2009	M04	April	35.4
SMU04380603000000007	Arizona	Phoenix-Mesa-Chandler, AZ	2009	M03	March	36.1
SMU04380603000000007	Arizona	Phoenix-Mesa-Chandler, AZ	2009	M02	February	37.2
SMU04380603000000007	Arizona	Phoenix-Mesa-Chandler, AZ	2009	M01	January	38.4
SMU04380603000000007	Arizona	Phoenix-Mesa-Chandler, AZ	2008	M12	December	39.6
SMU04380603000000007	Arizona	Phoenix-Mesa-Chandler, AZ	2008	M11	November	39.9
SMU04380603000000007	Arizona	Phoenix-Mesa-Chandler, AZ	2008	M10	October	40.1
SMU04380603000000007	Arizona	Phoenix-Mesa-Chandler, AZ	2008	M09	September	40.6
SMU04380603000000007	Arizona	Phoenix-Mesa-Chandler, AZ	2008	M08	August	40.5
SMU04380603000000007	Arizona	Phoenix-Mesa-Chandler, AZ	2008	M07	July	40.7
SMU04380603000000007	Arizona	Phoenix-Mesa-Chandler, AZ	2008	M06	June	41.5
SMU04380603000000007	Arizona	Phoenix-Mesa-Chandler, AZ	2008	M05	May	40.8
SMU04380603000000007	Arizona	Phoenix-Mesa-Chandler, AZ	2008	M04	April	41.1
SMU04380603000000007	Arizona	Phoenix-Mesa-Chandler, AZ	2008	M03	March	40.3
SMU04380603000000007	Arizona	Phoenix-Mesa-Chandler, AZ	2008	M02	February	41.0
SMU04380603000000007	Arizona	Phoenix-Mesa-Chandler, AZ	2008	M01	January	41.3
SMU04380603000000007	Arizona	Phoenix-Mesa-Chandler, AZ	2007	M12	December	39.4
SMU04380603000000007	Arizona	Phoenix-Mesa-Chandler, AZ	2007	M11	November	39.6
SMU04380603000000007	Arizona	Phoenix-Mesa-Chandler, AZ	2007	M10	October	39.6
SMU04380603000000007	Arizona	Phoenix-Mesa-Chandler, AZ	2007	M09	September	40.1
SMU04380603000000007	Arizona	Phoenix-Mesa-Chandler, AZ	2007	M08	August	41.3
SMU04380603000000007	Arizona	Phoenix-Mesa-Chandler, AZ	2007	M07	July	41.3
SMU04380603000000007	Arizona	Phoenix-Mesa-Chandler, AZ	2007	M06	June	40.7
SMU04380603000000007	Arizona	Phoenix-Mesa-Chandler, AZ	2007	M05	May	41.2
SMU04380603000000007	Arizona	Phoenix-Mesa-Chandler, AZ	2007	M04	April	40.6
SMU04380603000000007	Arizona	Phoenix-Mesa-Chandler, AZ	2007	M03	March	41.0
SMU04380603000000007	Arizona	Phoenix-Mesa-Chandler, AZ	2007	M02	February	41.0
SMU04380603000000007	Arizona	Phoenix-Mesa-Chandler, AZ	2007	M01	January	40.7
SMU39171403000000007	Ohio	Cincinnati, OH-KY-IN	2025	M12	December	41.7
SMU39171403000000007	Ohio	Cincinnati, OH-KY-IN	2025	M11	November	43.2
SMU39171403000000007	Ohio	Cincinnati, OH-KY-IN	2025	M10	October	41.7
SMU39171403000000007	Ohio	Cincinnati, OH-KY-IN	2025	M09	September	41.6
SMU39171403000000007	Ohio	Cincinnati, OH-KY-IN	2025	M08	August	41.0
SMU39171403000000007	Ohio	Cincinnati, OH-KY-IN	2025	M07	July	40.8
SMU39171403000000007	Ohio	Cincinnati, OH-KY-IN	2025	M06	June	41.3
SMU39171403000000007	Ohio	Cincinnati, OH-KY-IN	2025	M05	May	40.8
SMU39171403000000007	Ohio	Cincinnati, OH-KY-IN	2025	M04	April	40.6
SMU39171403000000007	Ohio	Cincinnati, OH-KY-IN	2025	M03	March	40.2
SMU39171403000000007	Ohio	Cincinnati, OH-KY-IN	2025	M02	February	38.5
SMU39171403000000007	Ohio	Cincinnati, OH-KY-IN	2025	M01	January	36.4
SMU39171403000000007	Ohio	Cincinnati, OH-KY-IN	2024	M12	December	38.6
SMU39171403000000007	Ohio	Cincinnati, OH-KY-IN	2024	M11	November	37.2
SMU39171403000000007	Ohio	Cincinnati, OH-KY-IN	2024	M10	October	36.0
SMU39171403000000007	Ohio	Cincinnati, OH-KY-IN	2024	M09	September	36.5
SMU39171403000000007	Ohio	Cincinnati, OH-KY-IN	2024	M08	August	35.2
SMU39171403000000007	Ohio	Cincinnati, OH-KY-IN	2024	M07	July	34.1
SMU39171403000000007	Ohio	Cincinnati, OH-KY-IN	2024	M06	June	35.1
SMU39171403000000007	Ohio	Cincinnati, OH-KY-IN	2024	M05	May	33.3
SMU39171403000000007	Ohio	Cincinnati, OH-KY-IN	2024	M04	April	32.1
SMU39171403000000007	Ohio	Cincinnati, OH-KY-IN	2024	M03	March	33.8
SMU39171403000000007	Ohio	Cincinnati, OH-KY-IN	2024	M02	February	33.6
SMU39171403000000007	Ohio	Cincinnati, OH-KY-IN	2024	M01	January	32.2
SMU39171403000000007	Ohio	Cincinnati, OH-KY-IN	2023	M12	December	31.2
SMU39171403000000007	Ohio	Cincinnati, OH-KY-IN	2023	M11	November	31.7
SMU39171403000000007	Ohio	Cincinnati, OH-KY-IN	2023	M10	October	30.4
SMU39171403000000007	Ohio	Cincinnati, OH-KY-IN	2023	M09	September	31.5
SMU39171403000000007	Ohio	Cincinnati, OH-KY-IN	2023	M08	August	30.6
SMU39171403000000007	Ohio	Cincinnati, OH-KY-IN	2023	M07	July	30.7
SMU39171403000000007	Ohio	Cincinnati, OH-KY-IN	2023	M06	June	30.4
SMU39171403000000007	Ohio	Cincinnati, OH-KY-IN	2023	M05	May	30.4
SMU39171403000000007	Ohio	Cincinnati, OH-KY-IN	2023	M04	April	30.8
SMU39171403000000007	Ohio	Cincinnati, OH-KY-IN	2023	M03	March	30.0
SMU39171403000000007	Ohio	Cincinnati, OH-KY-IN	2023	M02	February	30.3
SMU39171403000000007	Ohio	Cincinnati, OH-KY-IN	2023	M01	January	31.2
SMU39171403000000007	Ohio	Cincinnati, OH-KY-IN	2022	M12	December	33.8
SMU39171403000000007	Ohio	Cincinnati, OH-KY-IN	2022	M11	November	34.4
SMU39171403000000007	Ohio	Cincinnati, OH-KY-IN	2022	M10	October	35.9
SMU39171403000000007	Ohio	Cincinnati, OH-KY-IN	2022	M09	September	38.1
SMU39171403000000007	Ohio	Cincinnati, OH-KY-IN	2022	M08	August	36.6
SMU39171403000000007	Ohio	Cincinnati, OH-KY-IN	2022	M07	July	37.2
SMU39171403000000007	Ohio	Cincinnati, OH-KY-IN	2022	M06	June	38.4
SMU39171403000000007	Ohio	Cincinnati, OH-KY-IN	2022	M05	May	38.2
SMU39171403000000007	Ohio	Cincinnati, OH-KY-IN	2022	M04	April	40.1
SMU39171403000000007	Ohio	Cincinnati, OH-KY-IN	2022	M03	March	39.9
SMU39171403000000007	Ohio	Cincinnati, OH-KY-IN	2022	M02	February	38.8
SMU39171403000000007	Ohio	Cincinnati, OH-KY-IN	2022	M01	January	40.3
SMU39171403000000007	Ohio	Cincinnati, OH-KY-IN	2021	M12	December	40.7
SMU39171403000000007	Ohio	Cincinnati, OH-KY-IN	2021	M11	November	41.6
SMU39171403000000007	Ohio	Cincinnati, OH-KY-IN	2021	M10	October	42.0
SMU39171403000000007	Ohio	Cincinnati, OH-KY-IN	2021	M09	September	43.7
SMU39171403000000007	Ohio	Cincinnati, OH-KY-IN	2021	M08	August	44.6
SMU39171403000000007	Ohio	Cincinnati, OH-KY-IN	2021	M07	July	45.3
SMU39171403000000007	Ohio	Cincinnati, OH-KY-IN	2021	M06	June	45.0
SMU39171403000000007	Ohio	Cincinnati, OH-KY-IN	2021	M05	May	44.1
SMU39171403000000007	Ohio	Cincinnati, OH-KY-IN	2021	M04	April	45.3
SMU39171403000000007	Ohio	Cincinnati, OH-KY-IN	2021	M03	March	43.6
SMU39171403000000007	Ohio	Cincinnati, OH-KY-IN	2021	M02	February	40.7
SMU39171403000000007	Ohio	Cincinnati, OH-KY-IN	2021	M01	January	41.4
SMU39171403000000007	Ohio	Cincinnati, OH-KY-IN	2020	M12	December	43.8
SMU39171403000000007	Ohio	Cincinnati, OH-KY-IN	2020	M11	November	43.3
SMU39171403000000007	Ohio	Cincinnati, OH-KY-IN	2020	M10	October	43.6
SMU39171403000000007	Ohio	Cincinnati, OH-KY-IN	2020	M09	September	42.7
SMU39171403000000007	Ohio	Cincinnati, OH-KY-IN	2020	M08	August	43.3
SMU39171403000000007	Ohio	Cincinnati, OH-KY-IN	2020	M07	July	42.9
SMU39171403000000007	Ohio	Cincinnati, OH-KY-IN	2020	M06	June	42.9
SMU39171403000000007	Ohio	Cincinnati, OH-KY-IN	2020	M05	May	43.4
SMU39171403000000007	Ohio	Cincinnati, OH-KY-IN	2020	M04	April	41.3
SMU39171403000000007	Ohio	Cincinnati, OH-KY-IN	2020	M03	March	41.9
SMU39171403000000007	Ohio	Cincinnati, OH-KY-IN	2020	M02	February	43.6
SMU39171403000000007	Ohio	Cincinnati, OH-KY-IN	2020	M01	January	44.6
SMU39171403000000007	Ohio	Cincinnati, OH-KY-IN	2019	M12	December	45.2
SMU39171403000000007	Ohio	Cincinnati, OH-KY-IN	2019	M11	November	44.1
SMU39171403000000007	Ohio	Cincinnati, OH-KY-IN	2019	M10	October	43.7
SMU39171403000000007	Ohio	Cincinnati, OH-KY-IN	2019	M09	September	44.1
SMU39171403000000007	Ohio	Cincinnati, OH-KY-IN	2019	M08	August	43.4
SMU39171403000000007	Ohio	Cincinnati, OH-KY-IN	2019	M07	July	42.6
SMU39171403000000007	Ohio	Cincinnati, OH-KY-IN	2019	M06	June	43.8
SMU39171403000000007	Ohio	Cincinnati, OH-KY-IN	2019	M05	May	44.3
SMU39171403000000007	Ohio	Cincinnati, OH-KY-IN	2019	M04	April	44.5
SMU39171403000000007	Ohio	Cincinnati, OH-KY-IN	2019	M03	March	44.6
SMU39171403000000007	Ohio	Cincinnati, OH-KY-IN	2019	M02	February	45.0
SMU39171403000000007	Ohio	Cincinnati, OH-KY-IN	2019	M01	January	44.8
SMU39171403000000007	Ohio	Cincinnati, OH-KY-IN	2018	M12	December	45.4
SMU39171403000000007	Ohio	Cincinnati, OH-KY-IN	2018	M11	November	45.6
SMU39171403000000007	Ohio	Cincinnati, OH-KY-IN	2018	M10	October	45.2
SMU39171403000000007	Ohio	Cincinnati, OH-KY-IN	2018	M09	September	45.6
SMU39171403000000007	Ohio	Cincinnati, OH-KY-IN	2018	M08	August	45.0
SMU39171403000000007	Ohio	Cincinnati, OH-KY-IN	2018	M07	July	44.7
SMU39171403000000007	Ohio	Cincinnati, OH-KY-IN	2018	M06	June	45.1
SMU39171403000000007	Ohio	Cincinnati, OH-KY-IN	2018	M05	May	43.7
SMU39171403000000007	Ohio	Cincinnati, OH-KY-IN	2018	M04	April	43.8
SMU39171403000000007	Ohio	Cincinnati, OH-KY-IN	2018	M03	March	44.9
SMU39171403000000007	Ohio	Cincinnati, OH-KY-IN	2018	M02	February	44.2
SMU39171403000000007	Ohio	Cincinnati, OH-KY-IN	2018	M01	January	42.4
SMU39171403000000007	Ohio	Cincinnati, OH-KY-IN	2017	M12	December	44.3
SMU39171403000000007	Ohio	Cincinnati, OH-KY-IN	2017	M11	November	44.8
SMU39171403000000007	Ohio	Cincinnati, OH-KY-IN	2017	M10	October	44.8
SMU39171403000000007	Ohio	Cincinnati, OH-KY-IN	2017	M09	September	45.6
SMU39171403000000007	Ohio	Cincinnati, OH-KY-IN	2017	M08	August	44.7
SMU39171403000000007	Ohio	Cincinnati, OH-KY-IN	2017	M07	July	45.4
SMU39171403000000007	Ohio	Cincinnati, OH-KY-IN	2017	M06	June	45.6
SMU39171403000000007	Ohio	Cincinnati, OH-KY-IN	2017	M05	May	44.1
SMU39171403000000007	Ohio	Cincinnati, OH-KY-IN	2017	M04	April	43.5
SMU39171403000000007	Ohio	Cincinnati, OH-KY-IN	2017	M03	March	43.2
SMU39171403000000007	Ohio	Cincinnati, OH-KY-IN	2017	M02	February	42.8
SMU39171403000000007	Ohio	Cincinnati, OH-KY-IN	2017	M01	January	43.9
SMU39171403000000007	Ohio	Cincinnati, OH-KY-IN	2016	M12	December	43.2
SMU39171403000000007	Ohio	Cincinnati, OH-KY-IN	2016	M11	November	43.6
SMU39171403000000007	Ohio	Cincinnati, OH-KY-IN	2016	M10	October	43.4
SMU39171403000000007	Ohio	Cincinnati, OH-KY-IN	2016	M09	September	43.7
SMU39171403000000007	Ohio	Cincinnati, OH-KY-IN	2016	M08	August	43.6
SMU39171403000000007	Ohio	Cincinnati, OH-KY-IN	2016	M07	July	42.9
SMU39171403000000007	Ohio	Cincinnati, OH-KY-IN	2016	M06	June	42.9
SMU39171403000000007	Ohio	Cincinnati, OH-KY-IN	2016	M05	May	43.7
SMU39171403000000007	Ohio	Cincinnati, OH-KY-IN	2016	M04	April	43.2
SMU39171403000000007	Ohio	Cincinnati, OH-KY-IN	2016	M03	March	42.5
SMU39171403000000007	Ohio	Cincinnati, OH-KY-IN	2016	M02	February	42.7
SMU39171403000000007	Ohio	Cincinnati, OH-KY-IN	2016	M01	January	41.5
SMU39171403000000007	Ohio	Cincinnati, OH-KY-IN	2015	M12	December	42.2
SMU39171403000000007	Ohio	Cincinnati, OH-KY-IN	2015	M11	November	43.0
SMU39171403000000007	Ohio	Cincinnati, OH-KY-IN	2015	M10	October	42.8
SMU39171403000000007	Ohio	Cincinnati, OH-KY-IN	2015	M09	September	41.7
SMU39171403000000007	Ohio	Cincinnati, OH-KY-IN	2015	M08	August	41.6
SMU39171403000000007	Ohio	Cincinnati, OH-KY-IN	2015	M07	July	43.2
SMU39171403000000007	Ohio	Cincinnati, OH-KY-IN	2015	M06	June	42.1
SMU39171403000000007	Ohio	Cincinnati, OH-KY-IN	2015	M05	May	42.0
SMU39171403000000007	Ohio	Cincinnati, OH-KY-IN	2015	M04	April	43.3
SMU39171403000000007	Ohio	Cincinnati, OH-KY-IN	2015	M03	March	43.0
SMU39171403000000007	Ohio	Cincinnati, OH-KY-IN	2015	M02	February	43.6
SMU39171403000000007	Ohio	Cincinnati, OH-KY-IN	2015	M01	January	45.3
SMU39171403000000007	Ohio	Cincinnati, OH-KY-IN	2014	M12	December	46.4
SMU39171403000000007	Ohio	Cincinnati, OH-KY-IN	2014	M11	November	46.1
SMU39171403000000007	Ohio	Cincinnati, OH-KY-IN	2014	M10	October	45.4
SMU39171403000000007	Ohio	Cincinnati, OH-KY-IN	2014	M09	September	45.9
SMU39171403000000007	Ohio	Cincinnati, OH-KY-IN	2014	M08	August	45.7
SMU39171403000000007	Ohio	Cincinnati, OH-KY-IN	2014	M07	July	44.6
SMU39171403000000007	Ohio	Cincinnati, OH-KY-IN	2014	M06	June	44.3
SMU39171403000000007	Ohio	Cincinnati, OH-KY-IN	2014	M05	May	43.8
SMU39171403000000007	Ohio	Cincinnati, OH-KY-IN	2014	M04	April	44.2
SMU39171403000000007	Ohio	Cincinnati, OH-KY-IN	2014	M03	March	43.3
SMU39171403000000007	Ohio	Cincinnati, OH-KY-IN	2014	M02	February	41.8
SMU39171403000000007	Ohio	Cincinnati, OH-KY-IN	2014	M01	January	42.5
SMU39171403000000007	Ohio	Cincinnati, OH-KY-IN	2013	M12	December	44.1
SMU39171403000000007	Ohio	Cincinnati, OH-KY-IN	2013	M11	November	44.8
SMU39171403000000007	Ohio	Cincinnati, OH-KY-IN	2013	M10	October	44.2
SMU39171403000000007	Ohio	Cincinnati, OH-KY-IN	2013	M09	September	44.6
SMU39171403000000007	Ohio	Cincinnati, OH-KY-IN	2013	M08	August	43.9
SMU39171403000000007	Ohio	Cincinnati, OH-KY-IN	2013	M07	July	43.7
SMU39171403000000007	Ohio	Cincinnati, OH-KY-IN	2013	M06	June	44.1
SMU39171403000000007	Ohio	Cincinnati, OH-KY-IN	2013	M05	May	43.5
SMU39171403000000007	Ohio	Cincinnati, OH-KY-IN	2013	M04	April	43.1
SMU39171403000000007	Ohio	Cincinnati, OH-KY-IN	2013	M03	March	42.2
SMU39171403000000007	Ohio	Cincinnati, OH-KY-IN	2013	M02	February	42.8
SMU39171403000000007	Ohio	Cincinnati, OH-KY-IN	2013	M01	January	43.3
SMU39171403000000007	Ohio	Cincinnati, OH-KY-IN	2012	M12	December	44.4
SMU39171403000000007	Ohio	Cincinnati, OH-KY-IN	2012	M11	November	43.7
SMU39171403000000007	Ohio	Cincinnati, OH-KY-IN	2012	M10	October	41.5
SMU39171403000000007	Ohio	Cincinnati, OH-KY-IN	2012	M09	September	41.5
SMU39171403000000007	Ohio	Cincinnati, OH-KY-IN	2012	M08	August	41.1
SMU39171403000000007	Ohio	Cincinnati, OH-KY-IN	2012	M07	July	40.6
SMU39171403000000007	Ohio	Cincinnati, OH-KY-IN	2012	M06	June	42.3
SMU39171403000000007	Ohio	Cincinnati, OH-KY-IN	2012	M05	May	43.8
SMU39171403000000007	Ohio	Cincinnati, OH-KY-IN	2012	M04	April	43.0
SMU39171403000000007	Ohio	Cincinnati, OH-KY-IN	2012	M03	March	44.0
SMU39171403000000007	Ohio	Cincinnati, OH-KY-IN	2012	M02	February	42.1
SMU39171403000000007	Ohio	Cincinnati, OH-KY-IN	2012	M01	January	42.4
SMU39171403000000007	Ohio	Cincinnati, OH-KY-IN	2011	M12	December	44.5
SMU39171403000000007	Ohio	Cincinnati, OH-KY-IN	2011	M11	November	42.8
SMU39171403000000007	Ohio	Cincinnati, OH-KY-IN	2011	M10	October	42.2
SMU39171403000000007	Ohio	Cincinnati, OH-KY-IN	2011	M09	September	42.2
SMU39171403000000007	Ohio	Cincinnati, OH-KY-IN	2011	M08	August	41.1
SMU39171403000000007	Ohio	Cincinnati, OH-KY-IN	2011	M07	July	41.3
SMU39171403000000007	Ohio	Cincinnati, OH-KY-IN	2011	M06	June	40.9
SMU39171403000000007	Ohio	Cincinnati, OH-KY-IN	2011	M05	May	42.0
SMU39171403000000007	Ohio	Cincinnati, OH-KY-IN	2011	M04	April	41.0
SMU39171403000000007	Ohio	Cincinnati, OH-KY-IN	2011	M03	March	41.7
SMU39171403000000007	Ohio	Cincinnati, OH-KY-IN	2011	M02	February	41.6
SMU39171403000000007	Ohio	Cincinnati, OH-KY-IN	2011	M01	January	41.0
