series_id	state	area	year	period	month	value
SMU04380603000000008	Arizona	Phoenix-Mesa-Chandler, AZ	2025	M12	December	28.55
SMU04380603000000008	Arizona	Phoenix-Mesa-Chandler, AZ	2025	M11	November	28.45
SMU04380603000000008	Arizona	Phoenix-Mesa-Chandler, AZ	2025	M10	October	28.23
SMU04380603000000008	Arizona	Phoenix-Mesa-Chandler, AZ	2025	M09	September	27.73
SMU04380603000000008	Arizona	Phoenix-Mesa-Chandler, AZ	2025	M08	August	27.10
SMU04380603000000008	Arizona	Phoenix-Mesa-Chandler, AZ	2025	M07	July	27.56
SMU04380603000000008	Arizona	Phoenix-Mesa-Chandler, AZ	2025	M06	June	27.49
SMU04380603000000008	Arizona	Phoenix-Mesa-Chandler, AZ	2025	M05	May	26.72
SMU04380603000000008	Arizona	Phoenix-Mesa-Chandler, AZ	2025	M04	April	26.41
SMU04380603000000008	Arizona	Phoenix-Mesa-Chandler, AZ	2025	M03	March	26.42
SMU04380603000000008	Arizona	Phoenix-Mesa-Chandler, AZ	2025	M02	February	25.98
SMU04380603000000008	Arizona	Phoenix-Mesa-Chandler, AZ	2025	M01	January	26.48
SMU04380603000000008	Arizona	Phoenix-Mesa-Chandler, AZ	2024	M12	December	27.03
SMU04380603000000008	Arizona	Phoenix-Mesa-Chandler, AZ	2024	M11	November	27.02
SMU04380603000000008	Arizona	Phoenix-Mesa-Chandler, AZ	2024	M10	October	27.48
SMU04380603000000008	Arizona	Phoenix-Mesa-Chandler, AZ	2024	M09	September	27.02
SMU04380603000000008	Arizona	Phoenix-Mesa-Chandler, AZ	2024	M08	August	26.51
SMU04380603000000008	Arizona	Phoenix-Mesa-Chandler, AZ	2024	M07	July	26.87
SMU04380603000000008	Arizona	Phoenix-Mesa-Chandler, AZ	2024	M06	June	26.24
SMU04380603000000008	Arizona	Phoenix-Mesa-Chandler, AZ	2024	M05	May	26.46
SMU04380603000000008	Arizona	Phoenix-Mesa-Chandler, AZ	2024	M04	April	26.42
SMU04380603000000008	Arizona	Phoenix-Mesa-Chandler, AZ	2024	M03	March	26.12
SMU04380603000000008	Arizona	Phoenix-Mesa-Chandler, AZ	2024	M02	February	25.95
SMU04380603000000008	Arizona	Phoenix-Mesa-Chandler, AZ	2024	M01	January	25.96
SMU04380603000000008	Arizona	Phoenix-Mesa-Chandler, AZ	2023	M12	December	25.78
SMU04380603000000008	Arizona	Phoenix-Mesa-Chandler, AZ	2023	M11	November	25.92
SMU04380603000000008	Arizona	Phoenix-Mesa-Chandler, AZ	2023	M10	October	25.68
SMU04380603000000008	Arizona	Phoenix-Mesa-Chandler, AZ	2023	M09	September	25.23
SMU04380603000000008	Arizona	Phoenix-Mesa-Chandler, AZ	2023	M08	August	25.24
SMU04380603000000008	Arizona	Phoenix-Mesa-Chandler, AZ	2023	M07	July	25.17
SMU04380603000000008	Arizona	Phoenix-Mesa-Chandler, AZ	2023	M06	June	25.01
SMU04380603000000008	Arizona	Phoenix-Mesa-Chandler, AZ	2023	M05	May	24.71
SMU04380603000000008	Arizona	Phoenix-Mesa-Chandler, AZ	2023	M04	April	25.62
SMU04380603000000008	Arizona	Phoenix-Mesa-Chandler, AZ	2023	M03	March	24.49
SMU04380603000000008	Arizona	Phoenix-Mesa-Chandler, AZ	2023	M02	February	25.03
SMU04380603000000008	Arizona	Phoenix-Mesa-Chandler, AZ	2023	M01	January	25.45
SMU04380603000000008	Arizona	Phoenix-Mesa-Chandler, AZ	2022	M12	December	25.01
SMU04380603000000008	Arizona	Phoenix-Mesa-Chandler, AZ	2022	M11	November	24.68
SMU04380603000000008	Arizona	Phoenix-Mesa-Chandler, AZ	2022	M10	October	23.79
SMU04380603000000008	Arizona	Phoenix-Mesa-Chandler, AZ	2022	M09	September	23.51
SMU04380603000000008	Arizona	Phoenix-Mesa-Chandler, AZ	2022	M08	August	23.73
SMU04380603000000008	Arizona	Phoenix-Mesa-Chandler, AZ	2022	M07	July	23.87
SMU04380603000000008	Arizona	Phoenix-Mesa-Chandler, AZ	2022	M06	June	24.02
SMU04380603000000008	Arizona	Phoenix-Mesa-Chandler, AZ	2022	M05	May	24.05
SMU04380603000000008	Arizona	Phoenix-Mesa-Chandler, AZ	2022	M04	April	24.08
SMU04380603000000008	Arizona	Phoenix-Mesa-Chandler, AZ	2022	M03	March	24.15
SMU04380603000000008	Arizona	Phoenix-Mesa-Chandler, AZ	2022	M02	February	24.08
SMU04380603000000008	Arizona	Phoenix-Mesa-Chandler, AZ	2022	M01	January	24.15
SMU04380603000000008	Arizona	Phoenix-Mesa-Chandler, AZ	2021	M12	December	24.65
SMU04380603000000008	Arizona	Phoenix-Mesa-Chandler, AZ	2021	M11	November	22.82
SMU04380603000000008	Arizona	Phoenix-Mesa-Chandler, AZ	2021	M10	October	23.25
SMU04380603000000008	Arizona	Phoenix-Mesa-Chandler, AZ	2021	M09	September	22.16
SMU04380603000000008	Arizona	Phoenix-Mesa-Chandler, AZ	2021	M08	August	23.10
SMU04380603000000008	Arizona	Phoenix-Mesa-Chandler, AZ	2021	M07	July	22.28
SMU04380603000000008	Arizona	Phoenix-Mesa-Chandler, AZ	2021	M06	June	21.44
SMU04380603000000008	Arizona	Phoenix-Mesa-Chandler, AZ	2021	M05	May	21.03
SMU04380603000000008	Arizona	Phoenix-Mesa-Chandler, AZ	2021	M04	April	20.86
SMU04380603000000008	Arizona	Phoenix-Mesa-Chandler, AZ	2021	M03	March	20.58
SMU04380603000000008	Arizona	Phoenix-Mesa-Chandler, AZ	2021	M02	February	20.91
SMU04380603000000008	Arizona	Phoenix-Mesa-Chandler, AZ	2021	M01	January	20.62
SMU04380603000000008	Arizona	Phoenix-Mesa-Chandler, AZ	2020	M12	December	20.12
SMU04380603000000008	Arizona	Phoenix-Mesa-Chandler, AZ	2020	M11	November	20.15
SMU04380603000000008	Arizona	Phoenix-Mesa-Chandler, AZ	2020	M10	October	20.09
SMU04380603000000008	Arizona	Phoenix-Mesa-Chandler, AZ	2020	M09	September	21.09
SMU04380603000000008	Arizona	Phoenix-Mesa-Chandler, AZ	2020	M08	August	20.80
SMU04380603000000008	Arizona	Phoenix-Mesa-Chandler, AZ	2020	M07	July	20.14
SMU04380603000000008	Arizona	Phoenix-Mesa-Chandler, AZ	2020	M06	June	20.70
SMU04380603000000008	Arizona	Phoenix-Mesa-Chandler, AZ	2020	M05	May	21.16
SMU04380603000000008	Arizona	Phoenix-Mesa-Chandler, AZ	2020	M04	April	20.89
SMU04380603000000008	Arizona	Phoenix-Mesa-Chandler, AZ	2020	M03	March	22.14
SMU04380603000000008	Arizona	Phoenix-Mesa-Chandler, AZ	2020	M02	February	22.26
SMU04380603000000008	Arizona	Phoenix-Mesa-Chandler, AZ	2020	M01	January	21.79
SMU04380603000000008	Arizona	Phoenix-Mesa-Chandler, AZ	2019	M12	December	21.99
SMU04380603000000008	Arizona	Phoenix-Mesa-Chandler, AZ	2019	M11	November	21.56
SMU04380603000000008	Arizona	Phoenix-Mesa-Chandler, AZ	2019	M10	October	21.06
SMU04380603000000008	Arizona	Phoenix-Mesa-Chandler, AZ	2019	M09	September	20.64
SMU04380603000000008	Arizona	Phoenix-Mesa-Chandler, AZ	2019	M08	August	20.90
SMU04380603000000008	Arizona	Phoenix-Mesa-Chandler, AZ	2019	M07	July	21.14
SMU04380603000000008	Arizona	Phoenix-Mesa-Chandler, AZ	2019	M06	June	20.86
SMU04380603000000008	Arizona	Phoenix-Mesa-Chandler, AZ	2019	M05	May	20.80
SMU04380603000000008	Arizona	Phoenix-Mesa-Chandler, AZ	2019	M04	April	21.26
SMU04380603000000008	Arizona	Phoenix-Mesa-Chandler, AZ	2019	M03	March	21.24
SMU04380603000000008	Arizona	Phoenix-Mesa-Chandler, AZ	2019	M02	February	21.65
SMU04380603000000008	Arizona	Phoenix-Mesa-Chandler, AZ	2019	M01	January	21.84
SMU04380603000000008	Arizona	Phoenix-Mesa-Chandler, AZ	2018	M12	December	21.12
SMU04380603000000008	Arizona	Phoenix-Mesa-Chandler, AZ	2018	M11	November	20.77
SMU04380603000000008	Arizona	Phoenix-Mesa-Chandler, AZ	2018	M10	October	20.79
SMU04380603000000008	Arizona	Phoenix-Mesa-Chandler, AZ	2018	M09	September	20.43
SMU04380603000000008	Arizona	Phoenix-Mesa-Chandler, AZ	2018	M08	August	20.87
SMU04380603000000008	Arizona	Phoenix-Mesa-Chandler, AZ	2018	M07	July	20.69
SMU04380603000000008	Arizona	Phoenix-Mesa-Chandler, AZ	2018	M06	June	20.71
SMU04380603000000008	Arizona	Phoenix-Mesa-Chandler, AZ	2018	M05	May	20.06
SMU04380603000000008	Arizona	Phoenix-Mesa-Chandler, AZ	2018	M04	April	19.71
SMU04380603000000008	Arizona	Phoenix-Mesa-Chandler, AZ	2018	M03	March	19.32
SMU04380603000000008	Arizona	Phoenix-Mesa-Chandler, AZ	2018	M02	February	19.10
SMU04380603000000008	Arizona	Phoenix-Mesa-Chandler, AZ	2018	M01	January	18.89
SMU04380603000000008	Arizona	Phoenix-Mesa-Chandler, AZ	2017	M12	December	19.02
SMU04380603000000008	Arizona	Phoenix-Mesa-Chandler, AZ	2017	M11	November	18.94
SMU04380603000000008	Arizona	Phoenix-Mesa-Chandler, AZ	2017	M10	October	18.59
SMU04380603000000008	Arizona	Phoenix-Mesa-Chandler, AZ	2017	M09	September	18.32
SMU04380603000000008	Arizona	Phoenix-Mesa-Chandler, AZ	2017	M08	August	18.10
SMU04380603000000008	Arizona	Phoenix-Mesa-Chandler, AZ	2017	M07	July	18.59
SMU04380603000000008	Arizona	Phoenix-Mesa-Chandler, AZ	2017	M06	June	18.41
SMU04380603000000008	Arizona	Phoenix-Mesa-Chandler, AZ	2017	M05	May	18.41
SMU04380603000000008	Arizona	Phoenix-Mesa-Chandler, AZ	2017	M04	April	18.44
SMU04380603000000008	Arizona	Phoenix-Mesa-Chandler, AZ	2017	M03	March	18.70
SMU04380603000000008	Arizona	Phoenix-Mesa-Chandler, AZ	2017	M02	February	18.56
SMU04380603000000008	Arizona	Phoenix-Mesa-Chandler, AZ	2017	M01	January	18.62
SMU04380603000000008	Arizona	Phoenix-Mesa-Chandler, AZ	2016	M12	December	18.45
SMU04380603000000008	Arizona	Phoenix-Mesa-Chandler, AZ	2016	M11	November	18.71
SMU04380603000000008	Arizona	Phoenix-Mesa-Chandler, AZ	2016	M10	October	18.71
SMU04380603000000008	Arizona	Phoenix-Mesa-Chandler, AZ	2016	M09	September	18.45
SMU04380603000000008	Arizona	Phoenix-Mesa-Chandler, AZ	2016	M08	August	18.60
SMU04380603000000008	Arizona	Phoenix-Mesa-Chandler, AZ	2016	M07	July	18.56
SMU04380603000000008	Arizona	Phoenix-Mesa-Chandler, AZ	2016	M06	June	18.35
SMU04380603000000008	Arizona	Phoenix-Mesa-Chandler, AZ	2016	M05	May	18.32
SMU04380603000000008	Arizona	Phoenix-Mesa-Chandler, AZ	2016	M04	April	18.15
SMU04380603000000008	Arizona	Phoenix-Mesa-Chandler, AZ	2016	M03	March	18.20
SMU04380603000000008	Arizona	Phoenix-Mesa-Chandler, AZ	2016	M02	February	17.89
SMU04380603000000008	Arizona	Phoenix-Mesa-Chandler, AZ	2016	M01	January	17.97
SMU04380603000000008	Arizona	Phoenix-Mesa-Chandler, AZ	2015	M12	December	18.10
SMU04380603000000008	Arizona	Phoenix-Mesa-Chandler, AZ	2015	M11	November	18.39
SMU04380603000000008	Arizona	Phoenix-Mesa-Chandler, AZ	2015	M10	October	18.06
SMU04380603000000008	Arizona	Phoenix-Mesa-Chandler, AZ	2015	M09	September	18.23
SMU04380603000000008	Arizona	Phoenix-Mesa-Chandler, AZ	2015	M08	August	18.18
SMU04380603000000008	Arizona	Phoenix-Mesa-Chandler, AZ	2015	M07	July	18.10
SMU04380603000000008	Arizona	Phoenix-Mesa-Chandler, AZ	2015	M06	June	18.68
SMU04380603000000008	Arizona	Phoenix-Mesa-Chandler, AZ	2015	M05	May	17.53
SMU04380603000000008	Arizona	Phoenix-Mesa-Chandler, AZ	2015	M04	April	17.71
SMU04380603000000008	Arizona	Phoenix-Mesa-Chandler, AZ	2015	M03	March	17.44
SMU04380603000000008	Arizona	Phoenix-Mesa-Chandler, AZ	2015	M02	February	17.49
SMU04380603000000008	Arizona	Phoenix-Mesa-Chandler, AZ	2015	M01	January	17.37
SMU04380603000000008	Arizona	Phoenix-Mesa-Chandler, AZ	2014	M12	December	17.51
SMU04380603000000008	Arizona	Phoenix-Mesa-Chandler, AZ	2014	M11	November	17.53
SMU04380603000000008	Arizona	Phoenix-Mesa-Chandler, AZ	2014	M10	October	18.09
SMU04380603000000008	Arizona	Phoenix-Mesa-Chandler, AZ	2014	M09	September	18.09
SMU04380603000000008	Arizona	Phoenix-Mesa-Chandler, AZ	2014	M08	August	18.33
SMU04380603000000008	Arizona	Phoenix-Mesa-Chandler, AZ	2014	M07	July	18.06
SMU04380603000000008	Arizona	Phoenix-Mesa-Chandler, AZ	2014	M06	June	18.17
SMU04380603000000008	Arizona	Phoenix-Mesa-Chandler, AZ	2014	M05	May	18.28
SMU04380603000000008	Arizona	Phoenix-Mesa-Chandler, AZ	2014	M04	April	18.25
SMU04380603000000008	Arizona	Phoenix-Mesa-Chandler, AZ	2014	M03	March	18.79
SMU04380603000000008	Arizona	Phoenix-Mesa-Chandler, AZ	2014	M02	February	19.01
SMU04380603000000008	Arizona	Phoenix-Mesa-Chandler, AZ	2014	M01	January	19.14
SMU04380603000000008	Arizona	Phoenix-Mesa-Chandler, AZ	2013	M12	December	19.16
SMU04380603000000008	Arizona	Phoenix-Mesa-Chandler, AZ	2013	M11	November	19.09
SMU04380603000000008	Arizona	Phoenix-Mesa-Chandler, AZ	2013	M10	October	18.78
SMU04380603000000008	Arizona	Phoenix-Mesa-Chandler, AZ	2013	M09	September	18.84
SMU04380603000000008	Arizona	Phoenix-Mesa-Chandler, AZ	2013	M08	August	19.04
SMU04380603000000008	Arizona	Phoenix-Mesa-Chandler, AZ	2013	M07	July	19.08
SMU04380603000000008	Arizona	Phoenix-Mesa-Chandler, AZ	2013	M06	June	19.13
SMU04380603000000008	Arizona	Phoenix-Mesa-Chandler, AZ	2013	M05	May	19.04
SMU04380603000000008	Arizona	Phoenix-Mesa-Chandler, AZ	2013	M04	April	18.91
SMU04380603000000008	Arizona	Phoenix-Mesa-Chandler, AZ	2013	M03	March	19.07
SMU04380603000000008	Arizona	Phoenix-Mesa-Chandler, AZ	2013	M02	February	19.06
SMU04380603000000008	Arizona	Phoenix-Mesa-Chandler, AZ	2013	M01	January	18.95
SMU04380603000000008	Arizona	Phoenix-Mesa-Chandler, AZ	2012	M12	December	18.63
SMU04380603000000008	Arizona	Phoenix-Mesa-Chandler, AZ	2012	M11	November	18.46
SMU04380603000000008	Arizona	Phoenix-Mesa-Chandler, AZ	2012	M10	October	18.47
SMU04380603000000008	Arizona	Phoenix-Mesa-Chandler, AZ	2012	M09	September	18.72
SMU04380603000000008	Arizona	Phoenix-Mesa-Chandler, AZ	2012	M08	August	18.63
SMU04380603000000008	Arizona	Phoenix-Mesa-Chandler, AZ	2012	M07	July	18.57
SMU04380603000000008	Arizona	Phoenix-Mesa-Chandler, AZ	2012	M06	June	18.54
SMU04380603000000008	Arizona	Phoenix-Mesa-Chandler, AZ	2012	M05	May	18.18
SMU04380603000000008	Arizona	Phoenix-Mesa-Chandler, AZ	2012	M04	April	18.57
SMU04380603000000008	Arizona	Phoenix-Mesa-Chandler, AZ	2012	M03	March	18.71
SMU04380603000000008	Arizona	Phoenix-Mesa-Chandler, AZ	2012	M02	February	19.14
SMU04380603000000008	Arizona	Phoenix-Mesa-Chandler, AZ	2012	M01	January	19.05
SMU04380603000000008	Arizona	Phoenix-Mesa-Chandler, AZ	2011	M12	December	19.12
SMU04380603000000008	Arizona	Phoenix-Mesa-Chandler, AZ	2011	M11	November	18.64
SMU04380603000000008	Arizona	Phoenix-Mesa-Chandler, AZ	2011	M10	October	18.72
SMU04380603000000008	Arizona	Phoenix-Mesa-Chandler, AZ	2011	M09	September	18.16
SMU04380603000000008	Arizona	Phoenix-Mesa-Chandler, AZ	2011	M08	August	18.43
SMU04380603000000008	Arizona	Phoenix-Mesa-Chandler, AZ	2011	M07	July	19.02
SMU04380603000000008	Arizona	Phoenix-Mesa-Chandler, AZ	2011	M06	June	18.50
SMU04380603000000008	Arizona	Phoenix-Mesa-Chandler, AZ	2011	M05	May	18.63
SMU04380603000000008	Arizona	Phoenix-Mesa-Chandler, AZ	2011	M04	April	18.29
SMU04380603000000008	Arizona	Phoenix-Mesa-Chandler, AZ	2011	M03	March	17.87
SMU04380603000000008	Arizona	Phoenix-Mesa-Chandler, AZ	2011	M02	February	17.79
SMU04380603000000008	Arizona	Phoenix-Mesa-Chandler, AZ	2011	M01	January	17.76
SMU04380603000000008	Arizona	Phoenix-Mesa-Chandler, AZ	2010	M12	December	17.70
SMU04380603000000008	Arizona	Phoenix-Mesa-Chandler, AZ	2010	M11	November	17.51
SMU04380603000000008	Arizona	Phoenix-Mesa-Chandler, AZ	2010	M10	October	17.38
SMU04380603000000008	Arizona	Phoenix-Mesa-Chandler, AZ	2010	M09	September	17.38
SMU04380603000000008	Arizona	Phoenix-Mesa-Chandler, AZ	2010	M08	August	17.67
SMU04380603000000008	Arizona	Phoenix-Mesa-Chandler, AZ	2010	M07	July	17.77
SMU04380603000000008	Arizona	Phoenix-Mesa-Chandler, AZ	2010	M06	June	17.72
SMU04380603000000008	Arizona	Phoenix-Mesa-Chandler, AZ	2010	M05	May	17.73
SMU04380603000000008	Arizona	Phoenix-Mesa-Chandler, AZ	2010	M04	April	17.74
SMU04380603000000008	Arizona	Phoenix-Mesa-Chandler, AZ	2010	M03	March	18.10
SMU04380603000000008	Arizona	Phoenix-Mesa-Chandler, AZ	2010	M02	February	18.34
SMU04380603000000008	Arizona	Phoenix-Mesa-Chandler, AZ	2010	M01	January	18.47
SMU04380603000000008	Arizona	Phoenix-Mesa-Chandler, AZ	2009	M12	December	18.60
SMU04380603000000008	Arizona	Phoenix-Mesa-Chandler, AZ	2009	M11	November	18.15
SMU04380603000000008	Arizona	Phoenix-Mesa-Chandler, AZ	2009	M10	October	18.12
SMU04380603000000008	Arizona	Phoenix-Mesa-Chandler, AZ	2009	M09	September	17.86
SMU04380603000000008	Arizona	Phoenix-Mesa-Chandler, AZ	2009	M08	August	17.56
SMU04380603000000008	Arizona	Phoenix-Mesa-Chandler, AZ	2009	M07	July	17.60
SMU04380603000000008	Arizona	Phoenix-Mesa-Chandler, AZ	2009	M06	June	17.50
SMU04380603000000008	Arizona	Phoenix-Mesa-Chandler, AZ	2009	M05	May	17.45
SMU04380603000000008	Arizona	Phoenix-Mesa-Chandler, AZ	2009	M04	April	17.75
SMU04380603000000008	Arizona	Phoenix-Mesa-Chandler, AZ	2009	M03	March	18.02
SMU04380603000000008	Arizona	Phoenix-Mesa-Chandler, AZ	2009	M02	February	17.51
SMU04380603000000008	Arizona	Phoenix-Mesa-Chandler, AZ	2009	M01	January	17.54
SMU04380603000000008	Arizona	Phoenix-Mesa-Chandler, AZ	2008	M12	December	17.23
SMU04380603000000008	Arizona	Phoenix-Mesa-Chandler, AZ	2008	M11	November	16.90
SMU04380603000000008	Arizona	Phoenix-Mesa-Chandler, AZ	2008	M10	October	16.74
SMU04380603000000008	Arizona	Phoenix-Mesa-Chandler, AZ	2008	M09	September	17.34
SMU04380603000000008	Arizona	Phoenix-Mesa-Chandler, AZ	2008	M08	August	17.15
SMU04380603000000008	Arizona	Phoenix-Mesa-Chandler, AZ	2008	M07	July	16.74
SMU04380603000000008	Arizona	Phoenix-Mesa-Chandler, AZ	2008	M06	June	16.32
SMU04380603000000008	Arizona	Phoenix-Mesa-Chandler, AZ	2008	M05	May	16.30
SMU04380603000000008	Arizona	Phoenix-Mesa-Chandler, AZ	2008	M04	April	16.09
SMU04380603000000008	Arizona	Phoenix-Mesa-Chandler, AZ	2008	M03	March	16.47
SMU04380603000000008	Arizona	Phoenix-Mesa-Chandler, AZ	2008	M02	February	16.27
SMU04380603000000008	Arizona	Phoenix-Mesa-Chandler, AZ	2008	M01	January	16.06
SMU04380603000000008	Arizona	Phoenix-Mesa-Chandler, AZ	2007	M12	December	16.51
SMU04380603000000008	Arizona	Phoenix-Mesa-Chandler, AZ	2007	M11	November	16.61
SMU04380603000000008	Arizona	Phoenix-Mesa-Chandler, AZ	2007	M10	October	16.78
SMU04380603000000008	Arizona	Phoenix-Mesa-Chandler, AZ	2007	M09	September	16.61
SMU04380603000000008	Arizona	Phoenix-Mesa-Chandler, AZ	2007	M08	August	16.26
SMU04380603000000008	Arizona	Phoenix-Mesa-Chandler, AZ	2007	M07	July	16.29
SMU04380603000000008	Arizona	Phoenix-Mesa-Chandler, AZ	2007	M06	June	16.18
SMU04380603000000008	Arizona	Phoenix-Mesa-Chandler, AZ	2007	M05	May	15.99
SMU04380603000000008	Arizona	Phoenix-Mesa-Chandler, AZ	2007	M04	April	15.63
SMU04380603000000008	Arizona	Phoenix-Mesa-Chandler, AZ	2007	M03	March	15.39
SMU04380603000000008	Arizona	Phoenix-Mesa-Chandler, AZ	2007	M02	February	15.41
SMU04380603000000008	Arizona	Phoenix-Mesa-Chandler, AZ	2007	M01	January	15.42
SMU40461403000000008	Oklahoma	Tulsa, OK	2025	M12	December	27.41
SMU40461403000000008	Oklahoma	Tulsa, OK	2025	M11	November	27.83
SMU40461403000000008	Oklahoma	Tulsa, OK	2025	M10	October	27.81
SMU40461403000000008	Oklahoma	Tulsa, OK	2025	M09	September	27.41
SMU40461403000000008	Oklahoma	Tulsa, OK	2025	M08	August	27.71
SMU40461403000000008	Oklahoma	Tulsa, OK	2025	M07	July	27.34
SMU40461403000000008	Oklahoma	Tulsa, OK	2025	M06	June	28.12
SMU40461403000000008	Oklahoma	Tulsa, OK	2025	M05	May	28.04
SMU40461403000000008	Oklahoma	Tulsa, OK	2025	M04	April	28.34
SMU40461403000000008	Oklahoma	Tulsa, OK	2025	M03	March	27.65
SMU40461403000000008	Oklahoma	Tulsa, OK	2025	M02	February	27.34
SMU40461403000000008	Oklahoma	Tulsa, OK	2025	M01	January	28.69
SMU40461403000000008	Oklahoma	Tulsa, OK	2024	M12	December	29.73
SMU40461403000000008	Oklahoma	Tulsa, OK	2024	M11	November	29.31
SMU40461403000000008	Oklahoma	Tulsa, OK	2024	M10	October	28.63
SMU40461403000000008	Oklahoma	Tulsa, OK	2024	M09	September	28.99
SMU40461403000000008	Oklahoma	Tulsa, OK	2024	M08	August	29.17
SMU40461403000000008	Oklahoma	Tulsa, OK	2024	M07	July	29.79
SMU40461403000000008	Oklahoma	Tulsa, OK	2024	M06	June	30.49
SMU40461403000000008	Oklahoma	Tulsa, OK	2024	M05	May	30.54
SMU40461403000000008	Oklahoma	Tulsa, OK	2024	M04	April	29.81
SMU40461403000000008	Oklahoma	Tulsa, OK	2024	M03	March	30.21
SMU40461403000000008	Oklahoma	Tulsa, OK	2024	M02	February	30.33
SMU40461403000000008	Oklahoma	Tulsa, OK	2024	M01	January	30.08
SMU40461403000000008	Oklahoma	Tulsa, OK	2023	M12	December	30.26
SMU40461403000000008	Oklahoma	Tulsa, OK	2023	M11	November	28.84
SMU40461403000000008	Oklahoma	Tulsa, OK	2023	M10	October	29.76
SMU40461403000000008	Oklahoma	Tulsa, OK	2023	M09	September	29.98
SMU40461403000000008	Oklahoma	Tulsa, OK	2023	M08	August	29.76
SMU40461403000000008	Oklahoma	Tulsa, OK	2023	M07	July	28.64
SMU40461403000000008	Oklahoma	Tulsa, OK	2023	M06	June	29.00
SMU40461403000000008	Oklahoma	Tulsa, OK	2023	M05	May	28.65
SMU40461403000000008	Oklahoma	Tulsa, OK	2023	M04	April	28.02
SMU40461403000000008	Oklahoma	Tulsa, OK	2023	M03	March	28.54
SMU40461403000000008	Oklahoma	Tulsa, OK	2023	M02	February	27.00
SMU40461403000000008	Oklahoma	Tulsa, OK	2023	M01	January	27.90
SMU40461403000000008	Oklahoma	Tulsa, OK	2022	M12	December	28.15
SMU40461403000000008	Oklahoma	Tulsa, OK	2022	M11	November	27.36
SMU40461403000000008	Oklahoma	Tulsa, OK	2022	M10	October	26.03
SMU40461403000000008	Oklahoma	Tulsa, OK	2022	M09	September	25.23
SMU40461403000000008	Oklahoma	Tulsa, OK	2022	M08	August	23.76
SMU40461403000000008	Oklahoma	Tulsa, OK	2022	M07	July	23.61
SMU40461403000000008	Oklahoma	Tulsa, OK	2022	M06	June	22.83
SMU40461403000000008	Oklahoma	Tulsa, OK	2022	M05	May	22.25
SMU40461403000000008	Oklahoma	Tulsa, OK	2022	M04	April	21.56
SMU40461403000000008	Oklahoma	Tulsa, OK	2022	M03	March	22.54
SMU40461403000000008	Oklahoma	Tulsa, OK	2022	M02	February	22.11
SMU40461403000000008	Oklahoma	Tulsa, OK	2022	M01	January	22.57
SMU40461403000000008	Oklahoma	Tulsa, OK	2021	M12	December	22.88
SMU40461403000000008	Oklahoma	Tulsa, OK	2021	M11	November	22.62
SMU40461403000000008	Oklahoma	Tulsa, OK	2021	M10	October	23.12
SMU40461403000000008	Oklahoma	Tulsa, OK	2021	M09	September	23.39
SMU40461403000000008	Oklahoma	Tulsa, OK	2021	M08	August	23.01
SMU40461403000000008	Oklahoma	Tulsa, OK	2021	M07	July	23.23
SMU40461403000000008	Oklahoma	Tulsa, OK	2021	M06	June	23.77
SMU40461403000000008	Oklahoma	Tulsa, OK	2021	M05	May	24.41
SMU40461403000000008	Oklahoma	Tulsa, OK	2021	M04	April	23.84
SMU40461403000000008	Oklahoma	Tulsa, OK	2021	M03	March	23.81
SMU40461403000000008	Oklahoma	Tulsa, OK	2021	M02	February	23.88
SMU40461403000000008	Oklahoma	Tulsa, OK	2021	M01	January	23.61
SMU40461403000000008	Oklahoma	Tulsa, OK	2020	M12	December	23.63
SMU40461403000000008	Oklahoma	Tulsa, OK	2020	M11	November	24.01
SMU40461403000000008	Oklahoma	Tulsa, OK	2020	M10	October	23.85
SMU40461403000000008	Oklahoma	Tulsa, OK	2020	M09	September	24.29
SMU40461403000000008	Oklahoma	Tulsa, OK	2020	M08	August	23.58
SMU40461403000000008	Oklahoma	Tulsa, OK	2020	M07	July	22.92
SMU40461403000000008	Oklahoma	Tulsa, OK	2020	M06	June	22.52
SMU40461403000000008	Oklahoma	Tulsa, OK	2020	M05	May	22.59
SMU40461403000000008	Oklahoma	Tulsa, OK	2020	M04	April	22.79
SMU40461403000000008	Oklahoma	Tulsa, OK	2020	M03	March	22.87
SMU40461403000000008	Oklahoma	Tulsa, OK	2020	M02	February	23.07
SMU40461403000000008	Oklahoma	Tulsa, OK	2020	M01	January	23.57
SMU40461403000000008	Oklahoma	Tulsa, OK	2019	M12	December	23.54
SMU40461403000000008	Oklahoma	Tulsa, OK	2019	M11	November	23.27
SMU40461403000000008	Oklahoma	Tulsa, OK	2019	M10	October	22.89
SMU40461403000000008	Oklahoma	Tulsa, OK	2019	M09	September	22.65
SMU40461403000000008	Oklahoma	Tulsa, OK	2019	M08	August	22.70
SMU40461403000000008	Oklahoma	Tulsa, OK	2019	M07	July	22.15
SMU40461403000000008	Oklahoma	Tulsa, OK	2019	M06	June	22.41
SMU40461403000000008	Oklahoma	Tulsa, OK	2019	M05	May	21.99
SMU40461403000000008	Oklahoma	Tulsa, OK	2019	M04	April	21.87
SMU40461403000000008	Oklahoma	Tulsa, OK	2019	M03	March	21.87
SMU40461403000000008	Oklahoma	Tulsa, OK	2019	M02	February	21.87
SMU40461403000000008	Oklahoma	Tulsa, OK	2019	M01	January	21.37
SMU40461403000000008	Oklahoma	Tulsa, OK	2018	M12	December	21.79
SMU40461403000000008	Oklahoma	Tulsa, OK	2018	M11	November	21.90
SMU40461403000000008	Oklahoma	Tulsa, OK	2018	M10	October	21.53
SMU40461403000000008	Oklahoma	Tulsa, OK	2018	M09	September	21.69
SMU40461403000000008	Oklahoma	Tulsa, OK	2018	M08	August	22.01
SMU40461403000000008	Oklahoma	Tulsa, OK	2018	M07	July	21.82
SMU40461403000000008	Oklahoma	Tulsa, OK	2018	M06	June	21.76
SMU40461403000000008	Oklahoma	Tulsa, OK	2018	M05	May	21.46
SMU40461403000000008	Oklahoma	Tulsa, OK	2018	M04	April	21.57
SMU40461403000000008	Oklahoma	Tulsa, OK	2018	M03	March	21.44
SMU40461403000000008	Oklahoma	Tulsa, OK	2018	M02	February	22.04
SMU40461403000000008	Oklahoma	Tulsa, OK	2018	M01	January	21.42
SMU40461403000000008	Oklahoma	Tulsa, OK	2017	M12	December	21.41
SMU40461403000000008	Oklahoma	Tulsa, OK	2017	M11	November	21.49
SMU40461403000000008	Oklahoma	Tulsa, OK	2017	M10	October	21.57
SMU40461403000000008	Oklahoma	Tulsa, OK	2017	M09	September	21.62
SMU40461403000000008	Oklahoma	Tulsa, OK	2017	M08	August	22.13
SMU40461403000000008	Oklahoma	Tulsa, OK	2017	M07	July	21.32
SMU40461403000000008	Oklahoma	Tulsa, OK	2017	M06	June	20.90
SMU40461403000000008	Oklahoma	Tulsa, OK	2017	M05	May	21.74
SMU40461403000000008	Oklahoma	Tulsa, OK	2017	M04	April	21.86
SMU40461403000000008	Oklahoma	Tulsa, OK	2017	M03	March	21.45
SMU40461403000000008	Oklahoma	Tulsa, OK	2017	M02	February	21.84
SMU40461403000000008	Oklahoma	Tulsa, OK	2017	M01	January	21.05
SMU40461403000000008	Oklahoma	Tulsa, OK	2016	M12	December	20.70
SMU40461403000000008	Oklahoma	Tulsa, OK	2016	M11	November	20.73
SMU40461403000000008	Oklahoma	Tulsa, OK	2016	M10	October	21.15
SMU40461403000000008	Oklahoma	Tulsa, OK	2016	M09	September	21.05
SMU40461403000000008	Oklahoma	Tulsa, OK	2016	M08	August	20.59
SMU40461403000000008	Oklahoma	Tulsa, OK	2016	M07	July	21.35
SMU40461403000000008	Oklahoma	Tulsa, OK	2016	M06	June	21.09
SMU40461403000000008	Oklahoma	Tulsa, OK	2016	M05	May	21.18
SMU40461403000000008	Oklahoma	Tulsa, OK	2016	M04	April	21.50
SMU40461403000000008	Oklahoma	Tulsa, OK	2016	M03	March	21.30
SMU40461403000000008	Oklahoma	Tulsa, OK	2016	M02	February	21.34
SMU40461403000000008	Oklahoma	Tulsa, OK	2016	M01	January	21.19
SMU40461403000000008	Oklahoma	Tulsa, OK	2015	M12	December	21.52
SMU40461403000000008	Oklahoma	Tulsa, OK	2015	M11	November	20.63
SMU40461403000000008	Oklahoma	Tulsa, OK	2015	M10	October	21.18
SMU40461403000000008	Oklahoma	Tulsa, OK	2015	M09	September	21.66
SMU40461403000000008	Oklahoma	Tulsa, OK	2015	M08	August	21.29
SMU40461403000000008	Oklahoma	Tulsa, OK	2015	M07	July	21.15
SMU40461403000000008	Oklahoma	Tulsa, OK	2015	M06	June	21.30
SMU40461403000000008	Oklahoma	Tulsa, OK	2015	M05	May	21.09
SMU40461403000000008	Oklahoma	Tulsa, OK	2015	M04	April	20.99
SMU40461403000000008	Oklahoma	Tulsa, OK	2015	M03	March	20.86
SMU40461403000000008	Oklahoma	Tulsa, OK	2015	M02	February	20.75
SMU40461403000000008	Oklahoma	Tulsa, OK	2015	M01	January	21.07
SMU40461403000000008	Oklahoma	Tulsa, OK	2014	M12	December	21.23
SMU40461403000000008	Oklahoma	Tulsa, OK	2014	M11	November	21.07
SMU40461403000000008	Oklahoma	Tulsa, OK	2014	M10	October	21.19
SMU40461403000000008	Oklahoma	Tulsa, OK	2014	M09	September	21.50
SMU40461403000000008	Oklahoma	Tulsa, OK	2014	M08	August	21.20
SMU40461403000000008	Oklahoma	Tulsa, OK	2014	M07	July	21.27
SMU40461403000000008	Oklahoma	Tulsa, OK	2014	M06	June	21.38
SMU40461403000000008	Oklahoma	Tulsa, OK	2014	M05	May	20.97
SMU40461403000000008	Oklahoma	Tulsa, OK	2014	M04	April	20.86
SMU40461403000000008	Oklahoma	Tulsa, OK	2014	M03	March	21.12
SMU40461403000000008	Oklahoma	Tulsa, OK	2014	M02	February	20.99
SMU40461403000000008	Oklahoma	Tulsa, OK	2014	M01	January	20.72
SMU40461403000000008	Oklahoma	Tulsa, OK	2013	M12	December	20.70
SMU40461403000000008	Oklahoma	Tulsa, OK	2013	M11	November	20.48
SMU40461403000000008	Oklahoma	Tulsa, OK	2013	M10	October	21.20
SMU40461403000000008	Oklahoma	Tulsa, OK	2013	M09	September	21.10
SMU40461403000000008	Oklahoma	Tulsa, OK	2013	M08	August	20.88
SMU40461403000000008	Oklahoma	Tulsa, OK	2013	M07	July	20.39
SMU40461403000000008	Oklahoma	Tulsa, OK	2013	M06	June	20.62
SMU40461403000000008	Oklahoma	Tulsa, OK	2013	M05	May	20.30
SMU40461403000000008	Oklahoma	Tulsa, OK	2013	M04	April	20.08
SMU40461403000000008	Oklahoma	Tulsa, OK	2013	M03	March	19.81
SMU40461403000000008	Oklahoma	Tulsa, OK	2013	M02	February	20.06
SMU40461403000000008	Oklahoma	Tulsa, OK	2013	M01	January	19.20
SMU40461403000000008	Oklahoma	Tulsa, OK	2012	M12	December	19.19
SMU40461403000000008	Oklahoma	Tulsa, OK	2012	M11	November	19.26
SMU40461403000000008	Oklahoma	Tulsa, OK	2012	M10	October	19.46
SMU40461403000000008	Oklahoma	Tulsa, OK	2012	M09	September	19.63
SMU40461403000000008	Oklahoma	Tulsa, OK	2012	M08	August	19.56
SMU40461403000000008	Oklahoma	Tulsa, OK	2012	M07	July	18.66
SMU40461403000000008	Oklahoma	Tulsa, OK	2012	M06	June	18.95
SMU40461403000000008	Oklahoma	Tulsa, OK	2012	M05	May	19.27
SMU40461403000000008	Oklahoma	Tulsa, OK	2012	M04	April	19.42
SMU40461403000000008	Oklahoma	Tulsa, OK	2012	M03	March	19.52
SMU40461403000000008	Oklahoma	Tulsa, OK	2012	M02	February	19.03
SMU40461403000000008	Oklahoma	Tulsa, OK	2012	M01	January	18.99
SMU40461403000000008	Oklahoma	Tulsa, OK	2011	M12	December	18.89
SMU40461403000000008	Oklahoma	Tulsa, OK	2011	M11	November	19.11
SMU40461403000000008	Oklahoma	Tulsa, OK	2011	M10	October	19.21
SMU40461403000000008	Oklahoma	Tulsa, OK	2011	M09	September	19.10
SMU40461403000000008	Oklahoma	Tulsa, OK	2011	M08	August	19.19
SMU40461403000000008	Oklahoma	Tulsa, OK	2011	M07	July	18.22
SMU40461403000000008	Oklahoma	Tulsa, OK	2011	M06	June	17.93
SMU40461403000000008	Oklahoma	Tulsa, OK	2011	M05	May	18.46
SMU40461403000000008	Oklahoma	Tulsa, OK	2011	M04	April	19.48
SMU40461403000000008	Oklahoma	Tulsa, OK	2011	M03	March	19.20
SMU40461403000000008	Oklahoma	Tulsa, OK	2011	M02	February	19.56
SMU40461403000000008	Oklahoma	Tulsa, OK	2011	M01	January	19.49
SMU40461403000000008	Oklahoma	Tulsa, OK	2010	M12	December	19.20
SMU40461403000000008	Oklahoma	Tulsa, OK	2010	M11	November	18.79
SMU40461403000000008	Oklahoma	Tulsa, OK	2010	M10	October	18.35
SMU40461403000000008	Oklahoma	Tulsa, OK	2010	M09	September	18.07
SMU40461403000000008	Oklahoma	Tulsa, OK	2010	M08	August	18.71
SMU40461403000000008	Oklahoma	Tulsa, OK	2010	M07	July	18.44
SMU40461403000000008	Oklahoma	Tulsa, OK	2010	M06	June	18.31
SMU40461403000000008	Oklahoma	Tulsa, OK	2010	M05	May	18.71
SMU40461403000000008	Oklahoma	Tulsa, OK	2010	M04	April	18.02
SMU40461403000000008	Oklahoma	Tulsa, OK	2010	M03	March	18.25
SMU40461403000000008	Oklahoma	Tulsa, OK	2010	M02	February	18.51
SMU40461403000000008	Oklahoma	Tulsa, OK	2010	M01	January	19.23
SMU40461403000000008	Oklahoma	Tulsa, OK	2009	M12	December	19.47
SMU40461403000000008	Oklahoma	Tulsa, OK	2009	M11	November	19.42
SMU40461403000000008	Oklahoma	Tulsa, OK	2009	M10	October	18.79
SMU40461403000000008	Oklahoma	Tulsa, OK	2009	M09	September	19.10
SMU40461403000000008	Oklahoma	Tulsa, OK	2009	M08	August	19.85
SMU40461403000000008	Oklahoma	Tulsa, OK	2009	M07	July	18.95
SMU40461403000000008	Oklahoma	Tulsa, OK	2009	M06	June	19.20
SMU40461403000000008	Oklahoma	Tulsa, OK	2009	M05	May	19.53
SMU40461403000000008	Oklahoma	Tulsa, OK	2009	M04	April	18.90
SMU40461403000000008	Oklahoma	Tulsa, OK	2009	M03	March	18.86
SMU40461403000000008	Oklahoma	Tulsa, OK	2009	M02	February	18.53
SMU40461403000000008	Oklahoma	Tulsa, OK	2009	M01	January	18.28
SMU40461403000000008	Oklahoma	Tulsa, OK	2008	M12	December	18.53
SMU40461403000000008	Oklahoma	Tulsa, OK	2008	M11	November	18.55
SMU40461403000000008	Oklahoma	Tulsa, OK	2008	M10	October	18.16
SMU40461403000000008	Oklahoma	Tulsa, OK	2008	M09	September	18.15
SMU40461403000000008	Oklahoma	Tulsa, OK	2008	M08	August	17.84
SMU40461403000000008	Oklahoma	Tulsa, OK	2008	M07	July	17.42
SMU40461403000000008	Oklahoma	Tulsa, OK	2008	M06	June	17.38
SMU40461403000000008	Oklahoma	Tulsa, OK	2008	M05	May	17.14
SMU40461403000000008	Oklahoma	Tulsa, OK	2008	M04	April	16.97
SMU40461403000000008	Oklahoma	Tulsa, OK	2008	M03	March	16.93
SMU40461403000000008	Oklahoma	Tulsa, OK	2008	M02	February	16.60
SMU40461403000000008	Oklahoma	Tulsa, OK	2008	M01	January	16.35
SMU40461403000000008	Oklahoma	Tulsa, OK	2007	M12	December	16.98
SMU40461403000000008	Oklahoma	Tulsa, OK	2007	M11	November	16.57
SMU40461403000000008	Oklahoma	Tulsa, OK	2007	M10	October	16.70
SMU40461403000000008	Oklahoma	Tulsa, OK	2007	M09	September	16.50
SMU40461403000000008	Oklahoma	Tulsa, OK	2007	M08	August	16.70
SMU40461403000000008	Oklahoma	Tulsa, OK	2007	M07	July	16.61
SMU40461403000000008	Oklahoma	Tulsa, OK	2007	M06	June	15.67
SMU40461403000000008	Oklahoma	Tulsa, OK	2007	M05	May	16.15
SMU40461403000000008	Oklahoma	Tulsa, OK	2007	M04	April	15.98
SMU40461403000000008	Oklahoma	Tulsa, OK	2007	M03	March	16.20
SMU40461403000000008	Oklahoma	Tulsa, OK	2007	M02	February	15.46
SMU40461403000000008	Oklahoma	Tulsa, OK	2007	M01	January	15.48
SMU55333403000000008	Wisconsin	Milwaukee-Waukesha, WI	2025	M12	December	27.27
SMU55333403000000008	Wisconsin	Milwaukee-Waukesha, WI	2025	M11	November	27.05
SMU55333403000000008	Wisconsin	Milwaukee-Waukesha, WI	2025	M10	October	25.97
SMU55333403000000008	Wisconsin	Milwaukee-Waukesha, WI	2025	M09	September	26.52
SMU55333403000000008	Wisconsin	Milwaukee-Waukesha, WI	2025	M08	August	26.49
SMU55333403000000008	Wisconsin	Milwaukee-Waukesha, WI	2025	M07	July	26.25
SMU55333403000000008	Wisconsin	Milwaukee-Waukesha, WI	2025	M06	June	27.11
SMU55333403000000008	Wisconsin	Milwaukee-Waukesha, WI	2025	M05	May	26.88
SMU55333403000000008	Wisconsin	Milwaukee-Waukesha, WI	2025	M04	April	26.62
SMU55333403000000008	Wisconsin	Milwaukee-Waukesha, WI	2025	M03	March	26.98
SMU55333403000000008	Wisconsin	Milwaukee-Waukesha, WI	2025	M02	February	26.79
SMU55333403000000008	Wisconsin	Milwaukee-Waukesha, WI	2025	M01	January	26.61
SMU55333403000000008	Wisconsin	Milwaukee-Waukesha, WI	2024	M12	December	26.47
SMU55333403000000008	Wisconsin	Milwaukee-Waukesha, WI	2024	M11	November	27.18
SMU55333403000000008	Wisconsin	Milwaukee-Waukesha, WI	2024	M10	October	26.75
SMU55333403000000008	Wisconsin	Milwaukee-Waukesha, WI	2024	M09	September	27.84
SMU55333403000000008	Wisconsin	Milwaukee-Waukesha, WI	2024	M08	August	28.29
SMU55333403000000008	Wisconsin	Milwaukee-Waukesha, WI	2024	M07	July	27.07
SMU55333403000000008	Wisconsin	Milwaukee-Waukesha, WI	2024	M06	June	27.86
SMU55333403000000008	Wisconsin	Milwaukee-Waukesha, WI	2024	M05	May	26.35
SMU55333403000000008	Wisconsin	Milwaukee-Waukesha, WI	2024	M04	April	26.75
SMU55333403000000008	Wisconsin	Milwaukee-Waukesha, WI	2024	M03	March	27.31
SMU55333403000000008	Wisconsin	Milwaukee-Waukesha, WI	2024	M02	February	28.44
SMU55333403000000008	Wisconsin	Milwaukee-Waukesha, WI	2024	M01	January	29.20
SMU55333403000000008	Wisconsin	Milwaukee-Waukesha, WI	2023	M12	December	28.91
SMU55333403000000008	Wisconsin	Milwaukee-Waukesha, WI	2023	M11	November	28.54
SMU55333403000000008	Wisconsin	Milwaukee-Waukesha, WI	2023	M10	October	28.99
SMU55333403000000008	Wisconsin	Milwaukee-Waukesha, WI	2023	M09	September	29.08
SMU55333403000000008	Wisconsin	Milwaukee-Waukesha, WI	2023	M08	August	29.19
SMU55333403000000008	Wisconsin	Milwaukee-Waukesha, WI	2023	M07	July	29.75
SMU55333403000000008	Wisconsin	Milwaukee-Waukesha, WI	2023	M06	June	30.58
SMU55333403000000008	Wisconsin	Milwaukee-Waukesha, WI	2023	M05	May	30.11
SMU55333403000000008	Wisconsin	Milwaukee-Waukesha, WI	2023	M04	April	31.24
SMU55333403000000008	Wisconsin	Milwaukee-Waukesha, WI	2023	M03	March	30.54
SMU55333403000000008	Wisconsin	Milwaukee-Waukesha, WI	2023	M02	February	30.56
SMU55333403000000008	Wisconsin	Milwaukee-Waukesha, WI	2023	M01	January	30.33
SMU55333403000000008	Wisconsin	Milwaukee-Waukesha, WI	2022	M12	December	30.45
SMU55333403000000008	Wisconsin	Milwaukee-Waukesha, WI	2022	M11	November	29.85
SMU55333403000000008	Wisconsin	Milwaukee-Waukesha, WI	2022	M10	October	29.67
SMU55333403000000008	Wisconsin	Milwaukee-Waukesha, WI	2022	M09	September	29.28
SMU55333403000000008	Wisconsin	Milwaukee-Waukesha, WI	2022	M08	August	28.65
SMU55333403000000008	Wisconsin	Milwaukee-Waukesha, WI	2022	M07	July	28.62
SMU55333403000000008	Wisconsin	Milwaukee-Waukesha, WI	2022	M06	June	28.29
SMU55333403000000008	Wisconsin	Milwaukee-Waukesha, WI	2022	M05	May	27.22
SMU55333403000000008	Wisconsin	Milwaukee-Waukesha, WI	2022	M04	April	28.01
SMU55333403000000008	Wisconsin	Milwaukee-Waukesha, WI	2022	M03	March	27.87
SMU55333403000000008	Wisconsin	Milwaukee-Waukesha, WI	2022	M02	February	26.92
SMU55333403000000008	Wisconsin	Milwaukee-Waukesha, WI	2022	M01	January	27.73
SMU55333403000000008	Wisconsin	Milwaukee-Waukesha, WI	2021	M12	December	26.19
SMU55333403000000008	Wisconsin	Milwaukee-Waukesha, WI	2021	M11	November	24.94
SMU55333403000000008	Wisconsin	Milwaukee-Waukesha, WI	2021	M10	October	24.73
SMU55333403000000008	Wisconsin	Milwaukee-Waukesha, WI	2021	M09	September	24.38
SMU55333403000000008	Wisconsin	Milwaukee-Waukesha, WI	2021	M08	August	24.50
SMU55333403000000008	Wisconsin	Milwaukee-Waukesha, WI	2021	M07	July	24.35
SMU55333403000000008	Wisconsin	Milwaukee-Waukesha, WI	2021	M06	June	24.47
SMU55333403000000008	Wisconsin	Milwaukee-Waukesha, WI	2021	M05	May	24.31
SMU55333403000000008	Wisconsin	Milwaukee-Waukesha, WI	2021	M04	April	24.12
SMU55333403000000008	Wisconsin	Milwaukee-Waukesha, WI	2021	M03	March	23.66
SMU55333403000000008	Wisconsin	Milwaukee-Waukesha, WI	2021	M02	February	23.77
SMU55333403000000008	Wisconsin	Milwaukee-Waukesha, WI	2021	M01	January	23.79
SMU55333403000000008	Wisconsin	Milwaukee-Waukesha, WI	2020	M12	December	23.63
SMU55333403000000008	Wisconsin	Milwaukee-Waukesha, WI	2020	M11	November	23.57
SMU55333403000000008	Wisconsin	Milwaukee-Waukesha, WI	2020	M10	October	23.13
SMU55333403000000008	Wisconsin	Milwaukee-Waukesha, WI	2020	M09	September	23.41
SMU55333403000000008	Wisconsin	Milwaukee-Waukesha, WI	2020	M08	August	22.79
SMU55333403000000008	Wisconsin	Milwaukee-Waukesha, WI	2020	M07	July	23.13
SMU55333403000000008	Wisconsin	Milwaukee-Waukesha, WI	2020	M06	June	23.37
SMU55333403000000008	Wisconsin	Milwaukee-Waukesha, WI	2020	M05	May	22.71
SMU55333403000000008	Wisconsin	Milwaukee-Waukesha, WI	2020	M04	April	23.58
SMU55333403000000008	Wisconsin	Milwaukee-Waukesha, WI	2020	M03	March	22.91
SMU55333403000000008	Wisconsin	Milwaukee-Waukesha, WI	2020	M02	February	22.62
SMU55333403000000008	Wisconsin	Milwaukee-Waukesha, WI	2020	M01	January	22.16
SMU55333403000000008	Wisconsin	Milwaukee-Waukesha, WI	2019	M12	December	22.39
SMU55333403000000008	Wisconsin	Milwaukee-Waukesha, WI	2019	M11	November	21.78
SMU55333403000000008	Wisconsin	Milwaukee-Waukesha, WI	2019	M10	October	21.54
SMU55333403000000008	Wisconsin	Milwaukee-Waukesha, WI	2019	M09	September	21.90
SMU55333403000000008	Wisconsin	Milwaukee-Waukesha, WI	2019	M08	August	22.33
SMU55333403000000008	Wisconsin	Milwaukee-Waukesha, WI	2019	M07	July	22.53
SMU55333403000000008	Wisconsin	Milwaukee-Waukesha, WI	2019	M06	June	22.43
SMU55333403000000008	Wisconsin	Milwaukee-Waukesha, WI	2019	M05	May	22.73
SMU55333403000000008	Wisconsin	Milwaukee-Waukesha, WI	2019	M04	April	22.80
SMU55333403000000008	Wisconsin	Milwaukee-Waukesha, WI	2019	M03	March	22.63
SMU55333403000000008	Wisconsin	Milwaukee-Waukesha, WI	2019	M02	February	22.86
SMU55333403000000008	Wisconsin	Milwaukee-Waukesha, WI	2019	M01	January	22.73
SMU55333403000000008	Wisconsin	Milwaukee-Waukesha, WI	2018	M12	December	23.26
SMU55333403000000008	Wisconsin	Milwaukee-Waukesha, WI	2018	M11	November	23.08
SMU55333403000000008	Wisconsin	Milwaukee-Waukesha, WI	2018	M10	October	23.23
SMU55333403000000008	Wisconsin	Milwaukee-Waukesha, WI	2018	M09	September	22.94
SMU55333403000000008	Wisconsin	Milwaukee-Waukesha, WI	2018	M08	August	23.12
SMU55333403000000008	Wisconsin	Milwaukee-Waukesha, WI	2018	M07	July	23.13
SMU55333403000000008	Wisconsin	Milwaukee-Waukesha, WI	2018	M06	June	23.32
SMU55333403000000008	Wisconsin	Milwaukee-Waukesha, WI	2018	M05	May	22.63
SMU55333403000000008	Wisconsin	Milwaukee-Waukesha, WI	2018	M04	April	22.80
SMU55333403000000008	Wisconsin	Milwaukee-Waukesha, WI	2018	M03	March	23.05
SMU55333403000000008	Wisconsin	Milwaukee-Waukesha, WI	2018	M02	February	23.52
SMU55333403000000008	Wisconsin	Milwaukee-Waukesha, WI	2018	M01	January	23.24
SMU55333403000000008	Wisconsin	Milwaukee-Waukesha, WI	2017	M12	December	23.15
SMU55333403000000008	Wisconsin	Milwaukee-Waukesha, WI	2017	M11	November	22.59
SMU55333403000000008	Wisconsin	Milwaukee-Waukesha, WI	2017	M10	October	22.66
SMU55333403000000008	Wisconsin	Milwaukee-Waukesha, WI	2017	M09	September	22.89
SMU55333403000000008	Wisconsin	Milwaukee-Waukesha, WI	2017	M08	August	22.47
SMU55333403000000008	Wisconsin	Milwaukee-Waukesha, WI	2017	M07	July	22.74
SMU55333403000000008	Wisconsin	Milwaukee-Waukesha, WI	2017	M06	June	22.34
SMU55333403000000008	Wisconsin	Milwaukee-Waukesha, WI	2017	M05	May	22.37
SMU55333403000000008	Wisconsin	Milwaukee-Waukesha, WI	2017	M04	April	21.81
SMU55333403000000008	Wisconsin	Milwaukee-Waukesha, WI	2017	M03	March	21.58
SMU55333403000000008	Wisconsin	Milwaukee-Waukesha, WI	2017	M02	February	21.31
SMU55333403000000008	Wisconsin	Milwaukee-Waukesha, WI	2017	M01	January	21.21
SMU55333403000000008	Wisconsin	Milwaukee-Waukesha, WI	2016	M12	December	21.33
SMU55333403000000008	Wisconsin	Milwaukee-Waukesha, WI	2016	M11	November	20.57
SMU55333403000000008	Wisconsin	Milwaukee-Waukesha, WI	2016	M10	October	20.94
SMU55333403000000008	Wisconsin	Milwaukee-Waukesha, WI	2016	M09	September	20.57
SMU55333403000000008	Wisconsin	Milwaukee-Waukesha, WI	2016	M08	August	20.17
SMU55333403000000008	Wisconsin	Milwaukee-Waukesha, WI	2016	M07	July	20.03
SMU55333403000000008	Wisconsin	Milwaukee-Waukesha, WI	2016	M06	June	19.97
SMU55333403000000008	Wisconsin	Milwaukee-Waukesha, WI	2016	M05	May	19.79
SMU55333403000000008	Wisconsin	Milwaukee-Waukesha, WI	2016	M04	April	19.54
SMU55333403000000008	Wisconsin	Milwaukee-Waukesha, WI	2016	M03	March	19.55
SMU55333403000000008	Wisconsin	Milwaukee-Waukesha, WI	2016	M02	February	18.98
SMU55333403000000008	Wisconsin	Milwaukee-Waukesha, WI	2016	M01	January	18.49
SMU55333403000000008	Wisconsin	Milwaukee-Waukesha, WI	2015	M12	December	19.40
SMU55333403000000008	Wisconsin	Milwaukee-Waukesha, WI	2015	M11	November	19.31
SMU55333403000000008	Wisconsin	Milwaukee-Waukesha, WI	2015	M10	October	19.89
SMU55333403000000008	Wisconsin	Milwaukee-Waukesha, WI	2015	M09	September	19.59
SMU55333403000000008	Wisconsin	Milwaukee-Waukesha, WI	2015	M08	August	19.50
SMU55333403000000008	Wisconsin	Milwaukee-Waukesha, WI	2015	M07	July	19.26
SMU55333403000000008	Wisconsin	Milwaukee-Waukesha, WI	2015	M06	June	19.12
SMU55333403000000008	Wisconsin	Milwaukee-Waukesha, WI	2015	M05	May	19.34
SMU55333403000000008	Wisconsin	Milwaukee-Waukesha, WI	2015	M04	April	19.40
SMU55333403000000008	Wisconsin	Milwaukee-Waukesha, WI	2015	M03	March	19.38
SMU55333403000000008	Wisconsin	Milwaukee-Waukesha, WI	2015	M02	February	19.59
SMU55333403000000008	Wisconsin	Milwaukee-Waukesha, WI	2015	M01	January	19.71
SMU55333403000000008	Wisconsin	Milwaukee-Waukesha, WI	2014	M12	December	20.00
SMU55333403000000008	Wisconsin	Milwaukee-Waukesha, WI	2014	M11	November	19.95
SMU55333403000000008	Wisconsin	Milwaukee-Waukesha, WI	2014	M10	October	19.69
SMU55333403000000008	Wisconsin	Milwaukee-Waukesha, WI	2014	M09	September	19.55
SMU55333403000000008	Wisconsin	Milwaukee-Waukesha, WI	2014	M08	August	19.32
SMU55333403000000008	Wisconsin	Milwaukee-Waukesha, WI	2014	M07	July	18.99
SMU55333403000000008	Wisconsin	Milwaukee-Waukesha, WI	2014	M06	June	18.79
SMU55333403000000008	Wisconsin	Milwaukee-Waukesha, WI	2014	M05	May	18.83
SMU55333403000000008	Wisconsin	Milwaukee-Waukesha, WI	2014	M04	April	18.34
SMU55333403000000008	Wisconsin	Milwaukee-Waukesha, WI	2014	M03	March	18.83
SMU55333403000000008	Wisconsin	Milwaukee-Waukesha, WI	2014	M02	February	18.67
SMU55333403000000008	Wisconsin	Milwaukee-Waukesha, WI	2014	M01	January	18.79
SMU55333403000000008	Wisconsin	Milwaukee-Waukesha, WI	2013	M12	December	18.89
SMU55333403000000008	Wisconsin	Milwaukee-Waukesha, WI	2013	M11	November	18.81
SMU55333403000000008	Wisconsin	Milwaukee-Waukesha, WI	2013	M10	October	18.52
SMU55333403000000008	Wisconsin	Milwaukee-Waukesha, WI	2013	M09	September	18.95
SMU55333403000000008	Wisconsin	Milwaukee-Waukesha, WI	2013	M08	August	18.67
SMU55333403000000008	Wisconsin	Milwaukee-Waukesha, WI	2013	M07	July	17.97
SMU55333403000000008	Wisconsin	Milwaukee-Waukesha, WI	2013	M06	June	18.20
SMU55333403000000008	Wisconsin	Milwaukee-Waukesha, WI	2013	M05	May	17.93
SMU55333403000000008	Wisconsin	Milwaukee-Waukesha, WI	2013	M04	April	17.82
SMU55333403000000008	Wisconsin	Milwaukee-Waukesha, WI	2013	M03	March	17.80
SMU55333403000000008	Wisconsin	Milwaukee-Waukesha, WI	2013	M02	February	18.13
SMU55333403000000008	Wisconsin	Milwaukee-Waukesha, WI	2013	M01	January	18.01
SMU55333403000000008	Wisconsin	Milwaukee-Waukesha, WI	2012	M12	December	17.91
SMU55333403000000008	Wisconsin	Milwaukee-Waukesha, WI	2012	M11	November	18.44
SMU55333403000000008	Wisconsin	Milwaukee-Waukesha, WI	2012	M10	October	17.86
SMU55333403000000008	Wisconsin	Milwaukee-Waukesha, WI	2012	M09	September	17.68
SMU55333403000000008	Wisconsin	Milwaukee-Waukesha, WI	2012	M08	August	17.75
SMU55333403000000008	Wisconsin	Milwaukee-Waukesha, WI	2012	M07	July	17.85
SMU55333403000000008	Wisconsin	Milwaukee-Waukesha, WI	2012	M06	June	17.48
SMU55333403000000008	Wisconsin	Milwaukee-Waukesha, WI	2012	M05	May	17.50
SMU55333403000000008	Wisconsin	Milwaukee-Waukesha, WI	2012	M04	April	17.53
SMU55333403000000008	Wisconsin	Milwaukee-Waukesha, WI	2012	M03	March	17.25
SMU55333403000000008	Wisconsin	Milwaukee-Waukesha, WI	2012	M02	February	17.35
SMU55333403000000008	Wisconsin	Milwaukee-Waukesha, WI	2012	M01	January	17.59
SMU55333403000000008	Wisconsin	Milwaukee-Waukesha, WI	2011	M12	December	17.43
SMU55333403000000008	Wisconsin	Milwaukee-Waukesha, WI	2011	M11	November	17.83
SMU55333403000000008	Wisconsin	Milwaukee-Waukesha, WI	2011	M10	October	17.77
SMU55333403000000008	Wisconsin	Milwaukee-Waukesha, WI	2011	M09	September	17.33
SMU55333403000000008	Wisconsin	Milwaukee-Waukesha, WI	2011	M08	August	17.56
SMU55333403000000008	Wisconsin	Milwaukee-Waukesha, WI	2011	M07	July	17.00
SMU55333403000000008	Wisconsin	Milwaukee-Waukesha, WI	2011	M06	June	17.30
SMU55333403000000008	Wisconsin	Milwaukee-Waukesha, WI	2011	M05	May	17.47
SMU55333403000000008	Wisconsin	Milwaukee-Waukesha, WI	2011	M04	April	17.65
SMU55333403000000008	Wisconsin	Milwaukee-Waukesha, WI	2011	M03	March	17.85
SMU55333403000000008	Wisconsin	Milwaukee-Waukesha, WI	2011	M02	February	18.12
SMU55333403000000008	Wisconsin	Milwaukee-Waukesha, WI	2011	M01	January	18.16
SMU55333403000000008	Wisconsin	Milwaukee-Waukesha, WI	2010	M12	December	18.62
SMU55333403000000008	Wisconsin	Milwaukee-Waukesha, WI	2010	M11	November	18.47
SMU55333403000000008	Wisconsin	Milwaukee-Waukesha, WI	2010	M10	October	17.97
SMU55333403000000008	Wisconsin	Milwaukee-Waukesha, WI	2010	M09	September	18.08
SMU55333403000000008	Wisconsin	Milwaukee-Waukesha, WI	2010	M08	August	18.33
SMU55333403000000008	Wisconsin	Milwaukee-Waukesha, WI	2010	M07	July	17.89
SMU55333403000000008	Wisconsin	Milwaukee-Waukesha, WI	2010	M06	June	17.81
SMU55333403000000008	Wisconsin	Milwaukee-Waukesha, WI	2010	M05	May	17.91
SMU55333403000000008	Wisconsin	Milwaukee-Waukesha, WI	2010	M04	April	17.46
SMU55333403000000008	Wisconsin	Milwaukee-Waukesha, WI	2010	M03	March	17.55
SMU55333403000000008	Wisconsin	Milwaukee-Waukesha, WI	2010	M02	February	18.04
SMU55333403000000008	Wisconsin	Milwaukee-Waukesha, WI	2010	M01	January	18.12
SMU55333403000000008	Wisconsin	Milwaukee-Waukesha, WI	2009	M12	December	18.85
SMU55333403000000008	Wisconsin	Milwaukee-Waukesha, WI	2009	M11	November	21.49
SMU55333403000000008	Wisconsin	Milwaukee-Waukesha, WI	2009	M10	October	18.77
SMU55333403000000008	Wisconsin	Milwaukee-Waukesha, WI	2009	M09	September	19.15
SMU55333403000000008	Wisconsin	Milwaukee-Waukesha, WI	2009	M08	August	19.08
SMU55333403000000008	Wisconsin	Milwaukee-Waukesha, WI	2009	M07	July	18.98
SMU55333403000000008	Wisconsin	Milwaukee-Waukesha, WI	2009	M06	June	18.92
SMU55333403000000008	Wisconsin	Milwaukee-Waukesha, WI	2009	M05	May	19.57
SMU55333403000000008	Wisconsin	Milwaukee-Waukesha, WI	2009	M04	April	19.51
SMU55333403000000008	Wisconsin	Milwaukee-Waukesha, WI	2009	M03	March	19.39
SMU55333403000000008	Wisconsin	Milwaukee-Waukesha, WI	2009	M02	February	19.17
SMU55333403000000008	Wisconsin	Milwaukee-Waukesha, WI	2009	M01	January	18.86
SMU55333403000000008	Wisconsin	Milwaukee-Waukesha, WI	2008	M12	December	20.29
SMU55333403000000008	Wisconsin	Milwaukee-Waukesha, WI	2008	M11	November	19.49
SMU55333403000000008	Wisconsin	Milwaukee-Waukesha, WI	2008	M10	October	19.42
SMU55333403000000008	Wisconsin	Milwaukee-Waukesha, WI	2008	M09	September	19.56
SMU55333403000000008	Wisconsin	Milwaukee-Waukesha, WI	2008	M08	August	19.25
SMU55333403000000008	Wisconsin	Milwaukee-Waukesha, WI	2008	M07	July	19.55
SMU55333403000000008	Wisconsin	Milwaukee-Waukesha, WI	2008	M06	June	19.10
SMU55333403000000008	Wisconsin	Milwaukee-Waukesha, WI	2008	M05	May	18.45
SMU55333403000000008	Wisconsin	Milwaukee-Waukesha, WI	2008	M04	April	18.57
SMU55333403000000008	Wisconsin	Milwaukee-Waukesha, WI	2008	M03	March	18.46
SMU55333403000000008	Wisconsin	Milwaukee-Waukesha, WI	2008	M02	February	18.23
SMU55333403000000008	Wisconsin	Milwaukee-Waukesha, WI	2008	M01	January	17.92
SMU55333403000000008	Wisconsin	Milwaukee-Waukesha, WI	2007	M12	December	19.41
SMU55333403000000008	Wisconsin	Milwaukee-Waukesha, WI	2007	M11	November	18.65
SMU55333403000000008	Wisconsin	Milwaukee-Waukesha, WI	2007	M10	October	18.70
SMU55333403000000008	Wisconsin	Milwaukee-Waukesha, WI	2007	M09	September	18.88
SMU55333403000000008	Wisconsin	Milwaukee-Waukesha, WI	2007	M08	August	18.65
SMU55333403000000008	Wisconsin	Milwaukee-Waukesha, WI	2007	M07	July	19.04
SMU55333403000000008	Wisconsin	Milwaukee-Waukesha, WI	2007	M06	June	18.67
SMU55333403000000008	Wisconsin	Milwaukee-Waukesha, WI	2007	M05	May	18.06
SMU55333403000000008	Wisconsin	Milwaukee-Waukesha, WI	2007	M04	April	18.27
SMU55333403000000008	Wisconsin	Milwaukee-Waukesha, WI	2007	M03	March	18.23
SMU55333403000000008	Wisconsin	Milwaukee-Waukesha, WI	2007	M02	February	18.07
SMU55333403000000008	Wisconsin	Milwaukee-Waukesha, WI	2007	M01	January	17.82
SMU49416203000000008	Utah	Salt Lake City-Murray, UT	2025	M12	December	27.44
SMU49416203000000008	Utah	Salt Lake City-Murray, UT	2025	M11	November	26.67
SMU49416203000000008	Utah	Salt Lake City-Murray, UT	2025	M10	October	26.78
SMU49416203000000008	Utah	Salt Lake City-Murray, UT	2025	M09	September	26.89
SMU49416203000000008	Utah	Salt Lake City-Murray, UT	2025	M08	August	27.47
SMU49416203000000008	Utah	Salt Lake City-Murray, UT	2025	M07	July	27.57
SMU49416203000000008	Utah	Salt Lake City-Murray, UT	2025	M06	June	26.45
SMU49416203000000008	Utah	Salt Lake City-Murray, UT	2025	M05	May	26.75
SMU49416203000000008	Utah	Salt Lake City-Murray, UT	2025	M04	April	26.23
SMU49416203000000008	Utah	Salt Lake City-Murray, UT	2025	M03	March	25.92
SMU49416203000000008	Utah	Salt Lake City-Murray, UT	2025	M02	February	26.64
SMU49416203000000008	Utah	Salt Lake City-Murray, UT	2025	M01	January	26.20
SMU49416203000000008	Utah	Salt Lake City-Murray, UT	2024	M12	December	26.80
SMU49416203000000008	Utah	Salt Lake City-Murray, UT	2024	M11	November	27.93
SMU49416203000000008	Utah	Salt Lake City-Murray, UT	2024	M10	October	27.60
SMU49416203000000008	Utah	Salt Lake City-Murray, UT	2024	M09	September	27.99
SMU49416203000000008	Utah	Salt Lake City-Murray, UT	2024	M08	August	27.23
SMU49416203000000008	Utah	Salt Lake City-Murray, UT	2024	M07	July	25.73
SMU49416203000000008	Utah	Salt Lake City-Murray, UT	2024	M06	June	26.67
SMU49416203000000008	Utah	Salt Lake City-Murray, UT	2024	M05	May	26.28
SMU49416203000000008	Utah	Salt Lake City-Murray, UT	2024	M04	April	25.38
SMU49416203000000008	Utah	Salt Lake City-Murray, UT	2024	M03	March	25.98
SMU49416203000000008	Utah	Salt Lake City-Murray, UT	2024	M02	February	26.89
SMU49416203000000008	Utah	Salt Lake City-Murray, UT	2024	M01	January	26.83
SMU49416203000000008	Utah	Salt Lake City-Murray, UT	2023	M12	December	27.75
SMU49416203000000008	Utah	Salt Lake City-Murray, UT	2023	M11	November	27.71
SMU49416203000000008	Utah	Salt Lake City-Murray, UT	2023	M10	October	27.09
SMU49416203000000008	Utah	Salt Lake City-Murray, UT	2023	M09	September	27.18
SMU49416203000000008	Utah	Salt Lake City-Murray, UT	2023	M08	August	27.31
SMU49416203000000008	Utah	Salt Lake City-Murray, UT	2023	M07	July	26.88
SMU49416203000000008	Utah	Salt Lake City-Murray, UT	2023	M06	June	27.17
SMU49416203000000008	Utah	Salt Lake City-Murray, UT	2023	M05	May	27.43
SMU49416203000000008	Utah	Salt Lake City-Murray, UT	2023	M04	April	26.47
SMU49416203000000008	Utah	Salt Lake City-Murray, UT	2023	M03	March	26.38
SMU49416203000000008	Utah	Salt Lake City-Murray, UT	2023	M02	February	26.06
SMU49416203000000008	Utah	Salt Lake City-Murray, UT	2023	M01	January	27.50
SMU49416203000000008	Utah	Salt Lake City-Murray, UT	2022	M12	December	27.63
SMU49416203000000008	Utah	Salt Lake City-Murray, UT	2022	M11	November	27.25
SMU49416203000000008	Utah	Salt Lake City-Murray, UT	2022	M10	October	27.25
SMU49416203000000008	Utah	Salt Lake City-Murray, UT	2022	M09	September	26.37
SMU49416203000000008	Utah	Salt Lake City-Murray, UT	2022	M08	August	25.26
SMU49416203000000008	Utah	Salt Lake City-Murray, UT	2022	M07	July	25.40
SMU49416203000000008	Utah	Salt Lake City-Murray, UT	2022	M06	June	25.55
SMU49416203000000008	Utah	Salt Lake City-Murray, UT	2022	M05	May	25.94
SMU49416203000000008	Utah	Salt Lake City-Murray, UT	2022	M04	April	25.33
SMU49416203000000008	Utah	Salt Lake City-Murray, UT	2022	M03	March	24.06
SMU49416203000000008	Utah	Salt Lake City-Murray, UT	2022	M02	February	24.33
SMU49416203000000008	Utah	Salt Lake City-Murray, UT	2022	M01	January	25.17
SMU49416203000000008	Utah	Salt Lake City-Murray, UT	2021	M12	December	24.43
SMU49416203000000008	Utah	Salt Lake City-Murray, UT	2021	M11	November	23.54
SMU49416203000000008	Utah	Salt Lake City-Murray, UT	2021	M10	October	23.95
SMU49416203000000008	Utah	Salt Lake City-Murray, UT	2021	M09	September	24.36
SMU49416203000000008	Utah	Salt Lake City-Murray, UT	2021	M08	August	23.53
SMU49416203000000008	Utah	Salt Lake City-Murray, UT	2021	M07	July	23.05
SMU49416203000000008	Utah	Salt Lake City-Murray, UT	2021	M06	June	23.12
SMU49416203000000008	Utah	Salt Lake City-Murray, UT	2021	M05	May	23.89
SMU49416203000000008	Utah	Salt Lake City-Murray, UT	2021	M04	April	23.52
SMU49416203000000008	Utah	Salt Lake City-Murray, UT	2021	M03	March	23.39
SMU49416203000000008	Utah	Salt Lake City-Murray, UT	2021	M02	February	22.94
SMU49416203000000008	Utah	Salt Lake City-Murray, UT	2021	M01	January	23.49
SMU49416203000000008	Utah	Salt Lake City-Murray, UT	2020	M12	December	23.66
SMU49416203000000008	Utah	Salt Lake City-Murray, UT	2020	M11	November	23.04
SMU49416203000000008	Utah	Salt Lake City-Murray, UT	2020	M10	October	22.80
SMU49416203000000008	Utah	Salt Lake City-Murray, UT	2020	M09	September	23.10
SMU49416203000000008	Utah	Salt Lake City-Murray, UT	2020	M08	August	22.21
SMU49416203000000008	Utah	Salt Lake City-Murray, UT	2020	M07	July	21.26
SMU49416203000000008	Utah	Salt Lake City-Murray, UT	2020	M06	June	21.25
SMU49416203000000008	Utah	Salt Lake City-Murray, UT	2020	M05	May	21.20
SMU49416203000000008	Utah	Salt Lake City-Murray, UT	2020	M04	April	21.48
SMU49416203000000008	Utah	Salt Lake City-Murray, UT	2020	M03	March	20.85
SMU49416203000000008	Utah	Salt Lake City-Murray, UT	2020	M02	February	21.15
SMU49416203000000008	Utah	Salt Lake City-Murray, UT	2020	M01	January	21.98
SMU49416203000000008	Utah	Salt Lake City-Murray, UT	2019	M12	December	21.58
SMU49416203000000008	Utah	Salt Lake City-Murray, UT	2019	M11	November	21.74
SMU49416203000000008	Utah	Salt Lake City-Murray, UT	2019	M10	October	22.16
SMU49416203000000008	Utah	Salt Lake City-Murray, UT	2019	M09	September	21.73
SMU49416203000000008	Utah	Salt Lake City-Murray, UT	2019	M08	August	21.90
SMU49416203000000008	Utah	Salt Lake City-Murray, UT	2019	M07	July	21.88
SMU49416203000000008	Utah	Salt Lake City-Murray, UT	2019	M06	June	21.76
SMU49416203000000008	Utah	Salt Lake City-Murray, UT	2019	M05	May	20.83
SMU49416203000000008	Utah	Salt Lake City-Murray, UT	2019	M04	April	20.53
SMU49416203000000008	Utah	Salt Lake City-Murray, UT	2019	M03	March	20.73
SMU49416203000000008	Utah	Salt Lake City-Murray, UT	2019	M02	February	21.28
SMU49416203000000008	Utah	Salt Lake City-Murray, UT	2019	M01	January	20.66
SMU49416203000000008	Utah	Salt Lake City-Murray, UT	2018	M12	December	20.31
SMU49416203000000008	Utah	Salt Lake City-Murray, UT	2018	M11	November	20.54
SMU49416203000000008	Utah	Salt Lake City-Murray, UT	2018	M10	October	20.58
SMU49416203000000008	Utah	Salt Lake City-Murray, UT	2018	M09	September	20.49
SMU49416203000000008	Utah	Salt Lake City-Murray, UT	2018	M08	August	20.24
SMU49416203000000008	Utah	Salt Lake City-Murray, UT	2018	M07	July	20.28
SMU49416203000000008	Utah	Salt Lake City-Murray, UT	2018	M06	June	19.67
SMU49416203000000008	Utah	Salt Lake City-Murray, UT	2018	M05	May	20.15
SMU49416203000000008	Utah	Salt Lake City-Murray, UT	2018	M04	April	20.35
SMU49416203000000008	Utah	Salt Lake City-Murray, UT	2018	M03	March	20.10
SMU49416203000000008	Utah	Salt Lake City-Murray, UT	2018	M02	February	20.06
SMU49416203000000008	Utah	Salt Lake City-Murray, UT	2018	M01	January	20.19
SMU49416203000000008	Utah	Salt Lake City-Murray, UT	2017	M12	December	19.92
SMU49416203000000008	Utah	Salt Lake City-Murray, UT	2017	M11	November	20.12
SMU49416203000000008	Utah	Salt Lake City-Murray, UT	2017	M10	October	20.47
SMU49416203000000008	Utah	Salt Lake City-Murray, UT	2017	M09	September	20.17
SMU49416203000000008	Utah	Salt Lake City-Murray, UT	2017	M08	August	20.13
SMU49416203000000008	Utah	Salt Lake City-Murray, UT	2017	M07	July	20.29
SMU49416203000000008	Utah	Salt Lake City-Murray, UT	2017	M06	June	20.29
SMU49416203000000008	Utah	Salt Lake City-Murray, UT	2017	M05	May	20.16
SMU49416203000000008	Utah	Salt Lake City-Murray, UT	2017	M04	April	20.44
SMU49416203000000008	Utah	Salt Lake City-Murray, UT	2017	M03	March	20.69
SMU49416203000000008	Utah	Salt Lake City-Murray, UT	2017	M02	February	20.42
SMU49416203000000008	Utah	Salt Lake City-Murray, UT	2017	M01	January	20.79
SMU49416203000000008	Utah	Salt Lake City-Murray, UT	2016	M12	December	21.37
SMU49416203000000008	Utah	Salt Lake City-Murray, UT	2016	M11	November	21.19
SMU49416203000000008	Utah	Salt Lake City-Murray, UT	2016	M10	October	21.57
SMU49416203000000008	Utah	Salt Lake City-Murray, UT	2016	M09	September	21.28
SMU49416203000000008	Utah	Salt Lake City-Murray, UT	2016	M08	August	20.97
SMU49416203000000008	Utah	Salt Lake City-Murray, UT	2016	M07	July	21.27
SMU49416203000000008	Utah	Salt Lake City-Murray, UT	2016	M06	June	20.92
SMU49416203000000008	Utah	Salt Lake City-Murray, UT	2016	M05	May	21.40
SMU49416203000000008	Utah	Salt Lake City-Murray, UT	2016	M04	April	21.05
SMU49416203000000008	Utah	Salt Lake City-Murray, UT	2016	M03	March	21.27
SMU49416203000000008	Utah	Salt Lake City-Murray, UT	2016	M02	February	20.65
SMU49416203000000008	Utah	Salt Lake City-Murray, UT	2016	M01	January	20.28
SMU49416203000000008	Utah	Salt Lake City-Murray, UT	2015	M12	December	20.11
SMU49416203000000008	Utah	Salt Lake City-Murray, UT	2015	M11	November	19.46
SMU49416203000000008	Utah	Salt Lake City-Murray, UT	2015	M10	October	19.25
SMU49416203000000008	Utah	Salt Lake City-Murray, UT	2015	M09	September	18.95
SMU49416203000000008	Utah	Salt Lake City-Murray, UT	2015	M08	August	19.23
SMU49416203000000008	Utah	Salt Lake City-Murray, UT	2015	M07	July	19.46
SMU49416203000000008	Utah	Salt Lake City-Murray, UT	2015	M06	June	18.98
SMU49416203000000008	Utah	Salt Lake City-Murray, UT	2015	M05	May	19.02
SMU49416203000000008	Utah	Salt Lake City-Murray, UT	2015	M04	April	19.59
SMU49416203000000008	Utah	Salt Lake City-Murray, UT	2015	M03	March	19.25
SMU49416203000000008	Utah	Salt Lake City-Murray, UT	2015	M02	February	18.76
SMU49416203000000008	Utah	Salt Lake City-Murray, UT	2015	M01	January	18.35
SMU49416203000000008	Utah	Salt Lake City-Murray, UT	2014	M12	December	18.81
SMU49416203000000008	Utah	Salt Lake City-Murray, UT	2014	M11	November	18.85
SMU49416203000000008	Utah	Salt Lake City-Murray, UT	2014	M10	October	19.23
SMU49416203000000008	Utah	Salt Lake City-Murray, UT	2014	M09	September	18.97
SMU49416203000000008	Utah	Salt Lake City-Murray, UT	2014	M08	August	18.82
SMU49416203000000008	Utah	Salt Lake City-Murray, UT	2014	M07	July	18.66
SMU49416203000000008	Utah	Salt Lake City-Murray, UT	2014	M06	June	19.03
SMU49416203000000008	Utah	Salt Lake City-Murray, UT	2014	M05	May	19.42
SMU49416203000000008	Utah	Salt Lake City-Murray, UT	2014	M04	April	19.37
SMU49416203000000008	Utah	Salt Lake City-Murray, UT	2014	M03	March	18.90
SMU49416203000000008	Utah	Salt Lake City-Murray, UT	2014	M02	February	18.93
SMU49416203000000008	Utah	Salt Lake City-Murray, UT	2014	M01	January	19.03
SMU49416203000000008	Utah	Salt Lake City-Murray, UT	2013	M12	December	19.76
SMU49416203000000008	Utah	Salt Lake City-Murray, UT	2013	M11	November	18.54
SMU49416203000000008	Utah	Salt Lake City-Murray, UT	2013	M10	October	18.95
SMU49416203000000008	Utah	Salt Lake City-Murray, UT	2013	M09	September	18.78
SMU49416203000000008	Utah	Salt Lake City-Murray, UT	2013	M08	August	18.52
SMU49416203000000008	Utah	Salt Lake City-Murray, UT	2013	M07	July	18.58
SMU49416203000000008	Utah	Salt Lake City-Murray, UT	2013	M06	June	18.54
SMU49416203000000008	Utah	Salt Lake City-Murray, UT	2013	M05	May	18.77
SMU49416203000000008	Utah	Salt Lake City-Murray, UT	2013	M04	April	19.05
SMU49416203000000008	Utah	Salt Lake City-Murray, UT	2013	M03	March	18.52
SMU49416203000000008	Utah	Salt Lake City-Murray, UT	2013	M02	February	18.48
SMU49416203000000008	Utah	Salt Lake City-Murray, UT	2013	M01	January	19.22
SMU49416203000000008	Utah	Salt Lake City-Murray, UT	2012	M12	December	19.37
SMU49416203000000008	Utah	Salt Lake City-Murray, UT	2012	M11	November	19.07
SMU49416203000000008	Utah	Salt Lake City-Murray, UT	2012	M10	October	18.98
SMU49416203000000008	Utah	Salt Lake City-Murray, UT	2012	M09	September	19.46
SMU49416203000000008	Utah	Salt Lake City-Murray, UT	2012	M08	August	18.25
SMU49416203000000008	Utah	Salt Lake City-Murray, UT	2012	M07	July	19.09
SMU49416203000000008	Utah	Salt Lake City-Murray, UT	2012	M06	June	18.14
SMU49416203000000008	Utah	Salt Lake City-Murray, UT	2012	M05	May	17.97
SMU49416203000000008	Utah	Salt Lake City-Murray, UT	2012	M04	April	17.28
SMU49416203000000008	Utah	Salt Lake City-Murray, UT	2012	M03	March	17.52
SMU49416203000000008	Utah	Salt Lake City-Murray, UT	2012	M02	February	17.64
SMU49416203000000008	Utah	Salt Lake City-Murray, UT	2012	M01	January	17.49
SMU49416203000000008	Utah	Salt Lake City-Murray, UT	2011	M12	December	17.15
SMU49416203000000008	Utah	Salt Lake City-Murray, UT	2011	M11	November	16.42
SMU49416203000000008	Utah	Salt Lake City-Murray, UT	2011	M10	October	16.96
SMU49416203000000008	Utah	Salt Lake City-Murray, UT	2011	M09	September	17.21
SMU49416203000000008	Utah	Salt Lake City-Murray, UT	2011	M08	August	16.31
SMU49416203000000008	Utah	Salt Lake City-Murray, UT	2011	M07	July	16.56
SMU49416203000000008	Utah	Salt Lake City-Murray, UT	2011	M06	June	16.10
SMU49416203000000008	Utah	Salt Lake City-Murray, UT	2011	M05	May	16.09
SMU49416203000000008	Utah	Salt Lake City-Murray, UT	2011	M04	April	16.31
SMU49416203000000008	Utah	Salt Lake City-Murray, UT	2011	M03	March	16.08
SMU49416203000000008	Utah	Salt Lake City-Murray, UT	2011	M02	February	16.27
SMU49416203000000008	Utah	Salt Lake City-Murray, UT	2011	M01	January	16.00
SMU49416203000000008	Utah	Salt Lake City-Murray, UT	2010	M12	December	16.43
SMU49416203000000008	Utah	Salt Lake City-Murray, UT	2010	M11	November	17.51
SMU49416203000000008	Utah	Salt Lake City-Murray, UT	2010	M10	October	17.49
SMU49416203000000008	Utah	Salt Lake City-Murray, UT	2010	M09	September	17.45
SMU49416203000000008	Utah	Salt Lake City-Murray, UT	2010	M08	August	18.25
SMU49416203000000008	Utah	Salt Lake City-Murray, UT	2010	M07	July	18.52
SMU49416203000000008	Utah	Salt Lake City-Murray, UT	2010	M06	June	18.18
SMU49416203000000008	Utah	Salt Lake City-Murray, UT	2010	M05	May	17.93
SMU49416203000000008	Utah	Salt Lake City-Murray, UT	2010	M04	April	18.29
SMU49416203000000008	Utah	Salt Lake City-Murray, UT	2010	M03	March	18.74
SMU49416203000000008	Utah	Salt Lake City-Murray, UT	2010	M02	February	18.99
SMU49416203000000008	Utah	Salt Lake City-Murray, UT	2010	M01	January	19.05
SMU49416203000000008	Utah	Salt Lake City-Murray, UT	2009	M12	December	19.62
SMU49416203000000008	Utah	Salt Lake City-Murray, UT	2009	M11	November	18.75
SMU49416203000000008	Utah	Salt Lake City-Murray, UT	2009	M10	October	18.98
SMU49416203000000008	Utah	Salt Lake City-Murray, UT	2009	M09	September	18.77
SMU49416203000000008	Utah	Salt Lake City-Murray, UT	2009	M08	August	18.83
SMU49416203000000008	Utah	Salt Lake City-Murray, UT	2009	M07	July	17.61
SMU49416203000000008	Utah	Salt Lake City-Murray, UT	2009	M06	June	17.80
SMU49416203000000008	Utah	Salt Lake City-Murray, UT	2009	M05	May	17.62
SMU49416203000000008	Utah	Salt Lake City-Murray, UT	2009	M04	April	17.52
SMU49416203000000008	Utah	Salt Lake City-Murray, UT	2009	M03	March	18.06
SMU49416203000000008	Utah	Salt Lake City-Murray, UT	2009	M02	February	18.50
SMU49416203000000008	Utah	Salt Lake City-Murray, UT	2009	M01	January	18.09
SMU49416203000000008	Utah	Salt Lake City-Murray, UT	2008	M12	December	19.12
SMU49416203000000008	Utah	Salt Lake City-Murray, UT	2008	M11	November	19.70
SMU49416203000000008	Utah	Salt Lake City-Murray, UT	2008	M10	October	19.54
SMU49416203000000008	Utah	Salt Lake City-Murray, UT	2008	M09	September	19.00
SMU49416203000000008	Utah	Salt Lake City-Murray, UT	2008	M08	August	19.06
SMU49416203000000008	Utah	Salt Lake City-Murray, UT	2008	M07	July	18.81
SMU49416203000000008	Utah	Salt Lake City-Murray, UT	2008	M06	June	18.20
SMU49416203000000008	Utah	Salt Lake City-Murray, UT	2008	M05	May	18.31
SMU49416203000000008	Utah	Salt Lake City-Murray, UT	2008	M04	April	17.39
SMU49416203000000008	Utah	Salt Lake City-Murray, UT	2008	M03	March	17.94
SMU49416203000000008	Utah	Salt Lake City-Murray, UT	2008	M02	February	18.38
SMU49416203000000008	Utah	Salt Lake City-Murray, UT	2008	M01	January	17.96
SMU49416203000000008	Utah	Salt Lake City-Murray, UT	2007	M12	December	18.52
SMU49416203000000008	Utah	Salt Lake City-Murray, UT	2007	M11	November	18.81
SMU49416203000000008	Utah	Salt Lake City-Murray, UT	2007	M10	October	18.58
SMU49416203000000008	Utah	Salt Lake City-Murray, UT	2007	M09	September	18.35
SMU49416203000000008	Utah	Salt Lake City-Murray, UT	2007	M08	August	18.24
SMU49416203000000008	Utah	Salt Lake City-Murray, UT	2007	M07	July	18.28
SMU49416203000000008	Utah	Salt Lake City-Murray, UT	2007	M06	June	17.72
SMU49416203000000008	Utah	Salt Lake City-Murray, UT	2007	M05	May	17.73
SMU49416203000000008	Utah	Salt Lake City-Murray, UT	2007	M04	April	17.16
SMU49416203000000008	Utah	Salt Lake City-Murray, UT	2007	M03	March	17.44
SMU49416203000000008	Utah	Salt Lake City-Murray, UT	2007	M02	February	17.61
SMU49416203000000008	Utah	Salt Lake City-Murray, UT	2007	M01	January	17.34
SMU48417003000000008	Texas	San Antonio-New Braunfels, TX	2025	M12	December	33.20
SMU48417003000000008	Texas	San Antonio-New Braunfels, TX	2025	M11	November	32.91
SMU48417003000000008	Texas	San Antonio-New Braunfels, TX	2025	M10	October	33.03
SMU48417003000000008	Texas	San Antonio-New Braunfels, TX	2025	M09	September	32.82
SMU48417003000000008	Texas	San Antonio-New Braunfels, TX	2025	M08	August	35.13
SMU48417003000000008	Texas	San Antonio-New Braunfels, TX	2025	M07	July	35.31
SMU48417003000000008	Texas	San Antonio-New Braunfels, TX	2025	M06	June	36.06
SMU48417003000000008	Texas	San Antonio-New Braunfels, TX	2025	M05	May	35.94
SMU48417003000000008	Texas	San Antonio-New Braunfels, TX	2025	M04	April	35.85
SMU48417003000000008	Texas	San Antonio-New Braunfels, TX	2025	M03	March	35.97
SMU48417003000000008	Texas	San Antonio-New Braunfels, TX	2025	M02	February	35.66
SMU48417003000000008	Texas	San Antonio-New Braunfels, TX	2025	M01	January	35.40
SMU48417003000000008	Texas	San Antonio-New Braunfels, TX	2024	M12	December	32.95
SMU48417003000000008	Texas	San Antonio-New Braunfels, TX	2024	M11	November	32.10
SMU48417003000000008	Texas	San Antonio-New Braunfels, TX	2024	M10	October	32.70
SMU48417003000000008	Texas	San Antonio-New Braunfels, TX	2024	M09	September	33.84
SMU48417003000000008	Texas	San Antonio-New Braunfels, TX	2024	M08	August	33.12
SMU48417003000000008	Texas	San Antonio-New Braunfels, TX	2024	M07	July	33.67
SMU48417003000000008	Texas	San Antonio-New Braunfels, TX	2024	M06	June	31.47
SMU48417003000000008	Texas	San Antonio-New Braunfels, TX	2024	M05	May	30.98
SMU48417003000000008	Texas	San Antonio-New Braunfels, TX	2024	M04	April	30.01
SMU48417003000000008	Texas	San Antonio-New Braunfels, TX	2024	M03	March	29.94
SMU48417003000000008	Texas	San Antonio-New Braunfels, TX	2024	M02	February	28.98
SMU48417003000000008	Texas	San Antonio-New Braunfels, TX	2024	M01	January	30.89
SMU48417003000000008	Texas	San Antonio-New Braunfels, TX	2023	M12	December	29.58
SMU48417003000000008	Texas	San Antonio-New Braunfels, TX	2023	M11	November	29.82
SMU48417003000000008	Texas	San Antonio-New Braunfels, TX	2023	M10	October	29.82
SMU48417003000000008	Texas	San Antonio-New Braunfels, TX	2023	M09	September	29.87
SMU48417003000000008	Texas	San Antonio-New Braunfels, TX	2023	M08	August	30.92
SMU48417003000000008	Texas	San Antonio-New Braunfels, TX	2023	M07	July	30.09
SMU48417003000000008	Texas	San Antonio-New Braunfels, TX	2023	M06	June	28.73
SMU48417003000000008	Texas	San Antonio-New Braunfels, TX	2023	M05	May	27.48
SMU48417003000000008	Texas	San Antonio-New Braunfels, TX	2023	M04	April	27.87
SMU48417003000000008	Texas	San Antonio-New Braunfels, TX	2023	M03	March	27.14
SMU48417003000000008	Texas	San Antonio-New Braunfels, TX	2023	M02	February	26.53
SMU48417003000000008	Texas	San Antonio-New Braunfels, TX	2023	M01	January	25.53
SMU48417003000000008	Texas	San Antonio-New Braunfels, TX	2022	M12	December	24.49
SMU48417003000000008	Texas	San Antonio-New Braunfels, TX	2022	M11	November	22.63
SMU48417003000000008	Texas	San Antonio-New Braunfels, TX	2022	M10	October	23.43
SMU48417003000000008	Texas	San Antonio-New Braunfels, TX	2022	M09	September	23.40
SMU48417003000000008	Texas	San Antonio-New Braunfels, TX	2022	M08	August	22.58
SMU48417003000000008	Texas	San Antonio-New Braunfels, TX	2022	M07	July	23.88
SMU48417003000000008	Texas	San Antonio-New Braunfels, TX	2022	M06	June	23.77
SMU48417003000000008	Texas	San Antonio-New Braunfels, TX	2022	M05	May	23.06
SMU48417003000000008	Texas	San Antonio-New Braunfels, TX	2022	M04	April	23.24
SMU48417003000000008	Texas	San Antonio-New Braunfels, TX	2022	M03	March	20.61
SMU48417003000000008	Texas	San Antonio-New Braunfels, TX	2022	M02	February	19.92
SMU48417003000000008	Texas	San Antonio-New Braunfels, TX	2022	M01	January	21.19
SMU48417003000000008	Texas	San Antonio-New Braunfels, TX	2021	M12	December	19.99
SMU48417003000000008	Texas	San Antonio-New Braunfels, TX	2021	M11	November	19.26
SMU48417003000000008	Texas	San Antonio-New Braunfels, TX	2021	M10	October	18.41
SMU48417003000000008	Texas	San Antonio-New Braunfels, TX	2021	M09	September	16.59
SMU48417003000000008	Texas	San Antonio-New Braunfels, TX	2021	M08	August	16.51
SMU48417003000000008	Texas	San Antonio-New Braunfels, TX	2021	M07	July	17.63
SMU48417003000000008	Texas	San Antonio-New Braunfels, TX	2021	M06	June	17.89
SMU48417003000000008	Texas	San Antonio-New Braunfels, TX	2021	M05	May	17.47
SMU48417003000000008	Texas	San Antonio-New Braunfels, TX	2021	M04	April	17.52
SMU48417003000000008	Texas	San Antonio-New Braunfels, TX	2021	M03	March	18.04
SMU48417003000000008	Texas	San Antonio-New Braunfels, TX	2021	M02	February	17.34
SMU48417003000000008	Texas	San Antonio-New Braunfels, TX	2021	M01	January	17.61
SMU48417003000000008	Texas	San Antonio-New Braunfels, TX	2020	M12	December	17.93
SMU48417003000000008	Texas	San Antonio-New Braunfels, TX	2020	M11	November	18.26
SMU48417003000000008	Texas	San Antonio-New Braunfels, TX	2020	M10	October	17.96
SMU48417003000000008	Texas	San Antonio-New Braunfels, TX	2020	M09	September	17.91
SMU48417003000000008	Texas	San Antonio-New Braunfels, TX	2020	M08	August	17.73
SMU48417003000000008	Texas	San Antonio-New Braunfels, TX	2020	M07	July	17.68
SMU48417003000000008	Texas	San Antonio-New Braunfels, TX	2020	M06	June	17.35
SMU48417003000000008	Texas	San Antonio-New Braunfels, TX	2020	M05	May	17.13
SMU48417003000000008	Texas	San Antonio-New Braunfels, TX	2020	M04	April	17.07
SMU48417003000000008	Texas	San Antonio-New Braunfels, TX	2020	M03	March	16.84
SMU48417003000000008	Texas	San Antonio-New Braunfels, TX	2020	M02	February	16.86
SMU48417003000000008	Texas	San Antonio-New Braunfels, TX	2020	M01	January	16.66
SMU48417003000000008	Texas	San Antonio-New Braunfels, TX	2019	M12	December	17.52
SMU48417003000000008	Texas	San Antonio-New Braunfels, TX	2019	M11	November	17.06
SMU48417003000000008	Texas	San Antonio-New Braunfels, TX	2019	M10	October	16.82
SMU48417003000000008	Texas	San Antonio-New Braunfels, TX	2019	M09	September	17.32
SMU48417003000000008	Texas	San Antonio-New Braunfels, TX	2019	M08	August	17.37
SMU48417003000000008	Texas	San Antonio-New Braunfels, TX	2019	M07	July	17.60
SMU48417003000000008	Texas	San Antonio-New Braunfels, TX	2019	M06	June	18.13
SMU48417003000000008	Texas	San Antonio-New Braunfels, TX	2019	M05	May	17.52
SMU48417003000000008	Texas	San Antonio-New Braunfels, TX	2019	M04	April	17.81
SMU48417003000000008	Texas	San Antonio-New Braunfels, TX	2019	M03	March	17.88
SMU48417003000000008	Texas	San Antonio-New Braunfels, TX	2019	M02	February	20.13
SMU48417003000000008	Texas	San Antonio-New Braunfels, TX	2019	M01	January	19.45
SMU48417003000000008	Texas	San Antonio-New Braunfels, TX	2018	M12	December	20.23
SMU48417003000000008	Texas	San Antonio-New Braunfels, TX	2018	M11	November	19.91
SMU48417003000000008	Texas	San Antonio-New Braunfels, TX	2018	M10	October	19.29
SMU48417003000000008	Texas	San Antonio-New Braunfels, TX	2018	M09	September	19.81
SMU48417003000000008	Texas	San Antonio-New Braunfels, TX	2018	M08	August	20.22
SMU48417003000000008	Texas	San Antonio-New Braunfels, TX	2018	M07	July	19.35
SMU48417003000000008	Texas	San Antonio-New Braunfels, TX	2018	M06	June	19.57
SMU48417003000000008	Texas	San Antonio-New Braunfels, TX	2018	M05	May	19.06
SMU48417003000000008	Texas	San Antonio-New Braunfels, TX	2018	M04	April	18.77
SMU48417003000000008	Texas	San Antonio-New Braunfels, TX	2018	M03	March	19.06
SMU48417003000000008	Texas	San Antonio-New Braunfels, TX	2018	M02	February	19.41
SMU48417003000000008	Texas	San Antonio-New Braunfels, TX	2018	M01	January	19.62
SMU48417003000000008	Texas	San Antonio-New Braunfels, TX	2017	M12	December	18.85
SMU48417003000000008	Texas	San Antonio-New Braunfels, TX	2017	M11	November	18.82
SMU48417003000000008	Texas	San Antonio-New Braunfels, TX	2017	M10	October	18.73
SMU48417003000000008	Texas	San Antonio-New Braunfels, TX	2017	M09	September	18.88
SMU48417003000000008	Texas	San Antonio-New Braunfels, TX	2017	M08	August	18.35
SMU48417003000000008	Texas	San Antonio-New Braunfels, TX	2017	M07	July	18.33
SMU48417003000000008	Texas	San Antonio-New Braunfels, TX	2017	M06	June	18.62
SMU48417003000000008	Texas	San Antonio-New Braunfels, TX	2017	M05	May	19.00
SMU48417003000000008	Texas	San Antonio-New Braunfels, TX	2017	M04	April	18.68
SMU48417003000000008	Texas	San Antonio-New Braunfels, TX	2017	M03	March	18.18
SMU48417003000000008	Texas	San Antonio-New Braunfels, TX	2017	M02	February	17.66
SMU48417003000000008	Texas	San Antonio-New Braunfels, TX	2017	M01	January	16.83
SMU48417003000000008	Texas	San Antonio-New Braunfels, TX	2016	M12	December	16.24
SMU48417003000000008	Texas	San Antonio-New Braunfels, TX	2016	M11	November	16.49
SMU48417003000000008	Texas	San Antonio-New Braunfels, TX	2016	M10	October	17.09
SMU48417003000000008	Texas	San Antonio-New Braunfels, TX	2016	M09	September	16.43
SMU48417003000000008	Texas	San Antonio-New Braunfels, TX	2016	M08	August	16.51
SMU48417003000000008	Texas	San Antonio-New Braunfels, TX	2016	M07	July	15.68
SMU48417003000000008	Texas	San Antonio-New Braunfels, TX	2016	M06	June	15.79
SMU48417003000000008	Texas	San Antonio-New Braunfels, TX	2016	M05	May	16.05
SMU48417003000000008	Texas	San Antonio-New Braunfels, TX	2016	M04	April	15.88
SMU48417003000000008	Texas	San Antonio-New Braunfels, TX	2016	M03	March	15.34
SMU48417003000000008	Texas	San Antonio-New Braunfels, TX	2016	M02	February	15.04
SMU48417003000000008	Texas	San Antonio-New Braunfels, TX	2016	M01	January	14.64
SMU48417003000000008	Texas	San Antonio-New Braunfels, TX	2015	M12	December	14.08
SMU48417003000000008	Texas	San Antonio-New Braunfels, TX	2015	M11	November	14.14
SMU48417003000000008	Texas	San Antonio-New Braunfels, TX	2015	M10	October	14.02
SMU48417003000000008	Texas	San Antonio-New Braunfels, TX	2015	M09	September	13.87
SMU48417003000000008	Texas	San Antonio-New Braunfels, TX	2015	M08	August	13.83
SMU48417003000000008	Texas	San Antonio-New Braunfels, TX	2015	M07	July	14.32
SMU48417003000000008	Texas	San Antonio-New Braunfels, TX	2015	M06	June	14.23
SMU48417003000000008	Texas	San Antonio-New Braunfels, TX	2015	M05	May	14.65
SMU48417003000000008	Texas	San Antonio-New Braunfels, TX	2015	M04	April	14.67
SMU48417003000000008	Texas	San Antonio-New Braunfels, TX	2015	M03	March	14.62
SMU48417003000000008	Texas	San Antonio-New Braunfels, TX	2015	M02	February	14.51
SMU48417003000000008	Texas	San Antonio-New Braunfels, TX	2015	M01	January	14.65
SMU48417003000000008	Texas	San Antonio-New Braunfels, TX	2014	M12	December	15.16
SMU48417003000000008	Texas	San Antonio-New Braunfels, TX	2014	M11	November	14.91
SMU48417003000000008	Texas	San Antonio-New Braunfels, TX	2014	M10	October	15.29
SMU48417003000000008	Texas	San Antonio-New Braunfels, TX	2014	M09	September	15.84
SMU48417003000000008	Texas	San Antonio-New Braunfels, TX	2014	M08	August	16.04
SMU48417003000000008	Texas	San Antonio-New Braunfels, TX	2014	M07	July	16.26
SMU48417003000000008	Texas	San Antonio-New Braunfels, TX	2014	M06	June	16.29
SMU48417003000000008	Texas	San Antonio-New Braunfels, TX	2014	M05	May	15.67
SMU48417003000000008	Texas	San Antonio-New Braunfels, TX	2014	M04	April	15.87
SMU48417003000000008	Texas	San Antonio-New Braunfels, TX	2014	M03	March	16.03
SMU48417003000000008	Texas	San Antonio-New Braunfels, TX	2014	M02	February	15.73
SMU48417003000000008	Texas	San Antonio-New Braunfels, TX	2014	M01	January	16.59
SMU48417003000000008	Texas	San Antonio-New Braunfels, TX	2013	M12	December	16.41
SMU48417003000000008	Texas	San Antonio-New Braunfels, TX	2013	M11	November	15.93
SMU48417003000000008	Texas	San Antonio-New Braunfels, TX	2013	M10	October	16.23
SMU48417003000000008	Texas	San Antonio-New Braunfels, TX	2013	M09	September	16.05
SMU48417003000000008	Texas	San Antonio-New Braunfels, TX	2013	M08	August	16.28
SMU48417003000000008	Texas	San Antonio-New Braunfels, TX	2013	M07	July	16.67
SMU48417003000000008	Texas	San Antonio-New Braunfels, TX	2013	M06	June	16.72
SMU48417003000000008	Texas	San Antonio-New Braunfels, TX	2013	M05	May	16.20
SMU48417003000000008	Texas	San Antonio-New Braunfels, TX	2013	M04	April	16.63
SMU48417003000000008	Texas	San Antonio-New Braunfels, TX	2013	M03	March	17.36
SMU48417003000000008	Texas	San Antonio-New Braunfels, TX	2013	M02	February	17.63
SMU48417003000000008	Texas	San Antonio-New Braunfels, TX	2013	M01	January	17.77
SMU48417003000000008	Texas	San Antonio-New Braunfels, TX	2012	M12	December	18.14
SMU48417003000000008	Texas	San Antonio-New Braunfels, TX	2012	M11	November	16.95
SMU48417003000000008	Texas	San Antonio-New Braunfels, TX	2012	M10	October	17.26
SMU48417003000000008	Texas	San Antonio-New Braunfels, TX	2012	M09	September	17.21
SMU48417003000000008	Texas	San Antonio-New Braunfels, TX	2012	M08	August	18.13
SMU48417003000000008	Texas	San Antonio-New Braunfels, TX	2012	M07	July	16.37
SMU48417003000000008	Texas	San Antonio-New Braunfels, TX	2012	M06	June	15.14
SMU48417003000000008	Texas	San Antonio-New Braunfels, TX	2012	M05	May	15.28
SMU48417003000000008	Texas	San Antonio-New Braunfels, TX	2012	M04	April	15.56
SMU48417003000000008	Texas	San Antonio-New Braunfels, TX	2012	M03	March	15.13
SMU48417003000000008	Texas	San Antonio-New Braunfels, TX	2012	M02	February	14.94
SMU48417003000000008	Texas	San Antonio-New Braunfels, TX	2012	M01	January	15.35
SMU48417003000000008	Texas	San Antonio-New Braunfels, TX	2011	M12	December	14.41
SMU48417003000000008	Texas	San Antonio-New Braunfels, TX	2011	M11	November	14.79
SMU48417003000000008	Texas	San Antonio-New Braunfels, TX	2011	M10	October	14.73
SMU48417003000000008	Texas	San Antonio-New Braunfels, TX	2011	M09	September	14.63
SMU48417003000000008	Texas	San Antonio-New Braunfels, TX	2011	M08	August	14.76
SMU48417003000000008	Texas	San Antonio-New Braunfels, TX	2011	M07	July	14.00
SMU48417003000000008	Texas	San Antonio-New Braunfels, TX	2011	M06	June	12.76
SMU48417003000000008	Texas	San Antonio-New Braunfels, TX	2011	M05	May	12.45
SMU48417003000000008	Texas	San Antonio-New Braunfels, TX	2011	M04	April	12.23
SMU48417003000000008	Texas	San Antonio-New Braunfels, TX	2011	M03	March	12.32
SMU48417003000000008	Texas	San Antonio-New Braunfels, TX	2011	M02	February	12.87
SMU48417003000000008	Texas	San Antonio-New Braunfels, TX	2011	M01	January	12.82
SMU48417003000000008	Texas	San Antonio-New Braunfels, TX	2010	M12	December	12.76
SMU48417003000000008	Texas	San Antonio-New Braunfels, TX	2010	M11	November	12.80
SMU48417003000000008	Texas	San Antonio-New Braunfels, TX	2010	M10	October	12.84
SMU48417003000000008	Texas	San Antonio-New Braunfels, TX	2010	M09	September	12.88
SMU48417003000000008	Texas	San Antonio-New Braunfels, TX	2010	M08	August	12.82
SMU48417003000000008	Texas	San Antonio-New Braunfels, TX	2010	M07	July	12.78
SMU48417003000000008	Texas	San Antonio-New Braunfels, TX	2010	M06	June	12.85
SMU48417003000000008	Texas	San Antonio-New Braunfels, TX	2010	M05	May	12.81
SMU48417003000000008	Texas	San Antonio-New Braunfels, TX	2010	M04	April	12.79
SMU48417003000000008	Texas	San Antonio-New Braunfels, TX	2010	M03	March	12.89
SMU48417003000000008	Texas	San Antonio-New Braunfels, TX	2010	M02	February	12.93
SMU48417003000000008	Texas	San Antonio-New Braunfels, TX	2010	M01	January	13.08
SMU48417003000000008	Texas	San Antonio-New Braunfels, TX	2009	M12	December	13.02
SMU48417003000000008	Texas	San Antonio-New Braunfels, TX	2009	M11	November	12.97
SMU48417003000000008	Texas	San Antonio-New Braunfels, TX	2009	M10	October	13.01
SMU48417003000000008	Texas	San Antonio-New Braunfels, TX	2009	M09	September	13.34
SMU48417003000000008	Texas	San Antonio-New Braunfels, TX	2009	M08	August	13.28
SMU48417003000000008	Texas	San Antonio-New Braunfels, TX	2009	M07	July	13.19
SMU48417003000000008	Texas	San Antonio-New Braunfels, TX	2009	M06	June	13.26
SMU48417003000000008	Texas	San Antonio-New Braunfels, TX	2009	M05	May	13.19
SMU48417003000000008	Texas	San Antonio-New Braunfels, TX	2009	M04	April	13.03
SMU48417003000000008	Texas	San Antonio-New Braunfels, TX	2009	M03	March	13.15
SMU48417003000000008	Texas	San Antonio-New Braunfels, TX	2009	M02	February	13.21
SMU48417003000000008	Texas	San Antonio-New Braunfels, TX	2009	M01	January	13.27
SMU48417003000000008	Texas	San Antonio-New Braunfels, TX	2008	M12	December	13.27
SMU48417003000000008	Texas	San Antonio-New Braunfels, TX	2008	M11	November	13.31
SMU48417003000000008	Texas	San Antonio-New Braunfels, TX	2008	M10	October	13.26
SMU48417003000000008	Texas	San Antonio-New Braunfels, TX	2008	M09	September	13.37
SMU48417003000000008	Texas	San Antonio-New Braunfels, TX	2008	M08	August	13.30
SMU48417003000000008	Texas	San Antonio-New Braunfels, TX	2008	M07	July	13.22
SMU48417003000000008	Texas	San Antonio-New Braunfels, TX	2008	M06	June	13.25
SMU48417003000000008	Texas	San Antonio-New Braunfels, TX	2008	M05	May	13.21
SMU48417003000000008	Texas	San Antonio-New Braunfels, TX	2008	M04	April	13.10
SMU48417003000000008	Texas	San Antonio-New Braunfels, TX	2008	M03	March	13.08
SMU48417003000000008	Texas	San Antonio-New Braunfels, TX	2008	M02	February	12.88
SMU48417003000000008	Texas	San Antonio-New Braunfels, TX	2008	M01	January	12.63
SMU48417003000000008	Texas	San Antonio-New Braunfels, TX	2007	M12	December	12.31
SMU48417003000000008	Texas	San Antonio-New Braunfels, TX	2007	M11	November	12.24
SMU48417003000000008	Texas	San Antonio-New Braunfels, TX	2007	M10	October	12.30
SMU48417003000000008	Texas	San Antonio-New Braunfels, TX	2007	M09	September	12.19
SMU48417003000000008	Texas	San Antonio-New Braunfels, TX	2007	M08	August	12.14
SMU48417003000000008	Texas	San Antonio-New Braunfels, TX	2007	M07	July	12.14
SMU48417003000000008	Texas	San Antonio-New Braunfels, TX	2007	M06	June	12.02
SMU48417003000000008	Texas	San Antonio-New Braunfels, TX	2007	M05	May	12.11
SMU48417003000000008	Texas	San Antonio-New Braunfels, TX	2007	M04	April	12.05
SMU48417003000000008	Texas	San Antonio-New Braunfels, TX	2007	M03	March	12.01
SMU48417003000000008	Texas	San Antonio-New Braunfels, TX	2007	M02	February	11.88
SMU48417003000000008	Texas	San Antonio-New Braunfels, TX	2007	M01	January	11.84
SMU17169843000000008	Illinois	Chicago-Naperville-Schaumburg, IL Metropolitan Division	2025	M12	December	27.94
SMU17169843000000008	Illinois	Chicago-Naperville-Schaumburg, IL Metropolitan Division	2025	M11	November	28.20
SMU17169843000000008	Illinois	Chicago-Naperville-Schaumburg, IL Metropolitan Division	2025	M10	October	28.31
SMU17169843000000008	Illinois	Chicago-Naperville-Schaumburg, IL Metropolitan Division	2025	M09	September	28.35
SMU17169843000000008	Illinois	Chicago-Naperville-Schaumburg, IL Metropolitan Division	2025	M08	August	28.30
SMU17169843000000008	Illinois	Chicago-Naperville-Schaumburg, IL Metropolitan Division	2025	M07	July	28.43
SMU17169843000000008	Illinois	Chicago-Naperville-Schaumburg, IL Metropolitan Division	2025	M06	June	28.27
SMU17169843000000008	Illinois	Chicago-Naperville-Schaumburg, IL Metropolitan Division	2025	M05	May	27.67
SMU17169843000000008	Illinois	Chicago-Naperville-Schaumburg, IL Metropolitan Division	2025	M04	April	28.01
SMU17169843000000008	Illinois	Chicago-Naperville-Schaumburg, IL Metropolitan Division	2025	M03	March	27.64
SMU17169843000000008	Illinois	Chicago-Naperville-Schaumburg, IL Metropolitan Division	2025	M02	February	27.57
SMU17169843000000008	Illinois	Chicago-Naperville-Schaumburg, IL Metropolitan Division	2025	M01	January	27.61
SMU17169843000000008	Illinois	Chicago-Naperville-Schaumburg, IL Metropolitan Division	2024	M12	December	28.08
SMU17169843000000008	Illinois	Chicago-Naperville-Schaumburg, IL Metropolitan Division	2024	M11	November	27.97
SMU17169843000000008	Illinois	Chicago-Naperville-Schaumburg, IL Metropolitan Division	2024	M10	October	28.00
SMU17169843000000008	Illinois	Chicago-Naperville-Schaumburg, IL Metropolitan Division	2024	M09	September	27.39
SMU17169843000000008	Illinois	Chicago-Naperville-Schaumburg, IL Metropolitan Division	2024	M08	August	27.09
SMU17169843000000008	Illinois	Chicago-Naperville-Schaumburg, IL Metropolitan Division	2024	M07	July	26.78
SMU17169843000000008	Illinois	Chicago-Naperville-Schaumburg, IL Metropolitan Division	2024	M06	June	26.41
SMU17169843000000008	Illinois	Chicago-Naperville-Schaumburg, IL Metropolitan Division	2024	M05	May	26.31
SMU17169843000000008	Illinois	Chicago-Naperville-Schaumburg, IL Metropolitan Division	2024	M04	April	26.55
SMU17169843000000008	Illinois	Chicago-Naperville-Schaumburg, IL Metropolitan Division	2024	M03	March	26.52
SMU17169843000000008	Illinois	Chicago-Naperville-Schaumburg, IL Metropolitan Division	2024	M02	February	26.02
SMU17169843000000008	Illinois	Chicago-Naperville-Schaumburg, IL Metropolitan Division	2024	M01	January	25.89
SMU17169843000000008	Illinois	Chicago-Naperville-Schaumburg, IL Metropolitan Division	2023	M12	December	25.88
SMU17169843000000008	Illinois	Chicago-Naperville-Schaumburg, IL Metropolitan Division	2023	M11	November	25.51
SMU17169843000000008	Illinois	Chicago-Naperville-Schaumburg, IL Metropolitan Division	2023	M10	October	25.33
SMU17169843000000008	Illinois	Chicago-Naperville-Schaumburg, IL Metropolitan Division	2023	M09	September	25.43
SMU17169843000000008	Illinois	Chicago-Naperville-Schaumburg, IL Metropolitan Division	2023	M08	August	24.96
SMU17169843000000008	Illinois	Chicago-Naperville-Schaumburg, IL Metropolitan Division	2023	M07	July	25.34
SMU17169843000000008	Illinois	Chicago-Naperville-Schaumburg, IL Metropolitan Division	2023	M06	June	25.40
SMU17169843000000008	Illinois	Chicago-Naperville-Schaumburg, IL Metropolitan Division	2023	M05	May	25.19
SMU17169843000000008	Illinois	Chicago-Naperville-Schaumburg, IL Metropolitan Division	2023	M04	April	24.84
SMU17169843000000008	Illinois	Chicago-Naperville-Schaumburg, IL Metropolitan Division	2023	M03	March	24.72
SMU17169843000000008	Illinois	Chicago-Naperville-Schaumburg, IL Metropolitan Division	2023	M02	February	24.88
SMU17169843000000008	Illinois	Chicago-Naperville-Schaumburg, IL Metropolitan Division	2023	M01	January	25.06
SMU17169843000000008	Illinois	Chicago-Naperville-Schaumburg, IL Metropolitan Division	2022	M12	December	25.11
SMU17169843000000008	Illinois	Chicago-Naperville-Schaumburg, IL Metropolitan Division	2022	M11	November	25.12
SMU17169843000000008	Illinois	Chicago-Naperville-Schaumburg, IL Metropolitan Division	2022	M10	October	24.90
SMU17169843000000008	Illinois	Chicago-Naperville-Schaumburg, IL Metropolitan Division	2022	M09	September	24.92
SMU17169843000000008	Illinois	Chicago-Naperville-Schaumburg, IL Metropolitan Division	2022	M08	August	24.92
SMU17169843000000008	Illinois	Chicago-Naperville-Schaumburg, IL Metropolitan Division	2022	M07	July	24.73
SMU17169843000000008	Illinois	Chicago-Naperville-Schaumburg, IL Metropolitan Division	2022	M06	June	24.43
SMU17169843000000008	Illinois	Chicago-Naperville-Schaumburg, IL Metropolitan Division	2022	M05	May	24.32
SMU17169843000000008	Illinois	Chicago-Naperville-Schaumburg, IL Metropolitan Division	2022	M04	April	24.13
SMU17169843000000008	Illinois	Chicago-Naperville-Schaumburg, IL Metropolitan Division	2022	M03	March	23.69
SMU17169843000000008	Illinois	Chicago-Naperville-Schaumburg, IL Metropolitan Division	2022	M02	February	23.68
SMU17169843000000008	Illinois	Chicago-Naperville-Schaumburg, IL Metropolitan Division	2022	M01	January	23.62
SMU17169843000000008	Illinois	Chicago-Naperville-Schaumburg, IL Metropolitan Division	2021	M12	December	23.56
SMU17169843000000008	Illinois	Chicago-Naperville-Schaumburg, IL Metropolitan Division	2021	M11	November	23.59
SMU17169843000000008	Illinois	Chicago-Naperville-Schaumburg, IL Metropolitan Division	2021	M10	October	22.99
SMU17169843000000008	Illinois	Chicago-Naperville-Schaumburg, IL Metropolitan Division	2021	M09	September	23.20
SMU17169843000000008	Illinois	Chicago-Naperville-Schaumburg, IL Metropolitan Division	2021	M08	August	23.14
SMU17169843000000008	Illinois	Chicago-Naperville-Schaumburg, IL Metropolitan Division	2021	M07	July	22.66
SMU17169843000000008	Illinois	Chicago-Naperville-Schaumburg, IL Metropolitan Division	2021	M06	June	22.59
SMU17169843000000008	Illinois	Chicago-Naperville-Schaumburg, IL Metropolitan Division	2021	M05	May	22.68
SMU17169843000000008	Illinois	Chicago-Naperville-Schaumburg, IL Metropolitan Division	2021	M04	April	22.50
SMU17169843000000008	Illinois	Chicago-Naperville-Schaumburg, IL Metropolitan Division	2021	M03	March	22.36
SMU17169843000000008	Illinois	Chicago-Naperville-Schaumburg, IL Metropolitan Division	2021	M02	February	22.48
SMU17169843000000008	Illinois	Chicago-Naperville-Schaumburg, IL Metropolitan Division	2021	M01	January	22.37
SMU17169843000000008	Illinois	Chicago-Naperville-Schaumburg, IL Metropolitan Division	2020	M12	December	22.42
SMU17169843000000008	Illinois	Chicago-Naperville-Schaumburg, IL Metropolitan Division	2020	M11	November	22.42
SMU17169843000000008	Illinois	Chicago-Naperville-Schaumburg, IL Metropolitan Division	2020	M10	October	22.19
SMU17169843000000008	Illinois	Chicago-Naperville-Schaumburg, IL Metropolitan Division	2020	M09	September	21.98
SMU17169843000000008	Illinois	Chicago-Naperville-Schaumburg, IL Metropolitan Division	2020	M08	August	22.13
SMU17169843000000008	Illinois	Chicago-Naperville-Schaumburg, IL Metropolitan Division	2020	M07	July	22.07
SMU17169843000000008	Illinois	Chicago-Naperville-Schaumburg, IL Metropolitan Division	2020	M06	June	22.37
SMU17169843000000008	Illinois	Chicago-Naperville-Schaumburg, IL Metropolitan Division	2020	M05	May	22.56
SMU17169843000000008	Illinois	Chicago-Naperville-Schaumburg, IL Metropolitan Division	2020	M04	April	22.16
SMU17169843000000008	Illinois	Chicago-Naperville-Schaumburg, IL Metropolitan Division	2020	M03	March	21.79
SMU17169843000000008	Illinois	Chicago-Naperville-Schaumburg, IL Metropolitan Division	2020	M02	February	21.78
SMU17169843000000008	Illinois	Chicago-Naperville-Schaumburg, IL Metropolitan Division	2020	M01	January	21.63
SMU17169843000000008	Illinois	Chicago-Naperville-Schaumburg, IL Metropolitan Division	2019	M12	December	21.98
SMU17169843000000008	Illinois	Chicago-Naperville-Schaumburg, IL Metropolitan Division	2019	M11	November	21.95
SMU17169843000000008	Illinois	Chicago-Naperville-Schaumburg, IL Metropolitan Division	2019	M10	October	21.75
SMU17169843000000008	Illinois	Chicago-Naperville-Schaumburg, IL Metropolitan Division	2019	M09	September	21.60
SMU17169843000000008	Illinois	Chicago-Naperville-Schaumburg, IL Metropolitan Division	2019	M08	August	21.60
SMU17169843000000008	Illinois	Chicago-Naperville-Schaumburg, IL Metropolitan Division	2019	M07	July	21.36
SMU17169843000000008	Illinois	Chicago-Naperville-Schaumburg, IL Metropolitan Division	2019	M06	June	21.65
SMU17169843000000008	Illinois	Chicago-Naperville-Schaumburg, IL Metropolitan Division	2019	M05	May	21.43
SMU17169843000000008	Illinois	Chicago-Naperville-Schaumburg, IL Metropolitan Division	2019	M04	April	21.73
SMU17169843000000008	Illinois	Chicago-Naperville-Schaumburg, IL Metropolitan Division	2019	M03	March	21.64
SMU17169843000000008	Illinois	Chicago-Naperville-Schaumburg, IL Metropolitan Division	2019	M02	February	21.56
SMU17169843000000008	Illinois	Chicago-Naperville-Schaumburg, IL Metropolitan Division	2019	M01	January	21.68
SMU17169843000000008	Illinois	Chicago-Naperville-Schaumburg, IL Metropolitan Division	2018	M12	December	21.99
SMU17169843000000008	Illinois	Chicago-Naperville-Schaumburg, IL Metropolitan Division	2018	M11	November	21.95
SMU17169843000000008	Illinois	Chicago-Naperville-Schaumburg, IL Metropolitan Division	2018	M10	October	21.77
SMU17169843000000008	Illinois	Chicago-Naperville-Schaumburg, IL Metropolitan Division	2018	M09	September	21.69
SMU17169843000000008	Illinois	Chicago-Naperville-Schaumburg, IL Metropolitan Division	2018	M08	August	21.62
SMU17169843000000008	Illinois	Chicago-Naperville-Schaumburg, IL Metropolitan Division	2018	M07	July	21.24
SMU17169843000000008	Illinois	Chicago-Naperville-Schaumburg, IL Metropolitan Division	2018	M06	June	21.21
SMU17169843000000008	Illinois	Chicago-Naperville-Schaumburg, IL Metropolitan Division	2018	M05	May	20.98
SMU17169843000000008	Illinois	Chicago-Naperville-Schaumburg, IL Metropolitan Division	2018	M04	April	21.10
SMU17169843000000008	Illinois	Chicago-Naperville-Schaumburg, IL Metropolitan Division	2018	M03	March	20.81
SMU17169843000000008	Illinois	Chicago-Naperville-Schaumburg, IL Metropolitan Division	2018	M02	February	20.57
SMU17169843000000008	Illinois	Chicago-Naperville-Schaumburg, IL Metropolitan Division	2018	M01	January	20.68
SMU17169843000000008	Illinois	Chicago-Naperville-Schaumburg, IL Metropolitan Division	2017	M12	December	20.75
SMU17169843000000008	Illinois	Chicago-Naperville-Schaumburg, IL Metropolitan Division	2017	M11	November	20.46
SMU17169843000000008	Illinois	Chicago-Naperville-Schaumburg, IL Metropolitan Division	2017	M10	October	20.45
SMU17169843000000008	Illinois	Chicago-Naperville-Schaumburg, IL Metropolitan Division	2017	M09	September	20.30
SMU17169843000000008	Illinois	Chicago-Naperville-Schaumburg, IL Metropolitan Division	2017	M08	August	20.00
SMU17169843000000008	Illinois	Chicago-Naperville-Schaumburg, IL Metropolitan Division	2017	M07	July	20.05
SMU17169843000000008	Illinois	Chicago-Naperville-Schaumburg, IL Metropolitan Division	2017	M06	June	19.92
SMU17169843000000008	Illinois	Chicago-Naperville-Schaumburg, IL Metropolitan Division	2017	M05	May	20.05
SMU17169843000000008	Illinois	Chicago-Naperville-Schaumburg, IL Metropolitan Division	2017	M04	April	20.13
SMU17169843000000008	Illinois	Chicago-Naperville-Schaumburg, IL Metropolitan Division	2017	M03	March	20.27
SMU17169843000000008	Illinois	Chicago-Naperville-Schaumburg, IL Metropolitan Division	2017	M02	February	20.07
SMU17169843000000008	Illinois	Chicago-Naperville-Schaumburg, IL Metropolitan Division	2017	M01	January	20.07
SMU17169843000000008	Illinois	Chicago-Naperville-Schaumburg, IL Metropolitan Division	2016	M12	December	20.30
SMU17169843000000008	Illinois	Chicago-Naperville-Schaumburg, IL Metropolitan Division	2016	M11	November	20.30
SMU17169843000000008	Illinois	Chicago-Naperville-Schaumburg, IL Metropolitan Division	2016	M10	October	20.56
SMU17169843000000008	Illinois	Chicago-Naperville-Schaumburg, IL Metropolitan Division	2016	M09	September	20.36
SMU17169843000000008	Illinois	Chicago-Naperville-Schaumburg, IL Metropolitan Division	2016	M08	August	20.76
SMU17169843000000008	Illinois	Chicago-Naperville-Schaumburg, IL Metropolitan Division	2016	M07	July	20.56
SMU17169843000000008	Illinois	Chicago-Naperville-Schaumburg, IL Metropolitan Division	2016	M06	June	20.22
SMU17169843000000008	Illinois	Chicago-Naperville-Schaumburg, IL Metropolitan Division	2016	M05	May	20.30
SMU17169843000000008	Illinois	Chicago-Naperville-Schaumburg, IL Metropolitan Division	2016	M04	April	20.14
SMU17169843000000008	Illinois	Chicago-Naperville-Schaumburg, IL Metropolitan Division	2016	M03	March	20.09
SMU17169843000000008	Illinois	Chicago-Naperville-Schaumburg, IL Metropolitan Division	2016	M02	February	20.17
SMU17169843000000008	Illinois	Chicago-Naperville-Schaumburg, IL Metropolitan Division	2016	M01	January	20.16
SMU17169843000000008	Illinois	Chicago-Naperville-Schaumburg, IL Metropolitan Division	2015	M12	December	19.91
SMU17169843000000008	Illinois	Chicago-Naperville-Schaumburg, IL Metropolitan Division	2015	M11	November	19.74
SMU17169843000000008	Illinois	Chicago-Naperville-Schaumburg, IL Metropolitan Division	2015	M10	October	19.72
SMU17169843000000008	Illinois	Chicago-Naperville-Schaumburg, IL Metropolitan Division	2015	M09	September	19.87
SMU17169843000000008	Illinois	Chicago-Naperville-Schaumburg, IL Metropolitan Division	2015	M08	August	19.80
SMU17169843000000008	Illinois	Chicago-Naperville-Schaumburg, IL Metropolitan Division	2015	M07	July	20.10
SMU17169843000000008	Illinois	Chicago-Naperville-Schaumburg, IL Metropolitan Division	2015	M06	June	19.84
SMU17169843000000008	Illinois	Chicago-Naperville-Schaumburg, IL Metropolitan Division	2015	M05	May	19.55
SMU17169843000000008	Illinois	Chicago-Naperville-Schaumburg, IL Metropolitan Division	2015	M04	April	19.63
SMU17169843000000008	Illinois	Chicago-Naperville-Schaumburg, IL Metropolitan Division	2015	M03	March	19.52
SMU17169843000000008	Illinois	Chicago-Naperville-Schaumburg, IL Metropolitan Division	2015	M02	February	19.31
SMU17169843000000008	Illinois	Chicago-Naperville-Schaumburg, IL Metropolitan Division	2015	M01	January	19.18
SMU17169843000000008	Illinois	Chicago-Naperville-Schaumburg, IL Metropolitan Division	2014	M12	December	19.24
SMU17169843000000008	Illinois	Chicago-Naperville-Schaumburg, IL Metropolitan Division	2014	M11	November	19.30
SMU17169843000000008	Illinois	Chicago-Naperville-Schaumburg, IL Metropolitan Division	2014	M10	October	19.22
SMU17169843000000008	Illinois	Chicago-Naperville-Schaumburg, IL Metropolitan Division	2014	M09	September	19.04
SMU17169843000000008	Illinois	Chicago-Naperville-Schaumburg, IL Metropolitan Division	2014	M08	August	19.11
SMU17169843000000008	Illinois	Chicago-Naperville-Schaumburg, IL Metropolitan Division	2014	M07	July	19.13
SMU17169843000000008	Illinois	Chicago-Naperville-Schaumburg, IL Metropolitan Division	2014	M06	June	18.79
SMU17169843000000008	Illinois	Chicago-Naperville-Schaumburg, IL Metropolitan Division	2014	M05	May	18.87
SMU17169843000000008	Illinois	Chicago-Naperville-Schaumburg, IL Metropolitan Division	2014	M04	April	18.69
SMU17169843000000008	Illinois	Chicago-Naperville-Schaumburg, IL Metropolitan Division	2014	M03	March	18.69
SMU17169843000000008	Illinois	Chicago-Naperville-Schaumburg, IL Metropolitan Division	2014	M02	February	18.69
SMU17169843000000008	Illinois	Chicago-Naperville-Schaumburg, IL Metropolitan Division	2014	M01	January	18.66
SMU17169843000000008	Illinois	Chicago-Naperville-Schaumburg, IL Metropolitan Division	2013	M12	December	18.85
SMU17169843000000008	Illinois	Chicago-Naperville-Schaumburg, IL Metropolitan Division	2013	M11	November	18.88
SMU17169843000000008	Illinois	Chicago-Naperville-Schaumburg, IL Metropolitan Division	2013	M10	October	18.79
SMU17169843000000008	Illinois	Chicago-Naperville-Schaumburg, IL Metropolitan Division	2013	M09	September	18.52
SMU17169843000000008	Illinois	Chicago-Naperville-Schaumburg, IL Metropolitan Division	2013	M08	August	18.66
SMU17169843000000008	Illinois	Chicago-Naperville-Schaumburg, IL Metropolitan Division	2013	M07	July	18.62
SMU17169843000000008	Illinois	Chicago-Naperville-Schaumburg, IL Metropolitan Division	2013	M06	June	18.65
SMU17169843000000008	Illinois	Chicago-Naperville-Schaumburg, IL Metropolitan Division	2013	M05	May	18.60
SMU17169843000000008	Illinois	Chicago-Naperville-Schaumburg, IL Metropolitan Division	2013	M04	April	18.72
SMU17169843000000008	Illinois	Chicago-Naperville-Schaumburg, IL Metropolitan Division	2013	M03	March	18.71
SMU17169843000000008	Illinois	Chicago-Naperville-Schaumburg, IL Metropolitan Division	2013	M02	February	18.93
SMU17169843000000008	Illinois	Chicago-Naperville-Schaumburg, IL Metropolitan Division	2013	M01	January	18.94
SMU17169843000000008	Illinois	Chicago-Naperville-Schaumburg, IL Metropolitan Division	2012	M12	December	19.33
SMU17169843000000008	Illinois	Chicago-Naperville-Schaumburg, IL Metropolitan Division	2012	M11	November	18.95
SMU17169843000000008	Illinois	Chicago-Naperville-Schaumburg, IL Metropolitan Division	2012	M10	October	19.02
SMU17169843000000008	Illinois	Chicago-Naperville-Schaumburg, IL Metropolitan Division	2012	M09	September	18.79
SMU17169843000000008	Illinois	Chicago-Naperville-Schaumburg, IL Metropolitan Division	2012	M08	August	18.82
SMU17169843000000008	Illinois	Chicago-Naperville-Schaumburg, IL Metropolitan Division	2012	M07	July	18.73
SMU17169843000000008	Illinois	Chicago-Naperville-Schaumburg, IL Metropolitan Division	2012	M06	June	18.99
SMU17169843000000008	Illinois	Chicago-Naperville-Schaumburg, IL Metropolitan Division	2012	M05	May	18.54
SMU17169843000000008	Illinois	Chicago-Naperville-Schaumburg, IL Metropolitan Division	2012	M04	April	18.76
SMU17169843000000008	Illinois	Chicago-Naperville-Schaumburg, IL Metropolitan Division	2012	M03	March	18.51
SMU17169843000000008	Illinois	Chicago-Naperville-Schaumburg, IL Metropolitan Division	2012	M02	February	18.32
SMU17169843000000008	Illinois	Chicago-Naperville-Schaumburg, IL Metropolitan Division	2012	M01	January	18.43
SMU17169843000000008	Illinois	Chicago-Naperville-Schaumburg, IL Metropolitan Division	2011	M12	December	18.52
SMU17169843000000008	Illinois	Chicago-Naperville-Schaumburg, IL Metropolitan Division	2011	M11	November	18.40
SMU17169843000000008	Illinois	Chicago-Naperville-Schaumburg, IL Metropolitan Division	2011	M10	October	18.61
SMU17169843000000008	Illinois	Chicago-Naperville-Schaumburg, IL Metropolitan Division	2011	M09	September	18.54
SMU17169843000000008	Illinois	Chicago-Naperville-Schaumburg, IL Metropolitan Division	2011	M08	August	18.35
SMU17169843000000008	Illinois	Chicago-Naperville-Schaumburg, IL Metropolitan Division	2011	M07	July	18.08
SMU17169843000000008	Illinois	Chicago-Naperville-Schaumburg, IL Metropolitan Division	2011	M06	June	17.84
SMU17169843000000008	Illinois	Chicago-Naperville-Schaumburg, IL Metropolitan Division	2011	M05	May	17.88
SMU17169843000000008	Illinois	Chicago-Naperville-Schaumburg, IL Metropolitan Division	2011	M04	April	17.56
SMU17169843000000008	Illinois	Chicago-Naperville-Schaumburg, IL Metropolitan Division	2011	M03	March	17.52
SMU17169843000000008	Illinois	Chicago-Naperville-Schaumburg, IL Metropolitan Division	2011	M02	February	17.30
SMU17169843000000008	Illinois	Chicago-Naperville-Schaumburg, IL Metropolitan Division	2011	M01	January	16.72
SMU17169843000000008	Illinois	Chicago-Naperville-Schaumburg, IL Metropolitan Division	2010	M12	December	16.67
SMU17169843000000008	Illinois	Chicago-Naperville-Schaumburg, IL Metropolitan Division	2010	M11	November	16.76
SMU17169843000000008	Illinois	Chicago-Naperville-Schaumburg, IL Metropolitan Division	2010	M10	October	16.86
SMU17169843000000008	Illinois	Chicago-Naperville-Schaumburg, IL Metropolitan Division	2010	M09	September	16.75
SMU17169843000000008	Illinois	Chicago-Naperville-Schaumburg, IL Metropolitan Division	2010	M08	August	16.76
SMU17169843000000008	Illinois	Chicago-Naperville-Schaumburg, IL Metropolitan Division	2010	M07	July	16.84
SMU17169843000000008	Illinois	Chicago-Naperville-Schaumburg, IL Metropolitan Division	2010	M06	June	16.82
SMU17169843000000008	Illinois	Chicago-Naperville-Schaumburg, IL Metropolitan Division	2010	M05	May	16.85
SMU17169843000000008	Illinois	Chicago-Naperville-Schaumburg, IL Metropolitan Division	2010	M04	April	16.92
SMU17169843000000008	Illinois	Chicago-Naperville-Schaumburg, IL Metropolitan Division	2010	M03	March	16.81
SMU17169843000000008	Illinois	Chicago-Naperville-Schaumburg, IL Metropolitan Division	2010	M02	February	16.84
SMU17169843000000008	Illinois	Chicago-Naperville-Schaumburg, IL Metropolitan Division	2010	M01	January	16.71
SMU17169843000000008	Illinois	Chicago-Naperville-Schaumburg, IL Metropolitan Division	2009	M12	December	16.72
SMU17169843000000008	Illinois	Chicago-Naperville-Schaumburg, IL Metropolitan Division	2009	M11	November	16.64
SMU17169843000000008	Illinois	Chicago-Naperville-Schaumburg, IL Metropolitan Division	2009	M10	October	16.62
SMU17169843000000008	Illinois	Chicago-Naperville-Schaumburg, IL Metropolitan Division	2009	M09	September	16.64
SMU17169843000000008	Illinois	Chicago-Naperville-Schaumburg, IL Metropolitan Division	2009	M08	August	16.65
SMU17169843000000008	Illinois	Chicago-Naperville-Schaumburg, IL Metropolitan Division	2009	M07	July	16.76
SMU17169843000000008	Illinois	Chicago-Naperville-Schaumburg, IL Metropolitan Division	2009	M06	June	16.73
SMU17169843000000008	Illinois	Chicago-Naperville-Schaumburg, IL Metropolitan Division	2009	M05	May	16.47
SMU17169843000000008	Illinois	Chicago-Naperville-Schaumburg, IL Metropolitan Division	2009	M04	April	16.47
SMU17169843000000008	Illinois	Chicago-Naperville-Schaumburg, IL Metropolitan Division	2009	M03	March	16.49
SMU17169843000000008	Illinois	Chicago-Naperville-Schaumburg, IL Metropolitan Division	2009	M02	February	16.47
SMU17169843000000008	Illinois	Chicago-Naperville-Schaumburg, IL Metropolitan Division	2009	M01	January	16.37
SMU17169843000000008	Illinois	Chicago-Naperville-Schaumburg, IL Metropolitan Division	2008	M12	December	16.37
SMU17169843000000008	Illinois	Chicago-Naperville-Schaumburg, IL Metropolitan Division	2008	M11	November	16.37
SMU17169843000000008	Illinois	Chicago-Naperville-Schaumburg, IL Metropolitan Division	2008	M10	October	16.44
SMU17169843000000008	Illinois	Chicago-Naperville-Schaumburg, IL Metropolitan Division	2008	M09	September	16.35
SMU17169843000000008	Illinois	Chicago-Naperville-Schaumburg, IL Metropolitan Division	2008	M08	August	16.35
SMU17169843000000008	Illinois	Chicago-Naperville-Schaumburg, IL Metropolitan Division	2008	M07	July	16.33
SMU17169843000000008	Illinois	Chicago-Naperville-Schaumburg, IL Metropolitan Division	2008	M06	June	16.34
SMU17169843000000008	Illinois	Chicago-Naperville-Schaumburg, IL Metropolitan Division	2008	M05	May	16.36
SMU17169843000000008	Illinois	Chicago-Naperville-Schaumburg, IL Metropolitan Division	2008	M04	April	16.41
SMU17169843000000008	Illinois	Chicago-Naperville-Schaumburg, IL Metropolitan Division	2008	M03	March	16.48
SMU17169843000000008	Illinois	Chicago-Naperville-Schaumburg, IL Metropolitan Division	2008	M02	February	16.40
SMU17169843000000008	Illinois	Chicago-Naperville-Schaumburg, IL Metropolitan Division	2008	M01	January	16.35
SMU17169843000000008	Illinois	Chicago-Naperville-Schaumburg, IL Metropolitan Division	2007	M12	December	16.39
SMU17169843000000008	Illinois	Chicago-Naperville-Schaumburg, IL Metropolitan Division	2007	M11	November	16.41
SMU17169843000000008	Illinois	Chicago-Naperville-Schaumburg, IL Metropolitan Division	2007	M10	October	16.54
SMU17169843000000008	Illinois	Chicago-Naperville-Schaumburg, IL Metropolitan Division	2007	M09	September	16.45
SMU17169843000000008	Illinois	Chicago-Naperville-Schaumburg, IL Metropolitan Division	2007	M08	August	16.49
SMU17169843000000008	Illinois	Chicago-Naperville-Schaumburg, IL Metropolitan Division	2007	M07	July	16.53
SMU17169843000000008	Illinois	Chicago-Naperville-Schaumburg, IL Metropolitan Division	2007	M06	June	16.49
SMU17169843000000008	Illinois	Chicago-Naperville-Schaumburg, IL Metropolitan Division	2007	M05	May	16.30
SMU17169843000000008	Illinois	Chicago-Naperville-Schaumburg, IL Metropolitan Division	2007	M04	April	16.38
SMU17169843000000008	Illinois	Chicago-Naperville-Schaumburg, IL Metropolitan Division	2007	M03	March	16.35
SMU17169843000000008	Illinois	Chicago-Naperville-Schaumburg, IL Metropolitan Division	2007	M02	February	16.21
SMU17169843000000008	Illinois	Chicago-Naperville-Schaumburg, IL Metropolitan Division	2007	M01	January	16.26
SMU18269003000000008	Indiana	Indianapolis-Carmel-Greenwood, IN	2025	M12	December	27.11
SMU18269003000000008	Indiana	Indianapolis-Carmel-Greenwood, IN	2025	M11	November	28.18
SMU18269003000000008	Indiana	Indianapolis-Carmel-Greenwood, IN	2025	M10	October	28.18
SMU18269003000000008	Indiana	Indianapolis-Carmel-Greenwood, IN	2025	M09	September	28.32
SMU18269003000000008	Indiana	Indianapolis-Carmel-Greenwood, IN	2025	M08	August	27.91
SMU18269003000000008	Indiana	Indianapolis-Carmel-Greenwood, IN	2025	M07	July	27.34
SMU18269003000000008	Indiana	Indianapolis-Carmel-Greenwood, IN	2025	M06	June	28.30
SMU18269003000000008	Indiana	Indianapolis-Carmel-Greenwood, IN	2025	M05	May	27.21
SMU18269003000000008	Indiana	Indianapolis-Carmel-Greenwood, IN	2025	M04	April	26.44
SMU18269003000000008	Indiana	Indianapolis-Carmel-Greenwood, IN	2025	M03	March	25.84
SMU18269003000000008	Indiana	Indianapolis-Carmel-Greenwood, IN	2025	M02	February	24.86
SMU18269003000000008	Indiana	Indianapolis-Carmel-Greenwood, IN	2025	M01	January	23.98
SMU18269003000000008	Indiana	Indianapolis-Carmel-Greenwood, IN	2024	M12	December	25.21
SMU18269003000000008	Indiana	Indianapolis-Carmel-Greenwood, IN	2024	M11	November	24.84
SMU18269003000000008	Indiana	Indianapolis-Carmel-Greenwood, IN	2024	M10	October	24.80
SMU18269003000000008	Indiana	Indianapolis-Carmel-Greenwood, IN	2024	M09	September	24.74
SMU18269003000000008	Indiana	Indianapolis-Carmel-Greenwood, IN	2024	M08	August	24.88
SMU18269003000000008	Indiana	Indianapolis-Carmel-Greenwood, IN	2024	M07	July	25.70
SMU18269003000000008	Indiana	Indianapolis-Carmel-Greenwood, IN	2024	M06	June	25.66
SMU18269003000000008	Indiana	Indianapolis-Carmel-Greenwood, IN	2024	M05	May	25.10
SMU18269003000000008	Indiana	Indianapolis-Carmel-Greenwood, IN	2024	M04	April	25.58
SMU18269003000000008	Indiana	Indianapolis-Carmel-Greenwood, IN	2024	M03	March	25.14
SMU18269003000000008	Indiana	Indianapolis-Carmel-Greenwood, IN	2024	M02	February	25.35
SMU18269003000000008	Indiana	Indianapolis-Carmel-Greenwood, IN	2024	M01	January	24.95
SMU18269003000000008	Indiana	Indianapolis-Carmel-Greenwood, IN	2023	M12	December	25.61
SMU18269003000000008	Indiana	Indianapolis-Carmel-Greenwood, IN	2023	M11	November	25.22
SMU18269003000000008	Indiana	Indianapolis-Carmel-Greenwood, IN	2023	M10	October	24.91
SMU18269003000000008	Indiana	Indianapolis-Carmel-Greenwood, IN	2023	M09	September	24.42
SMU18269003000000008	Indiana	Indianapolis-Carmel-Greenwood, IN	2023	M08	August	25.06
SMU18269003000000008	Indiana	Indianapolis-Carmel-Greenwood, IN	2023	M07	July	24.85
SMU18269003000000008	Indiana	Indianapolis-Carmel-Greenwood, IN	2023	M06	June	24.83
SMU18269003000000008	Indiana	Indianapolis-Carmel-Greenwood, IN	2023	M05	May	24.91
SMU18269003000000008	Indiana	Indianapolis-Carmel-Greenwood, IN	2023	M04	April	24.66
SMU18269003000000008	Indiana	Indianapolis-Carmel-Greenwood, IN	2023	M03	March	24.75
SMU18269003000000008	Indiana	Indianapolis-Carmel-Greenwood, IN	2023	M02	February	24.80
SMU18269003000000008	Indiana	Indianapolis-Carmel-Greenwood, IN	2023	M01	January	24.44
SMU18269003000000008	Indiana	Indianapolis-Carmel-Greenwood, IN	2022	M12	December	24.50
SMU18269003000000008	Indiana	Indianapolis-Carmel-Greenwood, IN	2022	M11	November	24.43
SMU18269003000000008	Indiana	Indianapolis-Carmel-Greenwood, IN	2022	M10	October	24.35
SMU18269003000000008	Indiana	Indianapolis-Carmel-Greenwood, IN	2022	M09	September	24.01
SMU18269003000000008	Indiana	Indianapolis-Carmel-Greenwood, IN	2022	M08	August	23.39
SMU18269003000000008	Indiana	Indianapolis-Carmel-Greenwood, IN	2022	M07	July	23.57
SMU18269003000000008	Indiana	Indianapolis-Carmel-Greenwood, IN	2022	M06	June	23.30
SMU18269003000000008	Indiana	Indianapolis-Carmel-Greenwood, IN	2022	M05	May	23.36
SMU18269003000000008	Indiana	Indianapolis-Carmel-Greenwood, IN	2022	M04	April	24.57
SMU18269003000000008	Indiana	Indianapolis-Carmel-Greenwood, IN	2022	M03	March	24.01
SMU18269003000000008	Indiana	Indianapolis-Carmel-Greenwood, IN	2022	M02	February	24.46
SMU18269003000000008	Indiana	Indianapolis-Carmel-Greenwood, IN	2022	M01	January	24.37
SMU18269003000000008	Indiana	Indianapolis-Carmel-Greenwood, IN	2021	M12	December	23.57
SMU18269003000000008	Indiana	Indianapolis-Carmel-Greenwood, IN	2021	M11	November	23.60
SMU18269003000000008	Indiana	Indianapolis-Carmel-Greenwood, IN	2021	M10	October	23.07
SMU18269003000000008	Indiana	Indianapolis-Carmel-Greenwood, IN	2021	M09	September	22.38
SMU18269003000000008	Indiana	Indianapolis-Carmel-Greenwood, IN	2021	M08	August	22.48
SMU18269003000000008	Indiana	Indianapolis-Carmel-Greenwood, IN	2021	M07	July	22.78
SMU18269003000000008	Indiana	Indianapolis-Carmel-Greenwood, IN	2021	M06	June	23.11
SMU18269003000000008	Indiana	Indianapolis-Carmel-Greenwood, IN	2021	M05	May	23.60
SMU18269003000000008	Indiana	Indianapolis-Carmel-Greenwood, IN	2021	M04	April	22.88
SMU18269003000000008	Indiana	Indianapolis-Carmel-Greenwood, IN	2021	M03	March	22.55
SMU18269003000000008	Indiana	Indianapolis-Carmel-Greenwood, IN	2021	M02	February	22.23
SMU18269003000000008	Indiana	Indianapolis-Carmel-Greenwood, IN	2021	M01	January	22.21
SMU18269003000000008	Indiana	Indianapolis-Carmel-Greenwood, IN	2020	M12	December	20.66
SMU18269003000000008	Indiana	Indianapolis-Carmel-Greenwood, IN	2020	M11	November	20.70
SMU18269003000000008	Indiana	Indianapolis-Carmel-Greenwood, IN	2020	M10	October	20.21
SMU18269003000000008	Indiana	Indianapolis-Carmel-Greenwood, IN	2020	M09	September	20.08
SMU18269003000000008	Indiana	Indianapolis-Carmel-Greenwood, IN	2020	M08	August	19.41
SMU18269003000000008	Indiana	Indianapolis-Carmel-Greenwood, IN	2020	M07	July	19.29
SMU18269003000000008	Indiana	Indianapolis-Carmel-Greenwood, IN	2020	M06	June	19.04
SMU18269003000000008	Indiana	Indianapolis-Carmel-Greenwood, IN	2020	M05	May	20.29
SMU18269003000000008	Indiana	Indianapolis-Carmel-Greenwood, IN	2020	M04	April	20.69
SMU18269003000000008	Indiana	Indianapolis-Carmel-Greenwood, IN	2020	M03	March	20.03
SMU18269003000000008	Indiana	Indianapolis-Carmel-Greenwood, IN	2020	M02	February	19.58
SMU18269003000000008	Indiana	Indianapolis-Carmel-Greenwood, IN	2020	M01	January	19.84
SMU18269003000000008	Indiana	Indianapolis-Carmel-Greenwood, IN	2019	M12	December	19.28
SMU18269003000000008	Indiana	Indianapolis-Carmel-Greenwood, IN	2019	M11	November	19.37
SMU18269003000000008	Indiana	Indianapolis-Carmel-Greenwood, IN	2019	M10	October	19.11
SMU18269003000000008	Indiana	Indianapolis-Carmel-Greenwood, IN	2019	M09	September	19.17
SMU18269003000000008	Indiana	Indianapolis-Carmel-Greenwood, IN	2019	M08	August	18.62
SMU18269003000000008	Indiana	Indianapolis-Carmel-Greenwood, IN	2019	M07	July	18.93
SMU18269003000000008	Indiana	Indianapolis-Carmel-Greenwood, IN	2019	M06	June	18.79
SMU18269003000000008	Indiana	Indianapolis-Carmel-Greenwood, IN	2019	M05	May	18.60
SMU18269003000000008	Indiana	Indianapolis-Carmel-Greenwood, IN	2019	M04	April	18.41
SMU18269003000000008	Indiana	Indianapolis-Carmel-Greenwood, IN	2019	M03	March	18.33
SMU18269003000000008	Indiana	Indianapolis-Carmel-Greenwood, IN	2019	M02	February	18.23
SMU18269003000000008	Indiana	Indianapolis-Carmel-Greenwood, IN	2019	M01	January	18.59
SMU18269003000000008	Indiana	Indianapolis-Carmel-Greenwood, IN	2018	M12	December	19.14
SMU18269003000000008	Indiana	Indianapolis-Carmel-Greenwood, IN	2018	M11	November	19.61
SMU18269003000000008	Indiana	Indianapolis-Carmel-Greenwood, IN	2018	M10	October	19.19
SMU18269003000000008	Indiana	Indianapolis-Carmel-Greenwood, IN	2018	M09	September	19.78
SMU18269003000000008	Indiana	Indianapolis-Carmel-Greenwood, IN	2018	M08	August	19.82
SMU18269003000000008	Indiana	Indianapolis-Carmel-Greenwood, IN	2018	M07	July	20.13
SMU18269003000000008	Indiana	Indianapolis-Carmel-Greenwood, IN	2018	M06	June	18.40
SMU18269003000000008	Indiana	Indianapolis-Carmel-Greenwood, IN	2018	M05	May	18.46
SMU18269003000000008	Indiana	Indianapolis-Carmel-Greenwood, IN	2018	M04	April	19.30
SMU18269003000000008	Indiana	Indianapolis-Carmel-Greenwood, IN	2018	M03	March	19.29
SMU18269003000000008	Indiana	Indianapolis-Carmel-Greenwood, IN	2018	M02	February	19.46
SMU18269003000000008	Indiana	Indianapolis-Carmel-Greenwood, IN	2018	M01	January	19.52
SMU18269003000000008	Indiana	Indianapolis-Carmel-Greenwood, IN	2017	M12	December	19.54
SMU18269003000000008	Indiana	Indianapolis-Carmel-Greenwood, IN	2017	M11	November	19.69
SMU18269003000000008	Indiana	Indianapolis-Carmel-Greenwood, IN	2017	M10	October	19.76
SMU18269003000000008	Indiana	Indianapolis-Carmel-Greenwood, IN	2017	M09	September	19.90
SMU18269003000000008	Indiana	Indianapolis-Carmel-Greenwood, IN	2017	M08	August	19.72
SMU18269003000000008	Indiana	Indianapolis-Carmel-Greenwood, IN	2017	M07	July	20.20
SMU18269003000000008	Indiana	Indianapolis-Carmel-Greenwood, IN	2017	M06	June	19.61
SMU18269003000000008	Indiana	Indianapolis-Carmel-Greenwood, IN	2017	M05	May	19.52
SMU18269003000000008	Indiana	Indianapolis-Carmel-Greenwood, IN	2017	M04	April	21.16
SMU18269003000000008	Indiana	Indianapolis-Carmel-Greenwood, IN	2017	M03	March	21.18
SMU18269003000000008	Indiana	Indianapolis-Carmel-Greenwood, IN	2017	M02	February	20.98
SMU18269003000000008	Indiana	Indianapolis-Carmel-Greenwood, IN	2017	M01	January	20.44
SMU18269003000000008	Indiana	Indianapolis-Carmel-Greenwood, IN	2016	M12	December	20.73
SMU18269003000000008	Indiana	Indianapolis-Carmel-Greenwood, IN	2016	M11	November	20.05
SMU18269003000000008	Indiana	Indianapolis-Carmel-Greenwood, IN	2016	M10	October	20.49
SMU18269003000000008	Indiana	Indianapolis-Carmel-Greenwood, IN	2016	M09	September	20.29
SMU18269003000000008	Indiana	Indianapolis-Carmel-Greenwood, IN	2016	M08	August	19.77
SMU18269003000000008	Indiana	Indianapolis-Carmel-Greenwood, IN	2016	M07	July	19.46
SMU18269003000000008	Indiana	Indianapolis-Carmel-Greenwood, IN	2016	M06	June	19.43
SMU18269003000000008	Indiana	Indianapolis-Carmel-Greenwood, IN	2016	M05	May	19.42
SMU18269003000000008	Indiana	Indianapolis-Carmel-Greenwood, IN	2016	M04	April	19.15
SMU18269003000000008	Indiana	Indianapolis-Carmel-Greenwood, IN	2016	M03	March	18.93
SMU18269003000000008	Indiana	Indianapolis-Carmel-Greenwood, IN	2016	M02	February	18.73
SMU18269003000000008	Indiana	Indianapolis-Carmel-Greenwood, IN	2016	M01	January	19.11
SMU18269003000000008	Indiana	Indianapolis-Carmel-Greenwood, IN	2015	M12	December	18.97
SMU18269003000000008	Indiana	Indianapolis-Carmel-Greenwood, IN	2015	M11	November	19.31
SMU18269003000000008	Indiana	Indianapolis-Carmel-Greenwood, IN	2015	M10	October	19.34
SMU18269003000000008	Indiana	Indianapolis-Carmel-Greenwood, IN	2015	M09	September	19.09
SMU18269003000000008	Indiana	Indianapolis-Carmel-Greenwood, IN	2015	M08	August	19.18
SMU18269003000000008	Indiana	Indianapolis-Carmel-Greenwood, IN	2015	M07	July	18.91
SMU18269003000000008	Indiana	Indianapolis-Carmel-Greenwood, IN	2015	M06	June	18.74
SMU18269003000000008	Indiana	Indianapolis-Carmel-Greenwood, IN	2015	M05	May	18.41
SMU18269003000000008	Indiana	Indianapolis-Carmel-Greenwood, IN	2015	M04	April	18.57
SMU18269003000000008	Indiana	Indianapolis-Carmel-Greenwood, IN	2015	M03	March	18.61
SMU18269003000000008	Indiana	Indianapolis-Carmel-Greenwood, IN	2015	M02	February	18.68
SMU18269003000000008	Indiana	Indianapolis-Carmel-Greenwood, IN	2015	M01	January	19.46
SMU18269003000000008	Indiana	Indianapolis-Carmel-Greenwood, IN	2014	M12	December	19.52
SMU18269003000000008	Indiana	Indianapolis-Carmel-Greenwood, IN	2014	M11	November	19.95
SMU18269003000000008	Indiana	Indianapolis-Carmel-Greenwood, IN	2014	M10	October	20.05
SMU18269003000000008	Indiana	Indianapolis-Carmel-Greenwood, IN	2014	M09	September	20.26
SMU18269003000000008	Indiana	Indianapolis-Carmel-Greenwood, IN	2014	M08	August	20.57
SMU18269003000000008	Indiana	Indianapolis-Carmel-Greenwood, IN	2014	M07	July	20.58
SMU18269003000000008	Indiana	Indianapolis-Carmel-Greenwood, IN	2014	M06	June	20.84
SMU18269003000000008	Indiana	Indianapolis-Carmel-Greenwood, IN	2014	M05	May	20.23
SMU18269003000000008	Indiana	Indianapolis-Carmel-Greenwood, IN	2014	M04	April	20.61
SMU18269003000000008	Indiana	Indianapolis-Carmel-Greenwood, IN	2014	M03	March	20.47
SMU18269003000000008	Indiana	Indianapolis-Carmel-Greenwood, IN	2014	M02	February	20.15
SMU18269003000000008	Indiana	Indianapolis-Carmel-Greenwood, IN	2014	M01	January	20.14
SMU18269003000000008	Indiana	Indianapolis-Carmel-Greenwood, IN	2013	M12	December	20.42
SMU18269003000000008	Indiana	Indianapolis-Carmel-Greenwood, IN	2013	M11	November	20.19
SMU18269003000000008	Indiana	Indianapolis-Carmel-Greenwood, IN	2013	M10	October	20.11
SMU18269003000000008	Indiana	Indianapolis-Carmel-Greenwood, IN	2013	M09	September	20.42
SMU18269003000000008	Indiana	Indianapolis-Carmel-Greenwood, IN	2013	M08	August	20.56
SMU18269003000000008	Indiana	Indianapolis-Carmel-Greenwood, IN	2013	M07	July	21.05
SMU18269003000000008	Indiana	Indianapolis-Carmel-Greenwood, IN	2013	M06	June	20.65
SMU18269003000000008	Indiana	Indianapolis-Carmel-Greenwood, IN	2013	M05	May	20.62
SMU18269003000000008	Indiana	Indianapolis-Carmel-Greenwood, IN	2013	M04	April	20.67
SMU18269003000000008	Indiana	Indianapolis-Carmel-Greenwood, IN	2013	M03	March	20.16
SMU18269003000000008	Indiana	Indianapolis-Carmel-Greenwood, IN	2013	M02	February	20.57
SMU18269003000000008	Indiana	Indianapolis-Carmel-Greenwood, IN	2013	M01	January	21.14
SMU18269003000000008	Indiana	Indianapolis-Carmel-Greenwood, IN	2012	M12	December	21.19
SMU18269003000000008	Indiana	Indianapolis-Carmel-Greenwood, IN	2012	M11	November	21.34
SMU18269003000000008	Indiana	Indianapolis-Carmel-Greenwood, IN	2012	M10	October	21.03
SMU18269003000000008	Indiana	Indianapolis-Carmel-Greenwood, IN	2012	M09	September	21.15
SMU18269003000000008	Indiana	Indianapolis-Carmel-Greenwood, IN	2012	M08	August	20.84
SMU18269003000000008	Indiana	Indianapolis-Carmel-Greenwood, IN	2012	M07	July	21.83
SMU18269003000000008	Indiana	Indianapolis-Carmel-Greenwood, IN	2012	M06	June	20.19
SMU18269003000000008	Indiana	Indianapolis-Carmel-Greenwood, IN	2012	M05	May	20.21
SMU18269003000000008	Indiana	Indianapolis-Carmel-Greenwood, IN	2012	M04	April	20.56
SMU18269003000000008	Indiana	Indianapolis-Carmel-Greenwood, IN	2012	M03	March	20.12
SMU18269003000000008	Indiana	Indianapolis-Carmel-Greenwood, IN	2012	M02	February	20.20
SMU18269003000000008	Indiana	Indianapolis-Carmel-Greenwood, IN	2012	M01	January	20.70
SMU18269003000000008	Indiana	Indianapolis-Carmel-Greenwood, IN	2011	M12	December	20.93
SMU18269003000000008	Indiana	Indianapolis-Carmel-Greenwood, IN	2011	M11	November	21.15
SMU18269003000000008	Indiana	Indianapolis-Carmel-Greenwood, IN	2011	M10	October	19.12
SMU18269003000000008	Indiana	Indianapolis-Carmel-Greenwood, IN	2011	M09	September	18.91
SMU18269003000000008	Indiana	Indianapolis-Carmel-Greenwood, IN	2011	M08	August	18.85
SMU18269003000000008	Indiana	Indianapolis-Carmel-Greenwood, IN	2011	M07	July	18.96
SMU18269003000000008	Indiana	Indianapolis-Carmel-Greenwood, IN	2011	M06	June	19.00
SMU18269003000000008	Indiana	Indianapolis-Carmel-Greenwood, IN	2011	M05	May	19.29
SMU18269003000000008	Indiana	Indianapolis-Carmel-Greenwood, IN	2011	M04	April	19.57
SMU18269003000000008	Indiana	Indianapolis-Carmel-Greenwood, IN	2011	M03	March	19.49
SMU18269003000000008	Indiana	Indianapolis-Carmel-Greenwood, IN	2011	M02	February	19.88
SMU18269003000000008	Indiana	Indianapolis-Carmel-Greenwood, IN	2011	M01	January	20.14
SMU18269003000000008	Indiana	Indianapolis-Carmel-Greenwood, IN	2010	M12	December	20.38
SMU18269003000000008	Indiana	Indianapolis-Carmel-Greenwood, IN	2010	M11	November	20.90
SMU18269003000000008	Indiana	Indianapolis-Carmel-Greenwood, IN	2010	M10	October	20.59
SMU18269003000000008	Indiana	Indianapolis-Carmel-Greenwood, IN	2010	M09	September	19.99
SMU18269003000000008	Indiana	Indianapolis-Carmel-Greenwood, IN	2010	M08	August	19.73
SMU18269003000000008	Indiana	Indianapolis-Carmel-Greenwood, IN	2010	M07	July	18.87
SMU18269003000000008	Indiana	Indianapolis-Carmel-Greenwood, IN	2010	M06	June	20.41
SMU18269003000000008	Indiana	Indianapolis-Carmel-Greenwood, IN	2010	M05	May	19.49
SMU18269003000000008	Indiana	Indianapolis-Carmel-Greenwood, IN	2010	M04	April	18.94
SMU18269003000000008	Indiana	Indianapolis-Carmel-Greenwood, IN	2010	M03	March	19.11
SMU18269003000000008	Indiana	Indianapolis-Carmel-Greenwood, IN	2010	M02	February	19.53
SMU18269003000000008	Indiana	Indianapolis-Carmel-Greenwood, IN	2010	M01	January	19.47
SMU18269003000000008	Indiana	Indianapolis-Carmel-Greenwood, IN	2009	M12	December	19.75
SMU18269003000000008	Indiana	Indianapolis-Carmel-Greenwood, IN	2009	M11	November	20.07
SMU18269003000000008	Indiana	Indianapolis-Carmel-Greenwood, IN	2009	M10	October	19.49
SMU18269003000000008	Indiana	Indianapolis-Carmel-Greenwood, IN	2009	M09	September	19.44
SMU18269003000000008	Indiana	Indianapolis-Carmel-Greenwood, IN	2009	M08	August	20.74
SMU18269003000000008	Indiana	Indianapolis-Carmel-Greenwood, IN	2009	M07	July	21.22
SMU18269003000000008	Indiana	Indianapolis-Carmel-Greenwood, IN	2009	M06	June	20.83
SMU18269003000000008	Indiana	Indianapolis-Carmel-Greenwood, IN	2009	M05	May	21.02
SMU18269003000000008	Indiana	Indianapolis-Carmel-Greenwood, IN	2009	M04	April	20.52
SMU18269003000000008	Indiana	Indianapolis-Carmel-Greenwood, IN	2009	M03	March	20.94
SMU18269003000000008	Indiana	Indianapolis-Carmel-Greenwood, IN	2009	M02	February	20.75
SMU18269003000000008	Indiana	Indianapolis-Carmel-Greenwood, IN	2009	M01	January	21.67
SMU18269003000000008	Indiana	Indianapolis-Carmel-Greenwood, IN	2008	M12	December	22.33
SMU18269003000000008	Indiana	Indianapolis-Carmel-Greenwood, IN	2008	M11	November	22.40
SMU18269003000000008	Indiana	Indianapolis-Carmel-Greenwood, IN	2008	M10	October	21.39
SMU18269003000000008	Indiana	Indianapolis-Carmel-Greenwood, IN	2008	M09	September	21.62
SMU18269003000000008	Indiana	Indianapolis-Carmel-Greenwood, IN	2008	M08	August	22.19
SMU18269003000000008	Indiana	Indianapolis-Carmel-Greenwood, IN	2008	M07	July	21.57
SMU18269003000000008	Indiana	Indianapolis-Carmel-Greenwood, IN	2008	M06	June	21.76
SMU18269003000000008	Indiana	Indianapolis-Carmel-Greenwood, IN	2008	M05	May	21.87
SMU18269003000000008	Indiana	Indianapolis-Carmel-Greenwood, IN	2008	M04	April	21.60
SMU18269003000000008	Indiana	Indianapolis-Carmel-Greenwood, IN	2008	M03	March	21.68
SMU18269003000000008	Indiana	Indianapolis-Carmel-Greenwood, IN	2008	M02	February	21.26
SMU18269003000000008	Indiana	Indianapolis-Carmel-Greenwood, IN	2008	M01	January	21.53
SMU18269003000000008	Indiana	Indianapolis-Carmel-Greenwood, IN	2007	M12	December	21.25
SMU18269003000000008	Indiana	Indianapolis-Carmel-Greenwood, IN	2007	M11	November	21.34
SMU18269003000000008	Indiana	Indianapolis-Carmel-Greenwood, IN	2007	M10	October	20.99
SMU18269003000000008	Indiana	Indianapolis-Carmel-Greenwood, IN	2007	M09	September	21.07
SMU18269003000000008	Indiana	Indianapolis-Carmel-Greenwood, IN	2007	M08	August	21.33
SMU18269003000000008	Indiana	Indianapolis-Carmel-Greenwood, IN	2007	M07	July	21.12
SMU18269003000000008	Indiana	Indianapolis-Carmel-Greenwood, IN	2007	M06	June	21.17
SMU18269003000000008	Indiana	Indianapolis-Carmel-Greenwood, IN	2007	M05	May	21.16
SMU18269003000000008	Indiana	Indianapolis-Carmel-Greenwood, IN	2007	M04	April	20.95
SMU18269003000000008	Indiana	Indianapolis-Carmel-Greenwood, IN	2007	M03	March	21.02
SMU18269003000000008	Indiana	Indianapolis-Carmel-Greenwood, IN	2007	M02	February	20.81
SMU18269003000000008	Indiana	Indianapolis-Carmel-Greenwood, IN	2007	M01	January	21.08
SMU41389003000000008	Oregon	Portland-Vancouver-Hillsboro, OR-WA	2025	M12	December	33.52
SMU41389003000000008	Oregon	Portland-Vancouver-Hillsboro, OR-WA	2025	M11	November	33.21
SMU41389003000000008	Oregon	Portland-Vancouver-Hillsboro, OR-WA	2025	M10	October	32.85
SMU41389003000000008	Oregon	Portland-Vancouver-Hillsboro, OR-WA	2025	M09	September	32.87
SMU41389003000000008	Oregon	Portland-Vancouver-Hillsboro, OR-WA	2025	M08	August	33.00
SMU41389003000000008	Oregon	Portland-Vancouver-Hillsboro, OR-WA	2025	M07	July	32.95
SMU41389003000000008	Oregon	Portland-Vancouver-Hillsboro, OR-WA	2025	M06	June	32.95
SMU41389003000000008	Oregon	Portland-Vancouver-Hillsboro, OR-WA	2025	M05	May	32.91
SMU41389003000000008	Oregon	Portland-Vancouver-Hillsboro, OR-WA	2025	M04	April	32.30
SMU41389003000000008	Oregon	Portland-Vancouver-Hillsboro, OR-WA	2025	M03	March	31.93
SMU41389003000000008	Oregon	Portland-Vancouver-Hillsboro, OR-WA	2025	M02	February	31.53
SMU41389003000000008	Oregon	Portland-Vancouver-Hillsboro, OR-WA	2025	M01	January	31.29
SMU41389003000000008	Oregon	Portland-Vancouver-Hillsboro, OR-WA	2024	M12	December	31.51
SMU41389003000000008	Oregon	Portland-Vancouver-Hillsboro, OR-WA	2024	M11	November	31.11
SMU41389003000000008	Oregon	Portland-Vancouver-Hillsboro, OR-WA	2024	M10	October	30.76
SMU41389003000000008	Oregon	Portland-Vancouver-Hillsboro, OR-WA	2024	M09	September	31.60
SMU41389003000000008	Oregon	Portland-Vancouver-Hillsboro, OR-WA	2024	M08	August	30.96
SMU41389003000000008	Oregon	Portland-Vancouver-Hillsboro, OR-WA	2024	M07	July	31.17
SMU41389003000000008	Oregon	Portland-Vancouver-Hillsboro, OR-WA	2024	M06	June	31.10
SMU41389003000000008	Oregon	Portland-Vancouver-Hillsboro, OR-WA	2024	M05	May	30.07
SMU41389003000000008	Oregon	Portland-Vancouver-Hillsboro, OR-WA	2024	M04	April	29.84
SMU41389003000000008	Oregon	Portland-Vancouver-Hillsboro, OR-WA	2024	M03	March	29.53
SMU41389003000000008	Oregon	Portland-Vancouver-Hillsboro, OR-WA	2024	M02	February	29.30
SMU41389003000000008	Oregon	Portland-Vancouver-Hillsboro, OR-WA	2024	M01	January	29.17
SMU41389003000000008	Oregon	Portland-Vancouver-Hillsboro, OR-WA	2023	M12	December	28.07
SMU41389003000000008	Oregon	Portland-Vancouver-Hillsboro, OR-WA	2023	M11	November	28.01
SMU41389003000000008	Oregon	Portland-Vancouver-Hillsboro, OR-WA	2023	M10	October	28.18
SMU41389003000000008	Oregon	Portland-Vancouver-Hillsboro, OR-WA	2023	M09	September	28.15
SMU41389003000000008	Oregon	Portland-Vancouver-Hillsboro, OR-WA	2023	M08	August	27.73
SMU41389003000000008	Oregon	Portland-Vancouver-Hillsboro, OR-WA	2023	M07	July	27.81
SMU41389003000000008	Oregon	Portland-Vancouver-Hillsboro, OR-WA	2023	M06	June	27.33
SMU41389003000000008	Oregon	Portland-Vancouver-Hillsboro, OR-WA	2023	M05	May	27.20
SMU41389003000000008	Oregon	Portland-Vancouver-Hillsboro, OR-WA	2023	M04	April	26.84
SMU41389003000000008	Oregon	Portland-Vancouver-Hillsboro, OR-WA	2023	M03	March	26.93
SMU41389003000000008	Oregon	Portland-Vancouver-Hillsboro, OR-WA	2023	M02	February	26.87
SMU41389003000000008	Oregon	Portland-Vancouver-Hillsboro, OR-WA	2023	M01	January	26.52
SMU41389003000000008	Oregon	Portland-Vancouver-Hillsboro, OR-WA	2022	M12	December	26.36
SMU41389003000000008	Oregon	Portland-Vancouver-Hillsboro, OR-WA	2022	M11	November	26.29
SMU41389003000000008	Oregon	Portland-Vancouver-Hillsboro, OR-WA	2022	M10	October	26.29
SMU41389003000000008	Oregon	Portland-Vancouver-Hillsboro, OR-WA	2022	M09	September	26.55
SMU41389003000000008	Oregon	Portland-Vancouver-Hillsboro, OR-WA	2022	M08	August	26.81
SMU41389003000000008	Oregon	Portland-Vancouver-Hillsboro, OR-WA	2022	M07	July	26.79
SMU41389003000000008	Oregon	Portland-Vancouver-Hillsboro, OR-WA	2022	M06	June	26.52
SMU41389003000000008	Oregon	Portland-Vancouver-Hillsboro, OR-WA	2022	M05	May	26.63
SMU41389003000000008	Oregon	Portland-Vancouver-Hillsboro, OR-WA	2022	M04	April	26.56
SMU41389003000000008	Oregon	Portland-Vancouver-Hillsboro, OR-WA	2022	M03	March	26.62
SMU41389003000000008	Oregon	Portland-Vancouver-Hillsboro, OR-WA	2022	M02	February	26.39
SMU41389003000000008	Oregon	Portland-Vancouver-Hillsboro, OR-WA	2022	M01	January	26.65
SMU41389003000000008	Oregon	Portland-Vancouver-Hillsboro, OR-WA	2021	M12	December	26.65
SMU41389003000000008	Oregon	Portland-Vancouver-Hillsboro, OR-WA	2021	M11	November	26.48
SMU41389003000000008	Oregon	Portland-Vancouver-Hillsboro, OR-WA	2021	M10	October	25.84
SMU41389003000000008	Oregon	Portland-Vancouver-Hillsboro, OR-WA	2021	M09	September	25.63
SMU41389003000000008	Oregon	Portland-Vancouver-Hillsboro, OR-WA	2021	M08	August	25.12
SMU41389003000000008	Oregon	Portland-Vancouver-Hillsboro, OR-WA	2021	M07	July	25.12
SMU41389003000000008	Oregon	Portland-Vancouver-Hillsboro, OR-WA	2021	M06	June	24.79
SMU41389003000000008	Oregon	Portland-Vancouver-Hillsboro, OR-WA	2021	M05	May	24.14
SMU41389003000000008	Oregon	Portland-Vancouver-Hillsboro, OR-WA	2021	M04	April	24.00
SMU41389003000000008	Oregon	Portland-Vancouver-Hillsboro, OR-WA	2021	M03	March	23.99
SMU41389003000000008	Oregon	Portland-Vancouver-Hillsboro, OR-WA	2021	M02	February	24.48
SMU41389003000000008	Oregon	Portland-Vancouver-Hillsboro, OR-WA	2021	M01	January	24.22
SMU41389003000000008	Oregon	Portland-Vancouver-Hillsboro, OR-WA	2020	M12	December	23.87
SMU41389003000000008	Oregon	Portland-Vancouver-Hillsboro, OR-WA	2020	M11	November	23.71
SMU41389003000000008	Oregon	Portland-Vancouver-Hillsboro, OR-WA	2020	M10	October	23.95
SMU41389003000000008	Oregon	Portland-Vancouver-Hillsboro, OR-WA	2020	M09	September	24.04
SMU41389003000000008	Oregon	Portland-Vancouver-Hillsboro, OR-WA	2020	M08	August	23.80
SMU41389003000000008	Oregon	Portland-Vancouver-Hillsboro, OR-WA	2020	M07	July	24.10
SMU41389003000000008	Oregon	Portland-Vancouver-Hillsboro, OR-WA	2020	M06	June	23.74
SMU41389003000000008	Oregon	Portland-Vancouver-Hillsboro, OR-WA	2020	M05	May	24.06
SMU41389003000000008	Oregon	Portland-Vancouver-Hillsboro, OR-WA	2020	M04	April	24.32
SMU41389003000000008	Oregon	Portland-Vancouver-Hillsboro, OR-WA	2020	M03	March	24.42
SMU41389003000000008	Oregon	Portland-Vancouver-Hillsboro, OR-WA	2020	M02	February	24.24
SMU41389003000000008	Oregon	Portland-Vancouver-Hillsboro, OR-WA	2020	M01	January	24.00
SMU41389003000000008	Oregon	Portland-Vancouver-Hillsboro, OR-WA	2019	M12	December	23.91
SMU41389003000000008	Oregon	Portland-Vancouver-Hillsboro, OR-WA	2019	M11	November	23.86
SMU41389003000000008	Oregon	Portland-Vancouver-Hillsboro, OR-WA	2019	M10	October	23.90
SMU41389003000000008	Oregon	Portland-Vancouver-Hillsboro, OR-WA	2019	M09	September	23.94
SMU41389003000000008	Oregon	Portland-Vancouver-Hillsboro, OR-WA	2019	M08	August	23.56
SMU41389003000000008	Oregon	Portland-Vancouver-Hillsboro, OR-WA	2019	M07	July	23.36
SMU41389003000000008	Oregon	Portland-Vancouver-Hillsboro, OR-WA	2019	M06	June	23.40
SMU41389003000000008	Oregon	Portland-Vancouver-Hillsboro, OR-WA	2019	M05	May	23.51
SMU41389003000000008	Oregon	Portland-Vancouver-Hillsboro, OR-WA	2019	M04	April	23.68
SMU41389003000000008	Oregon	Portland-Vancouver-Hillsboro, OR-WA	2019	M03	March	23.71
SMU41389003000000008	Oregon	Portland-Vancouver-Hillsboro, OR-WA	2019	M02	February	23.60
SMU41389003000000008	Oregon	Portland-Vancouver-Hillsboro, OR-WA	2019	M01	January	23.73
SMU41389003000000008	Oregon	Portland-Vancouver-Hillsboro, OR-WA	2018	M12	December	24.33
SMU41389003000000008	Oregon	Portland-Vancouver-Hillsboro, OR-WA	2018	M11	November	23.68
SMU41389003000000008	Oregon	Portland-Vancouver-Hillsboro, OR-WA	2018	M10	October	23.63
SMU41389003000000008	Oregon	Portland-Vancouver-Hillsboro, OR-WA	2018	M09	September	23.59
SMU41389003000000008	Oregon	Portland-Vancouver-Hillsboro, OR-WA	2018	M08	August	22.71
SMU41389003000000008	Oregon	Portland-Vancouver-Hillsboro, OR-WA	2018	M07	July	22.21
SMU41389003000000008	Oregon	Portland-Vancouver-Hillsboro, OR-WA	2018	M06	June	22.83
SMU41389003000000008	Oregon	Portland-Vancouver-Hillsboro, OR-WA	2018	M05	May	23.12
SMU41389003000000008	Oregon	Portland-Vancouver-Hillsboro, OR-WA	2018	M04	April	23.03
SMU41389003000000008	Oregon	Portland-Vancouver-Hillsboro, OR-WA	2018	M03	March	22.76
SMU41389003000000008	Oregon	Portland-Vancouver-Hillsboro, OR-WA	2018	M02	February	22.57
SMU41389003000000008	Oregon	Portland-Vancouver-Hillsboro, OR-WA	2018	M01	January	22.13
SMU41389003000000008	Oregon	Portland-Vancouver-Hillsboro, OR-WA	2017	M12	December	22.24
SMU41389003000000008	Oregon	Portland-Vancouver-Hillsboro, OR-WA	2017	M11	November	22.23
SMU41389003000000008	Oregon	Portland-Vancouver-Hillsboro, OR-WA	2017	M10	October	22.22
SMU41389003000000008	Oregon	Portland-Vancouver-Hillsboro, OR-WA	2017	M09	September	22.83
SMU41389003000000008	Oregon	Portland-Vancouver-Hillsboro, OR-WA	2017	M08	August	22.60
SMU41389003000000008	Oregon	Portland-Vancouver-Hillsboro, OR-WA	2017	M07	July	22.42
SMU41389003000000008	Oregon	Portland-Vancouver-Hillsboro, OR-WA	2017	M06	June	22.67
SMU41389003000000008	Oregon	Portland-Vancouver-Hillsboro, OR-WA	2017	M05	May	22.53
SMU41389003000000008	Oregon	Portland-Vancouver-Hillsboro, OR-WA	2017	M04	April	22.05
SMU41389003000000008	Oregon	Portland-Vancouver-Hillsboro, OR-WA	2017	M03	March	21.99
SMU41389003000000008	Oregon	Portland-Vancouver-Hillsboro, OR-WA	2017	M02	February	21.89
SMU41389003000000008	Oregon	Portland-Vancouver-Hillsboro, OR-WA	2017	M01	January	22.32
SMU41389003000000008	Oregon	Portland-Vancouver-Hillsboro, OR-WA	2016	M12	December	22.18
SMU41389003000000008	Oregon	Portland-Vancouver-Hillsboro, OR-WA	2016	M11	November	21.74
SMU41389003000000008	Oregon	Portland-Vancouver-Hillsboro, OR-WA	2016	M10	October	21.90
SMU41389003000000008	Oregon	Portland-Vancouver-Hillsboro, OR-WA	2016	M09	September	22.22
SMU41389003000000008	Oregon	Portland-Vancouver-Hillsboro, OR-WA	2016	M08	August	21.59
SMU41389003000000008	Oregon	Portland-Vancouver-Hillsboro, OR-WA	2016	M07	July	21.58
SMU41389003000000008	Oregon	Portland-Vancouver-Hillsboro, OR-WA	2016	M06	June	21.31
SMU41389003000000008	Oregon	Portland-Vancouver-Hillsboro, OR-WA	2016	M05	May	21.49
SMU41389003000000008	Oregon	Portland-Vancouver-Hillsboro, OR-WA	2016	M04	April	21.05
SMU41389003000000008	Oregon	Portland-Vancouver-Hillsboro, OR-WA	2016	M03	March	20.98
SMU41389003000000008	Oregon	Portland-Vancouver-Hillsboro, OR-WA	2016	M02	February	21.01
SMU41389003000000008	Oregon	Portland-Vancouver-Hillsboro, OR-WA	2016	M01	January	21.29
SMU41389003000000008	Oregon	Portland-Vancouver-Hillsboro, OR-WA	2015	M12	December	21.47
SMU41389003000000008	Oregon	Portland-Vancouver-Hillsboro, OR-WA	2015	M11	November	21.34
SMU41389003000000008	Oregon	Portland-Vancouver-Hillsboro, OR-WA	2015	M10	October	21.28
SMU41389003000000008	Oregon	Portland-Vancouver-Hillsboro, OR-WA	2015	M09	September	21.06
SMU41389003000000008	Oregon	Portland-Vancouver-Hillsboro, OR-WA	2015	M08	August	21.22
SMU41389003000000008	Oregon	Portland-Vancouver-Hillsboro, OR-WA	2015	M07	July	21.34
SMU41389003000000008	Oregon	Portland-Vancouver-Hillsboro, OR-WA	2015	M06	June	21.35
SMU41389003000000008	Oregon	Portland-Vancouver-Hillsboro, OR-WA	2015	M05	May	21.27
SMU41389003000000008	Oregon	Portland-Vancouver-Hillsboro, OR-WA	2015	M04	April	21.21
SMU41389003000000008	Oregon	Portland-Vancouver-Hillsboro, OR-WA	2015	M03	March	21.21
SMU41389003000000008	Oregon	Portland-Vancouver-Hillsboro, OR-WA	2015	M02	February	21.20
SMU41389003000000008	Oregon	Portland-Vancouver-Hillsboro, OR-WA	2015	M01	January	21.08
SMU41389003000000008	Oregon	Portland-Vancouver-Hillsboro, OR-WA	2014	M12	December	20.66
SMU41389003000000008	Oregon	Portland-Vancouver-Hillsboro, OR-WA	2014	M11	November	20.57
SMU41389003000000008	Oregon	Portland-Vancouver-Hillsboro, OR-WA	2014	M10	October	20.81
SMU41389003000000008	Oregon	Portland-Vancouver-Hillsboro, OR-WA	2014	M09	September	20.58
SMU41389003000000008	Oregon	Portland-Vancouver-Hillsboro, OR-WA	2014	M08	August	20.46
SMU41389003000000008	Oregon	Portland-Vancouver-Hillsboro, OR-WA	2014	M07	July	20.39
SMU41389003000000008	Oregon	Portland-Vancouver-Hillsboro, OR-WA	2014	M06	June	20.31
SMU41389003000000008	Oregon	Portland-Vancouver-Hillsboro, OR-WA	2014	M05	May	20.43
SMU41389003000000008	Oregon	Portland-Vancouver-Hillsboro, OR-WA	2014	M04	April	20.20
SMU41389003000000008	Oregon	Portland-Vancouver-Hillsboro, OR-WA	2014	M03	March	20.23
SMU41389003000000008	Oregon	Portland-Vancouver-Hillsboro, OR-WA	2014	M02	February	20.13
SMU41389003000000008	Oregon	Portland-Vancouver-Hillsboro, OR-WA	2014	M01	January	20.23
SMU41389003000000008	Oregon	Portland-Vancouver-Hillsboro, OR-WA	2013	M12	December	20.18
SMU41389003000000008	Oregon	Portland-Vancouver-Hillsboro, OR-WA	2013	M11	November	19.93
SMU41389003000000008	Oregon	Portland-Vancouver-Hillsboro, OR-WA	2013	M10	October	19.68
SMU41389003000000008	Oregon	Portland-Vancouver-Hillsboro, OR-WA	2013	M09	September	19.83
SMU41389003000000008	Oregon	Portland-Vancouver-Hillsboro, OR-WA	2013	M08	August	19.63
SMU41389003000000008	Oregon	Portland-Vancouver-Hillsboro, OR-WA	2013	M07	July	19.56
SMU41389003000000008	Oregon	Portland-Vancouver-Hillsboro, OR-WA	2013	M06	June	19.47
SMU41389003000000008	Oregon	Portland-Vancouver-Hillsboro, OR-WA	2013	M05	May	19.41
SMU41389003000000008	Oregon	Portland-Vancouver-Hillsboro, OR-WA	2013	M04	April	19.53
SMU41389003000000008	Oregon	Portland-Vancouver-Hillsboro, OR-WA	2013	M03	March	19.52
SMU41389003000000008	Oregon	Portland-Vancouver-Hillsboro, OR-WA	2013	M02	February	19.61
SMU41389003000000008	Oregon	Portland-Vancouver-Hillsboro, OR-WA	2013	M01	January	19.65
SMU41389003000000008	Oregon	Portland-Vancouver-Hillsboro, OR-WA	2012	M12	December	19.68
SMU41389003000000008	Oregon	Portland-Vancouver-Hillsboro, OR-WA	2012	M11	November	19.23
SMU41389003000000008	Oregon	Portland-Vancouver-Hillsboro, OR-WA	2012	M10	October	19.23
SMU41389003000000008	Oregon	Portland-Vancouver-Hillsboro, OR-WA	2012	M09	September	19.00
SMU41389003000000008	Oregon	Portland-Vancouver-Hillsboro, OR-WA	2012	M08	August	19.20
SMU41389003000000008	Oregon	Portland-Vancouver-Hillsboro, OR-WA	2012	M07	July	19.27
SMU41389003000000008	Oregon	Portland-Vancouver-Hillsboro, OR-WA	2012	M06	June	19.50
SMU41389003000000008	Oregon	Portland-Vancouver-Hillsboro, OR-WA	2012	M05	May	19.38
SMU41389003000000008	Oregon	Portland-Vancouver-Hillsboro, OR-WA	2012	M04	April	19.50
SMU41389003000000008	Oregon	Portland-Vancouver-Hillsboro, OR-WA	2012	M03	March	19.34
SMU41389003000000008	Oregon	Portland-Vancouver-Hillsboro, OR-WA	2012	M02	February	19.20
SMU41389003000000008	Oregon	Portland-Vancouver-Hillsboro, OR-WA	2012	M01	January	19.34
SMU41389003000000008	Oregon	Portland-Vancouver-Hillsboro, OR-WA	2011	M12	December	19.24
SMU41389003000000008	Oregon	Portland-Vancouver-Hillsboro, OR-WA	2011	M11	November	19.06
SMU41389003000000008	Oregon	Portland-Vancouver-Hillsboro, OR-WA	2011	M10	October	18.81
SMU41389003000000008	Oregon	Portland-Vancouver-Hillsboro, OR-WA	2011	M09	September	18.63
SMU41389003000000008	Oregon	Portland-Vancouver-Hillsboro, OR-WA	2011	M08	August	18.55
SMU41389003000000008	Oregon	Portland-Vancouver-Hillsboro, OR-WA	2011	M07	July	18.52
SMU41389003000000008	Oregon	Portland-Vancouver-Hillsboro, OR-WA	2011	M06	June	18.42
SMU41389003000000008	Oregon	Portland-Vancouver-Hillsboro, OR-WA	2011	M05	May	18.50
SMU41389003000000008	Oregon	Portland-Vancouver-Hillsboro, OR-WA	2011	M04	April	18.23
SMU41389003000000008	Oregon	Portland-Vancouver-Hillsboro, OR-WA	2011	M03	March	18.03
SMU41389003000000008	Oregon	Portland-Vancouver-Hillsboro, OR-WA	2011	M02	February	17.88
SMU41389003000000008	Oregon	Portland-Vancouver-Hillsboro, OR-WA	2011	M01	January	17.80
SMU41389003000000008	Oregon	Portland-Vancouver-Hillsboro, OR-WA	2010	M12	December	17.87
SMU41389003000000008	Oregon	Portland-Vancouver-Hillsboro, OR-WA	2010	M11	November	17.90
SMU41389003000000008	Oregon	Portland-Vancouver-Hillsboro, OR-WA	2010	M10	October	17.89
SMU41389003000000008	Oregon	Portland-Vancouver-Hillsboro, OR-WA	2010	M09	September	17.87
SMU41389003000000008	Oregon	Portland-Vancouver-Hillsboro, OR-WA	2010	M08	August	17.89
SMU41389003000000008	Oregon	Portland-Vancouver-Hillsboro, OR-WA	2010	M07	July	18.28
SMU41389003000000008	Oregon	Portland-Vancouver-Hillsboro, OR-WA	2010	M06	June	17.89
SMU41389003000000008	Oregon	Portland-Vancouver-Hillsboro, OR-WA	2010	M05	May	18.29
SMU41389003000000008	Oregon	Portland-Vancouver-Hillsboro, OR-WA	2010	M04	April	18.12
SMU41389003000000008	Oregon	Portland-Vancouver-Hillsboro, OR-WA	2010	M03	March	18.12
SMU41389003000000008	Oregon	Portland-Vancouver-Hillsboro, OR-WA	2010	M02	February	18.25
SMU41389003000000008	Oregon	Portland-Vancouver-Hillsboro, OR-WA	2010	M01	January	17.98
SMU41389003000000008	Oregon	Portland-Vancouver-Hillsboro, OR-WA	2009	M12	December	17.90
SMU41389003000000008	Oregon	Portland-Vancouver-Hillsboro, OR-WA	2009	M11	November	18.01
SMU41389003000000008	Oregon	Portland-Vancouver-Hillsboro, OR-WA	2009	M10	October	18.16
SMU41389003000000008	Oregon	Portland-Vancouver-Hillsboro, OR-WA	2009	M09	September	18.25
SMU41389003000000008	Oregon	Portland-Vancouver-Hillsboro, OR-WA	2009	M08	August	18.31
SMU41389003000000008	Oregon	Portland-Vancouver-Hillsboro, OR-WA	2009	M07	July	18.19
SMU41389003000000008	Oregon	Portland-Vancouver-Hillsboro, OR-WA	2009	M06	June	18.34
SMU41389003000000008	Oregon	Portland-Vancouver-Hillsboro, OR-WA	2009	M05	May	18.48
SMU41389003000000008	Oregon	Portland-Vancouver-Hillsboro, OR-WA	2009	M04	April	18.38
SMU41389003000000008	Oregon	Portland-Vancouver-Hillsboro, OR-WA	2009	M03	March	18.24
SMU41389003000000008	Oregon	Portland-Vancouver-Hillsboro, OR-WA	2009	M02	February	18.26
SMU41389003000000008	Oregon	Portland-Vancouver-Hillsboro, OR-WA	2009	M01	January	18.30
SMU41389003000000008	Oregon	Portland-Vancouver-Hillsboro, OR-WA	2008	M12	December	17.94
SMU41389003000000008	Oregon	Portland-Vancouver-Hillsboro, OR-WA	2008	M11	November	17.74
SMU41389003000000008	Oregon	Portland-Vancouver-Hillsboro, OR-WA	2008	M10	October	17.84
SMU41389003000000008	Oregon	Portland-Vancouver-Hillsboro, OR-WA	2008	M09	September	17.71
SMU41389003000000008	Oregon	Portland-Vancouver-Hillsboro, OR-WA	2008	M08	August	17.96
SMU41389003000000008	Oregon	Portland-Vancouver-Hillsboro, OR-WA	2008	M07	July	17.96
SMU41389003000000008	Oregon	Portland-Vancouver-Hillsboro, OR-WA	2008	M06	June	17.75
SMU41389003000000008	Oregon	Portland-Vancouver-Hillsboro, OR-WA	2008	M05	May	17.75
SMU41389003000000008	Oregon	Portland-Vancouver-Hillsboro, OR-WA	2008	M04	April	17.60
SMU41389003000000008	Oregon	Portland-Vancouver-Hillsboro, OR-WA	2008	M03	March	17.58
SMU41389003000000008	Oregon	Portland-Vancouver-Hillsboro, OR-WA	2008	M02	February	17.53
SMU41389003000000008	Oregon	Portland-Vancouver-Hillsboro, OR-WA	2008	M01	January	17.73
SMU41389003000000008	Oregon	Portland-Vancouver-Hillsboro, OR-WA	2007	M12	December	17.21
SMU41389003000000008	Oregon	Portland-Vancouver-Hillsboro, OR-WA	2007	M11	November	17.21
SMU41389003000000008	Oregon	Portland-Vancouver-Hillsboro, OR-WA	2007	M10	October	17.31
SMU41389003000000008	Oregon	Portland-Vancouver-Hillsboro, OR-WA	2007	M09	September	17.07
SMU41389003000000008	Oregon	Portland-Vancouver-Hillsboro, OR-WA	2007	M08	August	16.81
SMU41389003000000008	Oregon	Portland-Vancouver-Hillsboro, OR-WA	2007	M07	July	17.21
SMU41389003000000008	Oregon	Portland-Vancouver-Hillsboro, OR-WA	2007	M06	June	17.09
SMU41389003000000008	Oregon	Portland-Vancouver-Hillsboro, OR-WA	2007	M05	May	16.75
SMU41389003000000008	Oregon	Portland-Vancouver-Hillsboro, OR-WA	2007	M04	April	16.65
SMU41389003000000008	Oregon	Portland-Vancouver-Hillsboro, OR-WA	2007	M03	March	16.46
SMU41389003000000008	Oregon	Portland-Vancouver-Hillsboro, OR-WA	2007	M02	February	16.35
SMU41389003000000008	Oregon	Portland-Vancouver-Hillsboro, OR-WA	2007	M01	January	16.46
SMU21311403000000008	Kentucky	Louisville/Jefferson County, KY-IN	2025	M12	December	25.56
SMU21311403000000008	Kentucky	Louisville/Jefferson County, KY-IN	2025	M11	November	25.27
SMU21311403000000008	Kentucky	Louisville/Jefferson County, KY-IN	2025	M10	October	24.63
SMU21311403000000008	Kentucky	Louisville/Jefferson County, KY-IN	2025	M09	September	25.11
SMU21311403000000008	Kentucky	Louisville/Jefferson County, KY-IN	2025	M08	August	25.26
SMU21311403000000008	Kentucky	Louisville/Jefferson County, KY-IN	2025	M07	July	25.12
SMU21311403000000008	Kentucky	Louisville/Jefferson County, KY-IN	2025	M06	June	25.58
SMU21311403000000008	Kentucky	Louisville/Jefferson County, KY-IN	2025	M05	May	25.54
SMU21311403000000008	Kentucky	Louisville/Jefferson County, KY-IN	2025	M04	April	25.49
SMU21311403000000008	Kentucky	Louisville/Jefferson County, KY-IN	2025	M03	March	26.88
SMU21311403000000008	Kentucky	Louisville/Jefferson County, KY-IN	2025	M02	February	25.91
SMU21311403000000008	Kentucky	Louisville/Jefferson County, KY-IN	2025	M01	January	24.95
SMU21311403000000008	Kentucky	Louisville/Jefferson County, KY-IN	2024	M12	December	24.97
SMU21311403000000008	Kentucky	Louisville/Jefferson County, KY-IN	2024	M11	November	25.73
SMU21311403000000008	Kentucky	Louisville/Jefferson County, KY-IN	2024	M10	October	25.29
SMU21311403000000008	Kentucky	Louisville/Jefferson County, KY-IN	2024	M09	September	25.08
SMU21311403000000008	Kentucky	Louisville/Jefferson County, KY-IN	2024	M08	August	24.62
SMU21311403000000008	Kentucky	Louisville/Jefferson County, KY-IN	2024	M07	July	23.90
SMU21311403000000008	Kentucky	Louisville/Jefferson County, KY-IN	2024	M06	June	23.93
SMU21311403000000008	Kentucky	Louisville/Jefferson County, KY-IN	2024	M05	May	24.00
SMU21311403000000008	Kentucky	Louisville/Jefferson County, KY-IN	2024	M04	April	23.84
SMU21311403000000008	Kentucky	Louisville/Jefferson County, KY-IN	2024	M03	March	23.85
SMU21311403000000008	Kentucky	Louisville/Jefferson County, KY-IN	2024	M02	February	23.56
SMU21311403000000008	Kentucky	Louisville/Jefferson County, KY-IN	2024	M01	January	24.15
SMU21311403000000008	Kentucky	Louisville/Jefferson County, KY-IN	2023	M12	December	23.76
SMU21311403000000008	Kentucky	Louisville/Jefferson County, KY-IN	2023	M11	November	23.71
SMU21311403000000008	Kentucky	Louisville/Jefferson County, KY-IN	2023	M10	October	23.64
SMU21311403000000008	Kentucky	Louisville/Jefferson County, KY-IN	2023	M09	September	24.20
SMU21311403000000008	Kentucky	Louisville/Jefferson County, KY-IN	2023	M08	August	23.85
SMU21311403000000008	Kentucky	Louisville/Jefferson County, KY-IN	2023	M07	July	24.18
SMU21311403000000008	Kentucky	Louisville/Jefferson County, KY-IN	2023	M06	June	24.20
SMU21311403000000008	Kentucky	Louisville/Jefferson County, KY-IN	2023	M05	May	24.63
SMU21311403000000008	Kentucky	Louisville/Jefferson County, KY-IN	2023	M04	April	25.13
SMU21311403000000008	Kentucky	Louisville/Jefferson County, KY-IN	2023	M03	March	24.73
SMU21311403000000008	Kentucky	Louisville/Jefferson County, KY-IN	2023	M02	February	24.67
SMU21311403000000008	Kentucky	Louisville/Jefferson County, KY-IN	2023	M01	January	24.87
SMU21311403000000008	Kentucky	Louisville/Jefferson County, KY-IN	2022	M12	December	26.06
SMU21311403000000008	Kentucky	Louisville/Jefferson County, KY-IN	2022	M11	November	25.38
SMU21311403000000008	Kentucky	Louisville/Jefferson County, KY-IN	2022	M10	October	24.44
SMU21311403000000008	Kentucky	Louisville/Jefferson County, KY-IN	2022	M09	September	24.65
SMU21311403000000008	Kentucky	Louisville/Jefferson County, KY-IN	2022	M08	August	24.41
SMU21311403000000008	Kentucky	Louisville/Jefferson County, KY-IN	2022	M07	July	24.60
SMU21311403000000008	Kentucky	Louisville/Jefferson County, KY-IN	2022	M06	June	24.82
SMU21311403000000008	Kentucky	Louisville/Jefferson County, KY-IN	2022	M05	May	24.22
SMU21311403000000008	Kentucky	Louisville/Jefferson County, KY-IN	2022	M04	April	24.43
SMU21311403000000008	Kentucky	Louisville/Jefferson County, KY-IN	2022	M03	March	23.17
SMU21311403000000008	Kentucky	Louisville/Jefferson County, KY-IN	2022	M02	February	23.52
SMU21311403000000008	Kentucky	Louisville/Jefferson County, KY-IN	2022	M01	January	23.97
SMU21311403000000008	Kentucky	Louisville/Jefferson County, KY-IN	2021	M12	December	24.05
SMU21311403000000008	Kentucky	Louisville/Jefferson County, KY-IN	2021	M11	November	23.81
SMU21311403000000008	Kentucky	Louisville/Jefferson County, KY-IN	2021	M10	October	24.19
SMU21311403000000008	Kentucky	Louisville/Jefferson County, KY-IN	2021	M09	September	23.86
SMU21311403000000008	Kentucky	Louisville/Jefferson County, KY-IN	2021	M08	August	23.71
SMU21311403000000008	Kentucky	Louisville/Jefferson County, KY-IN	2021	M07	July	23.04
SMU21311403000000008	Kentucky	Louisville/Jefferson County, KY-IN	2021	M06	June	23.14
SMU21311403000000008	Kentucky	Louisville/Jefferson County, KY-IN	2021	M05	May	23.61
SMU21311403000000008	Kentucky	Louisville/Jefferson County, KY-IN	2021	M04	April	23.44
SMU21311403000000008	Kentucky	Louisville/Jefferson County, KY-IN	2021	M03	March	23.65
SMU21311403000000008	Kentucky	Louisville/Jefferson County, KY-IN	2021	M02	February	24.02
SMU21311403000000008	Kentucky	Louisville/Jefferson County, KY-IN	2021	M01	January	23.59
SMU21311403000000008	Kentucky	Louisville/Jefferson County, KY-IN	2020	M12	December	23.73
SMU21311403000000008	Kentucky	Louisville/Jefferson County, KY-IN	2020	M11	November	24.64
SMU21311403000000008	Kentucky	Louisville/Jefferson County, KY-IN	2020	M10	October	25.20
SMU21311403000000008	Kentucky	Louisville/Jefferson County, KY-IN	2020	M09	September	24.45
SMU21311403000000008	Kentucky	Louisville/Jefferson County, KY-IN	2020	M08	August	23.97
SMU21311403000000008	Kentucky	Louisville/Jefferson County, KY-IN	2020	M07	July	23.71
SMU21311403000000008	Kentucky	Louisville/Jefferson County, KY-IN	2020	M06	June	23.41
SMU21311403000000008	Kentucky	Louisville/Jefferson County, KY-IN	2020	M05	May	22.59
SMU21311403000000008	Kentucky	Louisville/Jefferson County, KY-IN	2020	M04	April	22.31
SMU21311403000000008	Kentucky	Louisville/Jefferson County, KY-IN	2020	M03	March	22.96
SMU21311403000000008	Kentucky	Louisville/Jefferson County, KY-IN	2020	M02	February	22.20
SMU21311403000000008	Kentucky	Louisville/Jefferson County, KY-IN	2020	M01	January	21.95
SMU21311403000000008	Kentucky	Louisville/Jefferson County, KY-IN	2019	M12	December	22.12
SMU21311403000000008	Kentucky	Louisville/Jefferson County, KY-IN	2019	M11	November	22.28
SMU21311403000000008	Kentucky	Louisville/Jefferson County, KY-IN	2019	M10	October	21.10
SMU21311403000000008	Kentucky	Louisville/Jefferson County, KY-IN	2019	M09	September	21.32
SMU21311403000000008	Kentucky	Louisville/Jefferson County, KY-IN	2019	M08	August	20.83
SMU21311403000000008	Kentucky	Louisville/Jefferson County, KY-IN	2019	M07	July	20.26
SMU21311403000000008	Kentucky	Louisville/Jefferson County, KY-IN	2019	M06	June	21.13
SMU21311403000000008	Kentucky	Louisville/Jefferson County, KY-IN	2019	M05	May	20.61
SMU21311403000000008	Kentucky	Louisville/Jefferson County, KY-IN	2019	M04	April	21.12
SMU21311403000000008	Kentucky	Louisville/Jefferson County, KY-IN	2019	M03	March	21.29
SMU21311403000000008	Kentucky	Louisville/Jefferson County, KY-IN	2019	M02	February	21.80
SMU21311403000000008	Kentucky	Louisville/Jefferson County, KY-IN	2019	M01	January	21.82
SMU21311403000000008	Kentucky	Louisville/Jefferson County, KY-IN	2018	M12	December	22.69
SMU21311403000000008	Kentucky	Louisville/Jefferson County, KY-IN	2018	M11	November	22.84
SMU21311403000000008	Kentucky	Louisville/Jefferson County, KY-IN	2018	M10	October	23.16
SMU21311403000000008	Kentucky	Louisville/Jefferson County, KY-IN	2018	M09	September	23.59
SMU21311403000000008	Kentucky	Louisville/Jefferson County, KY-IN	2018	M08	August	24.13
SMU21311403000000008	Kentucky	Louisville/Jefferson County, KY-IN	2018	M07	July	22.42
SMU21311403000000008	Kentucky	Louisville/Jefferson County, KY-IN	2018	M06	June	22.53
SMU21311403000000008	Kentucky	Louisville/Jefferson County, KY-IN	2018	M05	May	21.72
SMU21311403000000008	Kentucky	Louisville/Jefferson County, KY-IN	2018	M04	April	22.22
SMU21311403000000008	Kentucky	Louisville/Jefferson County, KY-IN	2018	M03	March	22.25
SMU21311403000000008	Kentucky	Louisville/Jefferson County, KY-IN	2018	M02	February	21.64
SMU21311403000000008	Kentucky	Louisville/Jefferson County, KY-IN	2018	M01	January	21.56
SMU21311403000000008	Kentucky	Louisville/Jefferson County, KY-IN	2017	M12	December	20.82
SMU21311403000000008	Kentucky	Louisville/Jefferson County, KY-IN	2017	M11	November	21.00
SMU21311403000000008	Kentucky	Louisville/Jefferson County, KY-IN	2017	M10	October	21.24
SMU21311403000000008	Kentucky	Louisville/Jefferson County, KY-IN	2017	M09	September	21.10
SMU21311403000000008	Kentucky	Louisville/Jefferson County, KY-IN	2017	M08	August	21.03
SMU21311403000000008	Kentucky	Louisville/Jefferson County, KY-IN	2017	M07	July	20.30
SMU21311403000000008	Kentucky	Louisville/Jefferson County, KY-IN	2017	M06	June	20.71
SMU21311403000000008	Kentucky	Louisville/Jefferson County, KY-IN	2017	M05	May	21.43
SMU21311403000000008	Kentucky	Louisville/Jefferson County, KY-IN	2017	M04	April	22.16
SMU21311403000000008	Kentucky	Louisville/Jefferson County, KY-IN	2017	M03	March	22.09
SMU21311403000000008	Kentucky	Louisville/Jefferson County, KY-IN	2017	M02	February	21.93
SMU21311403000000008	Kentucky	Louisville/Jefferson County, KY-IN	2017	M01	January	22.39
SMU21311403000000008	Kentucky	Louisville/Jefferson County, KY-IN	2016	M12	December	21.50
SMU21311403000000008	Kentucky	Louisville/Jefferson County, KY-IN	2016	M11	November	22.00
SMU21311403000000008	Kentucky	Louisville/Jefferson County, KY-IN	2016	M10	October	22.25
SMU21311403000000008	Kentucky	Louisville/Jefferson County, KY-IN	2016	M09	September	22.11
SMU21311403000000008	Kentucky	Louisville/Jefferson County, KY-IN	2016	M08	August	22.11
SMU21311403000000008	Kentucky	Louisville/Jefferson County, KY-IN	2016	M07	July	21.75
SMU21311403000000008	Kentucky	Louisville/Jefferson County, KY-IN	2016	M06	June	21.80
SMU21311403000000008	Kentucky	Louisville/Jefferson County, KY-IN	2016	M05	May	22.07
SMU21311403000000008	Kentucky	Louisville/Jefferson County, KY-IN	2016	M04	April	21.76
SMU21311403000000008	Kentucky	Louisville/Jefferson County, KY-IN	2016	M03	March	22.47
SMU21311403000000008	Kentucky	Louisville/Jefferson County, KY-IN	2016	M02	February	21.97
SMU21311403000000008	Kentucky	Louisville/Jefferson County, KY-IN	2016	M01	January	21.54
SMU21311403000000008	Kentucky	Louisville/Jefferson County, KY-IN	2015	M12	December	22.11
SMU21311403000000008	Kentucky	Louisville/Jefferson County, KY-IN	2015	M11	November	22.49
SMU21311403000000008	Kentucky	Louisville/Jefferson County, KY-IN	2015	M10	October	22.16
SMU21311403000000008	Kentucky	Louisville/Jefferson County, KY-IN	2015	M09	September	23.11
SMU21311403000000008	Kentucky	Louisville/Jefferson County, KY-IN	2015	M08	August	21.80
SMU21311403000000008	Kentucky	Louisville/Jefferson County, KY-IN	2015	M07	July	21.18
SMU21311403000000008	Kentucky	Louisville/Jefferson County, KY-IN	2015	M06	June	21.96
SMU21311403000000008	Kentucky	Louisville/Jefferson County, KY-IN	2015	M05	May	21.55
SMU21311403000000008	Kentucky	Louisville/Jefferson County, KY-IN	2015	M04	April	21.83
SMU21311403000000008	Kentucky	Louisville/Jefferson County, KY-IN	2015	M03	March	21.93
SMU21311403000000008	Kentucky	Louisville/Jefferson County, KY-IN	2015	M02	February	21.93
SMU21311403000000008	Kentucky	Louisville/Jefferson County, KY-IN	2015	M01	January	22.15
SMU21311403000000008	Kentucky	Louisville/Jefferson County, KY-IN	2014	M12	December	21.98
SMU21311403000000008	Kentucky	Louisville/Jefferson County, KY-IN	2014	M11	November	23.62
SMU21311403000000008	Kentucky	Louisville/Jefferson County, KY-IN	2014	M10	October	21.87
SMU21311403000000008	Kentucky	Louisville/Jefferson County, KY-IN	2014	M09	September	22.52
SMU21311403000000008	Kentucky	Louisville/Jefferson County, KY-IN	2014	M08	August	21.34
SMU21311403000000008	Kentucky	Louisville/Jefferson County, KY-IN	2014	M07	July	21.53
SMU21311403000000008	Kentucky	Louisville/Jefferson County, KY-IN	2014	M06	June	21.44
SMU21311403000000008	Kentucky	Louisville/Jefferson County, KY-IN	2014	M05	May	21.45
SMU21311403000000008	Kentucky	Louisville/Jefferson County, KY-IN	2014	M04	April	21.79
SMU21311403000000008	Kentucky	Louisville/Jefferson County, KY-IN	2014	M03	March	21.30
SMU21311403000000008	Kentucky	Louisville/Jefferson County, KY-IN	2014	M02	February	21.00
SMU21311403000000008	Kentucky	Louisville/Jefferson County, KY-IN	2014	M01	January	20.79
SMU21311403000000008	Kentucky	Louisville/Jefferson County, KY-IN	2013	M12	December	21.50
SMU21311403000000008	Kentucky	Louisville/Jefferson County, KY-IN	2013	M11	November	21.89
SMU21311403000000008	Kentucky	Louisville/Jefferson County, KY-IN	2013	M10	October	20.19
SMU21311403000000008	Kentucky	Louisville/Jefferson County, KY-IN	2013	M09	September	20.01
SMU21311403000000008	Kentucky	Louisville/Jefferson County, KY-IN	2013	M08	August	19.65
SMU21311403000000008	Kentucky	Louisville/Jefferson County, KY-IN	2013	M07	July	19.10
SMU21311403000000008	Kentucky	Louisville/Jefferson County, KY-IN	2013	M06	June	19.17
SMU21311403000000008	Kentucky	Louisville/Jefferson County, KY-IN	2013	M05	May	18.17
SMU21311403000000008	Kentucky	Louisville/Jefferson County, KY-IN	2013	M04	April	18.15
SMU21311403000000008	Kentucky	Louisville/Jefferson County, KY-IN	2013	M03	March	18.58
SMU21311403000000008	Kentucky	Louisville/Jefferson County, KY-IN	2013	M02	February	17.86
SMU21311403000000008	Kentucky	Louisville/Jefferson County, KY-IN	2013	M01	January	18.43
SMU21311403000000008	Kentucky	Louisville/Jefferson County, KY-IN	2012	M12	December	19.35
SMU21311403000000008	Kentucky	Louisville/Jefferson County, KY-IN	2012	M11	November	20.05
SMU21311403000000008	Kentucky	Louisville/Jefferson County, KY-IN	2012	M10	October	18.59
SMU21311403000000008	Kentucky	Louisville/Jefferson County, KY-IN	2012	M09	September	18.08
SMU21311403000000008	Kentucky	Louisville/Jefferson County, KY-IN	2012	M08	August	17.82
SMU21311403000000008	Kentucky	Louisville/Jefferson County, KY-IN	2012	M07	July	18.30
SMU21311403000000008	Kentucky	Louisville/Jefferson County, KY-IN	2012	M06	June	18.38
SMU21311403000000008	Kentucky	Louisville/Jefferson County, KY-IN	2012	M05	May	18.71
SMU21311403000000008	Kentucky	Louisville/Jefferson County, KY-IN	2012	M04	April	19.76
SMU21311403000000008	Kentucky	Louisville/Jefferson County, KY-IN	2012	M03	March	20.39
SMU21311403000000008	Kentucky	Louisville/Jefferson County, KY-IN	2012	M02	February	20.82
SMU21311403000000008	Kentucky	Louisville/Jefferson County, KY-IN	2012	M01	January	20.78
SMU21311403000000008	Kentucky	Louisville/Jefferson County, KY-IN	2011	M12	December	20.73
SMU21311403000000008	Kentucky	Louisville/Jefferson County, KY-IN	2011	M11	November	19.83
SMU21311403000000008	Kentucky	Louisville/Jefferson County, KY-IN	2011	M10	October	20.03
SMU21311403000000008	Kentucky	Louisville/Jefferson County, KY-IN	2011	M09	September	19.41
SMU21311403000000008	Kentucky	Louisville/Jefferson County, KY-IN	2011	M08	August	19.42
SMU21311403000000008	Kentucky	Louisville/Jefferson County, KY-IN	2011	M07	July	19.61
SMU21311403000000008	Kentucky	Louisville/Jefferson County, KY-IN	2011	M06	June	19.89
SMU21311403000000008	Kentucky	Louisville/Jefferson County, KY-IN	2011	M05	May	19.40
SMU21311403000000008	Kentucky	Louisville/Jefferson County, KY-IN	2011	M04	April	19.34
SMU21311403000000008	Kentucky	Louisville/Jefferson County, KY-IN	2011	M03	March	19.51
SMU21311403000000008	Kentucky	Louisville/Jefferson County, KY-IN	2011	M02	February	20.16
SMU21311403000000008	Kentucky	Louisville/Jefferson County, KY-IN	2011	M01	January	19.94
SMU21311403000000008	Kentucky	Louisville/Jefferson County, KY-IN	2010	M12	December	20.40
SMU21311403000000008	Kentucky	Louisville/Jefferson County, KY-IN	2010	M11	November	20.39
SMU21311403000000008	Kentucky	Louisville/Jefferson County, KY-IN	2010	M10	October	20.23
SMU21311403000000008	Kentucky	Louisville/Jefferson County, KY-IN	2010	M09	September	20.18
SMU21311403000000008	Kentucky	Louisville/Jefferson County, KY-IN	2010	M08	August	20.03
SMU21311403000000008	Kentucky	Louisville/Jefferson County, KY-IN	2010	M07	July	18.95
SMU21311403000000008	Kentucky	Louisville/Jefferson County, KY-IN	2010	M06	June	19.43
SMU21311403000000008	Kentucky	Louisville/Jefferson County, KY-IN	2010	M05	May	19.58
SMU21311403000000008	Kentucky	Louisville/Jefferson County, KY-IN	2010	M04	April	18.81
SMU21311403000000008	Kentucky	Louisville/Jefferson County, KY-IN	2010	M03	March	19.04
SMU21311403000000008	Kentucky	Louisville/Jefferson County, KY-IN	2010	M02	February	19.06
SMU21311403000000008	Kentucky	Louisville/Jefferson County, KY-IN	2010	M01	January	19.23
SMU21311403000000008	Kentucky	Louisville/Jefferson County, KY-IN	2009	M12	December	19.80
SMU21311403000000008	Kentucky	Louisville/Jefferson County, KY-IN	2009	M11	November	19.51
SMU21311403000000008	Kentucky	Louisville/Jefferson County, KY-IN	2009	M10	October	18.45
SMU21311403000000008	Kentucky	Louisville/Jefferson County, KY-IN	2009	M09	September	18.71
SMU21311403000000008	Kentucky	Louisville/Jefferson County, KY-IN	2009	M08	August	18.93
SMU21311403000000008	Kentucky	Louisville/Jefferson County, KY-IN	2009	M07	July	19.19
SMU21311403000000008	Kentucky	Louisville/Jefferson County, KY-IN	2009	M06	June	19.07
SMU21311403000000008	Kentucky	Louisville/Jefferson County, KY-IN	2009	M05	May	18.85
SMU21311403000000008	Kentucky	Louisville/Jefferson County, KY-IN	2009	M04	April	19.03
SMU21311403000000008	Kentucky	Louisville/Jefferson County, KY-IN	2009	M03	March	18.83
SMU21311403000000008	Kentucky	Louisville/Jefferson County, KY-IN	2009	M02	February	18.90
SMU21311403000000008	Kentucky	Louisville/Jefferson County, KY-IN	2009	M01	January	18.84
SMU21311403000000008	Kentucky	Louisville/Jefferson County, KY-IN	2008	M12	December	18.70
SMU21311403000000008	Kentucky	Louisville/Jefferson County, KY-IN	2008	M11	November	19.03
SMU21311403000000008	Kentucky	Louisville/Jefferson County, KY-IN	2008	M10	October	18.96
SMU21311403000000008	Kentucky	Louisville/Jefferson County, KY-IN	2008	M09	September	18.85
SMU21311403000000008	Kentucky	Louisville/Jefferson County, KY-IN	2008	M08	August	18.76
SMU21311403000000008	Kentucky	Louisville/Jefferson County, KY-IN	2008	M07	July	18.94
SMU21311403000000008	Kentucky	Louisville/Jefferson County, KY-IN	2008	M06	June	18.84
SMU21311403000000008	Kentucky	Louisville/Jefferson County, KY-IN	2008	M05	May	18.82
SMU21311403000000008	Kentucky	Louisville/Jefferson County, KY-IN	2008	M04	April	18.91
SMU21311403000000008	Kentucky	Louisville/Jefferson County, KY-IN	2008	M03	March	18.70
SMU21311403000000008	Kentucky	Louisville/Jefferson County, KY-IN	2008	M02	February	18.75
SMU21311403000000008	Kentucky	Louisville/Jefferson County, KY-IN	2008	M01	January	18.66
SMU21311403000000008	Kentucky	Louisville/Jefferson County, KY-IN	2007	M12	December	18.45
SMU21311403000000008	Kentucky	Louisville/Jefferson County, KY-IN	2007	M11	November	19.00
SMU21311403000000008	Kentucky	Louisville/Jefferson County, KY-IN	2007	M10	October	18.93
SMU21311403000000008	Kentucky	Louisville/Jefferson County, KY-IN	2007	M09	September	18.83
SMU21311403000000008	Kentucky	Louisville/Jefferson County, KY-IN	2007	M08	August	18.70
SMU21311403000000008	Kentucky	Louisville/Jefferson County, KY-IN	2007	M07	July	18.87
SMU21311403000000008	Kentucky	Louisville/Jefferson County, KY-IN	2007	M06	June	18.73
SMU21311403000000008	Kentucky	Louisville/Jefferson County, KY-IN	2007	M05	May	18.73
SMU21311403000000008	Kentucky	Louisville/Jefferson County, KY-IN	2007	M04	April	18.84
SMU21311403000000008	Kentucky	Louisville/Jefferson County, KY-IN	2007	M03	March	18.64
SMU21311403000000008	Kentucky	Louisville/Jefferson County, KY-IN	2007	M02	February	18.76
SMU21311403000000008	Kentucky	Louisville/Jefferson County, KY-IN	2007	M01	January	18.68
SMU29411803000000008	Missouri	St. Louis, MO-IL	2025	M12	December	29.44
SMU29411803000000008	Missouri	St. Louis, MO-IL	2025	M11	November	29.15
SMU29411803000000008	Missouri	St. Louis, MO-IL	2025	M10	October	27.55
SMU29411803000000008	Missouri	St. Louis, MO-IL	2025	M09	September	28.04
SMU29411803000000008	Missouri	St. Louis, MO-IL	2025	M08	August	27.92
SMU29411803000000008	Missouri	St. Louis, MO-IL	2025	M07	July	28.56
SMU29411803000000008	Missouri	St. Louis, MO-IL	2025	M06	June	27.89
SMU29411803000000008	Missouri	St. Louis, MO-IL	2025	M05	May	27.47
SMU29411803000000008	Missouri	St. Louis, MO-IL	2025	M04	April	27.68
SMU29411803000000008	Missouri	St. Louis, MO-IL	2025	M03	March	28.38
SMU29411803000000008	Missouri	St. Louis, MO-IL	2025	M02	February	27.51
SMU29411803000000008	Missouri	St. Louis, MO-IL	2025	M01	January	27.51
SMU29411803000000008	Missouri	St. Louis, MO-IL	2024	M12	December	28.67
SMU29411803000000008	Missouri	St. Louis, MO-IL	2024	M11	November	29.06
SMU29411803000000008	Missouri	St. Louis, MO-IL	2024	M10	October	28.82
SMU29411803000000008	Missouri	St. Louis, MO-IL	2024	M09	September	28.79
SMU29411803000000008	Missouri	St. Louis, MO-IL	2024	M08	August	28.37
SMU29411803000000008	Missouri	St. Louis, MO-IL	2024	M07	July	28.65
SMU29411803000000008	Missouri	St. Louis, MO-IL	2024	M06	June	28.70
SMU29411803000000008	Missouri	St. Louis, MO-IL	2024	M05	May	27.82
SMU29411803000000008	Missouri	St. Louis, MO-IL	2024	M04	April	27.65
SMU29411803000000008	Missouri	St. Louis, MO-IL	2024	M03	March	27.19
SMU29411803000000008	Missouri	St. Louis, MO-IL	2024	M02	February	26.61
SMU29411803000000008	Missouri	St. Louis, MO-IL	2024	M01	January	26.51
SMU29411803000000008	Missouri	St. Louis, MO-IL	2023	M12	December	27.26
SMU29411803000000008	Missouri	St. Louis, MO-IL	2023	M11	November	26.15
SMU29411803000000008	Missouri	St. Louis, MO-IL	2023	M10	October	25.38
SMU29411803000000008	Missouri	St. Louis, MO-IL	2023	M09	September	25.51
SMU29411803000000008	Missouri	St. Louis, MO-IL	2023	M08	August	25.26
SMU29411803000000008	Missouri	St. Louis, MO-IL	2023	M07	July	26.23
SMU29411803000000008	Missouri	St. Louis, MO-IL	2023	M06	June	25.97
SMU29411803000000008	Missouri	St. Louis, MO-IL	2023	M05	May	25.45
SMU29411803000000008	Missouri	St. Louis, MO-IL	2023	M04	April	25.39
SMU29411803000000008	Missouri	St. Louis, MO-IL	2023	M03	March	24.71
SMU29411803000000008	Missouri	St. Louis, MO-IL	2023	M02	February	24.15
SMU29411803000000008	Missouri	St. Louis, MO-IL	2023	M01	January	24.72
SMU29411803000000008	Missouri	St. Louis, MO-IL	2022	M12	December	25.41
SMU29411803000000008	Missouri	St. Louis, MO-IL	2022	M11	November	25.55
SMU29411803000000008	Missouri	St. Louis, MO-IL	2022	M10	October	25.80
SMU29411803000000008	Missouri	St. Louis, MO-IL	2022	M09	September	26.46
SMU29411803000000008	Missouri	St. Louis, MO-IL	2022	M08	August	26.07
SMU29411803000000008	Missouri	St. Louis, MO-IL	2022	M07	July	26.59
SMU29411803000000008	Missouri	St. Louis, MO-IL	2022	M06	June	26.11
SMU29411803000000008	Missouri	St. Louis, MO-IL	2022	M05	May	25.77
SMU29411803000000008	Missouri	St. Louis, MO-IL	2022	M04	April	25.45
SMU29411803000000008	Missouri	St. Louis, MO-IL	2022	M03	March	25.56
SMU29411803000000008	Missouri	St. Louis, MO-IL	2022	M02	February	25.06
SMU29411803000000008	Missouri	St. Louis, MO-IL	2022	M01	January	23.86
SMU29411803000000008	Missouri	St. Louis, MO-IL	2021	M12	December	24.65
SMU29411803000000008	Missouri	St. Louis, MO-IL	2021	M11	November	24.79
SMU29411803000000008	Missouri	St. Louis, MO-IL	2021	M10	October	24.79
SMU29411803000000008	Missouri	St. Louis, MO-IL	2021	M09	September	24.25
SMU29411803000000008	Missouri	St. Louis, MO-IL	2021	M08	August	24.27
SMU29411803000000008	Missouri	St. Louis, MO-IL	2021	M07	July	23.84
SMU29411803000000008	Missouri	St. Louis, MO-IL	2021	M06	June	24.04
SMU29411803000000008	Missouri	St. Louis, MO-IL	2021	M05	May	24.18
SMU29411803000000008	Missouri	St. Louis, MO-IL	2021	M04	April	24.19
SMU29411803000000008	Missouri	St. Louis, MO-IL	2021	M03	March	24.00
SMU29411803000000008	Missouri	St. Louis, MO-IL	2021	M02	February	24.09
SMU29411803000000008	Missouri	St. Louis, MO-IL	2021	M01	January	23.97
SMU29411803000000008	Missouri	St. Louis, MO-IL	2020	M12	December	22.61
SMU29411803000000008	Missouri	St. Louis, MO-IL	2020	M11	November	22.47
SMU29411803000000008	Missouri	St. Louis, MO-IL	2020	M10	October	21.82
SMU29411803000000008	Missouri	St. Louis, MO-IL	2020	M09	September	22.37
SMU29411803000000008	Missouri	St. Louis, MO-IL	2020	M08	August	21.32
SMU29411803000000008	Missouri	St. Louis, MO-IL	2020	M07	July	20.52
SMU29411803000000008	Missouri	St. Louis, MO-IL	2020	M06	June	20.38
SMU29411803000000008	Missouri	St. Louis, MO-IL	2020	M05	May	21.29
SMU29411803000000008	Missouri	St. Louis, MO-IL	2020	M04	April	20.97
SMU29411803000000008	Missouri	St. Louis, MO-IL	2020	M03	March	21.91
SMU29411803000000008	Missouri	St. Louis, MO-IL	2020	M02	February	21.32
SMU29411803000000008	Missouri	St. Louis, MO-IL	2020	M01	January	20.92
SMU29411803000000008	Missouri	St. Louis, MO-IL	2019	M12	December	22.23
SMU29411803000000008	Missouri	St. Louis, MO-IL	2019	M11	November	22.27
SMU29411803000000008	Missouri	St. Louis, MO-IL	2019	M10	October	21.48
SMU29411803000000008	Missouri	St. Louis, MO-IL	2019	M09	September	22.13
SMU29411803000000008	Missouri	St. Louis, MO-IL	2019	M08	August	21.73
SMU29411803000000008	Missouri	St. Louis, MO-IL	2019	M07	July	21.76
SMU29411803000000008	Missouri	St. Louis, MO-IL	2019	M06	June	21.58
SMU29411803000000008	Missouri	St. Louis, MO-IL	2019	M05	May	22.17
SMU29411803000000008	Missouri	St. Louis, MO-IL	2019	M04	April	22.60
SMU29411803000000008	Missouri	St. Louis, MO-IL	2019	M03	March	23.02
SMU29411803000000008	Missouri	St. Louis, MO-IL	2019	M02	February	23.09
SMU29411803000000008	Missouri	St. Louis, MO-IL	2019	M01	January	23.17
SMU29411803000000008	Missouri	St. Louis, MO-IL	2018	M12	December	23.33
SMU29411803000000008	Missouri	St. Louis, MO-IL	2018	M11	November	23.21
SMU29411803000000008	Missouri	St. Louis, MO-IL	2018	M10	October	22.89
SMU29411803000000008	Missouri	St. Louis, MO-IL	2018	M09	September	23.83
SMU29411803000000008	Missouri	St. Louis, MO-IL	2018	M08	August	23.63
SMU29411803000000008	Missouri	St. Louis, MO-IL	2018	M07	July	24.01
SMU29411803000000008	Missouri	St. Louis, MO-IL	2018	M06	June	23.44
SMU29411803000000008	Missouri	St. Louis, MO-IL	2018	M05	May	23.36
SMU29411803000000008	Missouri	St. Louis, MO-IL	2018	M04	April	23.97
SMU29411803000000008	Missouri	St. Louis, MO-IL	2018	M03	March	23.61
SMU29411803000000008	Missouri	St. Louis, MO-IL	2018	M02	February	23.99
SMU29411803000000008	Missouri	St. Louis, MO-IL	2018	M01	January	24.68
SMU29411803000000008	Missouri	St. Louis, MO-IL	2017	M12	December	25.03
SMU29411803000000008	Missouri	St. Louis, MO-IL	2017	M11	November	24.96
SMU29411803000000008	Missouri	St. Louis, MO-IL	2017	M10	October	24.37
SMU29411803000000008	Missouri	St. Louis, MO-IL	2017	M09	September	23.99
SMU29411803000000008	Missouri	St. Louis, MO-IL	2017	M08	August	24.06
SMU29411803000000008	Missouri	St. Louis, MO-IL	2017	M07	July	24.18
SMU29411803000000008	Missouri	St. Louis, MO-IL	2017	M06	June	23.63
SMU29411803000000008	Missouri	St. Louis, MO-IL	2017	M05	May	23.56
SMU29411803000000008	Missouri	St. Louis, MO-IL	2017	M04	April	23.81
SMU29411803000000008	Missouri	St. Louis, MO-IL	2017	M03	March	23.99
SMU29411803000000008	Missouri	St. Louis, MO-IL	2017	M02	February	23.55
SMU29411803000000008	Missouri	St. Louis, MO-IL	2017	M01	January	23.56
SMU29411803000000008	Missouri	St. Louis, MO-IL	2016	M12	December	23.65
SMU29411803000000008	Missouri	St. Louis, MO-IL	2016	M11	November	23.66
SMU29411803000000008	Missouri	St. Louis, MO-IL	2016	M10	October	22.78
SMU29411803000000008	Missouri	St. Louis, MO-IL	2016	M09	September	22.37
SMU29411803000000008	Missouri	St. Louis, MO-IL	2016	M08	August	22.64
SMU29411803000000008	Missouri	St. Louis, MO-IL	2016	M07	July	23.22
SMU29411803000000008	Missouri	St. Louis, MO-IL	2016	M06	June	22.44
SMU29411803000000008	Missouri	St. Louis, MO-IL	2016	M05	May	22.78
SMU29411803000000008	Missouri	St. Louis, MO-IL	2016	M04	April	22.81
SMU29411803000000008	Missouri	St. Louis, MO-IL	2016	M03	March	22.75
SMU29411803000000008	Missouri	St. Louis, MO-IL	2016	M02	February	22.50
SMU29411803000000008	Missouri	St. Louis, MO-IL	2016	M01	January	22.68
SMU29411803000000008	Missouri	St. Louis, MO-IL	2015	M12	December	22.77
SMU29411803000000008	Missouri	St. Louis, MO-IL	2015	M11	November	22.82
SMU29411803000000008	Missouri	St. Louis, MO-IL	2015	M10	October	23.00
SMU29411803000000008	Missouri	St. Louis, MO-IL	2015	M09	September	23.30
SMU29411803000000008	Missouri	St. Louis, MO-IL	2015	M08	August	22.94
SMU29411803000000008	Missouri	St. Louis, MO-IL	2015	M07	July	22.50
SMU29411803000000008	Missouri	St. Louis, MO-IL	2015	M06	June	22.25
SMU29411803000000008	Missouri	St. Louis, MO-IL	2015	M05	May	22.38
SMU29411803000000008	Missouri	St. Louis, MO-IL	2015	M04	April	22.67
SMU29411803000000008	Missouri	St. Louis, MO-IL	2015	M03	March	22.36
SMU29411803000000008	Missouri	St. Louis, MO-IL	2015	M02	February	22.76
SMU29411803000000008	Missouri	St. Louis, MO-IL	2015	M01	January	22.48
SMU29411803000000008	Missouri	St. Louis, MO-IL	2014	M12	December	23.03
SMU29411803000000008	Missouri	St. Louis, MO-IL	2014	M11	November	22.13
SMU29411803000000008	Missouri	St. Louis, MO-IL	2014	M10	October	22.49
SMU29411803000000008	Missouri	St. Louis, MO-IL	2014	M09	September	21.72
SMU29411803000000008	Missouri	St. Louis, MO-IL	2014	M08	August	22.50
SMU29411803000000008	Missouri	St. Louis, MO-IL	2014	M07	July	22.25
SMU29411803000000008	Missouri	St. Louis, MO-IL	2014	M06	June	22.12
SMU29411803000000008	Missouri	St. Louis, MO-IL	2014	M05	May	22.57
SMU29411803000000008	Missouri	St. Louis, MO-IL	2014	M04	April	22.48
SMU29411803000000008	Missouri	St. Louis, MO-IL	2014	M03	March	22.17
SMU29411803000000008	Missouri	St. Louis, MO-IL	2014	M02	February	22.25
SMU29411803000000008	Missouri	St. Louis, MO-IL	2014	M01	January	21.68
SMU29411803000000008	Missouri	St. Louis, MO-IL	2013	M12	December	22.37
SMU29411803000000008	Missouri	St. Louis, MO-IL	2013	M11	November	21.95
SMU29411803000000008	Missouri	St. Louis, MO-IL	2013	M10	October	21.88
SMU29411803000000008	Missouri	St. Louis, MO-IL	2013	M09	September	22.02
SMU29411803000000008	Missouri	St. Louis, MO-IL	2013	M08	August	21.83
SMU29411803000000008	Missouri	St. Louis, MO-IL	2013	M07	July	21.76
SMU29411803000000008	Missouri	St. Louis, MO-IL	2013	M06	June	21.90
SMU29411803000000008	Missouri	St. Louis, MO-IL	2013	M05	May	21.71
SMU29411803000000008	Missouri	St. Louis, MO-IL	2013	M04	April	21.46
SMU29411803000000008	Missouri	St. Louis, MO-IL	2013	M03	March	21.73
SMU29411803000000008	Missouri	St. Louis, MO-IL	2013	M02	February	21.84
SMU29411803000000008	Missouri	St. Louis, MO-IL	2013	M01	January	21.81
SMU29411803000000008	Missouri	St. Louis, MO-IL	2012	M12	December	21.75
SMU29411803000000008	Missouri	St. Louis, MO-IL	2012	M11	November	21.90
SMU29411803000000008	Missouri	St. Louis, MO-IL	2012	M10	October	21.11
SMU29411803000000008	Missouri	St. Louis, MO-IL	2012	M09	September	21.30
SMU29411803000000008	Missouri	St. Louis, MO-IL	2012	M08	August	20.82
SMU29411803000000008	Missouri	St. Louis, MO-IL	2012	M07	July	20.75
SMU29411803000000008	Missouri	St. Louis, MO-IL	2012	M06	June	20.41
SMU29411803000000008	Missouri	St. Louis, MO-IL	2012	M05	May	20.32
SMU29411803000000008	Missouri	St. Louis, MO-IL	2012	M04	April	20.18
SMU29411803000000008	Missouri	St. Louis, MO-IL	2012	M03	March	19.68
SMU29411803000000008	Missouri	St. Louis, MO-IL	2012	M02	February	19.33
SMU29411803000000008	Missouri	St. Louis, MO-IL	2012	M01	January	19.52
SMU29411803000000008	Missouri	St. Louis, MO-IL	2011	M12	December	18.90
SMU29411803000000008	Missouri	St. Louis, MO-IL	2011	M11	November	19.27
SMU29411803000000008	Missouri	St. Louis, MO-IL	2011	M10	October	18.84
SMU29411803000000008	Missouri	St. Louis, MO-IL	2011	M09	September	19.37
SMU29411803000000008	Missouri	St. Louis, MO-IL	2011	M08	August	19.35
SMU29411803000000008	Missouri	St. Louis, MO-IL	2011	M07	July	19.77
SMU29411803000000008	Missouri	St. Louis, MO-IL	2011	M06	June	18.72
SMU29411803000000008	Missouri	St. Louis, MO-IL	2011	M05	May	19.10
SMU29411803000000008	Missouri	St. Louis, MO-IL	2011	M04	April	19.28
SMU29411803000000008	Missouri	St. Louis, MO-IL	2011	M03	March	19.49
SMU29411803000000008	Missouri	St. Louis, MO-IL	2011	M02	February	19.80
SMU29411803000000008	Missouri	St. Louis, MO-IL	2011	M01	January	19.26
SMU29411803000000008	Missouri	St. Louis, MO-IL	2010	M12	December	19.11
SMU29411803000000008	Missouri	St. Louis, MO-IL	2010	M11	November	19.32
SMU29411803000000008	Missouri	St. Louis, MO-IL	2010	M10	October	18.96
SMU29411803000000008	Missouri	St. Louis, MO-IL	2010	M09	September	19.13
SMU29411803000000008	Missouri	St. Louis, MO-IL	2010	M08	August	19.53
SMU29411803000000008	Missouri	St. Louis, MO-IL	2010	M07	July	18.88
SMU29411803000000008	Missouri	St. Louis, MO-IL	2010	M06	June	18.99
SMU29411803000000008	Missouri	St. Louis, MO-IL	2010	M05	May	19.17
SMU29411803000000008	Missouri	St. Louis, MO-IL	2010	M04	April	19.65
SMU29411803000000008	Missouri	St. Louis, MO-IL	2010	M03	March	19.78
SMU29411803000000008	Missouri	St. Louis, MO-IL	2010	M02	February	19.89
SMU29411803000000008	Missouri	St. Louis, MO-IL	2010	M01	January	19.44
SMU29411803000000008	Missouri	St. Louis, MO-IL	2009	M12	December	19.83
SMU29411803000000008	Missouri	St. Louis, MO-IL	2009	M11	November	19.92
SMU29411803000000008	Missouri	St. Louis, MO-IL	2009	M10	October	20.15
SMU29411803000000008	Missouri	St. Louis, MO-IL	2009	M09	September	19.49
SMU29411803000000008	Missouri	St. Louis, MO-IL	2009	M08	August	19.82
SMU29411803000000008	Missouri	St. Louis, MO-IL	2009	M07	July	19.75
SMU29411803000000008	Missouri	St. Louis, MO-IL	2009	M06	June	19.86
SMU29411803000000008	Missouri	St. Louis, MO-IL	2009	M05	May	19.80
SMU29411803000000008	Missouri	St. Louis, MO-IL	2009	M04	April	20.11
SMU29411803000000008	Missouri	St. Louis, MO-IL	2009	M03	March	20.19
SMU29411803000000008	Missouri	St. Louis, MO-IL	2009	M02	February	20.65
SMU29411803000000008	Missouri	St. Louis, MO-IL	2009	M01	January	20.00
SMU29411803000000008	Missouri	St. Louis, MO-IL	2008	M12	December	20.53
SMU29411803000000008	Missouri	St. Louis, MO-IL	2008	M11	November	20.67
SMU29411803000000008	Missouri	St. Louis, MO-IL	2008	M10	October	21.04
SMU29411803000000008	Missouri	St. Louis, MO-IL	2008	M09	September	20.88
SMU29411803000000008	Missouri	St. Louis, MO-IL	2008	M08	August	21.04
SMU29411803000000008	Missouri	St. Louis, MO-IL	2008	M07	July	21.08
SMU29411803000000008	Missouri	St. Louis, MO-IL	2008	M06	June	21.24
SMU29411803000000008	Missouri	St. Louis, MO-IL	2008	M05	May	20.78
SMU29411803000000008	Missouri	St. Louis, MO-IL	2008	M04	April	20.77
SMU29411803000000008	Missouri	St. Louis, MO-IL	2008	M03	March	20.60
SMU29411803000000008	Missouri	St. Louis, MO-IL	2008	M02	February	20.84
SMU29411803000000008	Missouri	St. Louis, MO-IL	2008	M01	January	20.29
SMU29411803000000008	Missouri	St. Louis, MO-IL	2007	M12	December	19.70
SMU29411803000000008	Missouri	St. Louis, MO-IL	2007	M11	November	19.91
SMU29411803000000008	Missouri	St. Louis, MO-IL	2007	M10	October	20.10
SMU29411803000000008	Missouri	St. Louis, MO-IL	2007	M09	September	20.60
SMU29411803000000008	Missouri	St. Louis, MO-IL	2007	M08	August	20.17
SMU29411803000000008	Missouri	St. Louis, MO-IL	2007	M07	July	20.14
SMU29411803000000008	Missouri	St. Louis, MO-IL	2007	M06	June	19.89
SMU29411803000000008	Missouri	St. Louis, MO-IL	2007	M05	May	20.51
SMU29411803000000008	Missouri	St. Louis, MO-IL	2007	M04	April	20.06
SMU29411803000000008	Missouri	St. Louis, MO-IL	2007	M03	March	20.49
SMU29411803000000008	Missouri	St. Louis, MO-IL	2007	M02	February	20.79
SMU29411803000000008	Missouri	St. Louis, MO-IL	2007	M01	January	20.07
SMU26198043000000008	Michigan	Detroit-Dearborn-Livonia, MI Metropolitan Division	2025	M12	December	34.78
SMU26198043000000008	Michigan	Detroit-Dearborn-Livonia, MI Metropolitan Division	2025	M11	November	34.96
SMU26198043000000008	Michigan	Detroit-Dearborn-Livonia, MI Metropolitan Division	2025	M10	October	33.13
SMU26198043000000008	Michigan	Detroit-Dearborn-Livonia, MI Metropolitan Division	2025	M09	September	33.26
SMU26198043000000008	Michigan	Detroit-Dearborn-Livonia, MI Metropolitan Division	2025	M08	August	33.31
SMU26198043000000008	Michigan	Detroit-Dearborn-Livonia, MI Metropolitan Division	2025	M07	July	32.49
SMU26198043000000008	Michigan	Detroit-Dearborn-Livonia, MI Metropolitan Division	2025	M06	June	33.93
SMU26198043000000008	Michigan	Detroit-Dearborn-Livonia, MI Metropolitan Division	2025	M05	May	34.36
SMU26198043000000008	Michigan	Detroit-Dearborn-Livonia, MI Metropolitan Division	2025	M04	April	35.08
SMU26198043000000008	Michigan	Detroit-Dearborn-Livonia, MI Metropolitan Division	2025	M03	March	35.87
SMU26198043000000008	Michigan	Detroit-Dearborn-Livonia, MI Metropolitan Division	2025	M02	February	34.97
SMU26198043000000008	Michigan	Detroit-Dearborn-Livonia, MI Metropolitan Division	2025	M01	January	34.68
SMU26198043000000008	Michigan	Detroit-Dearborn-Livonia, MI Metropolitan Division	2024	M12	December	33.49
SMU26198043000000008	Michigan	Detroit-Dearborn-Livonia, MI Metropolitan Division	2024	M11	November	34.60
SMU26198043000000008	Michigan	Detroit-Dearborn-Livonia, MI Metropolitan Division	2024	M10	October	33.28
SMU26198043000000008	Michigan	Detroit-Dearborn-Livonia, MI Metropolitan Division	2024	M09	September	34.11
SMU26198043000000008	Michigan	Detroit-Dearborn-Livonia, MI Metropolitan Division	2024	M08	August	33.76
SMU26198043000000008	Michigan	Detroit-Dearborn-Livonia, MI Metropolitan Division	2024	M07	July	32.54
SMU26198043000000008	Michigan	Detroit-Dearborn-Livonia, MI Metropolitan Division	2024	M06	June	32.06
SMU26198043000000008	Michigan	Detroit-Dearborn-Livonia, MI Metropolitan Division	2024	M05	May	31.37
SMU26198043000000008	Michigan	Detroit-Dearborn-Livonia, MI Metropolitan Division	2024	M04	April	31.68
SMU26198043000000008	Michigan	Detroit-Dearborn-Livonia, MI Metropolitan Division	2024	M03	March	32.30
SMU26198043000000008	Michigan	Detroit-Dearborn-Livonia, MI Metropolitan Division	2024	M02	February	31.29
SMU26198043000000008	Michigan	Detroit-Dearborn-Livonia, MI Metropolitan Division	2024	M01	January	31.12
SMU26198043000000008	Michigan	Detroit-Dearborn-Livonia, MI Metropolitan Division	2023	M12	December	32.37
SMU26198043000000008	Michigan	Detroit-Dearborn-Livonia, MI Metropolitan Division	2023	M11	November	31.41
SMU26198043000000008	Michigan	Detroit-Dearborn-Livonia, MI Metropolitan Division	2023	M10	October	30.04
SMU26198043000000008	Michigan	Detroit-Dearborn-Livonia, MI Metropolitan Division	2023	M09	September	29.23
SMU26198043000000008	Michigan	Detroit-Dearborn-Livonia, MI Metropolitan Division	2023	M08	August	29.57
SMU26198043000000008	Michigan	Detroit-Dearborn-Livonia, MI Metropolitan Division	2023	M07	July	30.62
SMU26198043000000008	Michigan	Detroit-Dearborn-Livonia, MI Metropolitan Division	2023	M06	June	29.91
SMU26198043000000008	Michigan	Detroit-Dearborn-Livonia, MI Metropolitan Division	2023	M05	May	29.33
SMU26198043000000008	Michigan	Detroit-Dearborn-Livonia, MI Metropolitan Division	2023	M04	April	29.85
SMU26198043000000008	Michigan	Detroit-Dearborn-Livonia, MI Metropolitan Division	2023	M03	March	30.05
SMU26198043000000008	Michigan	Detroit-Dearborn-Livonia, MI Metropolitan Division	2023	M02	February	29.07
SMU26198043000000008	Michigan	Detroit-Dearborn-Livonia, MI Metropolitan Division	2023	M01	January	30.29
SMU26198043000000008	Michigan	Detroit-Dearborn-Livonia, MI Metropolitan Division	2022	M12	December	31.33
SMU26198043000000008	Michigan	Detroit-Dearborn-Livonia, MI Metropolitan Division	2022	M11	November	31.46
SMU26198043000000008	Michigan	Detroit-Dearborn-Livonia, MI Metropolitan Division	2022	M10	October	30.71
SMU26198043000000008	Michigan	Detroit-Dearborn-Livonia, MI Metropolitan Division	2022	M09	September	30.37
SMU26198043000000008	Michigan	Detroit-Dearborn-Livonia, MI Metropolitan Division	2022	M08	August	29.66
SMU26198043000000008	Michigan	Detroit-Dearborn-Livonia, MI Metropolitan Division	2022	M07	July	29.11
SMU26198043000000008	Michigan	Detroit-Dearborn-Livonia, MI Metropolitan Division	2022	M06	June	29.34
SMU26198043000000008	Michigan	Detroit-Dearborn-Livonia, MI Metropolitan Division	2022	M05	May	28.54
SMU26198043000000008	Michigan	Detroit-Dearborn-Livonia, MI Metropolitan Division	2022	M04	April	29.54
SMU26198043000000008	Michigan	Detroit-Dearborn-Livonia, MI Metropolitan Division	2022	M03	March	29.10
SMU26198043000000008	Michigan	Detroit-Dearborn-Livonia, MI Metropolitan Division	2022	M02	February	28.72
SMU26198043000000008	Michigan	Detroit-Dearborn-Livonia, MI Metropolitan Division	2022	M01	January	30.03
SMU26198043000000008	Michigan	Detroit-Dearborn-Livonia, MI Metropolitan Division	2021	M12	December	29.57
SMU26198043000000008	Michigan	Detroit-Dearborn-Livonia, MI Metropolitan Division	2021	M11	November	29.50
SMU26198043000000008	Michigan	Detroit-Dearborn-Livonia, MI Metropolitan Division	2021	M10	October	28.98
SMU26198043000000008	Michigan	Detroit-Dearborn-Livonia, MI Metropolitan Division	2021	M09	September	28.84
SMU26198043000000008	Michigan	Detroit-Dearborn-Livonia, MI Metropolitan Division	2021	M08	August	28.26
SMU26198043000000008	Michigan	Detroit-Dearborn-Livonia, MI Metropolitan Division	2021	M07	July	27.80
SMU26198043000000008	Michigan	Detroit-Dearborn-Livonia, MI Metropolitan Division	2021	M06	June	28.72
SMU26198043000000008	Michigan	Detroit-Dearborn-Livonia, MI Metropolitan Division	2021	M05	May	27.80
SMU26198043000000008	Michigan	Detroit-Dearborn-Livonia, MI Metropolitan Division	2021	M04	April	28.07
SMU26198043000000008	Michigan	Detroit-Dearborn-Livonia, MI Metropolitan Division	2021	M03	March	28.38
SMU26198043000000008	Michigan	Detroit-Dearborn-Livonia, MI Metropolitan Division	2021	M02	February	28.32
SMU26198043000000008	Michigan	Detroit-Dearborn-Livonia, MI Metropolitan Division	2021	M01	January	27.91
SMU26198043000000008	Michigan	Detroit-Dearborn-Livonia, MI Metropolitan Division	2020	M12	December	28.61
SMU26198043000000008	Michigan	Detroit-Dearborn-Livonia, MI Metropolitan Division	2020	M11	November	28.47
SMU26198043000000008	Michigan	Detroit-Dearborn-Livonia, MI Metropolitan Division	2020	M10	October	27.31
SMU26198043000000008	Michigan	Detroit-Dearborn-Livonia, MI Metropolitan Division	2020	M09	September	28.13
SMU26198043000000008	Michigan	Detroit-Dearborn-Livonia, MI Metropolitan Division	2020	M08	August	27.52
SMU26198043000000008	Michigan	Detroit-Dearborn-Livonia, MI Metropolitan Division	2020	M07	July	27.21
SMU26198043000000008	Michigan	Detroit-Dearborn-Livonia, MI Metropolitan Division	2020	M06	June	26.23
SMU26198043000000008	Michigan	Detroit-Dearborn-Livonia, MI Metropolitan Division	2020	M05	May	27.74
SMU26198043000000008	Michigan	Detroit-Dearborn-Livonia, MI Metropolitan Division	2020	M04	April	28.15
SMU26198043000000008	Michigan	Detroit-Dearborn-Livonia, MI Metropolitan Division	2020	M03	March	25.73
SMU26198043000000008	Michigan	Detroit-Dearborn-Livonia, MI Metropolitan Division	2020	M02	February	25.54
SMU26198043000000008	Michigan	Detroit-Dearborn-Livonia, MI Metropolitan Division	2020	M01	January	25.16
SMU26198043000000008	Michigan	Detroit-Dearborn-Livonia, MI Metropolitan Division	2019	M12	December	24.99
SMU26198043000000008	Michigan	Detroit-Dearborn-Livonia, MI Metropolitan Division	2019	M11	November	25.19
SMU26198043000000008	Michigan	Detroit-Dearborn-Livonia, MI Metropolitan Division	2019	M10	October	24.84
SMU26198043000000008	Michigan	Detroit-Dearborn-Livonia, MI Metropolitan Division	2019	M09	September	24.99
SMU26198043000000008	Michigan	Detroit-Dearborn-Livonia, MI Metropolitan Division	2019	M08	August	24.49
SMU26198043000000008	Michigan	Detroit-Dearborn-Livonia, MI Metropolitan Division	2019	M07	July	24.76
SMU26198043000000008	Michigan	Detroit-Dearborn-Livonia, MI Metropolitan Division	2019	M06	June	25.97
SMU26198043000000008	Michigan	Detroit-Dearborn-Livonia, MI Metropolitan Division	2019	M05	May	25.25
SMU26198043000000008	Michigan	Detroit-Dearborn-Livonia, MI Metropolitan Division	2019	M04	April	25.32
SMU26198043000000008	Michigan	Detroit-Dearborn-Livonia, MI Metropolitan Division	2019	M03	March	24.44
SMU26198043000000008	Michigan	Detroit-Dearborn-Livonia, MI Metropolitan Division	2019	M02	February	24.27
SMU26198043000000008	Michigan	Detroit-Dearborn-Livonia, MI Metropolitan Division	2019	M01	January	24.82
SMU26198043000000008	Michigan	Detroit-Dearborn-Livonia, MI Metropolitan Division	2018	M12	December	24.37
SMU26198043000000008	Michigan	Detroit-Dearborn-Livonia, MI Metropolitan Division	2018	M11	November	24.07
SMU26198043000000008	Michigan	Detroit-Dearborn-Livonia, MI Metropolitan Division	2018	M10	October	23.97
SMU26198043000000008	Michigan	Detroit-Dearborn-Livonia, MI Metropolitan Division	2018	M09	September	23.83
SMU26198043000000008	Michigan	Detroit-Dearborn-Livonia, MI Metropolitan Division	2018	M08	August	23.38
SMU26198043000000008	Michigan	Detroit-Dearborn-Livonia, MI Metropolitan Division	2018	M07	July	23.31
SMU26198043000000008	Michigan	Detroit-Dearborn-Livonia, MI Metropolitan Division	2018	M06	June	23.68
SMU26198043000000008	Michigan	Detroit-Dearborn-Livonia, MI Metropolitan Division	2018	M05	May	23.55
SMU26198043000000008	Michigan	Detroit-Dearborn-Livonia, MI Metropolitan Division	2018	M04	April	23.78
SMU26198043000000008	Michigan	Detroit-Dearborn-Livonia, MI Metropolitan Division	2018	M03	March	23.52
SMU26198043000000008	Michigan	Detroit-Dearborn-Livonia, MI Metropolitan Division	2018	M02	February	23.08
SMU26198043000000008	Michigan	Detroit-Dearborn-Livonia, MI Metropolitan Division	2018	M01	January	23.42
SMU26198043000000008	Michigan	Detroit-Dearborn-Livonia, MI Metropolitan Division	2017	M12	December	23.88
SMU26198043000000008	Michigan	Detroit-Dearborn-Livonia, MI Metropolitan Division	2017	M11	November	24.33
SMU26198043000000008	Michigan	Detroit-Dearborn-Livonia, MI Metropolitan Division	2017	M10	October	24.07
SMU26198043000000008	Michigan	Detroit-Dearborn-Livonia, MI Metropolitan Division	2017	M09	September	24.18
SMU26198043000000008	Michigan	Detroit-Dearborn-Livonia, MI Metropolitan Division	2017	M08	August	23.95
SMU26198043000000008	Michigan	Detroit-Dearborn-Livonia, MI Metropolitan Division	2017	M07	July	22.78
SMU26198043000000008	Michigan	Detroit-Dearborn-Livonia, MI Metropolitan Division	2017	M06	June	22.85
SMU26198043000000008	Michigan	Detroit-Dearborn-Livonia, MI Metropolitan Division	2017	M05	May	23.20
SMU26198043000000008	Michigan	Detroit-Dearborn-Livonia, MI Metropolitan Division	2017	M04	April	23.14
SMU26198043000000008	Michigan	Detroit-Dearborn-Livonia, MI Metropolitan Division	2017	M03	March	23.92
SMU26198043000000008	Michigan	Detroit-Dearborn-Livonia, MI Metropolitan Division	2017	M02	February	23.58
SMU26198043000000008	Michigan	Detroit-Dearborn-Livonia, MI Metropolitan Division	2017	M01	January	23.38
SMU26198043000000008	Michigan	Detroit-Dearborn-Livonia, MI Metropolitan Division	2016	M12	December	23.29
SMU26198043000000008	Michigan	Detroit-Dearborn-Livonia, MI Metropolitan Division	2016	M11	November	23.75
SMU26198043000000008	Michigan	Detroit-Dearborn-Livonia, MI Metropolitan Division	2016	M10	October	24.08
SMU26198043000000008	Michigan	Detroit-Dearborn-Livonia, MI Metropolitan Division	2016	M09	September	23.57
SMU26198043000000008	Michigan	Detroit-Dearborn-Livonia, MI Metropolitan Division	2016	M08	August	23.41
SMU26198043000000008	Michigan	Detroit-Dearborn-Livonia, MI Metropolitan Division	2016	M07	July	24.18
SMU26198043000000008	Michigan	Detroit-Dearborn-Livonia, MI Metropolitan Division	2016	M06	June	24.61
SMU26198043000000008	Michigan	Detroit-Dearborn-Livonia, MI Metropolitan Division	2016	M05	May	24.16
SMU26198043000000008	Michigan	Detroit-Dearborn-Livonia, MI Metropolitan Division	2016	M04	April	24.04
SMU26198043000000008	Michigan	Detroit-Dearborn-Livonia, MI Metropolitan Division	2016	M03	March	24.34
SMU26198043000000008	Michigan	Detroit-Dearborn-Livonia, MI Metropolitan Division	2016	M02	February	24.17
SMU26198043000000008	Michigan	Detroit-Dearborn-Livonia, MI Metropolitan Division	2016	M01	January	25.25
SMU26198043000000008	Michigan	Detroit-Dearborn-Livonia, MI Metropolitan Division	2015	M12	December	25.33
SMU26198043000000008	Michigan	Detroit-Dearborn-Livonia, MI Metropolitan Division	2015	M11	November	25.51
SMU26198043000000008	Michigan	Detroit-Dearborn-Livonia, MI Metropolitan Division	2015	M10	October	25.53
SMU26198043000000008	Michigan	Detroit-Dearborn-Livonia, MI Metropolitan Division	2015	M09	September	26.01
SMU26198043000000008	Michigan	Detroit-Dearborn-Livonia, MI Metropolitan Division	2015	M08	August	25.47
SMU26198043000000008	Michigan	Detroit-Dearborn-Livonia, MI Metropolitan Division	2015	M07	July	25.32
SMU26198043000000008	Michigan	Detroit-Dearborn-Livonia, MI Metropolitan Division	2015	M06	June	25.36
SMU26198043000000008	Michigan	Detroit-Dearborn-Livonia, MI Metropolitan Division	2015	M05	May	25.09
SMU26198043000000008	Michigan	Detroit-Dearborn-Livonia, MI Metropolitan Division	2015	M04	April	25.44
SMU26198043000000008	Michigan	Detroit-Dearborn-Livonia, MI Metropolitan Division	2015	M03	March	25.58
SMU26198043000000008	Michigan	Detroit-Dearborn-Livonia, MI Metropolitan Division	2015	M02	February	25.87
SMU26198043000000008	Michigan	Detroit-Dearborn-Livonia, MI Metropolitan Division	2015	M01	January	26.46
SMU26198043000000008	Michigan	Detroit-Dearborn-Livonia, MI Metropolitan Division	2014	M12	December	26.20
SMU26198043000000008	Michigan	Detroit-Dearborn-Livonia, MI Metropolitan Division	2014	M11	November	27.13
SMU26198043000000008	Michigan	Detroit-Dearborn-Livonia, MI Metropolitan Division	2014	M10	October	26.39
SMU26198043000000008	Michigan	Detroit-Dearborn-Livonia, MI Metropolitan Division	2014	M09	September	26.00
SMU26198043000000008	Michigan	Detroit-Dearborn-Livonia, MI Metropolitan Division	2014	M08	August	25.90
SMU26198043000000008	Michigan	Detroit-Dearborn-Livonia, MI Metropolitan Division	2014	M07	July	25.82
SMU26198043000000008	Michigan	Detroit-Dearborn-Livonia, MI Metropolitan Division	2014	M06	June	25.65
SMU26198043000000008	Michigan	Detroit-Dearborn-Livonia, MI Metropolitan Division	2014	M05	May	25.20
SMU26198043000000008	Michigan	Detroit-Dearborn-Livonia, MI Metropolitan Division	2014	M04	April	24.90
SMU26198043000000008	Michigan	Detroit-Dearborn-Livonia, MI Metropolitan Division	2014	M03	March	25.30
SMU26198043000000008	Michigan	Detroit-Dearborn-Livonia, MI Metropolitan Division	2014	M02	February	25.91
SMU26198043000000008	Michigan	Detroit-Dearborn-Livonia, MI Metropolitan Division	2014	M01	January	26.30
SMU26198043000000008	Michigan	Detroit-Dearborn-Livonia, MI Metropolitan Division	2013	M12	December	26.00
SMU26198043000000008	Michigan	Detroit-Dearborn-Livonia, MI Metropolitan Division	2013	M11	November	26.78
SMU26198043000000008	Michigan	Detroit-Dearborn-Livonia, MI Metropolitan Division	2013	M10	October	25.78
SMU26198043000000008	Michigan	Detroit-Dearborn-Livonia, MI Metropolitan Division	2013	M09	September	25.82
SMU26198043000000008	Michigan	Detroit-Dearborn-Livonia, MI Metropolitan Division	2013	M08	August	25.96
SMU26198043000000008	Michigan	Detroit-Dearborn-Livonia, MI Metropolitan Division	2013	M07	July	26.10
SMU26198043000000008	Michigan	Detroit-Dearborn-Livonia, MI Metropolitan Division	2013	M06	June	25.79
SMU26198043000000008	Michigan	Detroit-Dearborn-Livonia, MI Metropolitan Division	2013	M05	May	25.55
SMU26198043000000008	Michigan	Detroit-Dearborn-Livonia, MI Metropolitan Division	2013	M04	April	26.14
SMU26198043000000008	Michigan	Detroit-Dearborn-Livonia, MI Metropolitan Division	2013	M03	March	25.86
SMU26198043000000008	Michigan	Detroit-Dearborn-Livonia, MI Metropolitan Division	2013	M02	February	25.79
SMU26198043000000008	Michigan	Detroit-Dearborn-Livonia, MI Metropolitan Division	2013	M01	January	25.97
SMU26198043000000008	Michigan	Detroit-Dearborn-Livonia, MI Metropolitan Division	2012	M12	December	26.10
SMU26198043000000008	Michigan	Detroit-Dearborn-Livonia, MI Metropolitan Division	2012	M11	November	27.10
SMU26198043000000008	Michigan	Detroit-Dearborn-Livonia, MI Metropolitan Division	2012	M10	October	26.10
SMU26198043000000008	Michigan	Detroit-Dearborn-Livonia, MI Metropolitan Division	2012	M09	September	26.24
SMU26198043000000008	Michigan	Detroit-Dearborn-Livonia, MI Metropolitan Division	2012	M08	August	26.00
SMU26198043000000008	Michigan	Detroit-Dearborn-Livonia, MI Metropolitan Division	2012	M07	July	25.98
SMU26198043000000008	Michigan	Detroit-Dearborn-Livonia, MI Metropolitan Division	2012	M06	June	26.75
SMU26198043000000008	Michigan	Detroit-Dearborn-Livonia, MI Metropolitan Division	2012	M05	May	25.01
SMU26198043000000008	Michigan	Detroit-Dearborn-Livonia, MI Metropolitan Division	2012	M04	April	25.16
SMU26198043000000008	Michigan	Detroit-Dearborn-Livonia, MI Metropolitan Division	2012	M03	March	25.29
SMU26198043000000008	Michigan	Detroit-Dearborn-Livonia, MI Metropolitan Division	2012	M02	February	25.43
SMU26198043000000008	Michigan	Detroit-Dearborn-Livonia, MI Metropolitan Division	2012	M01	January	25.12
SMU26198043000000008	Michigan	Detroit-Dearborn-Livonia, MI Metropolitan Division	2011	M12	December	25.07
SMU26198043000000008	Michigan	Detroit-Dearborn-Livonia, MI Metropolitan Division	2011	M11	November	25.52
SMU26198043000000008	Michigan	Detroit-Dearborn-Livonia, MI Metropolitan Division	2011	M10	October	25.36
SMU26198043000000008	Michigan	Detroit-Dearborn-Livonia, MI Metropolitan Division	2011	M09	September	25.78
SMU26198043000000008	Michigan	Detroit-Dearborn-Livonia, MI Metropolitan Division	2011	M08	August	25.42
SMU26198043000000008	Michigan	Detroit-Dearborn-Livonia, MI Metropolitan Division	2011	M07	July	25.53
SMU26198043000000008	Michigan	Detroit-Dearborn-Livonia, MI Metropolitan Division	2011	M06	June	26.58
SMU26198043000000008	Michigan	Detroit-Dearborn-Livonia, MI Metropolitan Division	2011	M05	May	26.81
SMU26198043000000008	Michigan	Detroit-Dearborn-Livonia, MI Metropolitan Division	2011	M04	April	26.76
SMU26198043000000008	Michigan	Detroit-Dearborn-Livonia, MI Metropolitan Division	2011	M03	March	27.49
SMU26198043000000008	Michigan	Detroit-Dearborn-Livonia, MI Metropolitan Division	2011	M02	February	27.70
SMU26198043000000008	Michigan	Detroit-Dearborn-Livonia, MI Metropolitan Division	2011	M01	January	27.71
SMU26198043000000008	Michigan	Detroit-Dearborn-Livonia, MI Metropolitan Division	2010	M12	December	27.94
SMU26198043000000008	Michigan	Detroit-Dearborn-Livonia, MI Metropolitan Division	2010	M11	November	27.68
SMU26198043000000008	Michigan	Detroit-Dearborn-Livonia, MI Metropolitan Division	2010	M10	October	27.05
SMU26198043000000008	Michigan	Detroit-Dearborn-Livonia, MI Metropolitan Division	2010	M09	September	27.80
SMU26198043000000008	Michigan	Detroit-Dearborn-Livonia, MI Metropolitan Division	2010	M08	August	27.65
SMU26198043000000008	Michigan	Detroit-Dearborn-Livonia, MI Metropolitan Division	2010	M07	July	26.76
SMU26198043000000008	Michigan	Detroit-Dearborn-Livonia, MI Metropolitan Division	2010	M06	June	26.73
SMU26198043000000008	Michigan	Detroit-Dearborn-Livonia, MI Metropolitan Division	2010	M05	May	26.79
SMU26198043000000008	Michigan	Detroit-Dearborn-Livonia, MI Metropolitan Division	2010	M04	April	27.02
SMU26198043000000008	Michigan	Detroit-Dearborn-Livonia, MI Metropolitan Division	2010	M03	March	26.20
SMU26198043000000008	Michigan	Detroit-Dearborn-Livonia, MI Metropolitan Division	2010	M02	February	26.14
SMU26198043000000008	Michigan	Detroit-Dearborn-Livonia, MI Metropolitan Division	2010	M01	January	26.09
SMU26198043000000008	Michigan	Detroit-Dearborn-Livonia, MI Metropolitan Division	2009	M12	December	28.31
SMU26198043000000008	Michigan	Detroit-Dearborn-Livonia, MI Metropolitan Division	2009	M11	November	28.76
SMU26198043000000008	Michigan	Detroit-Dearborn-Livonia, MI Metropolitan Division	2009	M10	October	28.15
SMU26198043000000008	Michigan	Detroit-Dearborn-Livonia, MI Metropolitan Division	2009	M09	September	27.93
SMU26198043000000008	Michigan	Detroit-Dearborn-Livonia, MI Metropolitan Division	2009	M08	August	27.82
SMU26198043000000008	Michigan	Detroit-Dearborn-Livonia, MI Metropolitan Division	2009	M07	July	27.00
SMU26198043000000008	Michigan	Detroit-Dearborn-Livonia, MI Metropolitan Division	2009	M06	June	27.21
SMU26198043000000008	Michigan	Detroit-Dearborn-Livonia, MI Metropolitan Division	2009	M05	May	27.91
SMU26198043000000008	Michigan	Detroit-Dearborn-Livonia, MI Metropolitan Division	2009	M04	April	28.18
SMU26198043000000008	Michigan	Detroit-Dearborn-Livonia, MI Metropolitan Division	2009	M03	March	28.17
SMU26198043000000008	Michigan	Detroit-Dearborn-Livonia, MI Metropolitan Division	2009	M02	February	28.02
SMU26198043000000008	Michigan	Detroit-Dearborn-Livonia, MI Metropolitan Division	2009	M01	January	27.99
SMU26198043000000008	Michigan	Detroit-Dearborn-Livonia, MI Metropolitan Division	2008	M12	December	28.32
SMU26198043000000008	Michigan	Detroit-Dearborn-Livonia, MI Metropolitan Division	2008	M11	November	28.00
SMU26198043000000008	Michigan	Detroit-Dearborn-Livonia, MI Metropolitan Division	2008	M10	October	27.35
SMU26198043000000008	Michigan	Detroit-Dearborn-Livonia, MI Metropolitan Division	2008	M09	September	27.22
SMU26198043000000008	Michigan	Detroit-Dearborn-Livonia, MI Metropolitan Division	2008	M08	August	27.04
SMU26198043000000008	Michigan	Detroit-Dearborn-Livonia, MI Metropolitan Division	2008	M07	July	26.12
SMU26198043000000008	Michigan	Detroit-Dearborn-Livonia, MI Metropolitan Division	2008	M06	June	26.55
SMU26198043000000008	Michigan	Detroit-Dearborn-Livonia, MI Metropolitan Division	2008	M05	May	26.19
SMU26198043000000008	Michigan	Detroit-Dearborn-Livonia, MI Metropolitan Division	2008	M04	April	26.07
SMU26198043000000008	Michigan	Detroit-Dearborn-Livonia, MI Metropolitan Division	2008	M03	March	26.06
SMU26198043000000008	Michigan	Detroit-Dearborn-Livonia, MI Metropolitan Division	2008	M02	February	25.91
SMU26198043000000008	Michigan	Detroit-Dearborn-Livonia, MI Metropolitan Division	2008	M01	January	25.87
SMU26198043000000008	Michigan	Detroit-Dearborn-Livonia, MI Metropolitan Division	2007	M12	December	27.50
SMU26198043000000008	Michigan	Detroit-Dearborn-Livonia, MI Metropolitan Division	2007	M11	November	26.39
SMU26198043000000008	Michigan	Detroit-Dearborn-Livonia, MI Metropolitan Division	2007	M10	October	26.01
SMU26198043000000008	Michigan	Detroit-Dearborn-Livonia, MI Metropolitan Division	2007	M09	September	26.16
SMU26198043000000008	Michigan	Detroit-Dearborn-Livonia, MI Metropolitan Division	2007	M08	August	26.06
SMU26198043000000008	Michigan	Detroit-Dearborn-Livonia, MI Metropolitan Division	2007	M07	July	25.18
SMU26198043000000008	Michigan	Detroit-Dearborn-Livonia, MI Metropolitan Division	2007	M06	June	25.95
SMU26198043000000008	Michigan	Detroit-Dearborn-Livonia, MI Metropolitan Division	2007	M05	May	25.74
SMU26198043000000008	Michigan	Detroit-Dearborn-Livonia, MI Metropolitan Division	2007	M04	April	26.17
SMU26198043000000008	Michigan	Detroit-Dearborn-Livonia, MI Metropolitan Division	2007	M03	March	25.81
SMU26198043000000008	Michigan	Detroit-Dearborn-Livonia, MI Metropolitan Division	2007	M02	February	25.83
SMU26198043000000008	Michigan	Detroit-Dearborn-Livonia, MI Metropolitan Division	2007	M01	January	26.15
SMU39174103000000008	Ohio	Cleveland, OH	2025	M12	December	28.42
SMU39174103000000008	Ohio	Cleveland, OH	2025	M11	November	28.32
SMU39174103000000008	Ohio	Cleveland, OH	2025	M10	October	28.04
SMU39174103000000008	Ohio	Cleveland, OH	2025	M09	September	28.75
SMU39174103000000008	Ohio	Cleveland, OH	2025	M08	August	28.29
SMU39174103000000008	Ohio	Cleveland, OH	2025	M07	July	28.91
SMU39174103000000008	Ohio	Cleveland, OH	2025	M06	June	29.02
SMU39174103000000008	Ohio	Cleveland, OH	2025	M05	May	28.29
SMU39174103000000008	Ohio	Cleveland, OH	2025	M04	April	28.30
SMU39174103000000008	Ohio	Cleveland, OH	2025	M03	March	28.61
SMU39174103000000008	Ohio	Cleveland, OH	2025	M02	February	28.72
SMU39174103000000008	Ohio	Cleveland, OH	2025	M01	January	28.38
SMU39174103000000008	Ohio	Cleveland, OH	2024	M12	December	28.49
SMU39174103000000008	Ohio	Cleveland, OH	2024	M11	November	28.37
SMU39174103000000008	Ohio	Cleveland, OH	2024	M10	October	28.57
SMU39174103000000008	Ohio	Cleveland, OH	2024	M09	September	28.47
SMU39174103000000008	Ohio	Cleveland, OH	2024	M08	August	28.64
SMU39174103000000008	Ohio	Cleveland, OH	2024	M07	July	28.66
SMU39174103000000008	Ohio	Cleveland, OH	2024	M06	June	28.33
SMU39174103000000008	Ohio	Cleveland, OH	2024	M05	May	28.33
SMU39174103000000008	Ohio	Cleveland, OH	2024	M04	April	27.80
SMU39174103000000008	Ohio	Cleveland, OH	2024	M03	March	27.18
SMU39174103000000008	Ohio	Cleveland, OH	2024	M02	February	27.31
SMU39174103000000008	Ohio	Cleveland, OH	2024	M01	January	26.81
SMU39174103000000008	Ohio	Cleveland, OH	2023	M12	December	26.88
SMU39174103000000008	Ohio	Cleveland, OH	2023	M11	November	26.45
SMU39174103000000008	Ohio	Cleveland, OH	2023	M10	October	26.19
SMU39174103000000008	Ohio	Cleveland, OH	2023	M09	September	26.15
SMU39174103000000008	Ohio	Cleveland, OH	2023	M08	August	25.79
SMU39174103000000008	Ohio	Cleveland, OH	2023	M07	July	25.40
SMU39174103000000008	Ohio	Cleveland, OH	2023	M06	June	25.77
SMU39174103000000008	Ohio	Cleveland, OH	2023	M05	May	25.33
SMU39174103000000008	Ohio	Cleveland, OH	2023	M04	April	25.14
SMU39174103000000008	Ohio	Cleveland, OH	2023	M03	March	24.38
SMU39174103000000008	Ohio	Cleveland, OH	2023	M02	February	24.25
SMU39174103000000008	Ohio	Cleveland, OH	2023	M01	January	24.89
SMU39174103000000008	Ohio	Cleveland, OH	2022	M12	December	24.90
SMU39174103000000008	Ohio	Cleveland, OH	2022	M11	November	24.90
SMU39174103000000008	Ohio	Cleveland, OH	2022	M10	October	24.98
SMU39174103000000008	Ohio	Cleveland, OH	2022	M09	September	24.47
SMU39174103000000008	Ohio	Cleveland, OH	2022	M08	August	24.06
SMU39174103000000008	Ohio	Cleveland, OH	2022	M07	July	23.92
SMU39174103000000008	Ohio	Cleveland, OH	2022	M06	June	23.86
SMU39174103000000008	Ohio	Cleveland, OH	2022	M05	May	23.31
SMU39174103000000008	Ohio	Cleveland, OH	2022	M04	April	23.02
SMU39174103000000008	Ohio	Cleveland, OH	2022	M03	March	22.70
SMU39174103000000008	Ohio	Cleveland, OH	2022	M02	February	21.63
SMU39174103000000008	Ohio	Cleveland, OH	2022	M01	January	22.59
SMU39174103000000008	Ohio	Cleveland, OH	2021	M12	December	22.99
SMU39174103000000008	Ohio	Cleveland, OH	2021	M11	November	22.52
SMU39174103000000008	Ohio	Cleveland, OH	2021	M10	October	22.19
SMU39174103000000008	Ohio	Cleveland, OH	2021	M09	September	22.26
SMU39174103000000008	Ohio	Cleveland, OH	2021	M08	August	22.14
SMU39174103000000008	Ohio	Cleveland, OH	2021	M07	July	22.23
SMU39174103000000008	Ohio	Cleveland, OH	2021	M06	June	21.65
SMU39174103000000008	Ohio	Cleveland, OH	2021	M05	May	21.14
SMU39174103000000008	Ohio	Cleveland, OH	2021	M04	April	21.33
SMU39174103000000008	Ohio	Cleveland, OH	2021	M03	March	21.41
SMU39174103000000008	Ohio	Cleveland, OH	2021	M02	February	21.59
SMU39174103000000008	Ohio	Cleveland, OH	2021	M01	January	21.16
SMU39174103000000008	Ohio	Cleveland, OH	2020	M12	December	21.74
SMU39174103000000008	Ohio	Cleveland, OH	2020	M11	November	21.10
SMU39174103000000008	Ohio	Cleveland, OH	2020	M10	October	20.86
SMU39174103000000008	Ohio	Cleveland, OH	2020	M09	September	20.41
SMU39174103000000008	Ohio	Cleveland, OH	2020	M08	August	20.61
SMU39174103000000008	Ohio	Cleveland, OH	2020	M07	July	20.97
SMU39174103000000008	Ohio	Cleveland, OH	2020	M06	June	21.13
SMU39174103000000008	Ohio	Cleveland, OH	2020	M05	May	21.35
SMU39174103000000008	Ohio	Cleveland, OH	2020	M04	April	21.95
SMU39174103000000008	Ohio	Cleveland, OH	2020	M03	March	22.98
SMU39174103000000008	Ohio	Cleveland, OH	2020	M02	February	22.83
SMU39174103000000008	Ohio	Cleveland, OH	2020	M01	January	23.10
SMU39174103000000008	Ohio	Cleveland, OH	2019	M12	December	23.27
SMU39174103000000008	Ohio	Cleveland, OH	2019	M11	November	23.19
SMU39174103000000008	Ohio	Cleveland, OH	2019	M10	October	22.69
SMU39174103000000008	Ohio	Cleveland, OH	2019	M09	September	22.61
SMU39174103000000008	Ohio	Cleveland, OH	2019	M08	August	22.72
SMU39174103000000008	Ohio	Cleveland, OH	2019	M07	July	22.11
SMU39174103000000008	Ohio	Cleveland, OH	2019	M06	June	22.74
SMU39174103000000008	Ohio	Cleveland, OH	2019	M05	May	22.57
SMU39174103000000008	Ohio	Cleveland, OH	2019	M04	April	22.83
SMU39174103000000008	Ohio	Cleveland, OH	2019	M03	March	22.88
SMU39174103000000008	Ohio	Cleveland, OH	2019	M02	February	22.97
SMU39174103000000008	Ohio	Cleveland, OH	2019	M01	January	22.47
SMU39174103000000008	Ohio	Cleveland, OH	2018	M12	December	22.38
SMU39174103000000008	Ohio	Cleveland, OH	2018	M11	November	22.24
SMU39174103000000008	Ohio	Cleveland, OH	2018	M10	October	21.97
SMU39174103000000008	Ohio	Cleveland, OH	2018	M09	September	22.47
SMU39174103000000008	Ohio	Cleveland, OH	2018	M08	August	21.94
SMU39174103000000008	Ohio	Cleveland, OH	2018	M07	July	21.31
SMU39174103000000008	Ohio	Cleveland, OH	2018	M06	June	21.66
SMU39174103000000008	Ohio	Cleveland, OH	2018	M05	May	21.60
SMU39174103000000008	Ohio	Cleveland, OH	2018	M04	April	21.72
SMU39174103000000008	Ohio	Cleveland, OH	2018	M03	March	21.27
SMU39174103000000008	Ohio	Cleveland, OH	2018	M02	February	21.48
SMU39174103000000008	Ohio	Cleveland, OH	2018	M01	January	21.12
SMU39174103000000008	Ohio	Cleveland, OH	2017	M12	December	21.63
SMU39174103000000008	Ohio	Cleveland, OH	2017	M11	November	21.40
SMU39174103000000008	Ohio	Cleveland, OH	2017	M10	October	21.05
SMU39174103000000008	Ohio	Cleveland, OH	2017	M09	September	20.79
SMU39174103000000008	Ohio	Cleveland, OH	2017	M08	August	20.30
SMU39174103000000008	Ohio	Cleveland, OH	2017	M07	July	20.56
SMU39174103000000008	Ohio	Cleveland, OH	2017	M06	June	20.28
SMU39174103000000008	Ohio	Cleveland, OH	2017	M05	May	20.50
SMU39174103000000008	Ohio	Cleveland, OH	2017	M04	April	20.66
SMU39174103000000008	Ohio	Cleveland, OH	2017	M03	March	20.47
SMU39174103000000008	Ohio	Cleveland, OH	2017	M02	February	20.02
SMU39174103000000008	Ohio	Cleveland, OH	2017	M01	January	19.72
SMU39174103000000008	Ohio	Cleveland, OH	2016	M12	December	19.93
SMU39174103000000008	Ohio	Cleveland, OH	2016	M11	November	19.99
SMU39174103000000008	Ohio	Cleveland, OH	2016	M10	October	20.21
SMU39174103000000008	Ohio	Cleveland, OH	2016	M09	September	20.37
SMU39174103000000008	Ohio	Cleveland, OH	2016	M08	August	20.10
SMU39174103000000008	Ohio	Cleveland, OH	2016	M07	July	20.30
SMU39174103000000008	Ohio	Cleveland, OH	2016	M06	June	19.99
SMU39174103000000008	Ohio	Cleveland, OH	2016	M05	May	19.89
SMU39174103000000008	Ohio	Cleveland, OH	2016	M04	April	19.88
SMU39174103000000008	Ohio	Cleveland, OH	2016	M03	March	20.15
SMU39174103000000008	Ohio	Cleveland, OH	2016	M02	February	19.80
SMU39174103000000008	Ohio	Cleveland, OH	2016	M01	January	19.80
SMU39174103000000008	Ohio	Cleveland, OH	2015	M12	December	20.32
SMU39174103000000008	Ohio	Cleveland, OH	2015	M11	November	20.04
SMU39174103000000008	Ohio	Cleveland, OH	2015	M10	October	19.89
SMU39174103000000008	Ohio	Cleveland, OH	2015	M09	September	20.22
SMU39174103000000008	Ohio	Cleveland, OH	2015	M08	August	20.13
SMU39174103000000008	Ohio	Cleveland, OH	2015	M07	July	19.58
SMU39174103000000008	Ohio	Cleveland, OH	2015	M06	June	20.20
SMU39174103000000008	Ohio	Cleveland, OH	2015	M05	May	20.22
SMU39174103000000008	Ohio	Cleveland, OH	2015	M04	April	20.27
SMU39174103000000008	Ohio	Cleveland, OH	2015	M03	March	20.33
SMU39174103000000008	Ohio	Cleveland, OH	2015	M02	February	20.52
SMU39174103000000008	Ohio	Cleveland, OH	2015	M01	January	20.48
SMU39174103000000008	Ohio	Cleveland, OH	2014	M12	December	20.76
SMU39174103000000008	Ohio	Cleveland, OH	2014	M11	November	20.85
SMU39174103000000008	Ohio	Cleveland, OH	2014	M10	October	20.98
SMU39174103000000008	Ohio	Cleveland, OH	2014	M09	September	20.93
SMU39174103000000008	Ohio	Cleveland, OH	2014	M08	August	20.68
SMU39174103000000008	Ohio	Cleveland, OH	2014	M07	July	20.30
SMU39174103000000008	Ohio	Cleveland, OH	2014	M06	June	20.56
SMU39174103000000008	Ohio	Cleveland, OH	2014	M05	May	20.56
SMU39174103000000008	Ohio	Cleveland, OH	2014	M04	April	20.43
SMU39174103000000008	Ohio	Cleveland, OH	2014	M03	March	20.29
SMU39174103000000008	Ohio	Cleveland, OH	2014	M02	February	20.43
SMU39174103000000008	Ohio	Cleveland, OH	2014	M01	January	19.93
SMU39174103000000008	Ohio	Cleveland, OH	2013	M12	December	20.34
SMU39174103000000008	Ohio	Cleveland, OH	2013	M11	November	20.09
SMU39174103000000008	Ohio	Cleveland, OH	2013	M10	October	19.51
SMU39174103000000008	Ohio	Cleveland, OH	2013	M09	September	20.22
SMU39174103000000008	Ohio	Cleveland, OH	2013	M08	August	20.46
SMU39174103000000008	Ohio	Cleveland, OH	2013	M07	July	19.93
SMU39174103000000008	Ohio	Cleveland, OH	2013	M06	June	20.23
SMU39174103000000008	Ohio	Cleveland, OH	2013	M05	May	20.39
SMU39174103000000008	Ohio	Cleveland, OH	2013	M04	April	20.27
SMU39174103000000008	Ohio	Cleveland, OH	2013	M03	March	19.76
SMU39174103000000008	Ohio	Cleveland, OH	2013	M02	February	19.64
SMU39174103000000008	Ohio	Cleveland, OH	2013	M01	January	19.57
SMU39174103000000008	Ohio	Cleveland, OH	2012	M12	December	19.91
SMU39174103000000008	Ohio	Cleveland, OH	2012	M11	November	20.24
SMU39174103000000008	Ohio	Cleveland, OH	2012	M10	October	19.95
SMU39174103000000008	Ohio	Cleveland, OH	2012	M09	September	20.44
SMU39174103000000008	Ohio	Cleveland, OH	2012	M08	August	20.07
SMU39174103000000008	Ohio	Cleveland, OH	2012	M07	July	19.96
SMU39174103000000008	Ohio	Cleveland, OH	2012	M06	June	20.21
SMU39174103000000008	Ohio	Cleveland, OH	2012	M05	May	20.02
SMU39174103000000008	Ohio	Cleveland, OH	2012	M04	April	20.46
SMU39174103000000008	Ohio	Cleveland, OH	2012	M03	March	20.43
SMU39174103000000008	Ohio	Cleveland, OH	2012	M02	February	20.03
SMU39174103000000008	Ohio	Cleveland, OH	2012	M01	January	19.56
SMU39174103000000008	Ohio	Cleveland, OH	2011	M12	December	19.60
SMU39174103000000008	Ohio	Cleveland, OH	2011	M11	November	19.45
SMU39174103000000008	Ohio	Cleveland, OH	2011	M10	October	19.21
SMU39174103000000008	Ohio	Cleveland, OH	2011	M09	September	19.33
SMU39174103000000008	Ohio	Cleveland, OH	2011	M08	August	19.62
SMU39174103000000008	Ohio	Cleveland, OH	2011	M07	July	19.06
SMU39174103000000008	Ohio	Cleveland, OH	2011	M06	June	18.83
SMU39174103000000008	Ohio	Cleveland, OH	2011	M05	May	19.08
SMU39174103000000008	Ohio	Cleveland, OH	2011	M04	April	19.24
SMU39174103000000008	Ohio	Cleveland, OH	2011	M03	March	19.18
SMU39174103000000008	Ohio	Cleveland, OH	2011	M02	February	18.78
SMU39174103000000008	Ohio	Cleveland, OH	2011	M01	January	18.67
SMU39174103000000008	Ohio	Cleveland, OH	2010	M12	December	18.60
SMU39174103000000008	Ohio	Cleveland, OH	2010	M11	November	17.86
SMU39174103000000008	Ohio	Cleveland, OH	2010	M10	October	17.86
SMU39174103000000008	Ohio	Cleveland, OH	2010	M09	September	17.86
SMU39174103000000008	Ohio	Cleveland, OH	2010	M08	August	17.76
SMU39174103000000008	Ohio	Cleveland, OH	2010	M07	July	17.83
SMU39174103000000008	Ohio	Cleveland, OH	2010	M06	June	17.93
SMU39174103000000008	Ohio	Cleveland, OH	2010	M05	May	17.81
SMU39174103000000008	Ohio	Cleveland, OH	2010	M04	April	17.74
SMU39174103000000008	Ohio	Cleveland, OH	2010	M03	March	17.90
SMU39174103000000008	Ohio	Cleveland, OH	2010	M02	February	17.76
SMU39174103000000008	Ohio	Cleveland, OH	2010	M01	January	17.76
SMU39174103000000008	Ohio	Cleveland, OH	2009	M12	December	17.93
SMU39174103000000008	Ohio	Cleveland, OH	2009	M11	November	17.82
SMU39174103000000008	Ohio	Cleveland, OH	2009	M10	October	17.93
SMU39174103000000008	Ohio	Cleveland, OH	2009	M09	September	18.04
SMU39174103000000008	Ohio	Cleveland, OH	2009	M08	August	18.03
SMU39174103000000008	Ohio	Cleveland, OH	2009	M07	July	17.97
SMU39174103000000008	Ohio	Cleveland, OH	2009	M06	June	17.90
SMU39174103000000008	Ohio	Cleveland, OH	2009	M05	May	17.97
SMU39174103000000008	Ohio	Cleveland, OH	2009	M04	April	18.17
SMU39174103000000008	Ohio	Cleveland, OH	2009	M03	March	18.21
SMU39174103000000008	Ohio	Cleveland, OH	2009	M02	February	17.84
SMU39174103000000008	Ohio	Cleveland, OH	2009	M01	January	17.69
SMU39174103000000008	Ohio	Cleveland, OH	2008	M12	December	17.73
SMU39174103000000008	Ohio	Cleveland, OH	2008	M11	November	18.08
SMU39174103000000008	Ohio	Cleveland, OH	2008	M10	October	17.99
SMU39174103000000008	Ohio	Cleveland, OH	2008	M09	September	18.29
SMU39174103000000008	Ohio	Cleveland, OH	2008	M08	August	18.41
SMU39174103000000008	Ohio	Cleveland, OH	2008	M07	July	18.38
SMU39174103000000008	Ohio	Cleveland, OH	2008	M06	June	18.41
SMU39174103000000008	Ohio	Cleveland, OH	2008	M05	May	18.55
SMU39174103000000008	Ohio	Cleveland, OH	2008	M04	April	18.76
SMU39174103000000008	Ohio	Cleveland, OH	2008	M03	March	18.50
SMU39174103000000008	Ohio	Cleveland, OH	2008	M02	February	18.24
SMU39174103000000008	Ohio	Cleveland, OH	2008	M01	January	18.68
SMU39174103000000008	Ohio	Cleveland, OH	2007	M12	December	18.78
SMU39174103000000008	Ohio	Cleveland, OH	2007	M11	November	19.00
SMU39174103000000008	Ohio	Cleveland, OH	2007	M10	October	18.94
SMU39174103000000008	Ohio	Cleveland, OH	2007	M09	September	19.16
SMU39174103000000008	Ohio	Cleveland, OH	2007	M08	August	19.18
SMU39174103000000008	Ohio	Cleveland, OH	2007	M07	July	19.02
SMU39174103000000008	Ohio	Cleveland, OH	2007	M06	June	18.97
SMU39174103000000008	Ohio	Cleveland, OH	2007	M05	May	19.24
SMU39174103000000008	Ohio	Cleveland, OH	2007	M04	April	19.29
SMU39174103000000008	Ohio	Cleveland, OH	2007	M03	March	19.26
SMU39174103000000008	Ohio	Cleveland, OH	2007	M02	February	18.59
SMU39174103000000008	Ohio	Cleveland, OH	2007	M01	January	18.94
SMU20486203000000008	Kansas	Wichita, KS	2025	M12	December	24.55
SMU20486203000000008	Kansas	Wichita, KS	2025	M11	November	24.86
SMU20486203000000008	Kansas	Wichita, KS	2025	M10	October	25.97
SMU20486203000000008	Kansas	Wichita, KS	2025	M09	September	25.17
SMU20486203000000008	Kansas	Wichita, KS	2025	M08	August	25.80
SMU20486203000000008	Kansas	Wichita, KS	2025	M07	July	25.41
SMU20486203000000008	Kansas	Wichita, KS	2025	M06	June	24.37
SMU20486203000000008	Kansas	Wichita, KS	2025	M05	May	24.13
SMU20486203000000008	Kansas	Wichita, KS	2025	M04	April	24.42
SMU20486203000000008	Kansas	Wichita, KS	2025	M03	March	24.30
SMU20486203000000008	Kansas	Wichita, KS	2025	M02	February	23.19
SMU20486203000000008	Kansas	Wichita, KS	2025	M01	January	23.03
SMU20486203000000008	Kansas	Wichita, KS	2024	M12	December	22.86
SMU20486203000000008	Kansas	Wichita, KS	2024	M11	November	21.65
SMU20486203000000008	Kansas	Wichita, KS	2024	M10	October	24.90
SMU20486203000000008	Kansas	Wichita, KS	2024	M09	September	25.16
SMU20486203000000008	Kansas	Wichita, KS	2024	M08	August	23.68
SMU20486203000000008	Kansas	Wichita, KS	2024	M07	July	23.44
SMU20486203000000008	Kansas	Wichita, KS	2024	M06	June	23.57
SMU20486203000000008	Kansas	Wichita, KS	2024	M05	May	23.53
SMU20486203000000008	Kansas	Wichita, KS	2024	M04	April	23.90
SMU20486203000000008	Kansas	Wichita, KS	2024	M03	March	24.08
SMU20486203000000008	Kansas	Wichita, KS	2024	M02	February	24.81
SMU20486203000000008	Kansas	Wichita, KS	2024	M01	January	25.20
SMU20486203000000008	Kansas	Wichita, KS	2023	M12	December	26.10
SMU20486203000000008	Kansas	Wichita, KS	2023	M11	November	25.93
SMU20486203000000008	Kansas	Wichita, KS	2023	M10	October	25.29
SMU20486203000000008	Kansas	Wichita, KS	2023	M09	September	24.61
SMU20486203000000008	Kansas	Wichita, KS	2023	M08	August	23.97
SMU20486203000000008	Kansas	Wichita, KS	2023	M07	July	24.29
SMU20486203000000008	Kansas	Wichita, KS	2023	M06	June	24.21
SMU20486203000000008	Kansas	Wichita, KS	2023	M05	May	23.15
SMU20486203000000008	Kansas	Wichita, KS	2023	M04	April	23.26
SMU20486203000000008	Kansas	Wichita, KS	2023	M03	March	23.35
SMU20486203000000008	Kansas	Wichita, KS	2023	M02	February	22.27
SMU20486203000000008	Kansas	Wichita, KS	2023	M01	January	22.36
SMU20486203000000008	Kansas	Wichita, KS	2022	M12	December	23.14
SMU20486203000000008	Kansas	Wichita, KS	2022	M11	November	22.96
SMU20486203000000008	Kansas	Wichita, KS	2022	M10	October	22.71
SMU20486203000000008	Kansas	Wichita, KS	2022	M09	September	22.83
SMU20486203000000008	Kansas	Wichita, KS	2022	M08	August	22.28
SMU20486203000000008	Kansas	Wichita, KS	2022	M07	July	22.37
SMU20486203000000008	Kansas	Wichita, KS	2022	M06	June	22.60
SMU20486203000000008	Kansas	Wichita, KS	2022	M05	May	22.89
SMU20486203000000008	Kansas	Wichita, KS	2022	M04	April	22.73
SMU20486203000000008	Kansas	Wichita, KS	2022	M03	March	22.40
SMU20486203000000008	Kansas	Wichita, KS	2022	M02	February	22.02
SMU20486203000000008	Kansas	Wichita, KS	2022	M01	January	21.61
SMU20486203000000008	Kansas	Wichita, KS	2021	M12	December	21.71
SMU20486203000000008	Kansas	Wichita, KS	2021	M11	November	21.76
SMU20486203000000008	Kansas	Wichita, KS	2021	M10	October	22.13
SMU20486203000000008	Kansas	Wichita, KS	2021	M09	September	21.96
SMU20486203000000008	Kansas	Wichita, KS	2021	M08	August	21.65
SMU20486203000000008	Kansas	Wichita, KS	2021	M07	July	21.20
SMU20486203000000008	Kansas	Wichita, KS	2021	M06	June	20.79
SMU20486203000000008	Kansas	Wichita, KS	2021	M05	May	20.92
SMU20486203000000008	Kansas	Wichita, KS	2021	M04	April	20.58
SMU20486203000000008	Kansas	Wichita, KS	2021	M03	March	20.95
SMU20486203000000008	Kansas	Wichita, KS	2021	M02	February	20.82
SMU20486203000000008	Kansas	Wichita, KS	2021	M01	January	20.88
SMU20486203000000008	Kansas	Wichita, KS	2020	M12	December	21.30
SMU20486203000000008	Kansas	Wichita, KS	2020	M11	November	20.45
SMU20486203000000008	Kansas	Wichita, KS	2020	M10	October	20.65
SMU20486203000000008	Kansas	Wichita, KS	2020	M09	September	20.55
SMU20486203000000008	Kansas	Wichita, KS	2020	M08	August	20.95
SMU20486203000000008	Kansas	Wichita, KS	2020	M07	July	20.27
SMU20486203000000008	Kansas	Wichita, KS	2020	M06	June	20.24
SMU20486203000000008	Kansas	Wichita, KS	2020	M05	May	19.90
SMU20486203000000008	Kansas	Wichita, KS	2020	M04	April	18.77
SMU20486203000000008	Kansas	Wichita, KS	2020	M03	March	19.49
SMU20486203000000008	Kansas	Wichita, KS	2020	M02	February	19.40
SMU20486203000000008	Kansas	Wichita, KS	2020	M01	January	19.00
SMU20486203000000008	Kansas	Wichita, KS	2019	M12	December	19.02
SMU20486203000000008	Kansas	Wichita, KS	2019	M11	November	18.90
SMU20486203000000008	Kansas	Wichita, KS	2019	M10	October	18.88
SMU20486203000000008	Kansas	Wichita, KS	2019	M09	September	19.11
SMU20486203000000008	Kansas	Wichita, KS	2019	M08	August	18.75
SMU20486203000000008	Kansas	Wichita, KS	2019	M07	July	18.81
SMU20486203000000008	Kansas	Wichita, KS	2019	M06	June	18.73
SMU20486203000000008	Kansas	Wichita, KS	2019	M05	May	18.67
SMU20486203000000008	Kansas	Wichita, KS	2019	M04	April	18.53
SMU20486203000000008	Kansas	Wichita, KS	2019	M03	March	18.85
SMU20486203000000008	Kansas	Wichita, KS	2019	M02	February	18.49
SMU20486203000000008	Kansas	Wichita, KS	2019	M01	January	18.44
SMU20486203000000008	Kansas	Wichita, KS	2018	M12	December	18.55
SMU20486203000000008	Kansas	Wichita, KS	2018	M11	November	18.35
SMU20486203000000008	Kansas	Wichita, KS	2018	M10	October	18.66
SMU20486203000000008	Kansas	Wichita, KS	2018	M09	September	18.53
SMU20486203000000008	Kansas	Wichita, KS	2018	M08	August	19.10
SMU20486203000000008	Kansas	Wichita, KS	2018	M07	July	18.45
SMU20486203000000008	Kansas	Wichita, KS	2018	M06	June	18.64
SMU20486203000000008	Kansas	Wichita, KS	2018	M05	May	17.90
SMU20486203000000008	Kansas	Wichita, KS	2018	M04	April	18.10
SMU20486203000000008	Kansas	Wichita, KS	2018	M03	March	17.77
SMU20486203000000008	Kansas	Wichita, KS	2018	M02	February	18.00
SMU20486203000000008	Kansas	Wichita, KS	2018	M01	January	17.69
SMU20486203000000008	Kansas	Wichita, KS	2017	M12	December	17.56
SMU20486203000000008	Kansas	Wichita, KS	2017	M11	November	17.16
SMU20486203000000008	Kansas	Wichita, KS	2017	M10	October	17.57
SMU20486203000000008	Kansas	Wichita, KS	2017	M09	September	17.81
SMU20486203000000008	Kansas	Wichita, KS	2017	M08	August	17.17
SMU20486203000000008	Kansas	Wichita, KS	2017	M07	July	17.39
SMU20486203000000008	Kansas	Wichita, KS	2017	M06	June	17.38
SMU20486203000000008	Kansas	Wichita, KS	2017	M05	May	17.40
SMU20486203000000008	Kansas	Wichita, KS	2017	M04	April	17.53
SMU20486203000000008	Kansas	Wichita, KS	2017	M03	March	17.98
SMU20486203000000008	Kansas	Wichita, KS	2017	M02	February	18.13
SMU20486203000000008	Kansas	Wichita, KS	2017	M01	January	18.14
SMU20486203000000008	Kansas	Wichita, KS	2016	M12	December	18.25
SMU20486203000000008	Kansas	Wichita, KS	2016	M11	November	18.65
SMU20486203000000008	Kansas	Wichita, KS	2016	M10	October	18.52
SMU20486203000000008	Kansas	Wichita, KS	2016	M09	September	18.76
SMU20486203000000008	Kansas	Wichita, KS	2016	M08	August	18.41
SMU20486203000000008	Kansas	Wichita, KS	2016	M07	July	17.65
SMU20486203000000008	Kansas	Wichita, KS	2016	M06	June	18.29
SMU20486203000000008	Kansas	Wichita, KS	2016	M05	May	17.70
SMU20486203000000008	Kansas	Wichita, KS	2016	M04	April	17.65
SMU20486203000000008	Kansas	Wichita, KS	2016	M03	March	17.36
SMU20486203000000008	Kansas	Wichita, KS	2016	M02	February	17.50
SMU20486203000000008	Kansas	Wichita, KS	2016	M01	January	17.38
SMU20486203000000008	Kansas	Wichita, KS	2015	M12	December	17.40
SMU20486203000000008	Kansas	Wichita, KS	2015	M11	November	17.28
SMU20486203000000008	Kansas	Wichita, KS	2015	M10	October	17.23
SMU20486203000000008	Kansas	Wichita, KS	2015	M09	September	17.10
SMU20486203000000008	Kansas	Wichita, KS	2015	M08	August	17.43
SMU20486203000000008	Kansas	Wichita, KS	2015	M07	July	16.96
SMU20486203000000008	Kansas	Wichita, KS	2015	M06	June	16.89
SMU20486203000000008	Kansas	Wichita, KS	2015	M05	May	17.43
SMU20486203000000008	Kansas	Wichita, KS	2015	M04	April	17.42
SMU20486203000000008	Kansas	Wichita, KS	2015	M03	March	17.61
SMU20486203000000008	Kansas	Wichita, KS	2015	M02	February	17.83
SMU20486203000000008	Kansas	Wichita, KS	2015	M01	January	17.41
SMU20486203000000008	Kansas	Wichita, KS	2014	M12	December	17.73
SMU20486203000000008	Kansas	Wichita, KS	2014	M11	November	17.90
SMU20486203000000008	Kansas	Wichita, KS	2014	M10	October	17.96
SMU20486203000000008	Kansas	Wichita, KS	2014	M09	September	17.65
SMU20486203000000008	Kansas	Wichita, KS	2014	M08	August	18.38
SMU20486203000000008	Kansas	Wichita, KS	2014	M07	July	18.54
SMU20486203000000008	Kansas	Wichita, KS	2014	M06	June	18.40
SMU20486203000000008	Kansas	Wichita, KS	2014	M05	May	18.53
SMU20486203000000008	Kansas	Wichita, KS	2014	M04	April	18.67
SMU20486203000000008	Kansas	Wichita, KS	2014	M03	March	19.45
SMU20486203000000008	Kansas	Wichita, KS	2014	M02	February	19.63
SMU20486203000000008	Kansas	Wichita, KS	2014	M01	January	19.72
SMU20486203000000008	Kansas	Wichita, KS	2013	M12	December	19.24
SMU20486203000000008	Kansas	Wichita, KS	2013	M11	November	19.36
SMU20486203000000008	Kansas	Wichita, KS	2013	M10	October	19.30
SMU20486203000000008	Kansas	Wichita, KS	2013	M09	September	19.25
SMU20486203000000008	Kansas	Wichita, KS	2013	M08	August	19.42
SMU20486203000000008	Kansas	Wichita, KS	2013	M07	July	19.45
SMU20486203000000008	Kansas	Wichita, KS	2013	M06	June	19.53
SMU20486203000000008	Kansas	Wichita, KS	2013	M05	May	19.34
SMU20486203000000008	Kansas	Wichita, KS	2013	M04	April	19.27
SMU20486203000000008	Kansas	Wichita, KS	2013	M03	March	19.63
SMU20486203000000008	Kansas	Wichita, KS	2013	M02	February	19.48
SMU20486203000000008	Kansas	Wichita, KS	2013	M01	January	19.14
SMU20486203000000008	Kansas	Wichita, KS	2012	M12	December	19.82
SMU20486203000000008	Kansas	Wichita, KS	2012	M11	November	19.27
SMU20486203000000008	Kansas	Wichita, KS	2012	M10	October	19.62
SMU20486203000000008	Kansas	Wichita, KS	2012	M09	September	19.74
SMU20486203000000008	Kansas	Wichita, KS	2012	M08	August	19.72
SMU20486203000000008	Kansas	Wichita, KS	2012	M07	July	19.68
SMU20486203000000008	Kansas	Wichita, KS	2012	M06	June	19.62
SMU20486203000000008	Kansas	Wichita, KS	2012	M05	May	19.73
SMU20486203000000008	Kansas	Wichita, KS	2012	M04	April	19.81
SMU20486203000000008	Kansas	Wichita, KS	2012	M03	March	19.73
SMU20486203000000008	Kansas	Wichita, KS	2012	M02	February	18.97
SMU20486203000000008	Kansas	Wichita, KS	2012	M01	January	19.88
SMU20486203000000008	Kansas	Wichita, KS	2011	M12	December	20.21
SMU20486203000000008	Kansas	Wichita, KS	2011	M11	November	20.16
SMU20486203000000008	Kansas	Wichita, KS	2011	M10	October	20.06
SMU20486203000000008	Kansas	Wichita, KS	2011	M09	September	19.63
SMU20486203000000008	Kansas	Wichita, KS	2011	M08	August	19.49
SMU20486203000000008	Kansas	Wichita, KS	2011	M07	July	19.32
SMU20486203000000008	Kansas	Wichita, KS	2011	M06	June	18.98
SMU20486203000000008	Kansas	Wichita, KS	2011	M05	May	18.99
SMU20486203000000008	Kansas	Wichita, KS	2011	M04	April	19.07
SMU20486203000000008	Kansas	Wichita, KS	2011	M03	March	18.47
SMU20486203000000008	Kansas	Wichita, KS	2011	M02	February	18.14
SMU20486203000000008	Kansas	Wichita, KS	2011	M01	January	18.10
SMU10488643000000008	Delaware	Wilmington, DE-MD-NJ Metropolitan Division	2025	M12	December	30.38
SMU10488643000000008	Delaware	Wilmington, DE-MD-NJ Metropolitan Division	2025	M11	November	30.28
SMU10488643000000008	Delaware	Wilmington, DE-MD-NJ Metropolitan Division	2025	M10	October	30.34
SMU10488643000000008	Delaware	Wilmington, DE-MD-NJ Metropolitan Division	2025	M09	September	30.53
SMU10488643000000008	Delaware	Wilmington, DE-MD-NJ Metropolitan Division	2025	M08	August	31.26
SMU10488643000000008	Delaware	Wilmington, DE-MD-NJ Metropolitan Division	2025	M07	July	31.78
SMU10488643000000008	Delaware	Wilmington, DE-MD-NJ Metropolitan Division	2025	M06	June	32.27
SMU10488643000000008	Delaware	Wilmington, DE-MD-NJ Metropolitan Division	2025	M05	May	31.86
SMU10488643000000008	Delaware	Wilmington, DE-MD-NJ Metropolitan Division	2025	M04	April	31.42
SMU10488643000000008	Delaware	Wilmington, DE-MD-NJ Metropolitan Division	2025	M03	March	30.88
SMU10488643000000008	Delaware	Wilmington, DE-MD-NJ Metropolitan Division	2025	M02	February	30.01
SMU10488643000000008	Delaware	Wilmington, DE-MD-NJ Metropolitan Division	2025	M01	January	29.63
SMU10488643000000008	Delaware	Wilmington, DE-MD-NJ Metropolitan Division	2024	M12	December	30.26
SMU10488643000000008	Delaware	Wilmington, DE-MD-NJ Metropolitan Division	2024	M11	November	29.93
SMU10488643000000008	Delaware	Wilmington, DE-MD-NJ Metropolitan Division	2024	M10	October	29.84
SMU10488643000000008	Delaware	Wilmington, DE-MD-NJ Metropolitan Division	2024	M09	September	30.67
SMU10488643000000008	Delaware	Wilmington, DE-MD-NJ Metropolitan Division	2024	M08	August	30.84
SMU10488643000000008	Delaware	Wilmington, DE-MD-NJ Metropolitan Division	2024	M07	July	31.52
SMU10488643000000008	Delaware	Wilmington, DE-MD-NJ Metropolitan Division	2024	M06	June	31.36
SMU10488643000000008	Delaware	Wilmington, DE-MD-NJ Metropolitan Division	2024	M05	May	30.64
SMU10488643000000008	Delaware	Wilmington, DE-MD-NJ Metropolitan Division	2024	M04	April	29.95
SMU10488643000000008	Delaware	Wilmington, DE-MD-NJ Metropolitan Division	2024	M03	March	27.99
SMU10488643000000008	Delaware	Wilmington, DE-MD-NJ Metropolitan Division	2024	M02	February	27.82
SMU10488643000000008	Delaware	Wilmington, DE-MD-NJ Metropolitan Division	2024	M01	January	27.60
SMU10488643000000008	Delaware	Wilmington, DE-MD-NJ Metropolitan Division	2023	M12	December	28.32
SMU10488643000000008	Delaware	Wilmington, DE-MD-NJ Metropolitan Division	2023	M11	November	27.99
SMU10488643000000008	Delaware	Wilmington, DE-MD-NJ Metropolitan Division	2023	M10	October	28.67
SMU10488643000000008	Delaware	Wilmington, DE-MD-NJ Metropolitan Division	2023	M09	September	29.25
SMU10488643000000008	Delaware	Wilmington, DE-MD-NJ Metropolitan Division	2023	M08	August	28.68
SMU10488643000000008	Delaware	Wilmington, DE-MD-NJ Metropolitan Division	2023	M07	July	28.45
SMU10488643000000008	Delaware	Wilmington, DE-MD-NJ Metropolitan Division	2023	M06	June	28.62
SMU10488643000000008	Delaware	Wilmington, DE-MD-NJ Metropolitan Division	2023	M05	May	28.02
SMU10488643000000008	Delaware	Wilmington, DE-MD-NJ Metropolitan Division	2023	M04	April	27.01
SMU10488643000000008	Delaware	Wilmington, DE-MD-NJ Metropolitan Division	2023	M03	March	25.69
SMU10488643000000008	Delaware	Wilmington, DE-MD-NJ Metropolitan Division	2023	M02	February	25.85
SMU10488643000000008	Delaware	Wilmington, DE-MD-NJ Metropolitan Division	2023	M01	January	25.41
SMU10488643000000008	Delaware	Wilmington, DE-MD-NJ Metropolitan Division	2022	M12	December	25.95
SMU10488643000000008	Delaware	Wilmington, DE-MD-NJ Metropolitan Division	2022	M11	November	25.62
SMU10488643000000008	Delaware	Wilmington, DE-MD-NJ Metropolitan Division	2022	M10	October	25.08
SMU10488643000000008	Delaware	Wilmington, DE-MD-NJ Metropolitan Division	2022	M09	September	25.15
SMU10488643000000008	Delaware	Wilmington, DE-MD-NJ Metropolitan Division	2022	M08	August	25.60
SMU10488643000000008	Delaware	Wilmington, DE-MD-NJ Metropolitan Division	2022	M07	July	26.12
SMU10488643000000008	Delaware	Wilmington, DE-MD-NJ Metropolitan Division	2022	M06	June	26.48
SMU10488643000000008	Delaware	Wilmington, DE-MD-NJ Metropolitan Division	2022	M05	May	26.55
SMU10488643000000008	Delaware	Wilmington, DE-MD-NJ Metropolitan Division	2022	M04	April	26.75
SMU10488643000000008	Delaware	Wilmington, DE-MD-NJ Metropolitan Division	2022	M03	March	26.40
SMU10488643000000008	Delaware	Wilmington, DE-MD-NJ Metropolitan Division	2022	M02	February	26.42
SMU10488643000000008	Delaware	Wilmington, DE-MD-NJ Metropolitan Division	2022	M01	January	26.38
SMU10488643000000008	Delaware	Wilmington, DE-MD-NJ Metropolitan Division	2021	M12	December	26.78
SMU10488643000000008	Delaware	Wilmington, DE-MD-NJ Metropolitan Division	2021	M11	November	25.70
SMU10488643000000008	Delaware	Wilmington, DE-MD-NJ Metropolitan Division	2021	M10	October	25.41
SMU10488643000000008	Delaware	Wilmington, DE-MD-NJ Metropolitan Division	2021	M09	September	24.88
SMU10488643000000008	Delaware	Wilmington, DE-MD-NJ Metropolitan Division	2021	M08	August	24.92
SMU10488643000000008	Delaware	Wilmington, DE-MD-NJ Metropolitan Division	2021	M07	July	25.41
SMU10488643000000008	Delaware	Wilmington, DE-MD-NJ Metropolitan Division	2021	M06	June	25.71
SMU10488643000000008	Delaware	Wilmington, DE-MD-NJ Metropolitan Division	2021	M05	May	26.65
SMU10488643000000008	Delaware	Wilmington, DE-MD-NJ Metropolitan Division	2021	M04	April	26.75
SMU10488643000000008	Delaware	Wilmington, DE-MD-NJ Metropolitan Division	2021	M03	March	25.99
SMU10488643000000008	Delaware	Wilmington, DE-MD-NJ Metropolitan Division	2021	M02	February	27.14
SMU10488643000000008	Delaware	Wilmington, DE-MD-NJ Metropolitan Division	2021	M01	January	26.62
SMU10488643000000008	Delaware	Wilmington, DE-MD-NJ Metropolitan Division	2020	M12	December	27.39
SMU10488643000000008	Delaware	Wilmington, DE-MD-NJ Metropolitan Division	2020	M11	November	26.12
SMU10488643000000008	Delaware	Wilmington, DE-MD-NJ Metropolitan Division	2020	M10	October	26.89
SMU10488643000000008	Delaware	Wilmington, DE-MD-NJ Metropolitan Division	2020	M09	September	26.07
SMU10488643000000008	Delaware	Wilmington, DE-MD-NJ Metropolitan Division	2020	M08	August	26.65
SMU10488643000000008	Delaware	Wilmington, DE-MD-NJ Metropolitan Division	2020	M07	July	27.17
SMU10488643000000008	Delaware	Wilmington, DE-MD-NJ Metropolitan Division	2020	M06	June	26.72
SMU10488643000000008	Delaware	Wilmington, DE-MD-NJ Metropolitan Division	2020	M05	May	27.96
SMU10488643000000008	Delaware	Wilmington, DE-MD-NJ Metropolitan Division	2020	M04	April	27.02
SMU10488643000000008	Delaware	Wilmington, DE-MD-NJ Metropolitan Division	2020	M03	March	27.36
SMU10488643000000008	Delaware	Wilmington, DE-MD-NJ Metropolitan Division	2020	M02	February	27.25
SMU10488643000000008	Delaware	Wilmington, DE-MD-NJ Metropolitan Division	2020	M01	January	26.36
SMU10488643000000008	Delaware	Wilmington, DE-MD-NJ Metropolitan Division	2019	M12	December	26.57
SMU10488643000000008	Delaware	Wilmington, DE-MD-NJ Metropolitan Division	2019	M11	November	25.98
SMU10488643000000008	Delaware	Wilmington, DE-MD-NJ Metropolitan Division	2019	M10	October	25.89
SMU10488643000000008	Delaware	Wilmington, DE-MD-NJ Metropolitan Division	2019	M09	September	26.73
SMU10488643000000008	Delaware	Wilmington, DE-MD-NJ Metropolitan Division	2019	M08	August	27.03
SMU10488643000000008	Delaware	Wilmington, DE-MD-NJ Metropolitan Division	2019	M07	July	27.35
SMU10488643000000008	Delaware	Wilmington, DE-MD-NJ Metropolitan Division	2019	M06	June	26.77
SMU10488643000000008	Delaware	Wilmington, DE-MD-NJ Metropolitan Division	2019	M05	May	26.81
SMU10488643000000008	Delaware	Wilmington, DE-MD-NJ Metropolitan Division	2019	M04	April	26.68
SMU10488643000000008	Delaware	Wilmington, DE-MD-NJ Metropolitan Division	2019	M03	March	27.36
SMU10488643000000008	Delaware	Wilmington, DE-MD-NJ Metropolitan Division	2019	M02	February	26.59
SMU10488643000000008	Delaware	Wilmington, DE-MD-NJ Metropolitan Division	2019	M01	January	25.57
SMU10488643000000008	Delaware	Wilmington, DE-MD-NJ Metropolitan Division	2018	M12	December	26.97
SMU10488643000000008	Delaware	Wilmington, DE-MD-NJ Metropolitan Division	2018	M11	November	26.87
SMU10488643000000008	Delaware	Wilmington, DE-MD-NJ Metropolitan Division	2018	M10	October	26.29
SMU10488643000000008	Delaware	Wilmington, DE-MD-NJ Metropolitan Division	2018	M09	September	27.52
SMU10488643000000008	Delaware	Wilmington, DE-MD-NJ Metropolitan Division	2018	M08	August	27.63
SMU10488643000000008	Delaware	Wilmington, DE-MD-NJ Metropolitan Division	2018	M07	July	27.68
SMU10488643000000008	Delaware	Wilmington, DE-MD-NJ Metropolitan Division	2018	M06	June	27.25
SMU10488643000000008	Delaware	Wilmington, DE-MD-NJ Metropolitan Division	2018	M05	May	27.70
SMU10488643000000008	Delaware	Wilmington, DE-MD-NJ Metropolitan Division	2018	M04	April	28.25
SMU10488643000000008	Delaware	Wilmington, DE-MD-NJ Metropolitan Division	2018	M03	March	28.85
SMU10488643000000008	Delaware	Wilmington, DE-MD-NJ Metropolitan Division	2018	M02	February	28.35
SMU10488643000000008	Delaware	Wilmington, DE-MD-NJ Metropolitan Division	2018	M01	January	28.01
SMU10488643000000008	Delaware	Wilmington, DE-MD-NJ Metropolitan Division	2017	M12	December	27.37
SMU10488643000000008	Delaware	Wilmington, DE-MD-NJ Metropolitan Division	2017	M11	November	27.85
SMU10488643000000008	Delaware	Wilmington, DE-MD-NJ Metropolitan Division	2017	M10	October	27.07
SMU10488643000000008	Delaware	Wilmington, DE-MD-NJ Metropolitan Division	2017	M09	September	27.69
SMU10488643000000008	Delaware	Wilmington, DE-MD-NJ Metropolitan Division	2017	M08	August	26.68
SMU10488643000000008	Delaware	Wilmington, DE-MD-NJ Metropolitan Division	2017	M07	July	27.75
SMU10488643000000008	Delaware	Wilmington, DE-MD-NJ Metropolitan Division	2017	M06	June	27.20
SMU10488643000000008	Delaware	Wilmington, DE-MD-NJ Metropolitan Division	2017	M05	May	27.94
SMU10488643000000008	Delaware	Wilmington, DE-MD-NJ Metropolitan Division	2017	M04	April	29.83
SMU10488643000000008	Delaware	Wilmington, DE-MD-NJ Metropolitan Division	2017	M03	March	27.84
SMU10488643000000008	Delaware	Wilmington, DE-MD-NJ Metropolitan Division	2017	M02	February	27.56
SMU10488643000000008	Delaware	Wilmington, DE-MD-NJ Metropolitan Division	2017	M01	January	27.61
SMU10488643000000008	Delaware	Wilmington, DE-MD-NJ Metropolitan Division	2016	M12	December	26.65
SMU10488643000000008	Delaware	Wilmington, DE-MD-NJ Metropolitan Division	2016	M11	November	27.58
SMU10488643000000008	Delaware	Wilmington, DE-MD-NJ Metropolitan Division	2016	M10	October	26.68
SMU10488643000000008	Delaware	Wilmington, DE-MD-NJ Metropolitan Division	2016	M09	September	25.78
SMU10488643000000008	Delaware	Wilmington, DE-MD-NJ Metropolitan Division	2016	M08	August	26.39
SMU10488643000000008	Delaware	Wilmington, DE-MD-NJ Metropolitan Division	2016	M07	July	27.14
SMU10488643000000008	Delaware	Wilmington, DE-MD-NJ Metropolitan Division	2016	M06	June	25.74
SMU10488643000000008	Delaware	Wilmington, DE-MD-NJ Metropolitan Division	2016	M05	May	25.37
SMU10488643000000008	Delaware	Wilmington, DE-MD-NJ Metropolitan Division	2016	M04	April	25.93
SMU10488643000000008	Delaware	Wilmington, DE-MD-NJ Metropolitan Division	2016	M03	March	26.10
SMU10488643000000008	Delaware	Wilmington, DE-MD-NJ Metropolitan Division	2016	M02	February	25.46
SMU10488643000000008	Delaware	Wilmington, DE-MD-NJ Metropolitan Division	2016	M01	January	24.39
SMU10488643000000008	Delaware	Wilmington, DE-MD-NJ Metropolitan Division	2015	M12	December	24.94
SMU10488643000000008	Delaware	Wilmington, DE-MD-NJ Metropolitan Division	2015	M11	November	25.11
SMU10488643000000008	Delaware	Wilmington, DE-MD-NJ Metropolitan Division	2015	M10	October	24.64
SMU10488643000000008	Delaware	Wilmington, DE-MD-NJ Metropolitan Division	2015	M09	September	26.05
SMU10488643000000008	Delaware	Wilmington, DE-MD-NJ Metropolitan Division	2015	M08	August	24.62
SMU10488643000000008	Delaware	Wilmington, DE-MD-NJ Metropolitan Division	2015	M07	July	24.28
SMU10488643000000008	Delaware	Wilmington, DE-MD-NJ Metropolitan Division	2015	M06	June	24.06
SMU10488643000000008	Delaware	Wilmington, DE-MD-NJ Metropolitan Division	2015	M05	May	23.59
SMU10488643000000008	Delaware	Wilmington, DE-MD-NJ Metropolitan Division	2015	M04	April	23.55
SMU10488643000000008	Delaware	Wilmington, DE-MD-NJ Metropolitan Division	2015	M03	March	23.23
SMU10488643000000008	Delaware	Wilmington, DE-MD-NJ Metropolitan Division	2015	M02	February	22.96
SMU10488643000000008	Delaware	Wilmington, DE-MD-NJ Metropolitan Division	2015	M01	January	22.36
SMU10488643000000008	Delaware	Wilmington, DE-MD-NJ Metropolitan Division	2014	M12	December	22.47
SMU10488643000000008	Delaware	Wilmington, DE-MD-NJ Metropolitan Division	2014	M11	November	22.44
SMU10488643000000008	Delaware	Wilmington, DE-MD-NJ Metropolitan Division	2014	M10	October	23.19
SMU10488643000000008	Delaware	Wilmington, DE-MD-NJ Metropolitan Division	2014	M09	September	24.02
SMU10488643000000008	Delaware	Wilmington, DE-MD-NJ Metropolitan Division	2014	M08	August	22.58
SMU10488643000000008	Delaware	Wilmington, DE-MD-NJ Metropolitan Division	2014	M07	July	22.40
SMU10488643000000008	Delaware	Wilmington, DE-MD-NJ Metropolitan Division	2014	M06	June	22.50
SMU10488643000000008	Delaware	Wilmington, DE-MD-NJ Metropolitan Division	2014	M05	May	21.32
SMU10488643000000008	Delaware	Wilmington, DE-MD-NJ Metropolitan Division	2014	M04	April	21.22
SMU10488643000000008	Delaware	Wilmington, DE-MD-NJ Metropolitan Division	2014	M03	March	21.55
SMU10488643000000008	Delaware	Wilmington, DE-MD-NJ Metropolitan Division	2014	M02	February	21.42
SMU10488643000000008	Delaware	Wilmington, DE-MD-NJ Metropolitan Division	2014	M01	January	20.22
SMU10488643000000008	Delaware	Wilmington, DE-MD-NJ Metropolitan Division	2013	M12	December	20.32
SMU10488643000000008	Delaware	Wilmington, DE-MD-NJ Metropolitan Division	2013	M11	November	20.48
SMU10488643000000008	Delaware	Wilmington, DE-MD-NJ Metropolitan Division	2013	M10	October	19.98
SMU10488643000000008	Delaware	Wilmington, DE-MD-NJ Metropolitan Division	2013	M09	September	19.70
SMU10488643000000008	Delaware	Wilmington, DE-MD-NJ Metropolitan Division	2013	M08	August	19.54
SMU10488643000000008	Delaware	Wilmington, DE-MD-NJ Metropolitan Division	2013	M07	July	19.16
SMU10488643000000008	Delaware	Wilmington, DE-MD-NJ Metropolitan Division	2013	M06	June	18.60
SMU10488643000000008	Delaware	Wilmington, DE-MD-NJ Metropolitan Division	2013	M05	May	18.22
SMU10488643000000008	Delaware	Wilmington, DE-MD-NJ Metropolitan Division	2013	M04	April	17.73
SMU10488643000000008	Delaware	Wilmington, DE-MD-NJ Metropolitan Division	2013	M03	March	17.57
SMU10488643000000008	Delaware	Wilmington, DE-MD-NJ Metropolitan Division	2013	M02	February	17.83
SMU10488643000000008	Delaware	Wilmington, DE-MD-NJ Metropolitan Division	2013	M01	January	17.63
SMU10488643000000008	Delaware	Wilmington, DE-MD-NJ Metropolitan Division	2012	M12	December	17.03
SMU10488643000000008	Delaware	Wilmington, DE-MD-NJ Metropolitan Division	2012	M11	November	17.50
SMU10488643000000008	Delaware	Wilmington, DE-MD-NJ Metropolitan Division	2012	M10	October	16.51
SMU10488643000000008	Delaware	Wilmington, DE-MD-NJ Metropolitan Division	2012	M09	September	16.41
SMU10488643000000008	Delaware	Wilmington, DE-MD-NJ Metropolitan Division	2012	M08	August	17.20
SMU10488643000000008	Delaware	Wilmington, DE-MD-NJ Metropolitan Division	2012	M07	July	17.13
SMU10488643000000008	Delaware	Wilmington, DE-MD-NJ Metropolitan Division	2012	M06	June	16.56
SMU10488643000000008	Delaware	Wilmington, DE-MD-NJ Metropolitan Division	2012	M05	May	15.98
SMU10488643000000008	Delaware	Wilmington, DE-MD-NJ Metropolitan Division	2012	M04	April	16.20
SMU10488643000000008	Delaware	Wilmington, DE-MD-NJ Metropolitan Division	2012	M03	March	16.21
SMU10488643000000008	Delaware	Wilmington, DE-MD-NJ Metropolitan Division	2012	M02	February	16.32
SMU10488643000000008	Delaware	Wilmington, DE-MD-NJ Metropolitan Division	2012	M01	January	16.30
SMU10488643000000008	Delaware	Wilmington, DE-MD-NJ Metropolitan Division	2011	M12	December	16.63
SMU10488643000000008	Delaware	Wilmington, DE-MD-NJ Metropolitan Division	2011	M11	November	16.47
SMU10488643000000008	Delaware	Wilmington, DE-MD-NJ Metropolitan Division	2011	M10	October	16.19
SMU10488643000000008	Delaware	Wilmington, DE-MD-NJ Metropolitan Division	2011	M09	September	16.02
SMU10488643000000008	Delaware	Wilmington, DE-MD-NJ Metropolitan Division	2011	M08	August	15.88
SMU10488643000000008	Delaware	Wilmington, DE-MD-NJ Metropolitan Division	2011	M07	July	16.25
SMU10488643000000008	Delaware	Wilmington, DE-MD-NJ Metropolitan Division	2011	M06	June	16.25
SMU10488643000000008	Delaware	Wilmington, DE-MD-NJ Metropolitan Division	2011	M05	May	15.90
SMU10488643000000008	Delaware	Wilmington, DE-MD-NJ Metropolitan Division	2011	M04	April	15.92
SMU10488643000000008	Delaware	Wilmington, DE-MD-NJ Metropolitan Division	2011	M03	March	15.94
SMU10488643000000008	Delaware	Wilmington, DE-MD-NJ Metropolitan Division	2011	M02	February	15.69
SMU10488643000000008	Delaware	Wilmington, DE-MD-NJ Metropolitan Division	2011	M01	January	15.50
SMU10488643000000008	Delaware	Wilmington, DE-MD-NJ Metropolitan Division	2010	M12	December	15.82
SMU10488643000000008	Delaware	Wilmington, DE-MD-NJ Metropolitan Division	2010	M11	November	15.47
SMU10488643000000008	Delaware	Wilmington, DE-MD-NJ Metropolitan Division	2010	M10	October	15.51
SMU10488643000000008	Delaware	Wilmington, DE-MD-NJ Metropolitan Division	2010	M09	September	15.30
SMU10488643000000008	Delaware	Wilmington, DE-MD-NJ Metropolitan Division	2010	M08	August	15.08
SMU10488643000000008	Delaware	Wilmington, DE-MD-NJ Metropolitan Division	2010	M07	July	15.13
SMU10488643000000008	Delaware	Wilmington, DE-MD-NJ Metropolitan Division	2010	M06	June	15.03
SMU10488643000000008	Delaware	Wilmington, DE-MD-NJ Metropolitan Division	2010	M05	May	14.94
SMU10488643000000008	Delaware	Wilmington, DE-MD-NJ Metropolitan Division	2010	M04	April	15.34
SMU10488643000000008	Delaware	Wilmington, DE-MD-NJ Metropolitan Division	2010	M03	March	14.95
SMU10488643000000008	Delaware	Wilmington, DE-MD-NJ Metropolitan Division	2010	M02	February	15.04
SMU10488643000000008	Delaware	Wilmington, DE-MD-NJ Metropolitan Division	2010	M01	January	14.59
SMU10488643000000008	Delaware	Wilmington, DE-MD-NJ Metropolitan Division	2009	M12	December	15.04
SMU10488643000000008	Delaware	Wilmington, DE-MD-NJ Metropolitan Division	2009	M11	November	14.45
SMU10488643000000008	Delaware	Wilmington, DE-MD-NJ Metropolitan Division	2009	M10	October	14.56
SMU10488643000000008	Delaware	Wilmington, DE-MD-NJ Metropolitan Division	2009	M09	September	14.60
SMU10488643000000008	Delaware	Wilmington, DE-MD-NJ Metropolitan Division	2009	M08	August	14.30
SMU10488643000000008	Delaware	Wilmington, DE-MD-NJ Metropolitan Division	2009	M07	July	14.15
SMU10488643000000008	Delaware	Wilmington, DE-MD-NJ Metropolitan Division	2009	M06	June	13.86
SMU10488643000000008	Delaware	Wilmington, DE-MD-NJ Metropolitan Division	2009	M05	May	16.41
SMU10488643000000008	Delaware	Wilmington, DE-MD-NJ Metropolitan Division	2009	M04	April	17.11
SMU10488643000000008	Delaware	Wilmington, DE-MD-NJ Metropolitan Division	2009	M03	March	16.99
SMU10488643000000008	Delaware	Wilmington, DE-MD-NJ Metropolitan Division	2009	M02	February	17.17
SMU10488643000000008	Delaware	Wilmington, DE-MD-NJ Metropolitan Division	2009	M01	January	17.31
SMU10488643000000008	Delaware	Wilmington, DE-MD-NJ Metropolitan Division	2008	M12	December	17.69
SMU10488643000000008	Delaware	Wilmington, DE-MD-NJ Metropolitan Division	2008	M11	November	18.08
SMU10488643000000008	Delaware	Wilmington, DE-MD-NJ Metropolitan Division	2008	M10	October	18.72
SMU10488643000000008	Delaware	Wilmington, DE-MD-NJ Metropolitan Division	2008	M09	September	19.18
SMU10488643000000008	Delaware	Wilmington, DE-MD-NJ Metropolitan Division	2008	M08	August	19.02
SMU10488643000000008	Delaware	Wilmington, DE-MD-NJ Metropolitan Division	2008	M07	July	18.94
SMU10488643000000008	Delaware	Wilmington, DE-MD-NJ Metropolitan Division	2008	M06	June	19.93
SMU10488643000000008	Delaware	Wilmington, DE-MD-NJ Metropolitan Division	2008	M05	May	20.06
SMU10488643000000008	Delaware	Wilmington, DE-MD-NJ Metropolitan Division	2008	M04	April	20.44
SMU10488643000000008	Delaware	Wilmington, DE-MD-NJ Metropolitan Division	2008	M03	March	20.32
SMU10488643000000008	Delaware	Wilmington, DE-MD-NJ Metropolitan Division	2008	M02	February	20.49
SMU10488643000000008	Delaware	Wilmington, DE-MD-NJ Metropolitan Division	2008	M01	January	20.63
SMU10488643000000008	Delaware	Wilmington, DE-MD-NJ Metropolitan Division	2007	M12	December	21.14
SMU10488643000000008	Delaware	Wilmington, DE-MD-NJ Metropolitan Division	2007	M11	November	21.22
SMU10488643000000008	Delaware	Wilmington, DE-MD-NJ Metropolitan Division	2007	M10	October	21.87
SMU10488643000000008	Delaware	Wilmington, DE-MD-NJ Metropolitan Division	2007	M09	September	22.09
SMU10488643000000008	Delaware	Wilmington, DE-MD-NJ Metropolitan Division	2007	M08	August	21.31
SMU10488643000000008	Delaware	Wilmington, DE-MD-NJ Metropolitan Division	2007	M07	July	20.99
SMU10488643000000008	Delaware	Wilmington, DE-MD-NJ Metropolitan Division	2007	M06	June	22.25
SMU10488643000000008	Delaware	Wilmington, DE-MD-NJ Metropolitan Division	2007	M05	May	21.87
SMU10488643000000008	Delaware	Wilmington, DE-MD-NJ Metropolitan Division	2007	M04	April	21.76
SMU10488643000000008	Delaware	Wilmington, DE-MD-NJ Metropolitan Division	2007	M03	March	21.30
SMU10488643000000008	Delaware	Wilmington, DE-MD-NJ Metropolitan Division	2007	M02	February	21.01
SMU10488643000000008	Delaware	Wilmington, DE-MD-NJ Metropolitan Division	2007	M01	January	20.79
SMU39171403000000008	Ohio	Cincinnati, OH-KY-IN	2025	M12	December	29.48
SMU39171403000000008	Ohio	Cincinnati, OH-KY-IN	2025	M11	November	29.29
SMU39171403000000008	Ohio	Cincinnati, OH-KY-IN	2025	M10	October	30.43
SMU39171403000000008	Ohio	Cincinnati, OH-KY-IN	2025	M09	September	30.46
SMU39171403000000008	Ohio	Cincinnati, OH-KY-IN	2025	M08	August	30.36
SMU39171403000000008	Ohio	Cincinnati, OH-KY-IN	2025	M07	July	30.95
SMU39171403000000008	Ohio	Cincinnati, OH-KY-IN	2025	M06	June	30.36
SMU39171403000000008	Ohio	Cincinnati, OH-KY-IN	2025	M05	May	29.04
SMU39171403000000008	Ohio	Cincinnati, OH-KY-IN	2025	M04	April	29.63
SMU39171403000000008	Ohio	Cincinnati, OH-KY-IN	2025	M03	March	29.40
SMU39171403000000008	Ohio	Cincinnati, OH-KY-IN	2025	M02	February	29.11
SMU39171403000000008	Ohio	Cincinnati, OH-KY-IN	2025	M01	January	28.64
SMU39171403000000008	Ohio	Cincinnati, OH-KY-IN	2024	M12	December	29.64
SMU39171403000000008	Ohio	Cincinnati, OH-KY-IN	2024	M11	November	29.69
SMU39171403000000008	Ohio	Cincinnati, OH-KY-IN	2024	M10	October	30.08
SMU39171403000000008	Ohio	Cincinnati, OH-KY-IN	2024	M09	September	30.26
SMU39171403000000008	Ohio	Cincinnati, OH-KY-IN	2024	M08	August	30.45
SMU39171403000000008	Ohio	Cincinnati, OH-KY-IN	2024	M07	July	30.39
SMU39171403000000008	Ohio	Cincinnati, OH-KY-IN	2024	M06	June	30.07
SMU39171403000000008	Ohio	Cincinnati, OH-KY-IN	2024	M05	May	29.78
SMU39171403000000008	Ohio	Cincinnati, OH-KY-IN	2024	M04	April	30.26
SMU39171403000000008	Ohio	Cincinnati, OH-KY-IN	2024	M03	March	29.49
SMU39171403000000008	Ohio	Cincinnati, OH-KY-IN	2024	M02	February	29.43
SMU39171403000000008	Ohio	Cincinnati, OH-KY-IN	2024	M01	January	29.70
SMU39171403000000008	Ohio	Cincinnati, OH-KY-IN	2023	M12	December	30.26
SMU39171403000000008	Ohio	Cincinnati, OH-KY-IN	2023	M11	November	29.84
SMU39171403000000008	Ohio	Cincinnati, OH-KY-IN	2023	M10	October	30.28
SMU39171403000000008	Ohio	Cincinnati, OH-KY-IN	2023	M09	September	29.94
SMU39171403000000008	Ohio	Cincinnati, OH-KY-IN	2023	M08	August	29.25
SMU39171403000000008	Ohio	Cincinnati, OH-KY-IN	2023	M07	July	29.97
SMU39171403000000008	Ohio	Cincinnati, OH-KY-IN	2023	M06	June	29.90
SMU39171403000000008	Ohio	Cincinnati, OH-KY-IN	2023	M05	May	28.97
SMU39171403000000008	Ohio	Cincinnati, OH-KY-IN	2023	M04	April	28.95
SMU39171403000000008	Ohio	Cincinnati, OH-KY-IN	2023	M03	March	29.29
SMU39171403000000008	Ohio	Cincinnati, OH-KY-IN	2023	M02	February	28.81
SMU39171403000000008	Ohio	Cincinnati, OH-KY-IN	2023	M01	January	29.13
SMU39171403000000008	Ohio	Cincinnati, OH-KY-IN	2022	M12	December	29.47
SMU39171403000000008	Ohio	Cincinnati, OH-KY-IN	2022	M11	November	28.75
SMU39171403000000008	Ohio	Cincinnati, OH-KY-IN	2022	M10	October	28.23
SMU39171403000000008	Ohio	Cincinnati, OH-KY-IN	2022	M09	September	28.20
SMU39171403000000008	Ohio	Cincinnati, OH-KY-IN	2022	M08	August	28.81
SMU39171403000000008	Ohio	Cincinnati, OH-KY-IN	2022	M07	July	27.91
SMU39171403000000008	Ohio	Cincinnati, OH-KY-IN	2022	M06	June	28.05
SMU39171403000000008	Ohio	Cincinnati, OH-KY-IN	2022	M05	May	28.30
SMU39171403000000008	Ohio	Cincinnati, OH-KY-IN	2022	M04	April	28.34
SMU39171403000000008	Ohio	Cincinnati, OH-KY-IN	2022	M03	March	27.15
SMU39171403000000008	Ohio	Cincinnati, OH-KY-IN	2022	M02	February	26.74
SMU39171403000000008	Ohio	Cincinnati, OH-KY-IN	2022	M01	January	26.73
SMU39171403000000008	Ohio	Cincinnati, OH-KY-IN	2021	M12	December	27.12
SMU39171403000000008	Ohio	Cincinnati, OH-KY-IN	2021	M11	November	27.12
SMU39171403000000008	Ohio	Cincinnati, OH-KY-IN	2021	M10	October	27.09
SMU39171403000000008	Ohio	Cincinnati, OH-KY-IN	2021	M09	September	27.20
SMU39171403000000008	Ohio	Cincinnati, OH-KY-IN	2021	M08	August	26.67
SMU39171403000000008	Ohio	Cincinnati, OH-KY-IN	2021	M07	July	25.50
SMU39171403000000008	Ohio	Cincinnati, OH-KY-IN	2021	M06	June	25.05
SMU39171403000000008	Ohio	Cincinnati, OH-KY-IN	2021	M05	May	24.82
SMU39171403000000008	Ohio	Cincinnati, OH-KY-IN	2021	M04	April	23.91
SMU39171403000000008	Ohio	Cincinnati, OH-KY-IN	2021	M03	March	23.52
SMU39171403000000008	Ohio	Cincinnati, OH-KY-IN	2021	M02	February	24.78
SMU39171403000000008	Ohio	Cincinnati, OH-KY-IN	2021	M01	January	24.10
SMU39171403000000008	Ohio	Cincinnati, OH-KY-IN	2020	M12	December	24.07
SMU39171403000000008	Ohio	Cincinnati, OH-KY-IN	2020	M11	November	23.85
SMU39171403000000008	Ohio	Cincinnati, OH-KY-IN	2020	M10	October	23.76
SMU39171403000000008	Ohio	Cincinnati, OH-KY-IN	2020	M09	September	23.14
SMU39171403000000008	Ohio	Cincinnati, OH-KY-IN	2020	M08	August	23.54
SMU39171403000000008	Ohio	Cincinnati, OH-KY-IN	2020	M07	July	23.52
SMU39171403000000008	Ohio	Cincinnati, OH-KY-IN	2020	M06	June	23.47
SMU39171403000000008	Ohio	Cincinnati, OH-KY-IN	2020	M05	May	23.67
SMU39171403000000008	Ohio	Cincinnati, OH-KY-IN	2020	M04	April	24.14
SMU39171403000000008	Ohio	Cincinnati, OH-KY-IN	2020	M03	March	24.10
SMU39171403000000008	Ohio	Cincinnati, OH-KY-IN	2020	M02	February	23.72
SMU39171403000000008	Ohio	Cincinnati, OH-KY-IN	2020	M01	January	23.56
SMU39171403000000008	Ohio	Cincinnati, OH-KY-IN	2019	M12	December	24.00
SMU39171403000000008	Ohio	Cincinnati, OH-KY-IN	2019	M11	November	24.09
SMU39171403000000008	Ohio	Cincinnati, OH-KY-IN	2019	M10	October	23.82
SMU39171403000000008	Ohio	Cincinnati, OH-KY-IN	2019	M09	September	23.56
SMU39171403000000008	Ohio	Cincinnati, OH-KY-IN	2019	M08	August	22.48
SMU39171403000000008	Ohio	Cincinnati, OH-KY-IN	2019	M07	July	23.06
SMU39171403000000008	Ohio	Cincinnati, OH-KY-IN	2019	M06	June	22.32
SMU39171403000000008	Ohio	Cincinnati, OH-KY-IN	2019	M05	May	22.55
SMU39171403000000008	Ohio	Cincinnati, OH-KY-IN	2019	M04	April	23.14
SMU39171403000000008	Ohio	Cincinnati, OH-KY-IN	2019	M03	March	23.23
SMU39171403000000008	Ohio	Cincinnati, OH-KY-IN	2019	M02	February	23.21
SMU39171403000000008	Ohio	Cincinnati, OH-KY-IN	2019	M01	January	23.17
SMU39171403000000008	Ohio	Cincinnati, OH-KY-IN	2018	M12	December	24.03
SMU39171403000000008	Ohio	Cincinnati, OH-KY-IN	2018	M11	November	24.35
SMU39171403000000008	Ohio	Cincinnati, OH-KY-IN	2018	M10	October	23.54
SMU39171403000000008	Ohio	Cincinnati, OH-KY-IN	2018	M09	September	23.23
SMU39171403000000008	Ohio	Cincinnati, OH-KY-IN	2018	M08	August	23.08
SMU39171403000000008	Ohio	Cincinnati, OH-KY-IN	2018	M07	July	22.43
SMU39171403000000008	Ohio	Cincinnati, OH-KY-IN	2018	M06	June	23.14
SMU39171403000000008	Ohio	Cincinnati, OH-KY-IN	2018	M05	May	22.97
SMU39171403000000008	Ohio	Cincinnati, OH-KY-IN	2018	M04	April	22.63
SMU39171403000000008	Ohio	Cincinnati, OH-KY-IN	2018	M03	March	22.87
SMU39171403000000008	Ohio	Cincinnati, OH-KY-IN	2018	M02	February	23.11
SMU39171403000000008	Ohio	Cincinnati, OH-KY-IN	2018	M01	January	22.69
SMU39171403000000008	Ohio	Cincinnati, OH-KY-IN	2017	M12	December	23.03
SMU39171403000000008	Ohio	Cincinnati, OH-KY-IN	2017	M11	November	23.11
SMU39171403000000008	Ohio	Cincinnati, OH-KY-IN	2017	M10	October	23.07
SMU39171403000000008	Ohio	Cincinnati, OH-KY-IN	2017	M09	September	22.95
SMU39171403000000008	Ohio	Cincinnati, OH-KY-IN	2017	M08	August	22.53
SMU39171403000000008	Ohio	Cincinnati, OH-KY-IN	2017	M07	July	22.65
SMU39171403000000008	Ohio	Cincinnati, OH-KY-IN	2017	M06	June	22.87
SMU39171403000000008	Ohio	Cincinnati, OH-KY-IN	2017	M05	May	23.08
SMU39171403000000008	Ohio	Cincinnati, OH-KY-IN	2017	M04	April	23.10
SMU39171403000000008	Ohio	Cincinnati, OH-KY-IN	2017	M03	March	22.88
SMU39171403000000008	Ohio	Cincinnati, OH-KY-IN	2017	M02	February	23.37
SMU39171403000000008	Ohio	Cincinnati, OH-KY-IN	2017	M01	January	22.99
SMU39171403000000008	Ohio	Cincinnati, OH-KY-IN	2016	M12	December	23.06
SMU39171403000000008	Ohio	Cincinnati, OH-KY-IN	2016	M11	November	22.67
SMU39171403000000008	Ohio	Cincinnati, OH-KY-IN	2016	M10	October	22.28
SMU39171403000000008	Ohio	Cincinnati, OH-KY-IN	2016	M09	September	22.74
SMU39171403000000008	Ohio	Cincinnati, OH-KY-IN	2016	M08	August	22.28
SMU39171403000000008	Ohio	Cincinnati, OH-KY-IN	2016	M07	July	22.45
SMU39171403000000008	Ohio	Cincinnati, OH-KY-IN	2016	M06	June	22.38
SMU39171403000000008	Ohio	Cincinnati, OH-KY-IN	2016	M05	May	21.74
SMU39171403000000008	Ohio	Cincinnati, OH-KY-IN	2016	M04	April	21.18
SMU39171403000000008	Ohio	Cincinnati, OH-KY-IN	2016	M03	March	21.33
SMU39171403000000008	Ohio	Cincinnati, OH-KY-IN	2016	M02	February	20.96
SMU39171403000000008	Ohio	Cincinnati, OH-KY-IN	2016	M01	January	21.05
SMU39171403000000008	Ohio	Cincinnati, OH-KY-IN	2015	M12	December	20.82
SMU39171403000000008	Ohio	Cincinnati, OH-KY-IN	2015	M11	November	21.17
SMU39171403000000008	Ohio	Cincinnati, OH-KY-IN	2015	M10	October	21.27
SMU39171403000000008	Ohio	Cincinnati, OH-KY-IN	2015	M09	September	20.97
SMU39171403000000008	Ohio	Cincinnati, OH-KY-IN	2015	M08	August	21.14
SMU39171403000000008	Ohio	Cincinnati, OH-KY-IN	2015	M07	July	20.76
SMU39171403000000008	Ohio	Cincinnati, OH-KY-IN	2015	M06	June	20.42
SMU39171403000000008	Ohio	Cincinnati, OH-KY-IN	2015	M05	May	20.27
SMU39171403000000008	Ohio	Cincinnati, OH-KY-IN	2015	M04	April	20.33
SMU39171403000000008	Ohio	Cincinnati, OH-KY-IN	2015	M03	March	20.67
SMU39171403000000008	Ohio	Cincinnati, OH-KY-IN	2015	M02	February	20.03
SMU39171403000000008	Ohio	Cincinnati, OH-KY-IN	2015	M01	January	20.27
SMU39171403000000008	Ohio	Cincinnati, OH-KY-IN	2014	M12	December	20.27
SMU39171403000000008	Ohio	Cincinnati, OH-KY-IN	2014	M11	November	20.44
SMU39171403000000008	Ohio	Cincinnati, OH-KY-IN	2014	M10	October	20.51
SMU39171403000000008	Ohio	Cincinnati, OH-KY-IN	2014	M09	September	20.39
SMU39171403000000008	Ohio	Cincinnati, OH-KY-IN	2014	M08	August	20.56
SMU39171403000000008	Ohio	Cincinnati, OH-KY-IN	2014	M07	July	20.33
SMU39171403000000008	Ohio	Cincinnati, OH-KY-IN	2014	M06	June	20.43
SMU39171403000000008	Ohio	Cincinnati, OH-KY-IN	2014	M05	May	20.20
SMU39171403000000008	Ohio	Cincinnati, OH-KY-IN	2014	M04	April	20.07
SMU39171403000000008	Ohio	Cincinnati, OH-KY-IN	2014	M03	March	20.14
SMU39171403000000008	Ohio	Cincinnati, OH-KY-IN	2014	M02	February	19.90
SMU39171403000000008	Ohio	Cincinnati, OH-KY-IN	2014	M01	January	19.74
SMU39171403000000008	Ohio	Cincinnati, OH-KY-IN	2013	M12	December	19.77
SMU39171403000000008	Ohio	Cincinnati, OH-KY-IN	2013	M11	November	19.84
SMU39171403000000008	Ohio	Cincinnati, OH-KY-IN	2013	M10	October	19.40
SMU39171403000000008	Ohio	Cincinnati, OH-KY-IN	2013	M09	September	19.73
SMU39171403000000008	Ohio	Cincinnati, OH-KY-IN	2013	M08	August	19.64
SMU39171403000000008	Ohio	Cincinnati, OH-KY-IN	2013	M07	July	19.16
SMU39171403000000008	Ohio	Cincinnati, OH-KY-IN	2013	M06	June	18.99
SMU39171403000000008	Ohio	Cincinnati, OH-KY-IN	2013	M05	May	19.05
SMU39171403000000008	Ohio	Cincinnati, OH-KY-IN	2013	M04	April	19.14
SMU39171403000000008	Ohio	Cincinnati, OH-KY-IN	2013	M03	March	19.18
SMU39171403000000008	Ohio	Cincinnati, OH-KY-IN	2013	M02	February	18.99
SMU39171403000000008	Ohio	Cincinnati, OH-KY-IN	2013	M01	January	18.89
SMU39171403000000008	Ohio	Cincinnati, OH-KY-IN	2012	M12	December	19.19
SMU39171403000000008	Ohio	Cincinnati, OH-KY-IN	2012	M11	November	18.92
SMU39171403000000008	Ohio	Cincinnati, OH-KY-IN	2012	M10	October	18.16
SMU39171403000000008	Ohio	Cincinnati, OH-KY-IN	2012	M09	September	18.34
SMU39171403000000008	Ohio	Cincinnati, OH-KY-IN	2012	M08	August	18.41
SMU39171403000000008	Ohio	Cincinnati, OH-KY-IN	2012	M07	July	19.09
SMU39171403000000008	Ohio	Cincinnati, OH-KY-IN	2012	M06	June	19.13
SMU39171403000000008	Ohio	Cincinnati, OH-KY-IN	2012	M05	May	18.57
SMU39171403000000008	Ohio	Cincinnati, OH-KY-IN	2012	M04	April	18.95
SMU39171403000000008	Ohio	Cincinnati, OH-KY-IN	2012	M03	March	18.28
SMU39171403000000008	Ohio	Cincinnati, OH-KY-IN	2012	M02	February	18.67
SMU39171403000000008	Ohio	Cincinnati, OH-KY-IN	2012	M01	January	18.45
SMU39171403000000008	Ohio	Cincinnati, OH-KY-IN	2011	M12	December	18.76
SMU39171403000000008	Ohio	Cincinnati, OH-KY-IN	2011	M11	November	18.71
SMU39171403000000008	Ohio	Cincinnati, OH-KY-IN	2011	M10	October	18.97
SMU39171403000000008	Ohio	Cincinnati, OH-KY-IN	2011	M09	September	18.35
SMU39171403000000008	Ohio	Cincinnati, OH-KY-IN	2011	M08	August	17.90
SMU39171403000000008	Ohio	Cincinnati, OH-KY-IN	2011	M07	July	18.66
SMU39171403000000008	Ohio	Cincinnati, OH-KY-IN	2011	M06	June	18.68
SMU39171403000000008	Ohio	Cincinnati, OH-KY-IN	2011	M05	May	18.66
SMU39171403000000008	Ohio	Cincinnati, OH-KY-IN	2011	M04	April	18.35
SMU39171403000000008	Ohio	Cincinnati, OH-KY-IN	2011	M03	March	17.75
SMU39171403000000008	Ohio	Cincinnati, OH-KY-IN	2011	M02	February	17.74
SMU39171403000000008	Ohio	Cincinnati, OH-KY-IN	2011	M01	January	17.85
SMU48191003000000008	Texas	Dallas-Fort Worth-Arlington, TX	2025	M12	December	37.76
SMU48191003000000008	Texas	Dallas-Fort Worth-Arlington, TX	2025	M11	November	37.58
SMU48191003000000008	Texas	Dallas-Fort Worth-Arlington, TX	2025	M10	October	37.52
SMU48191003000000008	Texas	Dallas-Fort Worth-Arlington, TX	2025	M09	September	36.67
SMU48191003000000008	Texas	Dallas-Fort Worth-Arlington, TX	2025	M08	August	35.69
SMU48191003000000008	Texas	Dallas-Fort Worth-Arlington, TX	2025	M07	July	34.65
SMU48191003000000008	Texas	Dallas-Fort Worth-Arlington, TX	2025	M06	June	35.10
SMU48191003000000008	Texas	Dallas-Fort Worth-Arlington, TX	2025	M05	May	34.39
SMU48191003000000008	Texas	Dallas-Fort Worth-Arlington, TX	2025	M04	April	35.33
SMU48191003000000008	Texas	Dallas-Fort Worth-Arlington, TX	2025	M03	March	35.62
SMU48191003000000008	Texas	Dallas-Fort Worth-Arlington, TX	2025	M02	February	35.64
SMU48191003000000008	Texas	Dallas-Fort Worth-Arlington, TX	2025	M01	January	36.11
SMU48191003000000008	Texas	Dallas-Fort Worth-Arlington, TX	2024	M12	December	35.92
SMU48191003000000008	Texas	Dallas-Fort Worth-Arlington, TX	2024	M11	November	36.16
SMU48191003000000008	Texas	Dallas-Fort Worth-Arlington, TX	2024	M10	October	36.18
SMU48191003000000008	Texas	Dallas-Fort Worth-Arlington, TX	2024	M09	September	35.60
SMU48191003000000008	Texas	Dallas-Fort Worth-Arlington, TX	2024	M08	August	35.73
SMU48191003000000008	Texas	Dallas-Fort Worth-Arlington, TX	2024	M07	July	35.98
SMU48191003000000008	Texas	Dallas-Fort Worth-Arlington, TX	2024	M06	June	35.27
SMU48191003000000008	Texas	Dallas-Fort Worth-Arlington, TX	2024	M05	May	35.32
SMU48191003000000008	Texas	Dallas-Fort Worth-Arlington, TX	2024	M04	April	34.92
SMU48191003000000008	Texas	Dallas-Fort Worth-Arlington, TX	2024	M03	March	33.97
SMU48191003000000008	Texas	Dallas-Fort Worth-Arlington, TX	2024	M02	February	33.65
SMU48191003000000008	Texas	Dallas-Fort Worth-Arlington, TX	2024	M01	January	33.37
SMU48191003000000008	Texas	Dallas-Fort Worth-Arlington, TX	2023	M12	December	33.04
SMU48191003000000008	Texas	Dallas-Fort Worth-Arlington, TX	2023	M11	November	33.13
SMU48191003000000008	Texas	Dallas-Fort Worth-Arlington, TX	2023	M10	October	33.00
SMU48191003000000008	Texas	Dallas-Fort Worth-Arlington, TX	2023	M09	September	32.98
SMU48191003000000008	Texas	Dallas-Fort Worth-Arlington, TX	2023	M08	August	33.06
SMU48191003000000008	Texas	Dallas-Fort Worth-Arlington, TX	2023	M07	July	33.13
SMU48191003000000008	Texas	Dallas-Fort Worth-Arlington, TX	2023	M06	June	33.07
SMU48191003000000008	Texas	Dallas-Fort Worth-Arlington, TX	2023	M05	May	33.50
SMU48191003000000008	Texas	Dallas-Fort Worth-Arlington, TX	2023	M04	April	33.68
SMU48191003000000008	Texas	Dallas-Fort Worth-Arlington, TX	2023	M03	March	33.21
SMU48191003000000008	Texas	Dallas-Fort Worth-Arlington, TX	2023	M02	February	32.91
SMU48191003000000008	Texas	Dallas-Fort Worth-Arlington, TX	2023	M01	January	32.52
SMU48191003000000008	Texas	Dallas-Fort Worth-Arlington, TX	2022	M12	December	32.44
SMU48191003000000008	Texas	Dallas-Fort Worth-Arlington, TX	2022	M11	November	32.09
SMU48191003000000008	Texas	Dallas-Fort Worth-Arlington, TX	2022	M10	October	32.25
SMU48191003000000008	Texas	Dallas-Fort Worth-Arlington, TX	2022	M09	September	32.27
SMU48191003000000008	Texas	Dallas-Fort Worth-Arlington, TX	2022	M08	August	32.52
SMU48191003000000008	Texas	Dallas-Fort Worth-Arlington, TX	2022	M07	July	33.22
SMU48191003000000008	Texas	Dallas-Fort Worth-Arlington, TX	2022	M06	June	32.94
SMU48191003000000008	Texas	Dallas-Fort Worth-Arlington, TX	2022	M05	May	33.49
SMU48191003000000008	Texas	Dallas-Fort Worth-Arlington, TX	2022	M04	April	33.94
SMU48191003000000008	Texas	Dallas-Fort Worth-Arlington, TX	2022	M03	March	33.63
SMU48191003000000008	Texas	Dallas-Fort Worth-Arlington, TX	2022	M02	February	33.38
SMU48191003000000008	Texas	Dallas-Fort Worth-Arlington, TX	2022	M01	January	33.29
SMU48191003000000008	Texas	Dallas-Fort Worth-Arlington, TX	2021	M12	December	33.45
SMU48191003000000008	Texas	Dallas-Fort Worth-Arlington, TX	2021	M11	November	32.76
SMU48191003000000008	Texas	Dallas-Fort Worth-Arlington, TX	2021	M10	October	32.82
SMU48191003000000008	Texas	Dallas-Fort Worth-Arlington, TX	2021	M09	September	32.14
SMU48191003000000008	Texas	Dallas-Fort Worth-Arlington, TX	2021	M08	August	32.60
SMU48191003000000008	Texas	Dallas-Fort Worth-Arlington, TX	2021	M07	July	33.18
SMU48191003000000008	Texas	Dallas-Fort Worth-Arlington, TX	2021	M06	June	32.78
SMU48191003000000008	Texas	Dallas-Fort Worth-Arlington, TX	2021	M05	May	32.66
SMU48191003000000008	Texas	Dallas-Fort Worth-Arlington, TX	2021	M04	April	32.25
SMU48191003000000008	Texas	Dallas-Fort Worth-Arlington, TX	2021	M03	March	31.66
SMU48191003000000008	Texas	Dallas-Fort Worth-Arlington, TX	2021	M02	February	30.53
SMU48191003000000008	Texas	Dallas-Fort Worth-Arlington, TX	2021	M01	January	30.18
SMU48191003000000008	Texas	Dallas-Fort Worth-Arlington, TX	2020	M12	December	30.77
SMU48191003000000008	Texas	Dallas-Fort Worth-Arlington, TX	2020	M11	November	31.07
SMU48191003000000008	Texas	Dallas-Fort Worth-Arlington, TX	2020	M10	October	31.13
SMU48191003000000008	Texas	Dallas-Fort Worth-Arlington, TX	2020	M09	September	31.28
SMU48191003000000008	Texas	Dallas-Fort Worth-Arlington, TX	2020	M08	August	30.60
SMU48191003000000008	Texas	Dallas-Fort Worth-Arlington, TX	2020	M07	July	30.74
SMU48191003000000008	Texas	Dallas-Fort Worth-Arlington, TX	2020	M06	June	29.87
SMU48191003000000008	Texas	Dallas-Fort Worth-Arlington, TX	2020	M05	May	30.06
SMU48191003000000008	Texas	Dallas-Fort Worth-Arlington, TX	2020	M04	April	29.29
SMU48191003000000008	Texas	Dallas-Fort Worth-Arlington, TX	2020	M03	March	28.95
SMU48191003000000008	Texas	Dallas-Fort Worth-Arlington, TX	2020	M02	February	28.40
SMU48191003000000008	Texas	Dallas-Fort Worth-Arlington, TX	2020	M01	January	28.46
SMU48191003000000008	Texas	Dallas-Fort Worth-Arlington, TX	2019	M12	December	28.92
SMU48191003000000008	Texas	Dallas-Fort Worth-Arlington, TX	2019	M11	November	28.57
SMU48191003000000008	Texas	Dallas-Fort Worth-Arlington, TX	2019	M10	October	28.39
SMU48191003000000008	Texas	Dallas-Fort Worth-Arlington, TX	2019	M09	September	28.12
SMU48191003000000008	Texas	Dallas-Fort Worth-Arlington, TX	2019	M08	August	28.23
SMU48191003000000008	Texas	Dallas-Fort Worth-Arlington, TX	2019	M07	July	27.89
SMU48191003000000008	Texas	Dallas-Fort Worth-Arlington, TX	2019	M06	June	28.16
SMU48191003000000008	Texas	Dallas-Fort Worth-Arlington, TX	2019	M05	May	27.92
SMU48191003000000008	Texas	Dallas-Fort Worth-Arlington, TX	2019	M04	April	28.10
SMU48191003000000008	Texas	Dallas-Fort Worth-Arlington, TX	2019	M03	March	28.20
SMU48191003000000008	Texas	Dallas-Fort Worth-Arlington, TX	2019	M02	February	27.97
SMU48191003000000008	Texas	Dallas-Fort Worth-Arlington, TX	2019	M01	January	27.84
SMU48191003000000008	Texas	Dallas-Fort Worth-Arlington, TX	2018	M12	December	27.58
SMU48191003000000008	Texas	Dallas-Fort Worth-Arlington, TX	2018	M11	November	27.49
SMU48191003000000008	Texas	Dallas-Fort Worth-Arlington, TX	2018	M10	October	27.59
SMU48191003000000008	Texas	Dallas-Fort Worth-Arlington, TX	2018	M09	September	27.40
SMU48191003000000008	Texas	Dallas-Fort Worth-Arlington, TX	2018	M08	August	27.51
SMU48191003000000008	Texas	Dallas-Fort Worth-Arlington, TX	2018	M07	July	27.70
SMU48191003000000008	Texas	Dallas-Fort Worth-Arlington, TX	2018	M06	June	27.59
SMU48191003000000008	Texas	Dallas-Fort Worth-Arlington, TX	2018	M05	May	27.48
SMU48191003000000008	Texas	Dallas-Fort Worth-Arlington, TX	2018	M04	April	27.17
SMU48191003000000008	Texas	Dallas-Fort Worth-Arlington, TX	2018	M03	March	27.11
SMU48191003000000008	Texas	Dallas-Fort Worth-Arlington, TX	2018	M02	February	27.31
SMU48191003000000008	Texas	Dallas-Fort Worth-Arlington, TX	2018	M01	January	27.42
SMU48191003000000008	Texas	Dallas-Fort Worth-Arlington, TX	2017	M12	December	27.98
SMU48191003000000008	Texas	Dallas-Fort Worth-Arlington, TX	2017	M11	November	28.16
SMU48191003000000008	Texas	Dallas-Fort Worth-Arlington, TX	2017	M10	October	28.28
SMU48191003000000008	Texas	Dallas-Fort Worth-Arlington, TX	2017	M09	September	27.74
SMU48191003000000008	Texas	Dallas-Fort Worth-Arlington, TX	2017	M08	August	27.89
SMU48191003000000008	Texas	Dallas-Fort Worth-Arlington, TX	2017	M07	July	27.94
SMU48191003000000008	Texas	Dallas-Fort Worth-Arlington, TX	2017	M06	June	27.64
SMU48191003000000008	Texas	Dallas-Fort Worth-Arlington, TX	2017	M05	May	27.46
SMU48191003000000008	Texas	Dallas-Fort Worth-Arlington, TX	2017	M04	April	27.09
SMU48191003000000008	Texas	Dallas-Fort Worth-Arlington, TX	2017	M03	March	26.81
SMU48191003000000008	Texas	Dallas-Fort Worth-Arlington, TX	2017	M02	February	26.96
SMU48191003000000008	Texas	Dallas-Fort Worth-Arlington, TX	2017	M01	January	27.02
SMU48191003000000008	Texas	Dallas-Fort Worth-Arlington, TX	2016	M12	December	27.22
SMU48191003000000008	Texas	Dallas-Fort Worth-Arlington, TX	2016	M11	November	27.35
SMU48191003000000008	Texas	Dallas-Fort Worth-Arlington, TX	2016	M10	October	27.17
SMU48191003000000008	Texas	Dallas-Fort Worth-Arlington, TX	2016	M09	September	27.48
SMU48191003000000008	Texas	Dallas-Fort Worth-Arlington, TX	2016	M08	August	27.69
SMU48191003000000008	Texas	Dallas-Fort Worth-Arlington, TX	2016	M07	July	26.98
SMU48191003000000008	Texas	Dallas-Fort Worth-Arlington, TX	2016	M06	June	27.14
SMU48191003000000008	Texas	Dallas-Fort Worth-Arlington, TX	2016	M05	May	27.44
SMU48191003000000008	Texas	Dallas-Fort Worth-Arlington, TX	2016	M04	April	26.72
SMU48191003000000008	Texas	Dallas-Fort Worth-Arlington, TX	2016	M03	March	26.87
SMU48191003000000008	Texas	Dallas-Fort Worth-Arlington, TX	2016	M02	February	26.81
SMU48191003000000008	Texas	Dallas-Fort Worth-Arlington, TX	2016	M01	January	28.00
SMU48191003000000008	Texas	Dallas-Fort Worth-Arlington, TX	2015	M12	December	28.06
SMU48191003000000008	Texas	Dallas-Fort Worth-Arlington, TX	2015	M11	November	27.46
SMU48191003000000008	Texas	Dallas-Fort Worth-Arlington, TX	2015	M10	October	27.26
SMU48191003000000008	Texas	Dallas-Fort Worth-Arlington, TX	2015	M09	September	27.20
SMU48191003000000008	Texas	Dallas-Fort Worth-Arlington, TX	2015	M08	August	26.91
SMU48191003000000008	Texas	Dallas-Fort Worth-Arlington, TX	2015	M07	July	26.98
SMU48191003000000008	Texas	Dallas-Fort Worth-Arlington, TX	2015	M06	June	26.48
SMU48191003000000008	Texas	Dallas-Fort Worth-Arlington, TX	2015	M05	May	26.40
SMU48191003000000008	Texas	Dallas-Fort Worth-Arlington, TX	2015	M04	April	26.22
SMU48191003000000008	Texas	Dallas-Fort Worth-Arlington, TX	2015	M03	March	25.61
SMU48191003000000008	Texas	Dallas-Fort Worth-Arlington, TX	2015	M02	February	25.43
SMU48191003000000008	Texas	Dallas-Fort Worth-Arlington, TX	2015	M01	January	24.84
SMU48191003000000008	Texas	Dallas-Fort Worth-Arlington, TX	2014	M12	December	25.08
SMU48191003000000008	Texas	Dallas-Fort Worth-Arlington, TX	2014	M11	November	25.00
SMU48191003000000008	Texas	Dallas-Fort Worth-Arlington, TX	2014	M10	October	25.12
SMU48191003000000008	Texas	Dallas-Fort Worth-Arlington, TX	2014	M09	September	25.28
SMU48191003000000008	Texas	Dallas-Fort Worth-Arlington, TX	2014	M08	August	25.22
SMU48191003000000008	Texas	Dallas-Fort Worth-Arlington, TX	2014	M07	July	25.15
SMU48191003000000008	Texas	Dallas-Fort Worth-Arlington, TX	2014	M06	June	25.07
SMU48191003000000008	Texas	Dallas-Fort Worth-Arlington, TX	2014	M05	May	24.66
SMU48191003000000008	Texas	Dallas-Fort Worth-Arlington, TX	2014	M04	April	24.62
SMU48191003000000008	Texas	Dallas-Fort Worth-Arlington, TX	2014	M03	March	24.59
SMU48191003000000008	Texas	Dallas-Fort Worth-Arlington, TX	2014	M02	February	24.47
SMU48191003000000008	Texas	Dallas-Fort Worth-Arlington, TX	2014	M01	January	24.61
SMU48191003000000008	Texas	Dallas-Fort Worth-Arlington, TX	2013	M12	December	24.70
SMU48191003000000008	Texas	Dallas-Fort Worth-Arlington, TX	2013	M11	November	24.60
SMU48191003000000008	Texas	Dallas-Fort Worth-Arlington, TX	2013	M10	October	24.37
SMU48191003000000008	Texas	Dallas-Fort Worth-Arlington, TX	2013	M09	September	24.20
SMU48191003000000008	Texas	Dallas-Fort Worth-Arlington, TX	2013	M08	August	24.13
SMU48191003000000008	Texas	Dallas-Fort Worth-Arlington, TX	2013	M07	July	23.81
SMU48191003000000008	Texas	Dallas-Fort Worth-Arlington, TX	2013	M06	June	23.74
SMU48191003000000008	Texas	Dallas-Fort Worth-Arlington, TX	2013	M05	May	23.66
SMU48191003000000008	Texas	Dallas-Fort Worth-Arlington, TX	2013	M04	April	24.00
SMU48191003000000008	Texas	Dallas-Fort Worth-Arlington, TX	2013	M03	March	23.57
SMU48191003000000008	Texas	Dallas-Fort Worth-Arlington, TX	2013	M02	February	23.04
SMU48191003000000008	Texas	Dallas-Fort Worth-Arlington, TX	2013	M01	January	23.31
SMU48191003000000008	Texas	Dallas-Fort Worth-Arlington, TX	2012	M12	December	23.49
SMU48191003000000008	Texas	Dallas-Fort Worth-Arlington, TX	2012	M11	November	22.96
SMU48191003000000008	Texas	Dallas-Fort Worth-Arlington, TX	2012	M10	October	22.67
SMU48191003000000008	Texas	Dallas-Fort Worth-Arlington, TX	2012	M09	September	22.36
SMU48191003000000008	Texas	Dallas-Fort Worth-Arlington, TX	2012	M08	August	22.40
SMU48191003000000008	Texas	Dallas-Fort Worth-Arlington, TX	2012	M07	July	22.41
SMU48191003000000008	Texas	Dallas-Fort Worth-Arlington, TX	2012	M06	June	22.69
SMU48191003000000008	Texas	Dallas-Fort Worth-Arlington, TX	2012	M05	May	21.97
SMU48191003000000008	Texas	Dallas-Fort Worth-Arlington, TX	2012	M04	April	21.63
SMU48191003000000008	Texas	Dallas-Fort Worth-Arlington, TX	2012	M03	March	21.95
SMU48191003000000008	Texas	Dallas-Fort Worth-Arlington, TX	2012	M02	February	21.91
SMU48191003000000008	Texas	Dallas-Fort Worth-Arlington, TX	2012	M01	January	21.93
SMU48191003000000008	Texas	Dallas-Fort Worth-Arlington, TX	2011	M12	December	22.23
SMU48191003000000008	Texas	Dallas-Fort Worth-Arlington, TX	2011	M11	November	21.28
SMU48191003000000008	Texas	Dallas-Fort Worth-Arlington, TX	2011	M10	October	20.84
SMU48191003000000008	Texas	Dallas-Fort Worth-Arlington, TX	2011	M09	September	20.26
SMU48191003000000008	Texas	Dallas-Fort Worth-Arlington, TX	2011	M08	August	19.87
SMU48191003000000008	Texas	Dallas-Fort Worth-Arlington, TX	2011	M07	July	19.49
SMU48191003000000008	Texas	Dallas-Fort Worth-Arlington, TX	2011	M06	June	19.78
SMU48191003000000008	Texas	Dallas-Fort Worth-Arlington, TX	2011	M05	May	19.54
SMU48191003000000008	Texas	Dallas-Fort Worth-Arlington, TX	2011	M04	April	19.04
SMU48191003000000008	Texas	Dallas-Fort Worth-Arlington, TX	2011	M03	March	18.56
SMU48191003000000008	Texas	Dallas-Fort Worth-Arlington, TX	2011	M02	February	18.49
SMU48191003000000008	Texas	Dallas-Fort Worth-Arlington, TX	2011	M01	January	17.30
SMU48191003000000008	Texas	Dallas-Fort Worth-Arlington, TX	2010	M12	December	17.36
SMU48191003000000008	Texas	Dallas-Fort Worth-Arlington, TX	2010	M11	November	17.62
SMU48191003000000008	Texas	Dallas-Fort Worth-Arlington, TX	2010	M10	October	17.29
SMU48191003000000008	Texas	Dallas-Fort Worth-Arlington, TX	2010	M09	September	17.14
SMU48191003000000008	Texas	Dallas-Fort Worth-Arlington, TX	2010	M08	August	17.21
SMU48191003000000008	Texas	Dallas-Fort Worth-Arlington, TX	2010	M07	July	17.14
SMU48191003000000008	Texas	Dallas-Fort Worth-Arlington, TX	2010	M06	June	17.43
SMU48191003000000008	Texas	Dallas-Fort Worth-Arlington, TX	2010	M05	May	17.34
SMU48191003000000008	Texas	Dallas-Fort Worth-Arlington, TX	2010	M04	April	17.26
SMU48191003000000008	Texas	Dallas-Fort Worth-Arlington, TX	2010	M03	March	17.36
SMU48191003000000008	Texas	Dallas-Fort Worth-Arlington, TX	2010	M02	February	17.49
SMU48191003000000008	Texas	Dallas-Fort Worth-Arlington, TX	2010	M01	January	17.20
SMU48191003000000008	Texas	Dallas-Fort Worth-Arlington, TX	2009	M12	December	17.05
SMU48191003000000008	Texas	Dallas-Fort Worth-Arlington, TX	2009	M11	November	16.89
SMU48191003000000008	Texas	Dallas-Fort Worth-Arlington, TX	2009	M10	October	17.02
SMU48191003000000008	Texas	Dallas-Fort Worth-Arlington, TX	2009	M09	September	16.83
SMU48191003000000008	Texas	Dallas-Fort Worth-Arlington, TX	2009	M08	August	16.57
SMU48191003000000008	Texas	Dallas-Fort Worth-Arlington, TX	2009	M07	July	16.34
SMU48191003000000008	Texas	Dallas-Fort Worth-Arlington, TX	2009	M06	June	16.72
SMU48191003000000008	Texas	Dallas-Fort Worth-Arlington, TX	2009	M05	May	16.44
SMU48191003000000008	Texas	Dallas-Fort Worth-Arlington, TX	2009	M04	April	16.63
SMU48191003000000008	Texas	Dallas-Fort Worth-Arlington, TX	2009	M03	March	16.51
SMU48191003000000008	Texas	Dallas-Fort Worth-Arlington, TX	2009	M02	February	16.69
SMU48191003000000008	Texas	Dallas-Fort Worth-Arlington, TX	2009	M01	January	16.31
SMU48191003000000008	Texas	Dallas-Fort Worth-Arlington, TX	2008	M12	December	16.21
SMU48191003000000008	Texas	Dallas-Fort Worth-Arlington, TX	2008	M11	November	16.27
SMU48191003000000008	Texas	Dallas-Fort Worth-Arlington, TX	2008	M10	October	16.77
SMU48191003000000008	Texas	Dallas-Fort Worth-Arlington, TX	2008	M09	September	16.74
SMU48191003000000008	Texas	Dallas-Fort Worth-Arlington, TX	2008	M08	August	16.60
SMU48191003000000008	Texas	Dallas-Fort Worth-Arlington, TX	2008	M07	July	16.61
SMU48191003000000008	Texas	Dallas-Fort Worth-Arlington, TX	2008	M06	June	16.65
SMU48191003000000008	Texas	Dallas-Fort Worth-Arlington, TX	2008	M05	May	16.57
SMU48191003000000008	Texas	Dallas-Fort Worth-Arlington, TX	2008	M04	April	16.35
SMU48191003000000008	Texas	Dallas-Fort Worth-Arlington, TX	2008	M03	March	16.41
SMU48191003000000008	Texas	Dallas-Fort Worth-Arlington, TX	2008	M02	February	16.51
SMU48191003000000008	Texas	Dallas-Fort Worth-Arlington, TX	2008	M01	January	16.12
SMU48191003000000008	Texas	Dallas-Fort Worth-Arlington, TX	2007	M12	December	15.94
SMU48191003000000008	Texas	Dallas-Fort Worth-Arlington, TX	2007	M11	November	15.81
SMU48191003000000008	Texas	Dallas-Fort Worth-Arlington, TX	2007	M10	October	15.96
SMU48191003000000008	Texas	Dallas-Fort Worth-Arlington, TX	2007	M09	September	15.93
SMU48191003000000008	Texas	Dallas-Fort Worth-Arlington, TX	2007	M08	August	16.31
SMU48191003000000008	Texas	Dallas-Fort Worth-Arlington, TX	2007	M07	July	15.97
SMU48191003000000008	Texas	Dallas-Fort Worth-Arlington, TX	2007	M06	June	16.27
SMU48191003000000008	Texas	Dallas-Fort Worth-Arlington, TX	2007	M05	May	16.15
SMU48191003000000008	Texas	Dallas-Fort Worth-Arlington, TX	2007	M04	April	15.92
SMU48191003000000008	Texas	Dallas-Fort Worth-Arlington, TX	2007	M03	March	16.01
SMU48191003000000008	Texas	Dallas-Fort Worth-Arlington, TX	2007	M02	February	15.99
SMU48191003000000008	Texas	Dallas-Fort Worth-Arlington, TX	2007	M01	January	15.84
SMU48264203000000008	Texas	Houston-Pasadena-The Woodlands, TX	2025	M12	December	27.34
SMU48264203000000008	Texas	Houston-Pasadena-The Woodlands, TX	2025	M11	November	28.03
SMU48264203000000008	Texas	Houston-Pasadena-The Woodlands, TX	2025	M10	October	28.10
SMU48264203000000008	Texas	Houston-Pasadena-The Woodlands, TX	2025	M09	September	27.70
SMU48264203000000008	Texas	Houston-Pasadena-The Woodlands, TX	2025	M08	August	28.37
SMU48264203000000008	Texas	Houston-Pasadena-The Woodlands, TX	2025	M07	July	28.65
SMU48264203000000008	Texas	Houston-Pasadena-The Woodlands, TX	2025	M06	June	27.36
SMU48264203000000008	Texas	Houston-Pasadena-The Woodlands, TX	2025	M05	May	27.81
SMU48264203000000008	Texas	Houston-Pasadena-The Woodlands, TX	2025	M04	April	27.65
SMU48264203000000008	Texas	Houston-Pasadena-The Woodlands, TX	2025	M03	March	27.92
SMU48264203000000008	Texas	Houston-Pasadena-The Woodlands, TX	2025	M02	February	27.93
SMU48264203000000008	Texas	Houston-Pasadena-The Woodlands, TX	2025	M01	January	27.92
SMU48264203000000008	Texas	Houston-Pasadena-The Woodlands, TX	2024	M12	December	28.08
SMU48264203000000008	Texas	Houston-Pasadena-The Woodlands, TX	2024	M11	November	27.05
SMU48264203000000008	Texas	Houston-Pasadena-The Woodlands, TX	2024	M10	October	27.51
SMU48264203000000008	Texas	Houston-Pasadena-The Woodlands, TX	2024	M09	September	27.20
SMU48264203000000008	Texas	Houston-Pasadena-The Woodlands, TX	2024	M08	August	26.91
SMU48264203000000008	Texas	Houston-Pasadena-The Woodlands, TX	2024	M07	July	26.78
SMU48264203000000008	Texas	Houston-Pasadena-The Woodlands, TX	2024	M06	June	26.85
SMU48264203000000008	Texas	Houston-Pasadena-The Woodlands, TX	2024	M05	May	27.38
SMU48264203000000008	Texas	Houston-Pasadena-The Woodlands, TX	2024	M04	April	27.71
SMU48264203000000008	Texas	Houston-Pasadena-The Woodlands, TX	2024	M03	March	27.10
SMU48264203000000008	Texas	Houston-Pasadena-The Woodlands, TX	2024	M02	February	27.34
SMU48264203000000008	Texas	Houston-Pasadena-The Woodlands, TX	2024	M01	January	28.04
SMU48264203000000008	Texas	Houston-Pasadena-The Woodlands, TX	2023	M12	December	28.62
SMU48264203000000008	Texas	Houston-Pasadena-The Woodlands, TX	2023	M11	November	28.28
SMU48264203000000008	Texas	Houston-Pasadena-The Woodlands, TX	2023	M10	October	27.46
SMU48264203000000008	Texas	Houston-Pasadena-The Woodlands, TX	2023	M09	September	27.11
SMU48264203000000008	Texas	Houston-Pasadena-The Woodlands, TX	2023	M08	August	26.84
SMU48264203000000008	Texas	Houston-Pasadena-The Woodlands, TX	2023	M07	July	27.51
SMU48264203000000008	Texas	Houston-Pasadena-The Woodlands, TX	2023	M06	June	27.46
SMU48264203000000008	Texas	Houston-Pasadena-The Woodlands, TX	2023	M05	May	27.27
SMU48264203000000008	Texas	Houston-Pasadena-The Woodlands, TX	2023	M04	April	27.78
SMU48264203000000008	Texas	Houston-Pasadena-The Woodlands, TX	2023	M03	March	26.77
SMU48264203000000008	Texas	Houston-Pasadena-The Woodlands, TX	2023	M02	February	26.72
SMU48264203000000008	Texas	Houston-Pasadena-The Woodlands, TX	2023	M01	January	26.27
SMU48264203000000008	Texas	Houston-Pasadena-The Woodlands, TX	2022	M12	December	26.65
SMU48264203000000008	Texas	Houston-Pasadena-The Woodlands, TX	2022	M11	November	26.79
SMU48264203000000008	Texas	Houston-Pasadena-The Woodlands, TX	2022	M10	October	26.87
SMU48264203000000008	Texas	Houston-Pasadena-The Woodlands, TX	2022	M09	September	26.00
SMU48264203000000008	Texas	Houston-Pasadena-The Woodlands, TX	2022	M08	August	26.25
SMU48264203000000008	Texas	Houston-Pasadena-The Woodlands, TX	2022	M07	July	25.86
SMU48264203000000008	Texas	Houston-Pasadena-The Woodlands, TX	2022	M06	June	24.57
SMU48264203000000008	Texas	Houston-Pasadena-The Woodlands, TX	2022	M05	May	24.58
SMU48264203000000008	Texas	Houston-Pasadena-The Woodlands, TX	2022	M04	April	24.27
SMU48264203000000008	Texas	Houston-Pasadena-The Woodlands, TX	2022	M03	March	24.34
SMU48264203000000008	Texas	Houston-Pasadena-The Woodlands, TX	2022	M02	February	24.34
SMU48264203000000008	Texas	Houston-Pasadena-The Woodlands, TX	2022	M01	January	24.36
SMU48264203000000008	Texas	Houston-Pasadena-The Woodlands, TX	2021	M12	December	23.56
SMU48264203000000008	Texas	Houston-Pasadena-The Woodlands, TX	2021	M11	November	24.14
SMU48264203000000008	Texas	Houston-Pasadena-The Woodlands, TX	2021	M10	October	24.36
SMU48264203000000008	Texas	Houston-Pasadena-The Woodlands, TX	2021	M09	September	24.11
SMU48264203000000008	Texas	Houston-Pasadena-The Woodlands, TX	2021	M08	August	23.79
SMU48264203000000008	Texas	Houston-Pasadena-The Woodlands, TX	2021	M07	July	23.74
SMU48264203000000008	Texas	Houston-Pasadena-The Woodlands, TX	2021	M06	June	22.60
SMU48264203000000008	Texas	Houston-Pasadena-The Woodlands, TX	2021	M05	May	22.91
SMU48264203000000008	Texas	Houston-Pasadena-The Woodlands, TX	2021	M04	April	21.47
SMU48264203000000008	Texas	Houston-Pasadena-The Woodlands, TX	2021	M03	March	21.09
SMU48264203000000008	Texas	Houston-Pasadena-The Woodlands, TX	2021	M02	February	21.37
SMU48264203000000008	Texas	Houston-Pasadena-The Woodlands, TX	2021	M01	January	21.65
SMU48264203000000008	Texas	Houston-Pasadena-The Woodlands, TX	2020	M12	December	21.71
SMU48264203000000008	Texas	Houston-Pasadena-The Woodlands, TX	2020	M11	November	21.17
SMU48264203000000008	Texas	Houston-Pasadena-The Woodlands, TX	2020	M10	October	20.99
SMU48264203000000008	Texas	Houston-Pasadena-The Woodlands, TX	2020	M09	September	20.50
SMU48264203000000008	Texas	Houston-Pasadena-The Woodlands, TX	2020	M08	August	19.68
SMU48264203000000008	Texas	Houston-Pasadena-The Woodlands, TX	2020	M07	July	19.35
SMU48264203000000008	Texas	Houston-Pasadena-The Woodlands, TX	2020	M06	June	18.68
SMU48264203000000008	Texas	Houston-Pasadena-The Woodlands, TX	2020	M05	May	19.71
SMU48264203000000008	Texas	Houston-Pasadena-The Woodlands, TX	2020	M04	April	20.11
SMU48264203000000008	Texas	Houston-Pasadena-The Woodlands, TX	2020	M03	March	20.71
SMU48264203000000008	Texas	Houston-Pasadena-The Woodlands, TX	2020	M02	February	21.33
SMU48264203000000008	Texas	Houston-Pasadena-The Woodlands, TX	2020	M01	January	21.82
SMU48264203000000008	Texas	Houston-Pasadena-The Woodlands, TX	2019	M12	December	22.16
SMU48264203000000008	Texas	Houston-Pasadena-The Woodlands, TX	2019	M11	November	21.80
SMU48264203000000008	Texas	Houston-Pasadena-The Woodlands, TX	2019	M10	October	21.82
SMU48264203000000008	Texas	Houston-Pasadena-The Woodlands, TX	2019	M09	September	21.85
SMU48264203000000008	Texas	Houston-Pasadena-The Woodlands, TX	2019	M08	August	21.90
SMU48264203000000008	Texas	Houston-Pasadena-The Woodlands, TX	2019	M07	July	21.79
SMU48264203000000008	Texas	Houston-Pasadena-The Woodlands, TX	2019	M06	June	21.58
SMU48264203000000008	Texas	Houston-Pasadena-The Woodlands, TX	2019	M05	May	21.89
SMU48264203000000008	Texas	Houston-Pasadena-The Woodlands, TX	2019	M04	April	22.11
SMU48264203000000008	Texas	Houston-Pasadena-The Woodlands, TX	2019	M03	March	22.47
SMU48264203000000008	Texas	Houston-Pasadena-The Woodlands, TX	2019	M02	February	22.44
SMU48264203000000008	Texas	Houston-Pasadena-The Woodlands, TX	2019	M01	January	22.37
SMU48264203000000008	Texas	Houston-Pasadena-The Woodlands, TX	2018	M12	December	22.64
SMU48264203000000008	Texas	Houston-Pasadena-The Woodlands, TX	2018	M11	November	22.46
SMU48264203000000008	Texas	Houston-Pasadena-The Woodlands, TX	2018	M10	October	22.26
SMU48264203000000008	Texas	Houston-Pasadena-The Woodlands, TX	2018	M09	September	22.31
SMU48264203000000008	Texas	Houston-Pasadena-The Woodlands, TX	2018	M08	August	22.20
SMU48264203000000008	Texas	Houston-Pasadena-The Woodlands, TX	2018	M07	July	21.83
SMU48264203000000008	Texas	Houston-Pasadena-The Woodlands, TX	2018	M06	June	22.14
SMU48264203000000008	Texas	Houston-Pasadena-The Woodlands, TX	2018	M05	May	22.34
SMU48264203000000008	Texas	Houston-Pasadena-The Woodlands, TX	2018	M04	April	22.74
SMU48264203000000008	Texas	Houston-Pasadena-The Woodlands, TX	2018	M03	March	22.01
SMU48264203000000008	Texas	Houston-Pasadena-The Woodlands, TX	2018	M02	February	22.03
SMU48264203000000008	Texas	Houston-Pasadena-The Woodlands, TX	2018	M01	January	21.70
SMU48264203000000008	Texas	Houston-Pasadena-The Woodlands, TX	2017	M12	December	21.92
SMU48264203000000008	Texas	Houston-Pasadena-The Woodlands, TX	2017	M11	November	21.61
SMU48264203000000008	Texas	Houston-Pasadena-The Woodlands, TX	2017	M10	October	21.77
SMU48264203000000008	Texas	Houston-Pasadena-The Woodlands, TX	2017	M09	September	21.92
SMU48264203000000008	Texas	Houston-Pasadena-The Woodlands, TX	2017	M08	August	21.02
SMU48264203000000008	Texas	Houston-Pasadena-The Woodlands, TX	2017	M07	July	21.10
SMU48264203000000008	Texas	Houston-Pasadena-The Woodlands, TX	2017	M06	June	20.76
SMU48264203000000008	Texas	Houston-Pasadena-The Woodlands, TX	2017	M05	May	20.93
SMU48264203000000008	Texas	Houston-Pasadena-The Woodlands, TX	2017	M04	April	20.59
SMU48264203000000008	Texas	Houston-Pasadena-The Woodlands, TX	2017	M03	March	20.83
SMU48264203000000008	Texas	Houston-Pasadena-The Woodlands, TX	2017	M02	February	20.70
SMU48264203000000008	Texas	Houston-Pasadena-The Woodlands, TX	2017	M01	January	20.80
SMU48264203000000008	Texas	Houston-Pasadena-The Woodlands, TX	2016	M12	December	21.21
SMU48264203000000008	Texas	Houston-Pasadena-The Woodlands, TX	2016	M11	November	21.06
SMU48264203000000008	Texas	Houston-Pasadena-The Woodlands, TX	2016	M10	October	20.52
SMU48264203000000008	Texas	Houston-Pasadena-The Woodlands, TX	2016	M09	September	20.72
SMU48264203000000008	Texas	Houston-Pasadena-The Woodlands, TX	2016	M08	August	20.20
SMU48264203000000008	Texas	Houston-Pasadena-The Woodlands, TX	2016	M07	July	20.38
SMU48264203000000008	Texas	Houston-Pasadena-The Woodlands, TX	2016	M06	June	20.32
SMU48264203000000008	Texas	Houston-Pasadena-The Woodlands, TX	2016	M05	May	20.10
SMU48264203000000008	Texas	Houston-Pasadena-The Woodlands, TX	2016	M04	April	20.23
SMU48264203000000008	Texas	Houston-Pasadena-The Woodlands, TX	2016	M03	March	19.14
SMU48264203000000008	Texas	Houston-Pasadena-The Woodlands, TX	2016	M02	February	19.03
SMU48264203000000008	Texas	Houston-Pasadena-The Woodlands, TX	2016	M01	January	18.99
SMU48264203000000008	Texas	Houston-Pasadena-The Woodlands, TX	2015	M12	December	18.93
SMU48264203000000008	Texas	Houston-Pasadena-The Woodlands, TX	2015	M11	November	19.24
SMU48264203000000008	Texas	Houston-Pasadena-The Woodlands, TX	2015	M10	October	18.88
SMU48264203000000008	Texas	Houston-Pasadena-The Woodlands, TX	2015	M09	September	19.07
SMU48264203000000008	Texas	Houston-Pasadena-The Woodlands, TX	2015	M08	August	19.52
SMU48264203000000008	Texas	Houston-Pasadena-The Woodlands, TX	2015	M07	July	19.28
SMU48264203000000008	Texas	Houston-Pasadena-The Woodlands, TX	2015	M06	June	19.51
SMU48264203000000008	Texas	Houston-Pasadena-The Woodlands, TX	2015	M05	May	19.71
SMU48264203000000008	Texas	Houston-Pasadena-The Woodlands, TX	2015	M04	April	19.83
SMU48264203000000008	Texas	Houston-Pasadena-The Woodlands, TX	2015	M03	March	19.87
SMU48264203000000008	Texas	Houston-Pasadena-The Woodlands, TX	2015	M02	February	19.87
SMU48264203000000008	Texas	Houston-Pasadena-The Woodlands, TX	2015	M01	January	20.44
SMU48264203000000008	Texas	Houston-Pasadena-The Woodlands, TX	2014	M12	December	20.49
SMU48264203000000008	Texas	Houston-Pasadena-The Woodlands, TX	2014	M11	November	20.15
SMU48264203000000008	Texas	Houston-Pasadena-The Woodlands, TX	2014	M10	October	20.32
SMU48264203000000008	Texas	Houston-Pasadena-The Woodlands, TX	2014	M09	September	20.16
SMU48264203000000008	Texas	Houston-Pasadena-The Woodlands, TX	2014	M08	August	19.77
SMU48264203000000008	Texas	Houston-Pasadena-The Woodlands, TX	2014	M07	July	19.98
SMU48264203000000008	Texas	Houston-Pasadena-The Woodlands, TX	2014	M06	June	20.42
SMU48264203000000008	Texas	Houston-Pasadena-The Woodlands, TX	2014	M05	May	20.64
SMU48264203000000008	Texas	Houston-Pasadena-The Woodlands, TX	2014	M04	April	20.19
SMU48264203000000008	Texas	Houston-Pasadena-The Woodlands, TX	2014	M03	March	20.29
SMU48264203000000008	Texas	Houston-Pasadena-The Woodlands, TX	2014	M02	February	20.38
SMU48264203000000008	Texas	Houston-Pasadena-The Woodlands, TX	2014	M01	January	19.83
SMU48264203000000008	Texas	Houston-Pasadena-The Woodlands, TX	2013	M12	December	20.11
SMU48264203000000008	Texas	Houston-Pasadena-The Woodlands, TX	2013	M11	November	19.01
SMU48264203000000008	Texas	Houston-Pasadena-The Woodlands, TX	2013	M10	October	19.82
SMU48264203000000008	Texas	Houston-Pasadena-The Woodlands, TX	2013	M09	September	19.52
SMU48264203000000008	Texas	Houston-Pasadena-The Woodlands, TX	2013	M08	August	19.58
SMU48264203000000008	Texas	Houston-Pasadena-The Woodlands, TX	2013	M07	July	19.57
SMU48264203000000008	Texas	Houston-Pasadena-The Woodlands, TX	2013	M06	June	19.68
SMU48264203000000008	Texas	Houston-Pasadena-The Woodlands, TX	2013	M05	May	19.66
SMU48264203000000008	Texas	Houston-Pasadena-The Woodlands, TX	2013	M04	April	19.52
SMU48264203000000008	Texas	Houston-Pasadena-The Woodlands, TX	2013	M03	March	19.34
SMU48264203000000008	Texas	Houston-Pasadena-The Woodlands, TX	2013	M02	February	19.41
SMU48264203000000008	Texas	Houston-Pasadena-The Woodlands, TX	2013	M01	January	19.21
SMU48264203000000008	Texas	Houston-Pasadena-The Woodlands, TX	2012	M12	December	18.83
SMU48264203000000008	Texas	Houston-Pasadena-The Woodlands, TX	2012	M11	November	18.81
SMU48264203000000008	Texas	Houston-Pasadena-The Woodlands, TX	2012	M10	October	18.78
SMU48264203000000008	Texas	Houston-Pasadena-The Woodlands, TX	2012	M09	September	19.21
SMU48264203000000008	Texas	Houston-Pasadena-The Woodlands, TX	2012	M08	August	19.23
SMU48264203000000008	Texas	Houston-Pasadena-The Woodlands, TX	2012	M07	July	18.83
SMU48264203000000008	Texas	Houston-Pasadena-The Woodlands, TX	2012	M06	June	19.09
SMU48264203000000008	Texas	Houston-Pasadena-The Woodlands, TX	2012	M05	May	19.14
SMU48264203000000008	Texas	Houston-Pasadena-The Woodlands, TX	2012	M04	April	19.61
SMU48264203000000008	Texas	Houston-Pasadena-The Woodlands, TX	2012	M03	March	19.06
SMU48264203000000008	Texas	Houston-Pasadena-The Woodlands, TX	2012	M02	February	18.93
SMU48264203000000008	Texas	Houston-Pasadena-The Woodlands, TX	2012	M01	January	18.81
SMU48264203000000008	Texas	Houston-Pasadena-The Woodlands, TX	2011	M12	December	18.62
SMU48264203000000008	Texas	Houston-Pasadena-The Woodlands, TX	2011	M11	November	19.33
SMU48264203000000008	Texas	Houston-Pasadena-The Woodlands, TX	2011	M10	October	18.88
SMU48264203000000008	Texas	Houston-Pasadena-The Woodlands, TX	2011	M09	September	18.82
SMU48264203000000008	Texas	Houston-Pasadena-The Woodlands, TX	2011	M08	August	18.78
SMU48264203000000008	Texas	Houston-Pasadena-The Woodlands, TX	2011	M07	July	18.84
SMU48264203000000008	Texas	Houston-Pasadena-The Woodlands, TX	2011	M06	June	18.84
SMU48264203000000008	Texas	Houston-Pasadena-The Woodlands, TX	2011	M05	May	18.94
SMU48264203000000008	Texas	Houston-Pasadena-The Woodlands, TX	2011	M04	April	19.39
SMU48264203000000008	Texas	Houston-Pasadena-The Woodlands, TX	2011	M03	March	19.41
SMU48264203000000008	Texas	Houston-Pasadena-The Woodlands, TX	2011	M02	February	19.13
SMU48264203000000008	Texas	Houston-Pasadena-The Woodlands, TX	2011	M01	January	19.31
SMU48264203000000008	Texas	Houston-Pasadena-The Woodlands, TX	2010	M12	December	18.72
SMU48264203000000008	Texas	Houston-Pasadena-The Woodlands, TX	2010	M11	November	18.47
SMU48264203000000008	Texas	Houston-Pasadena-The Woodlands, TX	2010	M10	October	18.64
SMU48264203000000008	Texas	Houston-Pasadena-The Woodlands, TX	2010	M09	September	19.00
SMU48264203000000008	Texas	Houston-Pasadena-The Woodlands, TX	2010	M08	August	18.94
SMU48264203000000008	Texas	Houston-Pasadena-The Woodlands, TX	2010	M07	July	18.80
SMU48264203000000008	Texas	Houston-Pasadena-The Woodlands, TX	2010	M06	June	18.91
SMU48264203000000008	Texas	Houston-Pasadena-The Woodlands, TX	2010	M05	May	19.13
SMU48264203000000008	Texas	Houston-Pasadena-The Woodlands, TX	2010	M04	April	19.00
SMU48264203000000008	Texas	Houston-Pasadena-The Woodlands, TX	2010	M03	March	18.65
SMU48264203000000008	Texas	Houston-Pasadena-The Woodlands, TX	2010	M02	February	18.53
SMU48264203000000008	Texas	Houston-Pasadena-The Woodlands, TX	2010	M01	January	18.43
SMU48264203000000008	Texas	Houston-Pasadena-The Woodlands, TX	2009	M12	December	18.38
SMU48264203000000008	Texas	Houston-Pasadena-The Woodlands, TX	2009	M11	November	18.35
SMU48264203000000008	Texas	Houston-Pasadena-The Woodlands, TX	2009	M10	October	18.49
SMU48264203000000008	Texas	Houston-Pasadena-The Woodlands, TX	2009	M09	September	18.74
SMU48264203000000008	Texas	Houston-Pasadena-The Woodlands, TX	2009	M08	August	18.60
SMU48264203000000008	Texas	Houston-Pasadena-The Woodlands, TX	2009	M07	July	18.52
SMU48264203000000008	Texas	Houston-Pasadena-The Woodlands, TX	2009	M06	June	18.58
SMU48264203000000008	Texas	Houston-Pasadena-The Woodlands, TX	2009	M05	May	18.61
SMU48264203000000008	Texas	Houston-Pasadena-The Woodlands, TX	2009	M04	April	18.66
SMU48264203000000008	Texas	Houston-Pasadena-The Woodlands, TX	2009	M03	March	18.43
SMU48264203000000008	Texas	Houston-Pasadena-The Woodlands, TX	2009	M02	February	18.28
SMU48264203000000008	Texas	Houston-Pasadena-The Woodlands, TX	2009	M01	January	18.27
SMU48264203000000008	Texas	Houston-Pasadena-The Woodlands, TX	2008	M12	December	18.12
SMU48264203000000008	Texas	Houston-Pasadena-The Woodlands, TX	2008	M11	November	17.86
SMU48264203000000008	Texas	Houston-Pasadena-The Woodlands, TX	2008	M10	October	17.76
SMU48264203000000008	Texas	Houston-Pasadena-The Woodlands, TX	2008	M09	September	17.67
SMU48264203000000008	Texas	Houston-Pasadena-The Woodlands, TX	2008	M08	August	17.49
SMU48264203000000008	Texas	Houston-Pasadena-The Woodlands, TX	2008	M07	July	17.40
SMU48264203000000008	Texas	Houston-Pasadena-The Woodlands, TX	2008	M06	June	17.16
SMU48264203000000008	Texas	Houston-Pasadena-The Woodlands, TX	2008	M05	May	17.09
SMU48264203000000008	Texas	Houston-Pasadena-The Woodlands, TX	2008	M04	April	17.01
SMU48264203000000008	Texas	Houston-Pasadena-The Woodlands, TX	2008	M03	March	16.80
SMU48264203000000008	Texas	Houston-Pasadena-The Woodlands, TX	2008	M02	February	16.63
SMU48264203000000008	Texas	Houston-Pasadena-The Woodlands, TX	2008	M01	January	16.64
SMU48264203000000008	Texas	Houston-Pasadena-The Woodlands, TX	2007	M12	December	16.28
SMU48264203000000008	Texas	Houston-Pasadena-The Woodlands, TX	2007	M11	November	16.25
SMU48264203000000008	Texas	Houston-Pasadena-The Woodlands, TX	2007	M10	October	16.23
SMU48264203000000008	Texas	Houston-Pasadena-The Woodlands, TX	2007	M09	September	16.37
SMU48264203000000008	Texas	Houston-Pasadena-The Woodlands, TX	2007	M08	August	16.41
SMU48264203000000008	Texas	Houston-Pasadena-The Woodlands, TX	2007	M07	July	16.45
SMU48264203000000008	Texas	Houston-Pasadena-The Woodlands, TX	2007	M06	June	16.29
SMU48264203000000008	Texas	Houston-Pasadena-The Woodlands, TX	2007	M05	May	16.48
SMU48264203000000008	Texas	Houston-Pasadena-The Woodlands, TX	2007	M04	April	16.57
SMU48264203000000008	Texas	Houston-Pasadena-The Woodlands, TX	2007	M03	March	16.40
SMU48264203000000008	Texas	Houston-Pasadena-The Woodlands, TX	2007	M02	February	16.29
SMU48264203000000008	Texas	Houston-Pasadena-The Woodlands, TX	2007	M01	January	16.69
SMU39181403000000008	Ohio	Columbus, OH	2025	M12	December	22.99
SMU39181403000000008	Ohio	Columbus, OH	2025	M11	November	22.06
SMU39181403000000008	Ohio	Columbus, OH	2025	M10	October	22.38
SMU39181403000000008	Ohio	Columbus, OH	2025	M09	September	21.53
SMU39181403000000008	Ohio	Columbus, OH	2025	M08	August	21.44
SMU39181403000000008	Ohio	Columbus, OH	2025	M07	July	20.85
SMU39181403000000008	Ohio	Columbus, OH	2025	M06	June	21.10
SMU39181403000000008	Ohio	Columbus, OH	2025	M05	May	22.03
SMU39181403000000008	Ohio	Columbus, OH	2025	M04	April	21.34
SMU39181403000000008	Ohio	Columbus, OH	2025	M03	March	21.50
SMU39181403000000008	Ohio	Columbus, OH	2025	M02	February	20.44
SMU39181403000000008	Ohio	Columbus, OH	2025	M01	January	20.20
SMU39181403000000008	Ohio	Columbus, OH	2024	M12	December	20.01
SMU39181403000000008	Ohio	Columbus, OH	2024	M11	November	19.33
SMU39181403000000008	Ohio	Columbus, OH	2024	M10	October	19.07
SMU39181403000000008	Ohio	Columbus, OH	2024	M09	September	18.81
SMU39181403000000008	Ohio	Columbus, OH	2024	M08	August	19.06
SMU39181403000000008	Ohio	Columbus, OH	2024	M07	July	18.79
SMU39181403000000008	Ohio	Columbus, OH	2024	M06	June	18.57
SMU39181403000000008	Ohio	Columbus, OH	2024	M05	May	18.45
SMU39181403000000008	Ohio	Columbus, OH	2024	M04	April	17.93
SMU39181403000000008	Ohio	Columbus, OH	2024	M03	March	18.01
SMU39181403000000008	Ohio	Columbus, OH	2024	M02	February	18.55
SMU39181403000000008	Ohio	Columbus, OH	2024	M01	January	19.43
SMU39181403000000008	Ohio	Columbus, OH	2023	M12	December	19.97
SMU39181403000000008	Ohio	Columbus, OH	2023	M11	November	20.36
SMU39181403000000008	Ohio	Columbus, OH	2023	M10	October	20.57
SMU39181403000000008	Ohio	Columbus, OH	2023	M09	September	19.92
SMU39181403000000008	Ohio	Columbus, OH	2023	M08	August	19.72
SMU39181403000000008	Ohio	Columbus, OH	2023	M07	July	20.22
SMU39181403000000008	Ohio	Columbus, OH	2023	M06	June	19.27
SMU39181403000000008	Ohio	Columbus, OH	2023	M05	May	19.06
SMU39181403000000008	Ohio	Columbus, OH	2023	M04	April	19.25
SMU39181403000000008	Ohio	Columbus, OH	2023	M03	March	19.00
SMU39181403000000008	Ohio	Columbus, OH	2023	M02	February	19.67
SMU39181403000000008	Ohio	Columbus, OH	2023	M01	January	20.68
SMU39181403000000008	Ohio	Columbus, OH	2022	M12	December	20.88
SMU39181403000000008	Ohio	Columbus, OH	2022	M11	November	20.97
SMU39181403000000008	Ohio	Columbus, OH	2022	M10	October	19.43
SMU39181403000000008	Ohio	Columbus, OH	2022	M09	September	18.57
SMU39181403000000008	Ohio	Columbus, OH	2022	M08	August	17.87
SMU39181403000000008	Ohio	Columbus, OH	2022	M07	July	17.64
SMU39181403000000008	Ohio	Columbus, OH	2022	M06	June	18.44
SMU39181403000000008	Ohio	Columbus, OH	2022	M05	May	20.04
SMU39181403000000008	Ohio	Columbus, OH	2022	M04	April	19.39
SMU39181403000000008	Ohio	Columbus, OH	2022	M03	March	19.73
SMU39181403000000008	Ohio	Columbus, OH	2022	M02	February	20.83
SMU39181403000000008	Ohio	Columbus, OH	2022	M01	January	20.98
SMU39181403000000008	Ohio	Columbus, OH	2021	M12	December	20.73
SMU39181403000000008	Ohio	Columbus, OH	2021	M11	November	21.15
SMU39181403000000008	Ohio	Columbus, OH	2021	M10	October	21.00
SMU39181403000000008	Ohio	Columbus, OH	2021	M09	September	20.73
SMU39181403000000008	Ohio	Columbus, OH	2021	M08	August	20.86
SMU39181403000000008	Ohio	Columbus, OH	2021	M07	July	20.16
SMU39181403000000008	Ohio	Columbus, OH	2021	M06	June	19.43
SMU39181403000000008	Ohio	Columbus, OH	2021	M05	May	19.31
SMU39181403000000008	Ohio	Columbus, OH	2021	M04	April	19.04
SMU39181403000000008	Ohio	Columbus, OH	2021	M03	March	18.93
SMU39181403000000008	Ohio	Columbus, OH	2021	M02	February	18.29
SMU39181403000000008	Ohio	Columbus, OH	2021	M01	January	18.24
SMU39181403000000008	Ohio	Columbus, OH	2020	M12	December	20.32
SMU39181403000000008	Ohio	Columbus, OH	2020	M11	November	19.14
SMU39181403000000008	Ohio	Columbus, OH	2020	M10	October	19.95
SMU39181403000000008	Ohio	Columbus, OH	2020	M09	September	19.83
SMU39181403000000008	Ohio	Columbus, OH	2020	M08	August	19.64
SMU39181403000000008	Ohio	Columbus, OH	2020	M07	July	19.81
SMU39181403000000008	Ohio	Columbus, OH	2020	M06	June	19.25
SMU39181403000000008	Ohio	Columbus, OH	2020	M05	May	19.80
SMU39181403000000008	Ohio	Columbus, OH	2020	M04	April	19.53
SMU39181403000000008	Ohio	Columbus, OH	2020	M03	March	20.47
SMU39181403000000008	Ohio	Columbus, OH	2020	M02	February	19.61
SMU39181403000000008	Ohio	Columbus, OH	2020	M01	January	19.73
SMU39181403000000008	Ohio	Columbus, OH	2019	M12	December	19.46
SMU39181403000000008	Ohio	Columbus, OH	2019	M11	November	19.96
SMU39181403000000008	Ohio	Columbus, OH	2019	M10	October	20.14
SMU39181403000000008	Ohio	Columbus, OH	2019	M09	September	20.76
SMU39181403000000008	Ohio	Columbus, OH	2019	M08	August	20.61
SMU39181403000000008	Ohio	Columbus, OH	2019	M07	July	20.37
SMU39181403000000008	Ohio	Columbus, OH	2019	M06	June	20.83
SMU39181403000000008	Ohio	Columbus, OH	2019	M05	May	20.56
SMU39181403000000008	Ohio	Columbus, OH	2019	M04	April	20.74
SMU39181403000000008	Ohio	Columbus, OH	2019	M03	March	20.98
SMU39181403000000008	Ohio	Columbus, OH	2019	M02	February	20.71
SMU39181403000000008	Ohio	Columbus, OH	2019	M01	January	21.10
SMU39181403000000008	Ohio	Columbus, OH	2018	M12	December	21.24
SMU39181403000000008	Ohio	Columbus, OH	2018	M11	November	21.15
SMU39181403000000008	Ohio	Columbus, OH	2018	M10	October	21.46
SMU39181403000000008	Ohio	Columbus, OH	2018	M09	September	21.18
SMU39181403000000008	Ohio	Columbus, OH	2018	M08	August	21.31
SMU39181403000000008	Ohio	Columbus, OH	2018	M07	July	20.52
SMU39181403000000008	Ohio	Columbus, OH	2018	M06	June	20.78
SMU39181403000000008	Ohio	Columbus, OH	2018	M05	May	20.72
SMU39181403000000008	Ohio	Columbus, OH	2018	M04	April	20.82
SMU39181403000000008	Ohio	Columbus, OH	2018	M03	March	20.93
SMU39181403000000008	Ohio	Columbus, OH	2018	M02	February	21.35
SMU39181403000000008	Ohio	Columbus, OH	2018	M01	January	21.77
SMU39181403000000008	Ohio	Columbus, OH	2017	M12	December	22.38
SMU39181403000000008	Ohio	Columbus, OH	2017	M11	November	21.90
SMU39181403000000008	Ohio	Columbus, OH	2017	M10	October	21.83
SMU39181403000000008	Ohio	Columbus, OH	2017	M09	September	21.33
SMU39181403000000008	Ohio	Columbus, OH	2017	M08	August	20.81
SMU39181403000000008	Ohio	Columbus, OH	2017	M07	July	20.88
SMU39181403000000008	Ohio	Columbus, OH	2017	M06	June	20.50
SMU39181403000000008	Ohio	Columbus, OH	2017	M05	May	20.60
SMU39181403000000008	Ohio	Columbus, OH	2017	M04	April	21.16
SMU39181403000000008	Ohio	Columbus, OH	2017	M03	March	20.74
SMU39181403000000008	Ohio	Columbus, OH	2017	M02	February	20.93
SMU39181403000000008	Ohio	Columbus, OH	2017	M01	January	21.06
SMU39181403000000008	Ohio	Columbus, OH	2016	M12	December	20.68
SMU39181403000000008	Ohio	Columbus, OH	2016	M11	November	20.99
SMU39181403000000008	Ohio	Columbus, OH	2016	M10	October	20.87
SMU39181403000000008	Ohio	Columbus, OH	2016	M09	September	20.96
SMU39181403000000008	Ohio	Columbus, OH	2016	M08	August	20.80
SMU39181403000000008	Ohio	Columbus, OH	2016	M07	July	20.50
SMU39181403000000008	Ohio	Columbus, OH	2016	M06	June	20.52
SMU39181403000000008	Ohio	Columbus, OH	2016	M05	May	20.73
SMU39181403000000008	Ohio	Columbus, OH	2016	M04	April	20.88
SMU39181403000000008	Ohio	Columbus, OH	2016	M03	March	21.43
SMU39181403000000008	Ohio	Columbus, OH	2016	M02	February	21.37
SMU39181403000000008	Ohio	Columbus, OH	2016	M01	January	21.50
SMU39181403000000008	Ohio	Columbus, OH	2015	M12	December	20.77
SMU39181403000000008	Ohio	Columbus, OH	2015	M11	November	20.30
SMU39181403000000008	Ohio	Columbus, OH	2015	M10	October	20.28
SMU39181403000000008	Ohio	Columbus, OH	2015	M09	September	20.04
SMU39181403000000008	Ohio	Columbus, OH	2015	M08	August	20.21
SMU39181403000000008	Ohio	Columbus, OH	2015	M07	July	19.98
SMU39181403000000008	Ohio	Columbus, OH	2015	M06	June	20.36
SMU39181403000000008	Ohio	Columbus, OH	2015	M05	May	20.19
SMU39181403000000008	Ohio	Columbus, OH	2015	M04	April	20.34
SMU39181403000000008	Ohio	Columbus, OH	2015	M03	March	20.44
SMU39181403000000008	Ohio	Columbus, OH	2015	M02	February	20.00
SMU39181403000000008	Ohio	Columbus, OH	2015	M01	January	20.58
SMU39181403000000008	Ohio	Columbus, OH	2014	M12	December	20.80
SMU39181403000000008	Ohio	Columbus, OH	2014	M11	November	20.68
SMU39181403000000008	Ohio	Columbus, OH	2014	M10	October	20.76
SMU39181403000000008	Ohio	Columbus, OH	2014	M09	September	20.84
SMU39181403000000008	Ohio	Columbus, OH	2014	M08	August	20.67
SMU39181403000000008	Ohio	Columbus, OH	2014	M07	July	20.67
SMU39181403000000008	Ohio	Columbus, OH	2014	M06	June	20.36
SMU39181403000000008	Ohio	Columbus, OH	2014	M05	May	20.31
SMU39181403000000008	Ohio	Columbus, OH	2014	M04	April	20.81
SMU39181403000000008	Ohio	Columbus, OH	2014	M03	March	20.76
SMU39181403000000008	Ohio	Columbus, OH	2014	M02	February	20.49
SMU39181403000000008	Ohio	Columbus, OH	2014	M01	January	20.76
SMU39181403000000008	Ohio	Columbus, OH	2013	M12	December	20.36
SMU39181403000000008	Ohio	Columbus, OH	2013	M11	November	19.65
SMU39181403000000008	Ohio	Columbus, OH	2013	M10	October	19.94
SMU39181403000000008	Ohio	Columbus, OH	2013	M09	September	19.61
SMU39181403000000008	Ohio	Columbus, OH	2013	M08	August	19.94
SMU39181403000000008	Ohio	Columbus, OH	2013	M07	July	19.54
SMU39181403000000008	Ohio	Columbus, OH	2013	M06	June	19.74
SMU39181403000000008	Ohio	Columbus, OH	2013	M05	May	20.33
SMU39181403000000008	Ohio	Columbus, OH	2013	M04	April	20.16
SMU39181403000000008	Ohio	Columbus, OH	2013	M03	March	20.10
SMU39181403000000008	Ohio	Columbus, OH	2013	M02	February	20.82
SMU39181403000000008	Ohio	Columbus, OH	2013	M01	January	20.81
SMU39181403000000008	Ohio	Columbus, OH	2012	M12	December	20.81
SMU39181403000000008	Ohio	Columbus, OH	2012	M11	November	21.60
SMU39181403000000008	Ohio	Columbus, OH	2012	M10	October	21.93
SMU39181403000000008	Ohio	Columbus, OH	2012	M09	September	20.70
SMU39181403000000008	Ohio	Columbus, OH	2012	M08	August	20.34
SMU39181403000000008	Ohio	Columbus, OH	2012	M07	July	19.91
SMU39181403000000008	Ohio	Columbus, OH	2012	M06	June	19.38
SMU39181403000000008	Ohio	Columbus, OH	2012	M05	May	19.75
SMU39181403000000008	Ohio	Columbus, OH	2012	M04	April	19.60
SMU39181403000000008	Ohio	Columbus, OH	2012	M03	March	19.84
SMU39181403000000008	Ohio	Columbus, OH	2012	M02	February	19.44
SMU39181403000000008	Ohio	Columbus, OH	2012	M01	January	18.84
SMU39181403000000008	Ohio	Columbus, OH	2011	M12	December	17.92
SMU39181403000000008	Ohio	Columbus, OH	2011	M11	November	18.13
SMU39181403000000008	Ohio	Columbus, OH	2011	M10	October	19.22
SMU39181403000000008	Ohio	Columbus, OH	2011	M09	September	21.15
SMU39181403000000008	Ohio	Columbus, OH	2011	M08	August	21.07
SMU39181403000000008	Ohio	Columbus, OH	2011	M07	July	20.47
SMU39181403000000008	Ohio	Columbus, OH	2011	M06	June	19.60
SMU39181403000000008	Ohio	Columbus, OH	2011	M05	May	19.16
SMU39181403000000008	Ohio	Columbus, OH	2011	M04	April	19.08
SMU39181403000000008	Ohio	Columbus, OH	2011	M03	March	19.45
SMU39181403000000008	Ohio	Columbus, OH	2011	M02	February	19.56
SMU39181403000000008	Ohio	Columbus, OH	2011	M01	January	19.35
SMU39181403000000008	Ohio	Columbus, OH	2010	M12	December	18.65
SMU39181403000000008	Ohio	Columbus, OH	2010	M11	November	18.55
SMU39181403000000008	Ohio	Columbus, OH	2010	M10	October	18.55
SMU39181403000000008	Ohio	Columbus, OH	2010	M09	September	19.09
SMU39181403000000008	Ohio	Columbus, OH	2010	M08	August	19.29
SMU39181403000000008	Ohio	Columbus, OH	2010	M07	July	19.27
SMU39181403000000008	Ohio	Columbus, OH	2010	M06	June	18.97
SMU39181403000000008	Ohio	Columbus, OH	2010	M05	May	18.90
SMU39181403000000008	Ohio	Columbus, OH	2010	M04	April	18.91
SMU39181403000000008	Ohio	Columbus, OH	2010	M03	March	19.02
SMU39181403000000008	Ohio	Columbus, OH	2010	M02	February	19.02
SMU39181403000000008	Ohio	Columbus, OH	2010	M01	January	18.91
SMU39181403000000008	Ohio	Columbus, OH	2009	M12	December	18.90
SMU39181403000000008	Ohio	Columbus, OH	2009	M11	November	18.82
SMU39181403000000008	Ohio	Columbus, OH	2009	M10	October	18.74
SMU39181403000000008	Ohio	Columbus, OH	2009	M09	September	19.23
SMU39181403000000008	Ohio	Columbus, OH	2009	M08	August	19.21
SMU39181403000000008	Ohio	Columbus, OH	2009	M07	July	19.30
SMU39181403000000008	Ohio	Columbus, OH	2009	M06	June	18.98
SMU39181403000000008	Ohio	Columbus, OH	2009	M05	May	18.87
SMU39181403000000008	Ohio	Columbus, OH	2009	M04	April	18.90
SMU39181403000000008	Ohio	Columbus, OH	2009	M03	March	18.99
SMU39181403000000008	Ohio	Columbus, OH	2009	M02	February	18.58
SMU39181403000000008	Ohio	Columbus, OH	2009	M01	January	18.20
SMU39181403000000008	Ohio	Columbus, OH	2008	M12	December	18.01
SMU39181403000000008	Ohio	Columbus, OH	2008	M11	November	17.81
SMU39181403000000008	Ohio	Columbus, OH	2008	M10	October	18.17
SMU39181403000000008	Ohio	Columbus, OH	2008	M09	September	18.76
SMU39181403000000008	Ohio	Columbus, OH	2008	M08	August	19.00
SMU39181403000000008	Ohio	Columbus, OH	2008	M07	July	19.03
SMU39181403000000008	Ohio	Columbus, OH	2008	M06	June	18.92
SMU39181403000000008	Ohio	Columbus, OH	2008	M05	May	18.55
SMU39181403000000008	Ohio	Columbus, OH	2008	M04	April	18.56
SMU39181403000000008	Ohio	Columbus, OH	2008	M03	March	18.65
SMU39181403000000008	Ohio	Columbus, OH	2008	M02	February	18.24
SMU39181403000000008	Ohio	Columbus, OH	2008	M01	January	17.86
SMU39181403000000008	Ohio	Columbus, OH	2007	M12	December	17.14
SMU39181403000000008	Ohio	Columbus, OH	2007	M11	November	17.53
SMU39181403000000008	Ohio	Columbus, OH	2007	M10	October	17.81
SMU39181403000000008	Ohio	Columbus, OH	2007	M09	September	18.40
SMU39181403000000008	Ohio	Columbus, OH	2007	M08	August	18.75
SMU39181403000000008	Ohio	Columbus, OH	2007	M07	July	18.69
SMU39181403000000008	Ohio	Columbus, OH	2007	M06	June	18.65
SMU39181403000000008	Ohio	Columbus, OH	2007	M05	May	18.37
SMU39181403000000008	Ohio	Columbus, OH	2007	M04	April	18.34
SMU39181403000000008	Ohio	Columbus, OH	2007	M03	March	18.48
SMU39181403000000008	Ohio	Columbus, OH	2007	M02	February	18.19
SMU39181403000000008	Ohio	Columbus, OH	2007	M01	January	18.02
SMU26198203000000008	Michigan	Detroit-Warren-Dearborn, MI	2025	M12	December	31.10
SMU26198203000000008	Michigan	Detroit-Warren-Dearborn, MI	2025	M11	November	31.31
SMU26198203000000008	Michigan	Detroit-Warren-Dearborn, MI	2025	M10	October	30.67
SMU26198203000000008	Michigan	Detroit-Warren-Dearborn, MI	2025	M09	September	31.06
SMU26198203000000008	Michigan	Detroit-Warren-Dearborn, MI	2025	M08	August	30.89
SMU26198203000000008	Michigan	Detroit-Warren-Dearborn, MI	2025	M07	July	30.73
SMU26198203000000008	Michigan	Detroit-Warren-Dearborn, MI	2025	M06	June	30.82
SMU26198203000000008	Michigan	Detroit-Warren-Dearborn, MI	2025	M05	May	30.83
SMU26198203000000008	Michigan	Detroit-Warren-Dearborn, MI	2025	M04	April	31.27
SMU26198203000000008	Michigan	Detroit-Warren-Dearborn, MI	2025	M03	March	31.16
SMU26198203000000008	Michigan	Detroit-Warren-Dearborn, MI	2025	M02	February	30.61
SMU26198203000000008	Michigan	Detroit-Warren-Dearborn, MI	2025	M01	January	30.42
SMU26198203000000008	Michigan	Detroit-Warren-Dearborn, MI	2024	M12	December	30.33
SMU26198203000000008	Michigan	Detroit-Warren-Dearborn, MI	2024	M11	November	30.89
SMU26198203000000008	Michigan	Detroit-Warren-Dearborn, MI	2024	M10	October	30.34
SMU26198203000000008	Michigan	Detroit-Warren-Dearborn, MI	2024	M09	September	30.48
SMU26198203000000008	Michigan	Detroit-Warren-Dearborn, MI	2024	M08	August	29.92
SMU26198203000000008	Michigan	Detroit-Warren-Dearborn, MI	2024	M07	July	29.47
SMU26198203000000008	Michigan	Detroit-Warren-Dearborn, MI	2024	M06	June	29.10
SMU26198203000000008	Michigan	Detroit-Warren-Dearborn, MI	2024	M05	May	28.67
SMU26198203000000008	Michigan	Detroit-Warren-Dearborn, MI	2024	M04	April	28.73
SMU26198203000000008	Michigan	Detroit-Warren-Dearborn, MI	2024	M03	March	28.56
SMU26198203000000008	Michigan	Detroit-Warren-Dearborn, MI	2024	M02	February	28.44
SMU26198203000000008	Michigan	Detroit-Warren-Dearborn, MI	2024	M01	January	27.99
SMU26198203000000008	Michigan	Detroit-Warren-Dearborn, MI	2023	M12	December	28.72
SMU26198203000000008	Michigan	Detroit-Warren-Dearborn, MI	2023	M11	November	28.34
SMU26198203000000008	Michigan	Detroit-Warren-Dearborn, MI	2023	M10	October	27.90
SMU26198203000000008	Michigan	Detroit-Warren-Dearborn, MI	2023	M09	September	27.21
SMU26198203000000008	Michigan	Detroit-Warren-Dearborn, MI	2023	M08	August	27.05
SMU26198203000000008	Michigan	Detroit-Warren-Dearborn, MI	2023	M07	July	27.68
SMU26198203000000008	Michigan	Detroit-Warren-Dearborn, MI	2023	M06	June	27.23
SMU26198203000000008	Michigan	Detroit-Warren-Dearborn, MI	2023	M05	May	26.78
SMU26198203000000008	Michigan	Detroit-Warren-Dearborn, MI	2023	M04	April	27.12
SMU26198203000000008	Michigan	Detroit-Warren-Dearborn, MI	2023	M03	March	27.22
SMU26198203000000008	Michigan	Detroit-Warren-Dearborn, MI	2023	M02	February	26.87
SMU26198203000000008	Michigan	Detroit-Warren-Dearborn, MI	2023	M01	January	27.03
SMU26198203000000008	Michigan	Detroit-Warren-Dearborn, MI	2022	M12	December	27.62
SMU26198203000000008	Michigan	Detroit-Warren-Dearborn, MI	2022	M11	November	28.25
SMU26198203000000008	Michigan	Detroit-Warren-Dearborn, MI	2022	M10	October	28.02
SMU26198203000000008	Michigan	Detroit-Warren-Dearborn, MI	2022	M09	September	27.36
SMU26198203000000008	Michigan	Detroit-Warren-Dearborn, MI	2022	M08	August	27.14
SMU26198203000000008	Michigan	Detroit-Warren-Dearborn, MI	2022	M07	July	27.18
SMU26198203000000008	Michigan	Detroit-Warren-Dearborn, MI	2022	M06	June	27.09
SMU26198203000000008	Michigan	Detroit-Warren-Dearborn, MI	2022	M05	May	26.70
SMU26198203000000008	Michigan	Detroit-Warren-Dearborn, MI	2022	M04	April	27.38
SMU26198203000000008	Michigan	Detroit-Warren-Dearborn, MI	2022	M03	March	26.75
SMU26198203000000008	Michigan	Detroit-Warren-Dearborn, MI	2022	M02	February	26.44
SMU26198203000000008	Michigan	Detroit-Warren-Dearborn, MI	2022	M01	January	27.56
SMU26198203000000008	Michigan	Detroit-Warren-Dearborn, MI	2021	M12	December	27.21
SMU26198203000000008	Michigan	Detroit-Warren-Dearborn, MI	2021	M11	November	27.03
SMU26198203000000008	Michigan	Detroit-Warren-Dearborn, MI	2021	M10	October	26.49
SMU26198203000000008	Michigan	Detroit-Warren-Dearborn, MI	2021	M09	September	26.30
SMU26198203000000008	Michigan	Detroit-Warren-Dearborn, MI	2021	M08	August	25.97
SMU26198203000000008	Michigan	Detroit-Warren-Dearborn, MI	2021	M07	July	26.25
SMU26198203000000008	Michigan	Detroit-Warren-Dearborn, MI	2021	M06	June	26.15
SMU26198203000000008	Michigan	Detroit-Warren-Dearborn, MI	2021	M05	May	25.77
SMU26198203000000008	Michigan	Detroit-Warren-Dearborn, MI	2021	M04	April	25.86
SMU26198203000000008	Michigan	Detroit-Warren-Dearborn, MI	2021	M03	March	25.81
SMU26198203000000008	Michigan	Detroit-Warren-Dearborn, MI	2021	M02	February	25.40
SMU26198203000000008	Michigan	Detroit-Warren-Dearborn, MI	2021	M01	January	25.48
SMU26198203000000008	Michigan	Detroit-Warren-Dearborn, MI	2020	M12	December	26.12
SMU26198203000000008	Michigan	Detroit-Warren-Dearborn, MI	2020	M11	November	25.96
SMU26198203000000008	Michigan	Detroit-Warren-Dearborn, MI	2020	M10	October	25.18
SMU26198203000000008	Michigan	Detroit-Warren-Dearborn, MI	2020	M09	September	25.82
SMU26198203000000008	Michigan	Detroit-Warren-Dearborn, MI	2020	M08	August	25.61
SMU26198203000000008	Michigan	Detroit-Warren-Dearborn, MI	2020	M07	July	25.43
SMU26198203000000008	Michigan	Detroit-Warren-Dearborn, MI	2020	M06	June	25.08
SMU26198203000000008	Michigan	Detroit-Warren-Dearborn, MI	2020	M05	May	25.57
SMU26198203000000008	Michigan	Detroit-Warren-Dearborn, MI	2020	M04	April	26.13
SMU26198203000000008	Michigan	Detroit-Warren-Dearborn, MI	2020	M03	March	24.92
SMU26198203000000008	Michigan	Detroit-Warren-Dearborn, MI	2020	M02	February	24.56
SMU26198203000000008	Michigan	Detroit-Warren-Dearborn, MI	2020	M01	January	23.94
SMU26198203000000008	Michigan	Detroit-Warren-Dearborn, MI	2019	M12	December	24.23
SMU26198203000000008	Michigan	Detroit-Warren-Dearborn, MI	2019	M11	November	24.07
SMU26198203000000008	Michigan	Detroit-Warren-Dearborn, MI	2019	M10	October	24.08
SMU26198203000000008	Michigan	Detroit-Warren-Dearborn, MI	2019	M09	September	24.10
SMU26198203000000008	Michigan	Detroit-Warren-Dearborn, MI	2019	M08	August	23.65
SMU26198203000000008	Michigan	Detroit-Warren-Dearborn, MI	2019	M07	July	23.90
SMU26198203000000008	Michigan	Detroit-Warren-Dearborn, MI	2019	M06	June	24.46
SMU26198203000000008	Michigan	Detroit-Warren-Dearborn, MI	2019	M05	May	23.93
SMU26198203000000008	Michigan	Detroit-Warren-Dearborn, MI	2019	M04	April	23.86
SMU26198203000000008	Michigan	Detroit-Warren-Dearborn, MI	2019	M03	March	23.20
SMU26198203000000008	Michigan	Detroit-Warren-Dearborn, MI	2019	M02	February	23.19
SMU26198203000000008	Michigan	Detroit-Warren-Dearborn, MI	2019	M01	January	23.69
SMU26198203000000008	Michigan	Detroit-Warren-Dearborn, MI	2018	M12	December	23.12
SMU26198203000000008	Michigan	Detroit-Warren-Dearborn, MI	2018	M11	November	22.75
SMU26198203000000008	Michigan	Detroit-Warren-Dearborn, MI	2018	M10	October	22.69
SMU26198203000000008	Michigan	Detroit-Warren-Dearborn, MI	2018	M09	September	22.81
SMU26198203000000008	Michigan	Detroit-Warren-Dearborn, MI	2018	M08	August	22.32
SMU26198203000000008	Michigan	Detroit-Warren-Dearborn, MI	2018	M07	July	22.28
SMU26198203000000008	Michigan	Detroit-Warren-Dearborn, MI	2018	M06	June	22.30
SMU26198203000000008	Michigan	Detroit-Warren-Dearborn, MI	2018	M05	May	22.28
SMU26198203000000008	Michigan	Detroit-Warren-Dearborn, MI	2018	M04	April	22.32
SMU26198203000000008	Michigan	Detroit-Warren-Dearborn, MI	2018	M03	March	22.12
SMU26198203000000008	Michigan	Detroit-Warren-Dearborn, MI	2018	M02	February	22.04
SMU26198203000000008	Michigan	Detroit-Warren-Dearborn, MI	2018	M01	January	22.00
SMU26198203000000008	Michigan	Detroit-Warren-Dearborn, MI	2017	M12	December	22.09
SMU26198203000000008	Michigan	Detroit-Warren-Dearborn, MI	2017	M11	November	22.32
SMU26198203000000008	Michigan	Detroit-Warren-Dearborn, MI	2017	M10	October	22.04
SMU26198203000000008	Michigan	Detroit-Warren-Dearborn, MI	2017	M09	September	22.36
SMU26198203000000008	Michigan	Detroit-Warren-Dearborn, MI	2017	M08	August	22.13
SMU26198203000000008	Michigan	Detroit-Warren-Dearborn, MI	2017	M07	July	21.47
SMU26198203000000008	Michigan	Detroit-Warren-Dearborn, MI	2017	M06	June	21.50
SMU26198203000000008	Michigan	Detroit-Warren-Dearborn, MI	2017	M05	May	21.65
SMU26198203000000008	Michigan	Detroit-Warren-Dearborn, MI	2017	M04	April	21.67
SMU26198203000000008	Michigan	Detroit-Warren-Dearborn, MI	2017	M03	March	21.97
SMU26198203000000008	Michigan	Detroit-Warren-Dearborn, MI	2017	M02	February	21.95
SMU26198203000000008	Michigan	Detroit-Warren-Dearborn, MI	2017	M01	January	21.90
SMU26198203000000008	Michigan	Detroit-Warren-Dearborn, MI	2016	M12	December	21.69
SMU26198203000000008	Michigan	Detroit-Warren-Dearborn, MI	2016	M11	November	21.48
SMU26198203000000008	Michigan	Detroit-Warren-Dearborn, MI	2016	M10	October	21.81
SMU26198203000000008	Michigan	Detroit-Warren-Dearborn, MI	2016	M09	September	21.75
SMU26198203000000008	Michigan	Detroit-Warren-Dearborn, MI	2016	M08	August	21.57
SMU26198203000000008	Michigan	Detroit-Warren-Dearborn, MI	2016	M07	July	21.84
SMU26198203000000008	Michigan	Detroit-Warren-Dearborn, MI	2016	M06	June	22.21
SMU26198203000000008	Michigan	Detroit-Warren-Dearborn, MI	2016	M05	May	22.07
SMU26198203000000008	Michigan	Detroit-Warren-Dearborn, MI	2016	M04	April	22.07
SMU26198203000000008	Michigan	Detroit-Warren-Dearborn, MI	2016	M03	March	22.24
SMU26198203000000008	Michigan	Detroit-Warren-Dearborn, MI	2016	M02	February	22.30
SMU26198203000000008	Michigan	Detroit-Warren-Dearborn, MI	2016	M01	January	22.88
SMU26198203000000008	Michigan	Detroit-Warren-Dearborn, MI	2015	M12	December	23.52
SMU26198203000000008	Michigan	Detroit-Warren-Dearborn, MI	2015	M11	November	23.65
SMU26198203000000008	Michigan	Detroit-Warren-Dearborn, MI	2015	M10	October	23.24
SMU26198203000000008	Michigan	Detroit-Warren-Dearborn, MI	2015	M09	September	24.13
SMU26198203000000008	Michigan	Detroit-Warren-Dearborn, MI	2015	M08	August	23.21
SMU26198203000000008	Michigan	Detroit-Warren-Dearborn, MI	2015	M07	July	23.13
SMU26198203000000008	Michigan	Detroit-Warren-Dearborn, MI	2015	M06	June	23.23
SMU26198203000000008	Michigan	Detroit-Warren-Dearborn, MI	2015	M05	May	22.98
SMU26198203000000008	Michigan	Detroit-Warren-Dearborn, MI	2015	M04	April	22.99
SMU26198203000000008	Michigan	Detroit-Warren-Dearborn, MI	2015	M03	March	23.19
SMU26198203000000008	Michigan	Detroit-Warren-Dearborn, MI	2015	M02	February	23.45
SMU26198203000000008	Michigan	Detroit-Warren-Dearborn, MI	2015	M01	January	23.57
SMU26198203000000008	Michigan	Detroit-Warren-Dearborn, MI	2014	M12	December	23.43
SMU26198203000000008	Michigan	Detroit-Warren-Dearborn, MI	2014	M11	November	23.82
SMU26198203000000008	Michigan	Detroit-Warren-Dearborn, MI	2014	M10	October	23.59
SMU26198203000000008	Michigan	Detroit-Warren-Dearborn, MI	2014	M09	September	23.14
SMU26198203000000008	Michigan	Detroit-Warren-Dearborn, MI	2014	M08	August	23.35
SMU26198203000000008	Michigan	Detroit-Warren-Dearborn, MI	2014	M07	July	23.06
SMU26198203000000008	Michigan	Detroit-Warren-Dearborn, MI	2014	M06	June	23.07
SMU26198203000000008	Michigan	Detroit-Warren-Dearborn, MI	2014	M05	May	22.87
SMU26198203000000008	Michigan	Detroit-Warren-Dearborn, MI	2014	M04	April	22.60
SMU26198203000000008	Michigan	Detroit-Warren-Dearborn, MI	2014	M03	March	22.86
SMU26198203000000008	Michigan	Detroit-Warren-Dearborn, MI	2014	M02	February	23.16
SMU26198203000000008	Michigan	Detroit-Warren-Dearborn, MI	2014	M01	January	23.31
SMU26198203000000008	Michigan	Detroit-Warren-Dearborn, MI	2013	M12	December	23.08
SMU26198203000000008	Michigan	Detroit-Warren-Dearborn, MI	2013	M11	November	23.69
SMU26198203000000008	Michigan	Detroit-Warren-Dearborn, MI	2013	M10	October	23.26
SMU26198203000000008	Michigan	Detroit-Warren-Dearborn, MI	2013	M09	September	23.63
SMU26198203000000008	Michigan	Detroit-Warren-Dearborn, MI	2013	M08	August	23.57
SMU26198203000000008	Michigan	Detroit-Warren-Dearborn, MI	2013	M07	July	23.29
SMU26198203000000008	Michigan	Detroit-Warren-Dearborn, MI	2013	M06	June	23.26
SMU26198203000000008	Michigan	Detroit-Warren-Dearborn, MI	2013	M05	May	23.23
SMU26198203000000008	Michigan	Detroit-Warren-Dearborn, MI	2013	M04	April	23.63
SMU26198203000000008	Michigan	Detroit-Warren-Dearborn, MI	2013	M03	March	23.52
SMU26198203000000008	Michigan	Detroit-Warren-Dearborn, MI	2013	M02	February	23.57
SMU26198203000000008	Michigan	Detroit-Warren-Dearborn, MI	2013	M01	January	23.70
SMU26198203000000008	Michigan	Detroit-Warren-Dearborn, MI	2012	M12	December	23.86
SMU26198203000000008	Michigan	Detroit-Warren-Dearborn, MI	2012	M11	November	24.15
SMU26198203000000008	Michigan	Detroit-Warren-Dearborn, MI	2012	M10	October	23.58
SMU26198203000000008	Michigan	Detroit-Warren-Dearborn, MI	2012	M09	September	23.75
SMU26198203000000008	Michigan	Detroit-Warren-Dearborn, MI	2012	M08	August	23.60
SMU26198203000000008	Michigan	Detroit-Warren-Dearborn, MI	2012	M07	July	23.92
SMU26198203000000008	Michigan	Detroit-Warren-Dearborn, MI	2012	M06	June	24.32
SMU26198203000000008	Michigan	Detroit-Warren-Dearborn, MI	2012	M05	May	23.34
SMU26198203000000008	Michigan	Detroit-Warren-Dearborn, MI	2012	M04	April	23.70
SMU26198203000000008	Michigan	Detroit-Warren-Dearborn, MI	2012	M03	March	23.46
SMU26198203000000008	Michigan	Detroit-Warren-Dearborn, MI	2012	M02	February	23.76
SMU26198203000000008	Michigan	Detroit-Warren-Dearborn, MI	2012	M01	January	23.60
SMU26198203000000008	Michigan	Detroit-Warren-Dearborn, MI	2011	M12	December	23.84
SMU26198203000000008	Michigan	Detroit-Warren-Dearborn, MI	2011	M11	November	23.93
SMU26198203000000008	Michigan	Detroit-Warren-Dearborn, MI	2011	M10	October	23.84
SMU26198203000000008	Michigan	Detroit-Warren-Dearborn, MI	2011	M09	September	24.09
SMU26198203000000008	Michigan	Detroit-Warren-Dearborn, MI	2011	M08	August	23.78
SMU26198203000000008	Michigan	Detroit-Warren-Dearborn, MI	2011	M07	July	24.06
SMU26198203000000008	Michigan	Detroit-Warren-Dearborn, MI	2011	M06	June	24.18
SMU26198203000000008	Michigan	Detroit-Warren-Dearborn, MI	2011	M05	May	24.50
SMU26198203000000008	Michigan	Detroit-Warren-Dearborn, MI	2011	M04	April	24.13
SMU26198203000000008	Michigan	Detroit-Warren-Dearborn, MI	2011	M03	March	24.75
SMU26198203000000008	Michigan	Detroit-Warren-Dearborn, MI	2011	M02	February	25.05
SMU26198203000000008	Michigan	Detroit-Warren-Dearborn, MI	2011	M01	January	25.01
SMU26198203000000008	Michigan	Detroit-Warren-Dearborn, MI	2010	M12	December	25.35
SMU26198203000000008	Michigan	Detroit-Warren-Dearborn, MI	2010	M11	November	25.27
SMU26198203000000008	Michigan	Detroit-Warren-Dearborn, MI	2010	M10	October	25.11
SMU26198203000000008	Michigan	Detroit-Warren-Dearborn, MI	2010	M09	September	25.60
SMU26198203000000008	Michigan	Detroit-Warren-Dearborn, MI	2010	M08	August	24.91
SMU26198203000000008	Michigan	Detroit-Warren-Dearborn, MI	2010	M07	July	24.78
SMU26198203000000008	Michigan	Detroit-Warren-Dearborn, MI	2010	M06	June	24.98
SMU26198203000000008	Michigan	Detroit-Warren-Dearborn, MI	2010	M05	May	24.89
SMU26198203000000008	Michigan	Detroit-Warren-Dearborn, MI	2010	M04	April	24.72
SMU26198203000000008	Michigan	Detroit-Warren-Dearborn, MI	2010	M03	March	24.59
SMU26198203000000008	Michigan	Detroit-Warren-Dearborn, MI	2010	M02	February	24.42
SMU26198203000000008	Michigan	Detroit-Warren-Dearborn, MI	2010	M01	January	24.36
SMU26198203000000008	Michigan	Detroit-Warren-Dearborn, MI	2009	M12	December	25.36
SMU26198203000000008	Michigan	Detroit-Warren-Dearborn, MI	2009	M11	November	25.55
SMU26198203000000008	Michigan	Detroit-Warren-Dearborn, MI	2009	M10	October	25.29
SMU26198203000000008	Michigan	Detroit-Warren-Dearborn, MI	2009	M09	September	25.15
SMU26198203000000008	Michigan	Detroit-Warren-Dearborn, MI	2009	M08	August	25.00
SMU26198203000000008	Michigan	Detroit-Warren-Dearborn, MI	2009	M07	July	24.75
SMU26198203000000008	Michigan	Detroit-Warren-Dearborn, MI	2009	M06	June	24.88
SMU26198203000000008	Michigan	Detroit-Warren-Dearborn, MI	2009	M05	May	24.91
SMU26198203000000008	Michigan	Detroit-Warren-Dearborn, MI	2009	M04	April	25.44
SMU26198203000000008	Michigan	Detroit-Warren-Dearborn, MI	2009	M03	March	25.44
SMU26198203000000008	Michigan	Detroit-Warren-Dearborn, MI	2009	M02	February	25.28
SMU26198203000000008	Michigan	Detroit-Warren-Dearborn, MI	2009	M01	January	25.15
SMU26198203000000008	Michigan	Detroit-Warren-Dearborn, MI	2008	M12	December	25.73
SMU26198203000000008	Michigan	Detroit-Warren-Dearborn, MI	2008	M11	November	25.41
SMU26198203000000008	Michigan	Detroit-Warren-Dearborn, MI	2008	M10	October	25.19
SMU26198203000000008	Michigan	Detroit-Warren-Dearborn, MI	2008	M09	September	25.31
SMU26198203000000008	Michigan	Detroit-Warren-Dearborn, MI	2008	M08	August	25.08
SMU26198203000000008	Michigan	Detroit-Warren-Dearborn, MI	2008	M07	July	24.31
SMU26198203000000008	Michigan	Detroit-Warren-Dearborn, MI	2008	M06	June	25.13
SMU26198203000000008	Michigan	Detroit-Warren-Dearborn, MI	2008	M05	May	24.70
SMU26198203000000008	Michigan	Detroit-Warren-Dearborn, MI	2008	M04	April	24.88
SMU26198203000000008	Michigan	Detroit-Warren-Dearborn, MI	2008	M03	March	24.94
SMU26198203000000008	Michigan	Detroit-Warren-Dearborn, MI	2008	M02	February	24.86
SMU26198203000000008	Michigan	Detroit-Warren-Dearborn, MI	2008	M01	January	24.88
SMU26198203000000008	Michigan	Detroit-Warren-Dearborn, MI	2007	M12	December	25.17
SMU26198203000000008	Michigan	Detroit-Warren-Dearborn, MI	2007	M11	November	24.59
SMU26198203000000008	Michigan	Detroit-Warren-Dearborn, MI	2007	M10	October	24.73
SMU26198203000000008	Michigan	Detroit-Warren-Dearborn, MI	2007	M09	September	24.84
SMU26198203000000008	Michigan	Detroit-Warren-Dearborn, MI	2007	M08	August	24.91
SMU26198203000000008	Michigan	Detroit-Warren-Dearborn, MI	2007	M07	July	24.04
SMU26198203000000008	Michigan	Detroit-Warren-Dearborn, MI	2007	M06	June	24.75
SMU26198203000000008	Michigan	Detroit-Warren-Dearborn, MI	2007	M05	May	24.51
SMU26198203000000008	Michigan	Detroit-Warren-Dearborn, MI	2007	M04	April	25.12
SMU26198203000000008	Michigan	Detroit-Warren-Dearborn, MI	2007	M03	March	24.61
SMU26198203000000008	Michigan	Detroit-Warren-Dearborn, MI	2007	M02	February	24.50
SMU26198203000000008	Michigan	Detroit-Warren-Dearborn, MI	2007	M01	January	24.79
SMU08197403000000008	Colorado	Denver-Aurora-Centennial, CO	2025	M12	December	36.20
SMU08197403000000008	Colorado	Denver-Aurora-Centennial, CO	2025	M11	November	36.51
SMU08197403000000008	Colorado	Denver-Aurora-Centennial, CO	2025	M10	October	36.02
SMU08197403000000008	Colorado	Denver-Aurora-Centennial, CO	2025	M09	September	35.48
SMU08197403000000008	Colorado	Denver-Aurora-Centennial, CO	2025	M08	August	35.57
SMU08197403000000008	Colorado	Denver-Aurora-Centennial, CO	2025	M07	July	35.43
SMU08197403000000008	Colorado	Denver-Aurora-Centennial, CO	2025	M06	June	36.16
SMU08197403000000008	Colorado	Denver-Aurora-Centennial, CO	2025	M05	May	36.19
SMU08197403000000008	Colorado	Denver-Aurora-Centennial, CO	2025	M04	April	37.16
SMU08197403000000008	Colorado	Denver-Aurora-Centennial, CO	2025	M03	March	37.02
SMU08197403000000008	Colorado	Denver-Aurora-Centennial, CO	2025	M02	February	36.83
SMU08197403000000008	Colorado	Denver-Aurora-Centennial, CO	2025	M01	January	35.46
SMU08197403000000008	Colorado	Denver-Aurora-Centennial, CO	2024	M12	December	34.73
SMU08197403000000008	Colorado	Denver-Aurora-Centennial, CO	2024	M11	November	34.15
SMU08197403000000008	Colorado	Denver-Aurora-Centennial, CO	2024	M10	October	32.75
SMU08197403000000008	Colorado	Denver-Aurora-Centennial, CO	2024	M09	September	33.99
SMU08197403000000008	Colorado	Denver-Aurora-Centennial, CO	2024	M08	August	33.48
SMU08197403000000008	Colorado	Denver-Aurora-Centennial, CO	2024	M07	July	33.53
SMU08197403000000008	Colorado	Denver-Aurora-Centennial, CO	2024	M06	June	33.83
SMU08197403000000008	Colorado	Denver-Aurora-Centennial, CO	2024	M05	May	33.94
SMU08197403000000008	Colorado	Denver-Aurora-Centennial, CO	2024	M04	April	34.70
SMU08197403000000008	Colorado	Denver-Aurora-Centennial, CO	2024	M03	March	35.11
SMU08197403000000008	Colorado	Denver-Aurora-Centennial, CO	2024	M02	February	35.16
SMU08197403000000008	Colorado	Denver-Aurora-Centennial, CO	2024	M01	January	35.61
SMU08197403000000008	Colorado	Denver-Aurora-Centennial, CO	2023	M12	December	34.78
SMU08197403000000008	Colorado	Denver-Aurora-Centennial, CO	2023	M11	November	35.26
SMU08197403000000008	Colorado	Denver-Aurora-Centennial, CO	2023	M10	October	36.93
SMU08197403000000008	Colorado	Denver-Aurora-Centennial, CO	2023	M09	September	34.59
SMU08197403000000008	Colorado	Denver-Aurora-Centennial, CO	2023	M08	August	34.68
SMU08197403000000008	Colorado	Denver-Aurora-Centennial, CO	2023	M07	July	36.70
SMU08197403000000008	Colorado	Denver-Aurora-Centennial, CO	2023	M06	June	35.98
SMU08197403000000008	Colorado	Denver-Aurora-Centennial, CO	2023	M05	May	35.83
SMU08197403000000008	Colorado	Denver-Aurora-Centennial, CO	2023	M04	April	36.99
SMU08197403000000008	Colorado	Denver-Aurora-Centennial, CO	2023	M03	March	36.90
SMU08197403000000008	Colorado	Denver-Aurora-Centennial, CO	2023	M02	February	36.26
SMU08197403000000008	Colorado	Denver-Aurora-Centennial, CO	2023	M01	January	35.54
SMU08197403000000008	Colorado	Denver-Aurora-Centennial, CO	2022	M12	December	33.23
SMU08197403000000008	Colorado	Denver-Aurora-Centennial, CO	2022	M11	November	32.82
SMU08197403000000008	Colorado	Denver-Aurora-Centennial, CO	2022	M10	October	33.57
SMU08197403000000008	Colorado	Denver-Aurora-Centennial, CO	2022	M09	September	32.98
SMU08197403000000008	Colorado	Denver-Aurora-Centennial, CO	2022	M08	August	30.61
SMU08197403000000008	Colorado	Denver-Aurora-Centennial, CO	2022	M07	July	31.44
SMU08197403000000008	Colorado	Denver-Aurora-Centennial, CO	2022	M06	June	30.16
SMU08197403000000008	Colorado	Denver-Aurora-Centennial, CO	2022	M05	May	30.96
SMU08197403000000008	Colorado	Denver-Aurora-Centennial, CO	2022	M04	April	31.30
SMU08197403000000008	Colorado	Denver-Aurora-Centennial, CO	2022	M03	March	32.01
SMU08197403000000008	Colorado	Denver-Aurora-Centennial, CO	2022	M02	February	28.17
SMU08197403000000008	Colorado	Denver-Aurora-Centennial, CO	2022	M01	January	27.58
SMU08197403000000008	Colorado	Denver-Aurora-Centennial, CO	2021	M12	December	27.82
SMU08197403000000008	Colorado	Denver-Aurora-Centennial, CO	2021	M11	November	27.44
SMU08197403000000008	Colorado	Denver-Aurora-Centennial, CO	2021	M10	October	27.88
SMU08197403000000008	Colorado	Denver-Aurora-Centennial, CO	2021	M09	September	28.09
SMU08197403000000008	Colorado	Denver-Aurora-Centennial, CO	2021	M08	August	28.06
SMU08197403000000008	Colorado	Denver-Aurora-Centennial, CO	2021	M07	July	28.10
SMU08197403000000008	Colorado	Denver-Aurora-Centennial, CO	2021	M06	June	28.28
SMU08197403000000008	Colorado	Denver-Aurora-Centennial, CO	2021	M05	May	28.68
SMU08197403000000008	Colorado	Denver-Aurora-Centennial, CO	2021	M04	April	28.79
SMU08197403000000008	Colorado	Denver-Aurora-Centennial, CO	2021	M03	March	29.03
SMU08197403000000008	Colorado	Denver-Aurora-Centennial, CO	2021	M02	February	28.95
SMU08197403000000008	Colorado	Denver-Aurora-Centennial, CO	2021	M01	January	29.65
SMU08197403000000008	Colorado	Denver-Aurora-Centennial, CO	2020	M12	December	29.48
SMU08197403000000008	Colorado	Denver-Aurora-Centennial, CO	2020	M11	November	29.68
SMU08197403000000008	Colorado	Denver-Aurora-Centennial, CO	2020	M10	October	30.21
SMU08197403000000008	Colorado	Denver-Aurora-Centennial, CO	2020	M09	September	30.56
SMU08197403000000008	Colorado	Denver-Aurora-Centennial, CO	2020	M08	August	31.56
SMU08197403000000008	Colorado	Denver-Aurora-Centennial, CO	2020	M07	July	32.37
SMU08197403000000008	Colorado	Denver-Aurora-Centennial, CO	2020	M06	June	31.87
SMU08197403000000008	Colorado	Denver-Aurora-Centennial, CO	2020	M05	May	32.71
SMU08197403000000008	Colorado	Denver-Aurora-Centennial, CO	2020	M04	April	34.25
SMU08197403000000008	Colorado	Denver-Aurora-Centennial, CO	2020	M03	March	34.10
SMU08197403000000008	Colorado	Denver-Aurora-Centennial, CO	2020	M02	February	34.52
SMU08197403000000008	Colorado	Denver-Aurora-Centennial, CO	2020	M01	January	34.51
SMU08197403000000008	Colorado	Denver-Aurora-Centennial, CO	2019	M12	December	35.22
SMU08197403000000008	Colorado	Denver-Aurora-Centennial, CO	2019	M11	November	35.81
SMU08197403000000008	Colorado	Denver-Aurora-Centennial, CO	2019	M10	October	36.08
SMU08197403000000008	Colorado	Denver-Aurora-Centennial, CO	2019	M09	September	36.32
SMU08197403000000008	Colorado	Denver-Aurora-Centennial, CO	2019	M08	August	35.61
SMU08197403000000008	Colorado	Denver-Aurora-Centennial, CO	2019	M07	July	34.97
SMU08197403000000008	Colorado	Denver-Aurora-Centennial, CO	2019	M06	June	35.04
SMU08197403000000008	Colorado	Denver-Aurora-Centennial, CO	2019	M05	May	35.69
SMU08197403000000008	Colorado	Denver-Aurora-Centennial, CO	2019	M04	April	36.40
SMU08197403000000008	Colorado	Denver-Aurora-Centennial, CO	2019	M03	March	36.45
SMU08197403000000008	Colorado	Denver-Aurora-Centennial, CO	2019	M02	February	35.40
SMU08197403000000008	Colorado	Denver-Aurora-Centennial, CO	2019	M01	January	35.09
SMU08197403000000008	Colorado	Denver-Aurora-Centennial, CO	2018	M12	December	34.79
SMU08197403000000008	Colorado	Denver-Aurora-Centennial, CO	2018	M11	November	34.23
SMU08197403000000008	Colorado	Denver-Aurora-Centennial, CO	2018	M10	October	33.40
SMU08197403000000008	Colorado	Denver-Aurora-Centennial, CO	2018	M09	September	32.97
SMU08197403000000008	Colorado	Denver-Aurora-Centennial, CO	2018	M08	August	33.07
SMU08197403000000008	Colorado	Denver-Aurora-Centennial, CO	2018	M07	July	32.50
SMU08197403000000008	Colorado	Denver-Aurora-Centennial, CO	2018	M06	June	32.92
SMU08197403000000008	Colorado	Denver-Aurora-Centennial, CO	2018	M05	May	32.85
SMU08197403000000008	Colorado	Denver-Aurora-Centennial, CO	2018	M04	April	33.22
SMU08197403000000008	Colorado	Denver-Aurora-Centennial, CO	2018	M03	March	32.78
SMU08197403000000008	Colorado	Denver-Aurora-Centennial, CO	2018	M02	February	31.96
SMU08197403000000008	Colorado	Denver-Aurora-Centennial, CO	2018	M01	January	31.95
SMU08197403000000008	Colorado	Denver-Aurora-Centennial, CO	2017	M12	December	32.04
SMU08197403000000008	Colorado	Denver-Aurora-Centennial, CO	2017	M11	November	32.11
SMU08197403000000008	Colorado	Denver-Aurora-Centennial, CO	2017	M10	October	31.83
SMU08197403000000008	Colorado	Denver-Aurora-Centennial, CO	2017	M09	September	31.13
SMU08197403000000008	Colorado	Denver-Aurora-Centennial, CO	2017	M08	August	31.00
SMU08197403000000008	Colorado	Denver-Aurora-Centennial, CO	2017	M07	July	30.47
SMU08197403000000008	Colorado	Denver-Aurora-Centennial, CO	2017	M06	June	31.05
SMU08197403000000008	Colorado	Denver-Aurora-Centennial, CO	2017	M05	May	31.28
SMU08197403000000008	Colorado	Denver-Aurora-Centennial, CO	2017	M04	April	31.02
SMU08197403000000008	Colorado	Denver-Aurora-Centennial, CO	2017	M03	March	31.40
SMU08197403000000008	Colorado	Denver-Aurora-Centennial, CO	2017	M02	February	31.91
SMU08197403000000008	Colorado	Denver-Aurora-Centennial, CO	2017	M01	January	32.51
SMU08197403000000008	Colorado	Denver-Aurora-Centennial, CO	2016	M12	December	33.35
SMU08197403000000008	Colorado	Denver-Aurora-Centennial, CO	2016	M11	November	34.13
SMU08197403000000008	Colorado	Denver-Aurora-Centennial, CO	2016	M10	October	33.39
SMU08197403000000008	Colorado	Denver-Aurora-Centennial, CO	2016	M09	September	33.31
SMU08197403000000008	Colorado	Denver-Aurora-Centennial, CO	2016	M08	August	33.57
SMU08197403000000008	Colorado	Denver-Aurora-Centennial, CO	2016	M07	July	33.48
SMU08197403000000008	Colorado	Denver-Aurora-Centennial, CO	2016	M06	June	33.47
SMU08197403000000008	Colorado	Denver-Aurora-Centennial, CO	2016	M05	May	33.17
SMU08197403000000008	Colorado	Denver-Aurora-Centennial, CO	2016	M04	April	34.37
SMU08197403000000008	Colorado	Denver-Aurora-Centennial, CO	2016	M03	March	33.56
SMU08197403000000008	Colorado	Denver-Aurora-Centennial, CO	2016	M02	February	32.71
SMU08197403000000008	Colorado	Denver-Aurora-Centennial, CO	2016	M01	January	32.57
SMU08197403000000008	Colorado	Denver-Aurora-Centennial, CO	2015	M12	December	32.27
SMU08197403000000008	Colorado	Denver-Aurora-Centennial, CO	2015	M11	November	32.02
SMU08197403000000008	Colorado	Denver-Aurora-Centennial, CO	2015	M10	October	32.02
SMU08197403000000008	Colorado	Denver-Aurora-Centennial, CO	2015	M09	September	31.98
SMU08197403000000008	Colorado	Denver-Aurora-Centennial, CO	2015	M08	August	31.78
SMU08197403000000008	Colorado	Denver-Aurora-Centennial, CO	2015	M07	July	31.80
SMU08197403000000008	Colorado	Denver-Aurora-Centennial, CO	2015	M06	June	30.84
SMU08197403000000008	Colorado	Denver-Aurora-Centennial, CO	2015	M05	May	30.85
SMU08197403000000008	Colorado	Denver-Aurora-Centennial, CO	2015	M04	April	31.27
SMU08197403000000008	Colorado	Denver-Aurora-Centennial, CO	2015	M03	March	31.09
SMU08197403000000008	Colorado	Denver-Aurora-Centennial, CO	2015	M02	February	29.41
SMU08197403000000008	Colorado	Denver-Aurora-Centennial, CO	2015	M01	January	29.80
SMU08197403000000008	Colorado	Denver-Aurora-Centennial, CO	2014	M12	December	29.57
SMU08197403000000008	Colorado	Denver-Aurora-Centennial, CO	2014	M11	November	28.81
SMU08197403000000008	Colorado	Denver-Aurora-Centennial, CO	2014	M10	October	28.71
SMU08197403000000008	Colorado	Denver-Aurora-Centennial, CO	2014	M09	September	28.33
SMU08197403000000008	Colorado	Denver-Aurora-Centennial, CO	2014	M08	August	27.95
SMU08197403000000008	Colorado	Denver-Aurora-Centennial, CO	2014	M07	July	28.34
SMU08197403000000008	Colorado	Denver-Aurora-Centennial, CO	2014	M06	June	27.85
SMU08197403000000008	Colorado	Denver-Aurora-Centennial, CO	2014	M05	May	27.66
SMU08197403000000008	Colorado	Denver-Aurora-Centennial, CO	2014	M04	April	27.77
SMU08197403000000008	Colorado	Denver-Aurora-Centennial, CO	2014	M03	March	28.64
SMU08197403000000008	Colorado	Denver-Aurora-Centennial, CO	2014	M02	February	28.33
SMU08197403000000008	Colorado	Denver-Aurora-Centennial, CO	2014	M01	January	28.37
SMU08197403000000008	Colorado	Denver-Aurora-Centennial, CO	2013	M12	December	28.03
SMU08197403000000008	Colorado	Denver-Aurora-Centennial, CO	2013	M11	November	28.25
SMU08197403000000008	Colorado	Denver-Aurora-Centennial, CO	2013	M10	October	27.77
SMU08197403000000008	Colorado	Denver-Aurora-Centennial, CO	2013	M09	September	27.93
SMU08197403000000008	Colorado	Denver-Aurora-Centennial, CO	2013	M08	August	27.33
SMU08197403000000008	Colorado	Denver-Aurora-Centennial, CO	2013	M07	July	27.44
SMU08197403000000008	Colorado	Denver-Aurora-Centennial, CO	2013	M06	June	27.06
SMU08197403000000008	Colorado	Denver-Aurora-Centennial, CO	2013	M05	May	27.30
SMU08197403000000008	Colorado	Denver-Aurora-Centennial, CO	2013	M04	April	27.70
SMU08197403000000008	Colorado	Denver-Aurora-Centennial, CO	2013	M03	March	28.21
SMU08197403000000008	Colorado	Denver-Aurora-Centennial, CO	2013	M02	February	27.22
SMU08197403000000008	Colorado	Denver-Aurora-Centennial, CO	2013	M01	January	27.23
SMU08197403000000008	Colorado	Denver-Aurora-Centennial, CO	2012	M12	December	27.99
SMU08197403000000008	Colorado	Denver-Aurora-Centennial, CO	2012	M11	November	27.64
SMU08197403000000008	Colorado	Denver-Aurora-Centennial, CO	2012	M10	October	27.57
SMU08197403000000008	Colorado	Denver-Aurora-Centennial, CO	2012	M09	September	27.86
SMU08197403000000008	Colorado	Denver-Aurora-Centennial, CO	2012	M08	August	27.71
SMU08197403000000008	Colorado	Denver-Aurora-Centennial, CO	2012	M07	July	27.38
SMU08197403000000008	Colorado	Denver-Aurora-Centennial, CO	2012	M06	June	27.57
SMU08197403000000008	Colorado	Denver-Aurora-Centennial, CO	2012	M05	May	27.50
SMU08197403000000008	Colorado	Denver-Aurora-Centennial, CO	2012	M04	April	27.76
SMU08197403000000008	Colorado	Denver-Aurora-Centennial, CO	2012	M03	March	27.63
SMU08197403000000008	Colorado	Denver-Aurora-Centennial, CO	2012	M02	February	27.94
SMU08197403000000008	Colorado	Denver-Aurora-Centennial, CO	2012	M01	January	28.15
SMU08197403000000008	Colorado	Denver-Aurora-Centennial, CO	2011	M12	December	27.59
SMU08197403000000008	Colorado	Denver-Aurora-Centennial, CO	2011	M11	November	27.67
SMU08197403000000008	Colorado	Denver-Aurora-Centennial, CO	2011	M10	October	29.26
SMU08197403000000008	Colorado	Denver-Aurora-Centennial, CO	2011	M09	September	28.45
SMU08197403000000008	Colorado	Denver-Aurora-Centennial, CO	2011	M08	August	27.02
SMU08197403000000008	Colorado	Denver-Aurora-Centennial, CO	2011	M07	July	26.59
SMU08197403000000008	Colorado	Denver-Aurora-Centennial, CO	2011	M06	June	25.97
SMU08197403000000008	Colorado	Denver-Aurora-Centennial, CO	2011	M05	May	26.39
SMU08197403000000008	Colorado	Denver-Aurora-Centennial, CO	2011	M04	April	25.89
SMU08197403000000008	Colorado	Denver-Aurora-Centennial, CO	2011	M03	March	25.56
SMU08197403000000008	Colorado	Denver-Aurora-Centennial, CO	2011	M02	February	25.92
SMU08197403000000008	Colorado	Denver-Aurora-Centennial, CO	2011	M01	January	26.04
SMU08197403000000008	Colorado	Denver-Aurora-Centennial, CO	2010	M12	December	26.04
SMU08197403000000008	Colorado	Denver-Aurora-Centennial, CO	2010	M11	November	25.79
SMU08197403000000008	Colorado	Denver-Aurora-Centennial, CO	2010	M10	October	25.60
SMU08197403000000008	Colorado	Denver-Aurora-Centennial, CO	2010	M09	September	25.60
SMU08197403000000008	Colorado	Denver-Aurora-Centennial, CO	2010	M08	August	25.60
SMU08197403000000008	Colorado	Denver-Aurora-Centennial, CO	2010	M07	July	25.56
SMU08197403000000008	Colorado	Denver-Aurora-Centennial, CO	2010	M06	June	25.22
SMU08197403000000008	Colorado	Denver-Aurora-Centennial, CO	2010	M05	May	24.88
SMU08197403000000008	Colorado	Denver-Aurora-Centennial, CO	2010	M04	April	24.99
SMU08197403000000008	Colorado	Denver-Aurora-Centennial, CO	2010	M03	March	24.92
SMU08197403000000008	Colorado	Denver-Aurora-Centennial, CO	2010	M02	February	24.94
SMU08197403000000008	Colorado	Denver-Aurora-Centennial, CO	2010	M01	January	25.42
SMU08197403000000008	Colorado	Denver-Aurora-Centennial, CO	2009	M12	December	25.30
SMU08197403000000008	Colorado	Denver-Aurora-Centennial, CO	2009	M11	November	25.44
SMU08197403000000008	Colorado	Denver-Aurora-Centennial, CO	2009	M10	October	24.69
SMU08197403000000008	Colorado	Denver-Aurora-Centennial, CO	2009	M09	September	24.94
SMU08197403000000008	Colorado	Denver-Aurora-Centennial, CO	2009	M08	August	24.50
SMU08197403000000008	Colorado	Denver-Aurora-Centennial, CO	2009	M07	July	24.49
SMU08197403000000008	Colorado	Denver-Aurora-Centennial, CO	2009	M06	June	24.07
SMU08197403000000008	Colorado	Denver-Aurora-Centennial, CO	2009	M05	May	23.88
SMU08197403000000008	Colorado	Denver-Aurora-Centennial, CO	2009	M04	April	23.84
SMU08197403000000008	Colorado	Denver-Aurora-Centennial, CO	2009	M03	March	23.76
SMU08197403000000008	Colorado	Denver-Aurora-Centennial, CO	2009	M02	February	23.71
SMU08197403000000008	Colorado	Denver-Aurora-Centennial, CO	2009	M01	January	23.58
SMU08197403000000008	Colorado	Denver-Aurora-Centennial, CO	2008	M12	December	23.83
SMU08197403000000008	Colorado	Denver-Aurora-Centennial, CO	2008	M11	November	23.65
SMU08197403000000008	Colorado	Denver-Aurora-Centennial, CO	2008	M10	October	22.99
SMU08197403000000008	Colorado	Denver-Aurora-Centennial, CO	2008	M09	September	22.77
SMU08197403000000008	Colorado	Denver-Aurora-Centennial, CO	2008	M08	August	22.31
SMU08197403000000008	Colorado	Denver-Aurora-Centennial, CO	2008	M07	July	21.96
SMU08197403000000008	Colorado	Denver-Aurora-Centennial, CO	2008	M06	June	21.45
SMU08197403000000008	Colorado	Denver-Aurora-Centennial, CO	2008	M05	May	21.44
SMU08197403000000008	Colorado	Denver-Aurora-Centennial, CO	2008	M04	April	21.09
SMU08197403000000008	Colorado	Denver-Aurora-Centennial, CO	2008	M03	March	21.01
SMU08197403000000008	Colorado	Denver-Aurora-Centennial, CO	2008	M02	February	20.82
SMU08197403000000008	Colorado	Denver-Aurora-Centennial, CO	2008	M01	January	20.43
SMU08197403000000008	Colorado	Denver-Aurora-Centennial, CO	2007	M12	December	20.47
SMU08197403000000008	Colorado	Denver-Aurora-Centennial, CO	2007	M11	November	20.76
SMU08197403000000008	Colorado	Denver-Aurora-Centennial, CO	2007	M10	October	19.98
SMU08197403000000008	Colorado	Denver-Aurora-Centennial, CO	2007	M09	September	19.89
SMU08197403000000008	Colorado	Denver-Aurora-Centennial, CO	2007	M08	August	19.76
SMU08197403000000008	Colorado	Denver-Aurora-Centennial, CO	2007	M07	July	19.86
SMU08197403000000008	Colorado	Denver-Aurora-Centennial, CO	2007	M06	June	19.42
SMU08197403000000008	Colorado	Denver-Aurora-Centennial, CO	2007	M05	May	19.01
SMU08197403000000008	Colorado	Denver-Aurora-Centennial, CO	2007	M04	April	18.83
SMU08197403000000008	Colorado	Denver-Aurora-Centennial, CO	2007	M03	March	18.61
SMU08197403000000008	Colorado	Denver-Aurora-Centennial, CO	2007	M02	February	18.29
SMU08197403000000008	Colorado	Denver-Aurora-Centennial, CO	2007	M01	January	18.10
SMU26476643000000008	Michigan	Warren-Troy-Farmington Hills, MI Metropolitan Division	2025	M12	December	29.13
SMU26476643000000008	Michigan	Warren-Troy-Farmington Hills, MI Metropolitan Division	2025	M11	November	29.39
SMU26476643000000008	Michigan	Warren-Troy-Farmington Hills, MI Metropolitan Division	2025	M10	October	29.27
SMU26476643000000008	Michigan	Warren-Troy-Farmington Hills, MI Metropolitan Division	2025	M09	September	29.84
SMU26476643000000008	Michigan	Warren-Troy-Farmington Hills, MI Metropolitan Division	2025	M08	August	29.54
SMU26476643000000008	Michigan	Warren-Troy-Farmington Hills, MI Metropolitan Division	2025	M07	July	29.69
SMU26476643000000008	Michigan	Warren-Troy-Farmington Hills, MI Metropolitan Division	2025	M06	June	29.05
SMU26476643000000008	Michigan	Warren-Troy-Farmington Hills, MI Metropolitan Division	2025	M05	May	28.85
SMU26476643000000008	Michigan	Warren-Troy-Farmington Hills, MI Metropolitan Division	2025	M04	April	29.09
SMU26476643000000008	Michigan	Warren-Troy-Farmington Hills, MI Metropolitan Division	2025	M03	March	28.74
SMU26476643000000008	Michigan	Warren-Troy-Farmington Hills, MI Metropolitan Division	2025	M02	February	28.36
SMU26476643000000008	Michigan	Warren-Troy-Farmington Hills, MI Metropolitan Division	2025	M01	January	28.41
SMU26476643000000008	Michigan	Warren-Troy-Farmington Hills, MI Metropolitan Division	2024	M12	December	28.63
SMU26476643000000008	Michigan	Warren-Troy-Farmington Hills, MI Metropolitan Division	2024	M11	November	28.90
SMU26476643000000008	Michigan	Warren-Troy-Farmington Hills, MI Metropolitan Division	2024	M10	October	28.84
SMU26476643000000008	Michigan	Warren-Troy-Farmington Hills, MI Metropolitan Division	2024	M09	September	28.64
SMU26476643000000008	Michigan	Warren-Troy-Farmington Hills, MI Metropolitan Division	2024	M08	August	28.01
SMU26476643000000008	Michigan	Warren-Troy-Farmington Hills, MI Metropolitan Division	2024	M07	July	27.79
SMU26476643000000008	Michigan	Warren-Troy-Farmington Hills, MI Metropolitan Division	2024	M06	June	27.53
SMU26476643000000008	Michigan	Warren-Troy-Farmington Hills, MI Metropolitan Division	2024	M05	May	27.27
SMU26476643000000008	Michigan	Warren-Troy-Farmington Hills, MI Metropolitan Division	2024	M04	April	27.27
SMU26476643000000008	Michigan	Warren-Troy-Farmington Hills, MI Metropolitan Division	2024	M03	March	26.71
SMU26476643000000008	Michigan	Warren-Troy-Farmington Hills, MI Metropolitan Division	2024	M02	February	27.09
SMU26476643000000008	Michigan	Warren-Troy-Farmington Hills, MI Metropolitan Division	2024	M01	January	26.50
SMU26476643000000008	Michigan	Warren-Troy-Farmington Hills, MI Metropolitan Division	2023	M12	December	26.95
SMU26476643000000008	Michigan	Warren-Troy-Farmington Hills, MI Metropolitan Division	2023	M11	November	26.82
SMU26476643000000008	Michigan	Warren-Troy-Farmington Hills, MI Metropolitan Division	2023	M10	October	26.93
SMU26476643000000008	Michigan	Warren-Troy-Farmington Hills, MI Metropolitan Division	2023	M09	September	26.21
SMU26476643000000008	Michigan	Warren-Troy-Farmington Hills, MI Metropolitan Division	2023	M08	August	25.83
SMU26476643000000008	Michigan	Warren-Troy-Farmington Hills, MI Metropolitan Division	2023	M07	July	26.16
SMU26476643000000008	Michigan	Warren-Troy-Farmington Hills, MI Metropolitan Division	2023	M06	June	25.77
SMU26476643000000008	Michigan	Warren-Troy-Farmington Hills, MI Metropolitan Division	2023	M05	May	25.43
SMU26476643000000008	Michigan	Warren-Troy-Farmington Hills, MI Metropolitan Division	2023	M04	April	25.69
SMU26476643000000008	Michigan	Warren-Troy-Farmington Hills, MI Metropolitan Division	2023	M03	March	25.74
SMU26476643000000008	Michigan	Warren-Troy-Farmington Hills, MI Metropolitan Division	2023	M02	February	25.72
SMU26476643000000008	Michigan	Warren-Troy-Farmington Hills, MI Metropolitan Division	2023	M01	January	25.39
SMU26476643000000008	Michigan	Warren-Troy-Farmington Hills, MI Metropolitan Division	2022	M12	December	25.56
SMU26476643000000008	Michigan	Warren-Troy-Farmington Hills, MI Metropolitan Division	2022	M11	November	26.40
SMU26476643000000008	Michigan	Warren-Troy-Farmington Hills, MI Metropolitan Division	2022	M10	October	26.50
SMU26476643000000008	Michigan	Warren-Troy-Farmington Hills, MI Metropolitan Division	2022	M09	September	25.84
SMU26476643000000008	Michigan	Warren-Troy-Farmington Hills, MI Metropolitan Division	2022	M08	August	25.82
SMU26476643000000008	Michigan	Warren-Troy-Farmington Hills, MI Metropolitan Division	2022	M07	July	26.08
SMU26476643000000008	Michigan	Warren-Troy-Farmington Hills, MI Metropolitan Division	2022	M06	June	25.87
SMU26476643000000008	Michigan	Warren-Troy-Farmington Hills, MI Metropolitan Division	2022	M05	May	25.73
SMU26476643000000008	Michigan	Warren-Troy-Farmington Hills, MI Metropolitan Division	2022	M04	April	26.21
SMU26476643000000008	Michigan	Warren-Troy-Farmington Hills, MI Metropolitan Division	2022	M03	March	25.46
SMU26476643000000008	Michigan	Warren-Troy-Farmington Hills, MI Metropolitan Division	2022	M02	February	25.31
SMU26476643000000008	Michigan	Warren-Troy-Farmington Hills, MI Metropolitan Division	2022	M01	January	26.08
SMU26476643000000008	Michigan	Warren-Troy-Farmington Hills, MI Metropolitan Division	2021	M12	December	25.83
SMU26476643000000008	Michigan	Warren-Troy-Farmington Hills, MI Metropolitan Division	2021	M11	November	25.57
SMU26476643000000008	Michigan	Warren-Troy-Farmington Hills, MI Metropolitan Division	2021	M10	October	25.07
SMU26476643000000008	Michigan	Warren-Troy-Farmington Hills, MI Metropolitan Division	2021	M09	September	24.99
SMU26476643000000008	Michigan	Warren-Troy-Farmington Hills, MI Metropolitan Division	2021	M08	August	24.70
SMU26476643000000008	Michigan	Warren-Troy-Farmington Hills, MI Metropolitan Division	2021	M07	July	25.39
SMU26476643000000008	Michigan	Warren-Troy-Farmington Hills, MI Metropolitan Division	2021	M06	June	24.84
SMU26476643000000008	Michigan	Warren-Troy-Farmington Hills, MI Metropolitan Division	2021	M05	May	24.65
SMU26476643000000008	Michigan	Warren-Troy-Farmington Hills, MI Metropolitan Division	2021	M04	April	24.71
SMU26476643000000008	Michigan	Warren-Troy-Farmington Hills, MI Metropolitan Division	2021	M03	March	24.37
SMU26476643000000008	Michigan	Warren-Troy-Farmington Hills, MI Metropolitan Division	2021	M02	February	23.83
SMU26476643000000008	Michigan	Warren-Troy-Farmington Hills, MI Metropolitan Division	2021	M01	January	24.16
SMU26476643000000008	Michigan	Warren-Troy-Farmington Hills, MI Metropolitan Division	2020	M12	December	24.65
SMU26476643000000008	Michigan	Warren-Troy-Farmington Hills, MI Metropolitan Division	2020	M11	November	24.53
SMU26476643000000008	Michigan	Warren-Troy-Farmington Hills, MI Metropolitan Division	2020	M10	October	24.00
SMU26476643000000008	Michigan	Warren-Troy-Farmington Hills, MI Metropolitan Division	2020	M09	September	24.51
SMU26476643000000008	Michigan	Warren-Troy-Farmington Hills, MI Metropolitan Division	2020	M08	August	24.51
SMU26476643000000008	Michigan	Warren-Troy-Farmington Hills, MI Metropolitan Division	2020	M07	July	24.36
SMU26476643000000008	Michigan	Warren-Troy-Farmington Hills, MI Metropolitan Division	2020	M06	June	24.37
SMU26476643000000008	Michigan	Warren-Troy-Farmington Hills, MI Metropolitan Division	2020	M05	May	24.75
SMU26476643000000008	Michigan	Warren-Troy-Farmington Hills, MI Metropolitan Division	2020	M04	April	25.25
SMU26476643000000008	Michigan	Warren-Troy-Farmington Hills, MI Metropolitan Division	2020	M03	March	24.46
SMU26476643000000008	Michigan	Warren-Troy-Farmington Hills, MI Metropolitan Division	2020	M02	February	24.02
SMU26476643000000008	Michigan	Warren-Troy-Farmington Hills, MI Metropolitan Division	2020	M01	January	23.25
SMU26476643000000008	Michigan	Warren-Troy-Farmington Hills, MI Metropolitan Division	2019	M12	December	23.81
SMU26476643000000008	Michigan	Warren-Troy-Farmington Hills, MI Metropolitan Division	2019	M11	November	23.41
SMU26476643000000008	Michigan	Warren-Troy-Farmington Hills, MI Metropolitan Division	2019	M10	October	23.63
SMU26476643000000008	Michigan	Warren-Troy-Farmington Hills, MI Metropolitan Division	2019	M09	September	23.58
SMU26476643000000008	Michigan	Warren-Troy-Farmington Hills, MI Metropolitan Division	2019	M08	August	23.16
SMU26476643000000008	Michigan	Warren-Troy-Farmington Hills, MI Metropolitan Division	2019	M07	July	23.41
SMU26476643000000008	Michigan	Warren-Troy-Farmington Hills, MI Metropolitan Division	2019	M06	June	23.57
SMU26476643000000008	Michigan	Warren-Troy-Farmington Hills, MI Metropolitan Division	2019	M05	May	23.14
SMU26476643000000008	Michigan	Warren-Troy-Farmington Hills, MI Metropolitan Division	2019	M04	April	22.98
SMU26476643000000008	Michigan	Warren-Troy-Farmington Hills, MI Metropolitan Division	2019	M03	March	22.46
SMU26476643000000008	Michigan	Warren-Troy-Farmington Hills, MI Metropolitan Division	2019	M02	February	22.51
SMU26476643000000008	Michigan	Warren-Troy-Farmington Hills, MI Metropolitan Division	2019	M01	January	22.92
SMU26476643000000008	Michigan	Warren-Troy-Farmington Hills, MI Metropolitan Division	2018	M12	December	22.28
SMU26476643000000008	Michigan	Warren-Troy-Farmington Hills, MI Metropolitan Division	2018	M11	November	21.87
SMU26476643000000008	Michigan	Warren-Troy-Farmington Hills, MI Metropolitan Division	2018	M10	October	21.83
SMU26476643000000008	Michigan	Warren-Troy-Farmington Hills, MI Metropolitan Division	2018	M09	September	22.11
SMU26476643000000008	Michigan	Warren-Troy-Farmington Hills, MI Metropolitan Division	2018	M08	August	21.60
SMU26476643000000008	Michigan	Warren-Troy-Farmington Hills, MI Metropolitan Division	2018	M07	July	21.61
SMU26476643000000008	Michigan	Warren-Troy-Farmington Hills, MI Metropolitan Division	2018	M06	June	21.37
SMU26476643000000008	Michigan	Warren-Troy-Farmington Hills, MI Metropolitan Division	2018	M05	May	21.43
SMU26476643000000008	Michigan	Warren-Troy-Farmington Hills, MI Metropolitan Division	2018	M04	April	21.23
SMU26476643000000008	Michigan	Warren-Troy-Farmington Hills, MI Metropolitan Division	2018	M03	March	21.10
SMU26476643000000008	Michigan	Warren-Troy-Farmington Hills, MI Metropolitan Division	2018	M02	February	21.27
SMU26476643000000008	Michigan	Warren-Troy-Farmington Hills, MI Metropolitan Division	2018	M01	January	21.01
SMU26476643000000008	Michigan	Warren-Troy-Farmington Hills, MI Metropolitan Division	2017	M12	December	20.76
SMU26476643000000008	Michigan	Warren-Troy-Farmington Hills, MI Metropolitan Division	2017	M11	November	20.85
SMU26476643000000008	Michigan	Warren-Troy-Farmington Hills, MI Metropolitan Division	2017	M10	October	20.50
SMU26476643000000008	Michigan	Warren-Troy-Farmington Hills, MI Metropolitan Division	2017	M09	September	21.05
SMU26476643000000008	Michigan	Warren-Troy-Farmington Hills, MI Metropolitan Division	2017	M08	August	20.79
SMU26476643000000008	Michigan	Warren-Troy-Farmington Hills, MI Metropolitan Division	2017	M07	July	20.52
SMU26476643000000008	Michigan	Warren-Troy-Farmington Hills, MI Metropolitan Division	2017	M06	June	20.55
SMU26476643000000008	Michigan	Warren-Troy-Farmington Hills, MI Metropolitan Division	2017	M05	May	20.59
SMU26476643000000008	Michigan	Warren-Troy-Farmington Hills, MI Metropolitan Division	2017	M04	April	20.64
SMU26476643000000008	Michigan	Warren-Troy-Farmington Hills, MI Metropolitan Division	2017	M03	March	20.62
SMU26476643000000008	Michigan	Warren-Troy-Farmington Hills, MI Metropolitan Division	2017	M02	February	20.82
SMU26476643000000008	Michigan	Warren-Troy-Farmington Hills, MI Metropolitan Division	2017	M01	January	20.87
SMU26476643000000008	Michigan	Warren-Troy-Farmington Hills, MI Metropolitan Division	2016	M12	December	20.67
SMU26476643000000008	Michigan	Warren-Troy-Farmington Hills, MI Metropolitan Division	2016	M11	November	20.00
SMU26476643000000008	Michigan	Warren-Troy-Farmington Hills, MI Metropolitan Division	2016	M10	October	20.39
SMU26476643000000008	Michigan	Warren-Troy-Farmington Hills, MI Metropolitan Division	2016	M09	September	20.63
SMU26476643000000008	Michigan	Warren-Troy-Farmington Hills, MI Metropolitan Division	2016	M08	August	20.49
SMU26476643000000008	Michigan	Warren-Troy-Farmington Hills, MI Metropolitan Division	2016	M07	July	20.53
SMU26476643000000008	Michigan	Warren-Troy-Farmington Hills, MI Metropolitan Division	2016	M06	June	20.69
SMU26476643000000008	Michigan	Warren-Troy-Farmington Hills, MI Metropolitan Division	2016	M05	May	20.79
SMU26476643000000008	Michigan	Warren-Troy-Farmington Hills, MI Metropolitan Division	2016	M04	April	20.83
SMU26476643000000008	Michigan	Warren-Troy-Farmington Hills, MI Metropolitan Division	2016	M03	March	20.91
SMU26476643000000008	Michigan	Warren-Troy-Farmington Hills, MI Metropolitan Division	2016	M02	February	21.12
SMU26476643000000008	Michigan	Warren-Troy-Farmington Hills, MI Metropolitan Division	2016	M01	January	21.42
SMU26476643000000008	Michigan	Warren-Troy-Farmington Hills, MI Metropolitan Division	2015	M12	December	22.45
SMU26476643000000008	Michigan	Warren-Troy-Farmington Hills, MI Metropolitan Division	2015	M11	November	22.56
SMU26476643000000008	Michigan	Warren-Troy-Farmington Hills, MI Metropolitan Division	2015	M10	October	21.99
SMU26476643000000008	Michigan	Warren-Troy-Farmington Hills, MI Metropolitan Division	2015	M09	September	22.94
SMU26476643000000008	Michigan	Warren-Troy-Farmington Hills, MI Metropolitan Division	2015	M08	August	21.77
SMU26476643000000008	Michigan	Warren-Troy-Farmington Hills, MI Metropolitan Division	2015	M07	July	21.72
SMU26476643000000008	Michigan	Warren-Troy-Farmington Hills, MI Metropolitan Division	2015	M06	June	21.81
SMU26476643000000008	Michigan	Warren-Troy-Farmington Hills, MI Metropolitan Division	2015	M05	May	21.53
SMU26476643000000008	Michigan	Warren-Troy-Farmington Hills, MI Metropolitan Division	2015	M04	April	21.29
SMU26476643000000008	Michigan	Warren-Troy-Farmington Hills, MI Metropolitan Division	2015	M03	March	21.53
SMU26476643000000008	Michigan	Warren-Troy-Farmington Hills, MI Metropolitan Division	2015	M02	February	21.69
SMU26476643000000008	Michigan	Warren-Troy-Farmington Hills, MI Metropolitan Division	2015	M01	January	21.50
SMU26476643000000008	Michigan	Warren-Troy-Farmington Hills, MI Metropolitan Division	2014	M12	December	21.45
SMU26476643000000008	Michigan	Warren-Troy-Farmington Hills, MI Metropolitan Division	2014	M11	November	21.39
SMU26476643000000008	Michigan	Warren-Troy-Farmington Hills, MI Metropolitan Division	2014	M10	October	21.66
SMU26476643000000008	Michigan	Warren-Troy-Farmington Hills, MI Metropolitan Division	2014	M09	September	21.18
SMU26476643000000008	Michigan	Warren-Troy-Farmington Hills, MI Metropolitan Division	2014	M08	August	21.53
SMU26476643000000008	Michigan	Warren-Troy-Farmington Hills, MI Metropolitan Division	2014	M07	July	21.12
SMU26476643000000008	Michigan	Warren-Troy-Farmington Hills, MI Metropolitan Division	2014	M06	June	21.33
SMU26476643000000008	Michigan	Warren-Troy-Farmington Hills, MI Metropolitan Division	2014	M05	May	21.41
SMU26476643000000008	Michigan	Warren-Troy-Farmington Hills, MI Metropolitan Division	2014	M04	April	21.18
SMU26476643000000008	Michigan	Warren-Troy-Farmington Hills, MI Metropolitan Division	2014	M03	March	21.25
SMU26476643000000008	Michigan	Warren-Troy-Farmington Hills, MI Metropolitan Division	2014	M02	February	21.30
SMU26476643000000008	Michigan	Warren-Troy-Farmington Hills, MI Metropolitan Division	2014	M01	January	21.50
SMU26476643000000008	Michigan	Warren-Troy-Farmington Hills, MI Metropolitan Division	2013	M12	December	21.30
SMU26476643000000008	Michigan	Warren-Troy-Farmington Hills, MI Metropolitan Division	2013	M11	November	21.54
SMU26476643000000008	Michigan	Warren-Troy-Farmington Hills, MI Metropolitan Division	2013	M10	October	21.57
SMU26476643000000008	Michigan	Warren-Troy-Farmington Hills, MI Metropolitan Division	2013	M09	September	22.11
SMU26476643000000008	Michigan	Warren-Troy-Farmington Hills, MI Metropolitan Division	2013	M08	August	21.94
SMU26476643000000008	Michigan	Warren-Troy-Farmington Hills, MI Metropolitan Division	2013	M07	July	21.53
SMU26476643000000008	Michigan	Warren-Troy-Farmington Hills, MI Metropolitan Division	2013	M06	June	21.53
SMU26476643000000008	Michigan	Warren-Troy-Farmington Hills, MI Metropolitan Division	2013	M05	May	21.69
SMU26476643000000008	Michigan	Warren-Troy-Farmington Hills, MI Metropolitan Division	2013	M04	April	21.93
SMU26476643000000008	Michigan	Warren-Troy-Farmington Hills, MI Metropolitan Division	2013	M03	March	22.02
SMU26476643000000008	Michigan	Warren-Troy-Farmington Hills, MI Metropolitan Division	2013	M02	February	22.10
SMU26476643000000008	Michigan	Warren-Troy-Farmington Hills, MI Metropolitan Division	2013	M01	January	22.25
SMU26476643000000008	Michigan	Warren-Troy-Farmington Hills, MI Metropolitan Division	2012	M12	December	22.41
SMU26476643000000008	Michigan	Warren-Troy-Farmington Hills, MI Metropolitan Division	2012	M11	November	22.21
SMU26476643000000008	Michigan	Warren-Troy-Farmington Hills, MI Metropolitan Division	2012	M10	October	21.89
SMU26476643000000008	Michigan	Warren-Troy-Farmington Hills, MI Metropolitan Division	2012	M09	September	21.98
SMU26476643000000008	Michigan	Warren-Troy-Farmington Hills, MI Metropolitan Division	2012	M08	August	21.99
SMU26476643000000008	Michigan	Warren-Troy-Farmington Hills, MI Metropolitan Division	2012	M07	July	22.52
SMU26476643000000008	Michigan	Warren-Troy-Farmington Hills, MI Metropolitan Division	2012	M06	June	22.71
SMU26476643000000008	Michigan	Warren-Troy-Farmington Hills, MI Metropolitan Division	2012	M05	May	22.24
SMU26476643000000008	Michigan	Warren-Troy-Farmington Hills, MI Metropolitan Division	2012	M04	April	22.72
SMU26476643000000008	Michigan	Warren-Troy-Farmington Hills, MI Metropolitan Division	2012	M03	March	22.30
SMU26476643000000008	Michigan	Warren-Troy-Farmington Hills, MI Metropolitan Division	2012	M02	February	22.68
SMU26476643000000008	Michigan	Warren-Troy-Farmington Hills, MI Metropolitan Division	2012	M01	January	22.62
SMU26476643000000008	Michigan	Warren-Troy-Farmington Hills, MI Metropolitan Division	2011	M12	December	23.01
SMU26476643000000008	Michigan	Warren-Troy-Farmington Hills, MI Metropolitan Division	2011	M11	November	22.87
SMU26476643000000008	Michigan	Warren-Troy-Farmington Hills, MI Metropolitan Division	2011	M10	October	22.82
SMU26476643000000008	Michigan	Warren-Troy-Farmington Hills, MI Metropolitan Division	2011	M09	September	22.98
SMU26476643000000008	Michigan	Warren-Troy-Farmington Hills, MI Metropolitan Division	2011	M08	August	22.72
SMU26476643000000008	Michigan	Warren-Troy-Farmington Hills, MI Metropolitan Division	2011	M07	July	23.10
SMU26476643000000008	Michigan	Warren-Troy-Farmington Hills, MI Metropolitan Division	2011	M06	June	22.68
SMU26476643000000008	Michigan	Warren-Troy-Farmington Hills, MI Metropolitan Division	2011	M05	May	23.03
SMU26476643000000008	Michigan	Warren-Troy-Farmington Hills, MI Metropolitan Division	2011	M04	April	22.51
SMU26476643000000008	Michigan	Warren-Troy-Farmington Hills, MI Metropolitan Division	2011	M03	March	23.13
SMU26476643000000008	Michigan	Warren-Troy-Farmington Hills, MI Metropolitan Division	2011	M02	February	23.40
SMU26476643000000008	Michigan	Warren-Troy-Farmington Hills, MI Metropolitan Division	2011	M01	January	23.42
SMU26476643000000008	Michigan	Warren-Troy-Farmington Hills, MI Metropolitan Division	2010	M12	December	23.82
SMU26476643000000008	Michigan	Warren-Troy-Farmington Hills, MI Metropolitan Division	2010	M11	November	23.70
SMU26476643000000008	Michigan	Warren-Troy-Farmington Hills, MI Metropolitan Division	2010	M10	October	23.79
SMU26476643000000008	Michigan	Warren-Troy-Farmington Hills, MI Metropolitan Division	2010	M09	September	24.12
SMU26476643000000008	Michigan	Warren-Troy-Farmington Hills, MI Metropolitan Division	2010	M08	August	23.35
SMU26476643000000008	Michigan	Warren-Troy-Farmington Hills, MI Metropolitan Division	2010	M07	July	23.50
SMU26476643000000008	Michigan	Warren-Troy-Farmington Hills, MI Metropolitan Division	2010	M06	June	23.85
SMU26476643000000008	Michigan	Warren-Troy-Farmington Hills, MI Metropolitan Division	2010	M05	May	23.68
SMU26476643000000008	Michigan	Warren-Troy-Farmington Hills, MI Metropolitan Division	2010	M04	April	23.25
SMU26476643000000008	Michigan	Warren-Troy-Farmington Hills, MI Metropolitan Division	2010	M03	March	23.56
SMU26476643000000008	Michigan	Warren-Troy-Farmington Hills, MI Metropolitan Division	2010	M02	February	23.26
SMU26476643000000008	Michigan	Warren-Troy-Farmington Hills, MI Metropolitan Division	2010	M01	January	23.25
SMU26476643000000008	Michigan	Warren-Troy-Farmington Hills, MI Metropolitan Division	2009	M12	December	23.50
SMU26476643000000008	Michigan	Warren-Troy-Farmington Hills, MI Metropolitan Division	2009	M11	November	23.60
SMU26476643000000008	Michigan	Warren-Troy-Farmington Hills, MI Metropolitan Division	2009	M10	October	23.46
SMU26476643000000008	Michigan	Warren-Troy-Farmington Hills, MI Metropolitan Division	2009	M09	September	23.47
SMU26476643000000008	Michigan	Warren-Troy-Farmington Hills, MI Metropolitan Division	2009	M08	August	23.24
SMU26476643000000008	Michigan	Warren-Troy-Farmington Hills, MI Metropolitan Division	2009	M07	July	23.56
SMU26476643000000008	Michigan	Warren-Troy-Farmington Hills, MI Metropolitan Division	2009	M06	June	23.65
SMU26476643000000008	Michigan	Warren-Troy-Farmington Hills, MI Metropolitan Division	2009	M05	May	23.10
SMU26476643000000008	Michigan	Warren-Troy-Farmington Hills, MI Metropolitan Division	2009	M04	April	23.69
SMU26476643000000008	Michigan	Warren-Troy-Farmington Hills, MI Metropolitan Division	2009	M03	March	23.76
SMU26476643000000008	Michigan	Warren-Troy-Farmington Hills, MI Metropolitan Division	2009	M02	February	23.68
SMU26476643000000008	Michigan	Warren-Troy-Farmington Hills, MI Metropolitan Division	2009	M01	January	23.66
SMU26476643000000008	Michigan	Warren-Troy-Farmington Hills, MI Metropolitan Division	2008	M12	December	24.29
SMU26476643000000008	Michigan	Warren-Troy-Farmington Hills, MI Metropolitan Division	2008	M11	November	23.85
SMU26476643000000008	Michigan	Warren-Troy-Farmington Hills, MI Metropolitan Division	2008	M10	October	24.05
SMU26476643000000008	Michigan	Warren-Troy-Farmington Hills, MI Metropolitan Division	2008	M09	September	24.32
SMU26476643000000008	Michigan	Warren-Troy-Farmington Hills, MI Metropolitan Division	2008	M08	August	24.07
SMU26476643000000008	Michigan	Warren-Troy-Farmington Hills, MI Metropolitan Division	2008	M07	July	23.38
SMU26476643000000008	Michigan	Warren-Troy-Farmington Hills, MI Metropolitan Division	2008	M06	June	24.10
SMU26476643000000008	Michigan	Warren-Troy-Farmington Hills, MI Metropolitan Division	2008	M05	May	23.99
SMU26476643000000008	Michigan	Warren-Troy-Farmington Hills, MI Metropolitan Division	2008	M04	April	24.25
SMU26476643000000008	Michigan	Warren-Troy-Farmington Hills, MI Metropolitan Division	2008	M03	March	24.33
SMU26476643000000008	Michigan	Warren-Troy-Farmington Hills, MI Metropolitan Division	2008	M02	February	24.25
SMU26476643000000008	Michigan	Warren-Troy-Farmington Hills, MI Metropolitan Division	2008	M01	January	24.22
SMU26476643000000008	Michigan	Warren-Troy-Farmington Hills, MI Metropolitan Division	2007	M12	December	23.64
SMU26476643000000008	Michigan	Warren-Troy-Farmington Hills, MI Metropolitan Division	2007	M11	November	23.54
SMU26476643000000008	Michigan	Warren-Troy-Farmington Hills, MI Metropolitan Division	2007	M10	October	24.04
SMU26476643000000008	Michigan	Warren-Troy-Farmington Hills, MI Metropolitan Division	2007	M09	September	24.11
SMU26476643000000008	Michigan	Warren-Troy-Farmington Hills, MI Metropolitan Division	2007	M08	August	24.31
SMU26476643000000008	Michigan	Warren-Troy-Farmington Hills, MI Metropolitan Division	2007	M07	July	23.49
SMU26476643000000008	Michigan	Warren-Troy-Farmington Hills, MI Metropolitan Division	2007	M06	June	24.11
SMU26476643000000008	Michigan	Warren-Troy-Farmington Hills, MI Metropolitan Division	2007	M05	May	23.87
SMU26476643000000008	Michigan	Warren-Troy-Farmington Hills, MI Metropolitan Division	2007	M04	April	24.46
SMU26476643000000008	Michigan	Warren-Troy-Farmington Hills, MI Metropolitan Division	2007	M03	March	23.85
SMU26476643000000008	Michigan	Warren-Troy-Farmington Hills, MI Metropolitan Division	2007	M02	February	23.83
SMU26476643000000008	Michigan	Warren-Troy-Farmington Hills, MI Metropolitan Division	2007	M01	January	24.19
SMU48231043000000008	Texas	Fort Worth-Arlington-Grapevine, TX Metropolitan Division	2025	M12	December	44.10
SMU48231043000000008	Texas	Fort Worth-Arlington-Grapevine, TX Metropolitan Division	2025	M11	November	43.79
SMU48231043000000008	Texas	Fort Worth-Arlington-Grapevine, TX Metropolitan Division	2025	M10	October	44.01
SMU48231043000000008	Texas	Fort Worth-Arlington-Grapevine, TX Metropolitan Division	2025	M09	September	43.14
SMU48231043000000008	Texas	Fort Worth-Arlington-Grapevine, TX Metropolitan Division	2025	M08	August	41.67
SMU48231043000000008	Texas	Fort Worth-Arlington-Grapevine, TX Metropolitan Division	2025	M07	July	40.58
SMU48231043000000008	Texas	Fort Worth-Arlington-Grapevine, TX Metropolitan Division	2025	M06	June	41.34
SMU48231043000000008	Texas	Fort Worth-Arlington-Grapevine, TX Metropolitan Division	2025	M05	May	40.05
SMU48231043000000008	Texas	Fort Worth-Arlington-Grapevine, TX Metropolitan Division	2025	M04	April	41.34
SMU48231043000000008	Texas	Fort Worth-Arlington-Grapevine, TX Metropolitan Division	2025	M03	March	42.08
SMU48231043000000008	Texas	Fort Worth-Arlington-Grapevine, TX Metropolitan Division	2025	M02	February	42.81
SMU48231043000000008	Texas	Fort Worth-Arlington-Grapevine, TX Metropolitan Division	2025	M01	January	42.91
SMU48231043000000008	Texas	Fort Worth-Arlington-Grapevine, TX Metropolitan Division	2024	M12	December	43.79
SMU48231043000000008	Texas	Fort Worth-Arlington-Grapevine, TX Metropolitan Division	2024	M11	November	44.39
SMU48231043000000008	Texas	Fort Worth-Arlington-Grapevine, TX Metropolitan Division	2024	M10	October	44.68
SMU48231043000000008	Texas	Fort Worth-Arlington-Grapevine, TX Metropolitan Division	2024	M09	September	44.53
SMU48231043000000008	Texas	Fort Worth-Arlington-Grapevine, TX Metropolitan Division	2024	M08	August	44.49
SMU48231043000000008	Texas	Fort Worth-Arlington-Grapevine, TX Metropolitan Division	2024	M07	July	45.07
SMU48231043000000008	Texas	Fort Worth-Arlington-Grapevine, TX Metropolitan Division	2024	M06	June	44.02
SMU48231043000000008	Texas	Fort Worth-Arlington-Grapevine, TX Metropolitan Division	2024	M05	May	44.39
SMU48231043000000008	Texas	Fort Worth-Arlington-Grapevine, TX Metropolitan Division	2024	M04	April	44.97
SMU48231043000000008	Texas	Fort Worth-Arlington-Grapevine, TX Metropolitan Division	2024	M03	March	43.51
SMU48231043000000008	Texas	Fort Worth-Arlington-Grapevine, TX Metropolitan Division	2024	M02	February	42.47
SMU48231043000000008	Texas	Fort Worth-Arlington-Grapevine, TX Metropolitan Division	2024	M01	January	42.74
SMU48231043000000008	Texas	Fort Worth-Arlington-Grapevine, TX Metropolitan Division	2023	M12	December	42.27
SMU48231043000000008	Texas	Fort Worth-Arlington-Grapevine, TX Metropolitan Division	2023	M11	November	42.29
SMU48231043000000008	Texas	Fort Worth-Arlington-Grapevine, TX Metropolitan Division	2023	M10	October	42.29
SMU48231043000000008	Texas	Fort Worth-Arlington-Grapevine, TX Metropolitan Division	2023	M09	September	42.83
SMU48231043000000008	Texas	Fort Worth-Arlington-Grapevine, TX Metropolitan Division	2023	M08	August	43.24
SMU48231043000000008	Texas	Fort Worth-Arlington-Grapevine, TX Metropolitan Division	2023	M07	July	43.42
SMU48231043000000008	Texas	Fort Worth-Arlington-Grapevine, TX Metropolitan Division	2023	M06	June	43.62
SMU48231043000000008	Texas	Fort Worth-Arlington-Grapevine, TX Metropolitan Division	2023	M05	May	44.39
SMU48231043000000008	Texas	Fort Worth-Arlington-Grapevine, TX Metropolitan Division	2023	M04	April	44.71
SMU48231043000000008	Texas	Fort Worth-Arlington-Grapevine, TX Metropolitan Division	2023	M03	March	44.29
SMU48231043000000008	Texas	Fort Worth-Arlington-Grapevine, TX Metropolitan Division	2023	M02	February	44.13
SMU48231043000000008	Texas	Fort Worth-Arlington-Grapevine, TX Metropolitan Division	2023	M01	January	43.44
SMU48231043000000008	Texas	Fort Worth-Arlington-Grapevine, TX Metropolitan Division	2022	M12	December	43.97
SMU48231043000000008	Texas	Fort Worth-Arlington-Grapevine, TX Metropolitan Division	2022	M11	November	44.80
SMU48231043000000008	Texas	Fort Worth-Arlington-Grapevine, TX Metropolitan Division	2022	M10	October	45.07
SMU48231043000000008	Texas	Fort Worth-Arlington-Grapevine, TX Metropolitan Division	2022	M09	September	44.82
SMU48231043000000008	Texas	Fort Worth-Arlington-Grapevine, TX Metropolitan Division	2022	M08	August	45.39
SMU48231043000000008	Texas	Fort Worth-Arlington-Grapevine, TX Metropolitan Division	2022	M07	July	45.02
SMU48231043000000008	Texas	Fort Worth-Arlington-Grapevine, TX Metropolitan Division	2022	M06	June	44.64
SMU48231043000000008	Texas	Fort Worth-Arlington-Grapevine, TX Metropolitan Division	2022	M05	May	45.16
SMU48231043000000008	Texas	Fort Worth-Arlington-Grapevine, TX Metropolitan Division	2022	M04	April	45.59
SMU48231043000000008	Texas	Fort Worth-Arlington-Grapevine, TX Metropolitan Division	2022	M03	March	44.37
SMU48231043000000008	Texas	Fort Worth-Arlington-Grapevine, TX Metropolitan Division	2022	M02	February	43.34
SMU48231043000000008	Texas	Fort Worth-Arlington-Grapevine, TX Metropolitan Division	2022	M01	January	44.92
SMU48231043000000008	Texas	Fort Worth-Arlington-Grapevine, TX Metropolitan Division	2021	M12	December	44.93
SMU48231043000000008	Texas	Fort Worth-Arlington-Grapevine, TX Metropolitan Division	2021	M11	November	44.47
SMU48231043000000008	Texas	Fort Worth-Arlington-Grapevine, TX Metropolitan Division	2021	M10	October	43.97
SMU48231043000000008	Texas	Fort Worth-Arlington-Grapevine, TX Metropolitan Division	2021	M09	September	43.62
SMU48231043000000008	Texas	Fort Worth-Arlington-Grapevine, TX Metropolitan Division	2021	M08	August	43.24
SMU48231043000000008	Texas	Fort Worth-Arlington-Grapevine, TX Metropolitan Division	2021	M07	July	43.64
SMU48231043000000008	Texas	Fort Worth-Arlington-Grapevine, TX Metropolitan Division	2021	M06	June	42.75
SMU48231043000000008	Texas	Fort Worth-Arlington-Grapevine, TX Metropolitan Division	2021	M05	May	42.75
SMU48231043000000008	Texas	Fort Worth-Arlington-Grapevine, TX Metropolitan Division	2021	M04	April	42.04
SMU48231043000000008	Texas	Fort Worth-Arlington-Grapevine, TX Metropolitan Division	2021	M03	March	41.42
SMU48231043000000008	Texas	Fort Worth-Arlington-Grapevine, TX Metropolitan Division	2021	M02	February	40.08
SMU48231043000000008	Texas	Fort Worth-Arlington-Grapevine, TX Metropolitan Division	2021	M01	January	39.02
SMU48231043000000008	Texas	Fort Worth-Arlington-Grapevine, TX Metropolitan Division	2020	M12	December	40.71
SMU48231043000000008	Texas	Fort Worth-Arlington-Grapevine, TX Metropolitan Division	2020	M11	November	40.90
SMU48231043000000008	Texas	Fort Worth-Arlington-Grapevine, TX Metropolitan Division	2020	M10	October	40.52
SMU48231043000000008	Texas	Fort Worth-Arlington-Grapevine, TX Metropolitan Division	2020	M09	September	40.78
SMU48231043000000008	Texas	Fort Worth-Arlington-Grapevine, TX Metropolitan Division	2020	M08	August	40.24
SMU48231043000000008	Texas	Fort Worth-Arlington-Grapevine, TX Metropolitan Division	2020	M07	July	40.08
SMU48231043000000008	Texas	Fort Worth-Arlington-Grapevine, TX Metropolitan Division	2020	M06	June	38.94
SMU48231043000000008	Texas	Fort Worth-Arlington-Grapevine, TX Metropolitan Division	2020	M05	May	38.87
SMU48231043000000008	Texas	Fort Worth-Arlington-Grapevine, TX Metropolitan Division	2020	M04	April	37.24
SMU48231043000000008	Texas	Fort Worth-Arlington-Grapevine, TX Metropolitan Division	2020	M03	March	36.75
SMU48231043000000008	Texas	Fort Worth-Arlington-Grapevine, TX Metropolitan Division	2020	M02	February	35.67
SMU48231043000000008	Texas	Fort Worth-Arlington-Grapevine, TX Metropolitan Division	2020	M01	January	35.27
SMU48231043000000008	Texas	Fort Worth-Arlington-Grapevine, TX Metropolitan Division	2019	M12	December	36.10
SMU48231043000000008	Texas	Fort Worth-Arlington-Grapevine, TX Metropolitan Division	2019	M11	November	36.03
SMU48231043000000008	Texas	Fort Worth-Arlington-Grapevine, TX Metropolitan Division	2019	M10	October	36.71
SMU48231043000000008	Texas	Fort Worth-Arlington-Grapevine, TX Metropolitan Division	2019	M09	September	35.95
SMU48231043000000008	Texas	Fort Worth-Arlington-Grapevine, TX Metropolitan Division	2019	M08	August	35.84
SMU48231043000000008	Texas	Fort Worth-Arlington-Grapevine, TX Metropolitan Division	2019	M07	July	35.59
SMU48231043000000008	Texas	Fort Worth-Arlington-Grapevine, TX Metropolitan Division	2019	M06	June	36.06
SMU48231043000000008	Texas	Fort Worth-Arlington-Grapevine, TX Metropolitan Division	2019	M05	May	36.12
SMU48231043000000008	Texas	Fort Worth-Arlington-Grapevine, TX Metropolitan Division	2019	M04	April	36.60
SMU48231043000000008	Texas	Fort Worth-Arlington-Grapevine, TX Metropolitan Division	2019	M03	March	37.01
SMU48231043000000008	Texas	Fort Worth-Arlington-Grapevine, TX Metropolitan Division	2019	M02	February	36.44
SMU48231043000000008	Texas	Fort Worth-Arlington-Grapevine, TX Metropolitan Division	2019	M01	January	36.22
SMU48231043000000008	Texas	Fort Worth-Arlington-Grapevine, TX Metropolitan Division	2018	M12	December	35.87
SMU48231043000000008	Texas	Fort Worth-Arlington-Grapevine, TX Metropolitan Division	2018	M11	November	35.30
SMU48231043000000008	Texas	Fort Worth-Arlington-Grapevine, TX Metropolitan Division	2018	M10	October	34.81
SMU48231043000000008	Texas	Fort Worth-Arlington-Grapevine, TX Metropolitan Division	2018	M09	September	34.07
SMU48231043000000008	Texas	Fort Worth-Arlington-Grapevine, TX Metropolitan Division	2018	M08	August	34.32
SMU48231043000000008	Texas	Fort Worth-Arlington-Grapevine, TX Metropolitan Division	2018	M07	July	34.60
SMU48231043000000008	Texas	Fort Worth-Arlington-Grapevine, TX Metropolitan Division	2018	M06	June	33.96
SMU48231043000000008	Texas	Fort Worth-Arlington-Grapevine, TX Metropolitan Division	2018	M05	May	34.08
SMU48231043000000008	Texas	Fort Worth-Arlington-Grapevine, TX Metropolitan Division	2018	M04	April	34.08
SMU48231043000000008	Texas	Fort Worth-Arlington-Grapevine, TX Metropolitan Division	2018	M03	March	33.91
SMU48231043000000008	Texas	Fort Worth-Arlington-Grapevine, TX Metropolitan Division	2018	M02	February	33.80
SMU48231043000000008	Texas	Fort Worth-Arlington-Grapevine, TX Metropolitan Division	2018	M01	January	34.54
SMU48231043000000008	Texas	Fort Worth-Arlington-Grapevine, TX Metropolitan Division	2017	M12	December	34.74
SMU48231043000000008	Texas	Fort Worth-Arlington-Grapevine, TX Metropolitan Division	2017	M11	November	35.10
SMU48231043000000008	Texas	Fort Worth-Arlington-Grapevine, TX Metropolitan Division	2017	M10	October	34.80
SMU48231043000000008	Texas	Fort Worth-Arlington-Grapevine, TX Metropolitan Division	2017	M09	September	34.41
SMU48231043000000008	Texas	Fort Worth-Arlington-Grapevine, TX Metropolitan Division	2017	M08	August	34.40
SMU48231043000000008	Texas	Fort Worth-Arlington-Grapevine, TX Metropolitan Division	2017	M07	July	34.62
SMU48231043000000008	Texas	Fort Worth-Arlington-Grapevine, TX Metropolitan Division	2017	M06	June	34.37
SMU48231043000000008	Texas	Fort Worth-Arlington-Grapevine, TX Metropolitan Division	2017	M05	May	34.33
SMU48231043000000008	Texas	Fort Worth-Arlington-Grapevine, TX Metropolitan Division	2017	M04	April	34.21
SMU48231043000000008	Texas	Fort Worth-Arlington-Grapevine, TX Metropolitan Division	2017	M03	March	33.90
SMU48231043000000008	Texas	Fort Worth-Arlington-Grapevine, TX Metropolitan Division	2017	M02	February	34.76
SMU48231043000000008	Texas	Fort Worth-Arlington-Grapevine, TX Metropolitan Division	2017	M01	January	35.16
SMU48231043000000008	Texas	Fort Worth-Arlington-Grapevine, TX Metropolitan Division	2016	M12	December	34.64
SMU48231043000000008	Texas	Fort Worth-Arlington-Grapevine, TX Metropolitan Division	2016	M11	November	34.92
SMU48231043000000008	Texas	Fort Worth-Arlington-Grapevine, TX Metropolitan Division	2016	M10	October	34.01
SMU48231043000000008	Texas	Fort Worth-Arlington-Grapevine, TX Metropolitan Division	2016	M09	September	34.41
SMU48231043000000008	Texas	Fort Worth-Arlington-Grapevine, TX Metropolitan Division	2016	M08	August	34.89
SMU48231043000000008	Texas	Fort Worth-Arlington-Grapevine, TX Metropolitan Division	2016	M07	July	34.08
SMU48231043000000008	Texas	Fort Worth-Arlington-Grapevine, TX Metropolitan Division	2016	M06	June	34.15
SMU48231043000000008	Texas	Fort Worth-Arlington-Grapevine, TX Metropolitan Division	2016	M05	May	35.40
SMU48231043000000008	Texas	Fort Worth-Arlington-Grapevine, TX Metropolitan Division	2016	M04	April	33.69
SMU48231043000000008	Texas	Fort Worth-Arlington-Grapevine, TX Metropolitan Division	2016	M03	March	33.72
SMU48231043000000008	Texas	Fort Worth-Arlington-Grapevine, TX Metropolitan Division	2016	M02	February	32.98
SMU48231043000000008	Texas	Fort Worth-Arlington-Grapevine, TX Metropolitan Division	2016	M01	January	33.77
SMU48231043000000008	Texas	Fort Worth-Arlington-Grapevine, TX Metropolitan Division	2015	M12	December	33.93
SMU48231043000000008	Texas	Fort Worth-Arlington-Grapevine, TX Metropolitan Division	2015	M11	November	33.38
SMU48231043000000008	Texas	Fort Worth-Arlington-Grapevine, TX Metropolitan Division	2015	M10	October	33.14
SMU48231043000000008	Texas	Fort Worth-Arlington-Grapevine, TX Metropolitan Division	2015	M09	September	33.37
SMU48231043000000008	Texas	Fort Worth-Arlington-Grapevine, TX Metropolitan Division	2015	M08	August	33.04
SMU48231043000000008	Texas	Fort Worth-Arlington-Grapevine, TX Metropolitan Division	2015	M07	July	33.05
SMU48231043000000008	Texas	Fort Worth-Arlington-Grapevine, TX Metropolitan Division	2015	M06	June	32.28
SMU48231043000000008	Texas	Fort Worth-Arlington-Grapevine, TX Metropolitan Division	2015	M05	May	32.02
SMU48231043000000008	Texas	Fort Worth-Arlington-Grapevine, TX Metropolitan Division	2015	M04	April	31.77
SMU48231043000000008	Texas	Fort Worth-Arlington-Grapevine, TX Metropolitan Division	2015	M03	March	31.32
SMU48231043000000008	Texas	Fort Worth-Arlington-Grapevine, TX Metropolitan Division	2015	M02	February	30.74
SMU48231043000000008	Texas	Fort Worth-Arlington-Grapevine, TX Metropolitan Division	2015	M01	January	30.18
SMU48231043000000008	Texas	Fort Worth-Arlington-Grapevine, TX Metropolitan Division	2014	M12	December	30.84
SMU48231043000000008	Texas	Fort Worth-Arlington-Grapevine, TX Metropolitan Division	2014	M11	November	30.37
SMU48231043000000008	Texas	Fort Worth-Arlington-Grapevine, TX Metropolitan Division	2014	M10	October	30.28
SMU48231043000000008	Texas	Fort Worth-Arlington-Grapevine, TX Metropolitan Division	2014	M09	September	30.41
SMU48231043000000008	Texas	Fort Worth-Arlington-Grapevine, TX Metropolitan Division	2014	M08	August	30.38
SMU48231043000000008	Texas	Fort Worth-Arlington-Grapevine, TX Metropolitan Division	2014	M07	July	29.75
SMU48231043000000008	Texas	Fort Worth-Arlington-Grapevine, TX Metropolitan Division	2014	M06	June	29.72
SMU48231043000000008	Texas	Fort Worth-Arlington-Grapevine, TX Metropolitan Division	2014	M05	May	29.61
SMU48231043000000008	Texas	Fort Worth-Arlington-Grapevine, TX Metropolitan Division	2014	M04	April	29.36
SMU48231043000000008	Texas	Fort Worth-Arlington-Grapevine, TX Metropolitan Division	2014	M03	March	29.19
SMU48231043000000008	Texas	Fort Worth-Arlington-Grapevine, TX Metropolitan Division	2014	M02	February	29.09
SMU48231043000000008	Texas	Fort Worth-Arlington-Grapevine, TX Metropolitan Division	2014	M01	January	29.70
SMU48231043000000008	Texas	Fort Worth-Arlington-Grapevine, TX Metropolitan Division	2013	M12	December	30.12
SMU48231043000000008	Texas	Fort Worth-Arlington-Grapevine, TX Metropolitan Division	2013	M11	November	29.65
SMU48231043000000008	Texas	Fort Worth-Arlington-Grapevine, TX Metropolitan Division	2013	M10	October	29.38
SMU48231043000000008	Texas	Fort Worth-Arlington-Grapevine, TX Metropolitan Division	2013	M09	September	28.99
SMU48231043000000008	Texas	Fort Worth-Arlington-Grapevine, TX Metropolitan Division	2013	M08	August	28.67
SMU48231043000000008	Texas	Fort Worth-Arlington-Grapevine, TX Metropolitan Division	2013	M07	July	29.23
SMU48231043000000008	Texas	Fort Worth-Arlington-Grapevine, TX Metropolitan Division	2013	M06	June	28.90
SMU48231043000000008	Texas	Fort Worth-Arlington-Grapevine, TX Metropolitan Division	2013	M05	May	28.32
SMU48231043000000008	Texas	Fort Worth-Arlington-Grapevine, TX Metropolitan Division	2013	M04	April	29.46
SMU48231043000000008	Texas	Fort Worth-Arlington-Grapevine, TX Metropolitan Division	2013	M03	March	28.30
SMU48231043000000008	Texas	Fort Worth-Arlington-Grapevine, TX Metropolitan Division	2013	M02	February	27.86
SMU48231043000000008	Texas	Fort Worth-Arlington-Grapevine, TX Metropolitan Division	2013	M01	January	28.02
SMU48231043000000008	Texas	Fort Worth-Arlington-Grapevine, TX Metropolitan Division	2012	M12	December	27.82
SMU48231043000000008	Texas	Fort Worth-Arlington-Grapevine, TX Metropolitan Division	2012	M11	November	27.44
SMU48231043000000008	Texas	Fort Worth-Arlington-Grapevine, TX Metropolitan Division	2012	M10	October	27.51
SMU48231043000000008	Texas	Fort Worth-Arlington-Grapevine, TX Metropolitan Division	2012	M09	September	27.30
SMU48231043000000008	Texas	Fort Worth-Arlington-Grapevine, TX Metropolitan Division	2012	M08	August	27.46
SMU48231043000000008	Texas	Fort Worth-Arlington-Grapevine, TX Metropolitan Division	2012	M07	July	27.13
SMU48231043000000008	Texas	Fort Worth-Arlington-Grapevine, TX Metropolitan Division	2012	M06	June	28.42
SMU48231043000000008	Texas	Fort Worth-Arlington-Grapevine, TX Metropolitan Division	2012	M05	May	26.16
SMU48231043000000008	Texas	Fort Worth-Arlington-Grapevine, TX Metropolitan Division	2012	M04	April	26.00
SMU48231043000000008	Texas	Fort Worth-Arlington-Grapevine, TX Metropolitan Division	2012	M03	March	26.34
SMU48231043000000008	Texas	Fort Worth-Arlington-Grapevine, TX Metropolitan Division	2012	M02	February	26.24
SMU48231043000000008	Texas	Fort Worth-Arlington-Grapevine, TX Metropolitan Division	2012	M01	January	25.47
SMU48231043000000008	Texas	Fort Worth-Arlington-Grapevine, TX Metropolitan Division	2011	M12	December	26.34
SMU48231043000000008	Texas	Fort Worth-Arlington-Grapevine, TX Metropolitan Division	2011	M11	November	25.71
SMU48231043000000008	Texas	Fort Worth-Arlington-Grapevine, TX Metropolitan Division	2011	M10	October	25.11
SMU48231043000000008	Texas	Fort Worth-Arlington-Grapevine, TX Metropolitan Division	2011	M09	September	24.39
SMU48231043000000008	Texas	Fort Worth-Arlington-Grapevine, TX Metropolitan Division	2011	M08	August	23.65
SMU48231043000000008	Texas	Fort Worth-Arlington-Grapevine, TX Metropolitan Division	2011	M07	July	23.20
SMU48231043000000008	Texas	Fort Worth-Arlington-Grapevine, TX Metropolitan Division	2011	M06	June	23.44
SMU48231043000000008	Texas	Fort Worth-Arlington-Grapevine, TX Metropolitan Division	2011	M05	May	22.77
SMU48231043000000008	Texas	Fort Worth-Arlington-Grapevine, TX Metropolitan Division	2011	M04	April	22.06
SMU48231043000000008	Texas	Fort Worth-Arlington-Grapevine, TX Metropolitan Division	2011	M03	March	21.27
SMU48231043000000008	Texas	Fort Worth-Arlington-Grapevine, TX Metropolitan Division	2011	M02	February	20.64
SMU48231043000000008	Texas	Fort Worth-Arlington-Grapevine, TX Metropolitan Division	2011	M01	January	19.05
SMU48231043000000008	Texas	Fort Worth-Arlington-Grapevine, TX Metropolitan Division	2010	M12	December	19.19
SMU48231043000000008	Texas	Fort Worth-Arlington-Grapevine, TX Metropolitan Division	2010	M11	November	19.43
SMU48231043000000008	Texas	Fort Worth-Arlington-Grapevine, TX Metropolitan Division	2010	M10	October	19.60
SMU48231043000000008	Texas	Fort Worth-Arlington-Grapevine, TX Metropolitan Division	2010	M09	September	19.49
SMU48231043000000008	Texas	Fort Worth-Arlington-Grapevine, TX Metropolitan Division	2010	M08	August	19.71
SMU48231043000000008	Texas	Fort Worth-Arlington-Grapevine, TX Metropolitan Division	2010	M07	July	19.68
SMU48231043000000008	Texas	Fort Worth-Arlington-Grapevine, TX Metropolitan Division	2010	M06	June	19.95
SMU48231043000000008	Texas	Fort Worth-Arlington-Grapevine, TX Metropolitan Division	2010	M05	May	19.46
SMU48231043000000008	Texas	Fort Worth-Arlington-Grapevine, TX Metropolitan Division	2010	M04	April	19.39
SMU48231043000000008	Texas	Fort Worth-Arlington-Grapevine, TX Metropolitan Division	2010	M03	March	19.57
SMU48231043000000008	Texas	Fort Worth-Arlington-Grapevine, TX Metropolitan Division	2010	M02	February	19.58
SMU48231043000000008	Texas	Fort Worth-Arlington-Grapevine, TX Metropolitan Division	2010	M01	January	19.06
SMU48231043000000008	Texas	Fort Worth-Arlington-Grapevine, TX Metropolitan Division	2009	M12	December	18.97
SMU48231043000000008	Texas	Fort Worth-Arlington-Grapevine, TX Metropolitan Division	2009	M11	November	19.14
SMU48231043000000008	Texas	Fort Worth-Arlington-Grapevine, TX Metropolitan Division	2009	M10	October	19.46
SMU48231043000000008	Texas	Fort Worth-Arlington-Grapevine, TX Metropolitan Division	2009	M09	September	19.18
SMU48231043000000008	Texas	Fort Worth-Arlington-Grapevine, TX Metropolitan Division	2009	M08	August	19.27
SMU48231043000000008	Texas	Fort Worth-Arlington-Grapevine, TX Metropolitan Division	2009	M07	July	19.27
SMU48231043000000008	Texas	Fort Worth-Arlington-Grapevine, TX Metropolitan Division	2009	M06	June	19.30
SMU48231043000000008	Texas	Fort Worth-Arlington-Grapevine, TX Metropolitan Division	2009	M05	May	18.75
SMU48231043000000008	Texas	Fort Worth-Arlington-Grapevine, TX Metropolitan Division	2009	M04	April	18.63
SMU48231043000000008	Texas	Fort Worth-Arlington-Grapevine, TX Metropolitan Division	2009	M03	March	18.75
SMU48231043000000008	Texas	Fort Worth-Arlington-Grapevine, TX Metropolitan Division	2009	M02	February	18.81
SMU48231043000000008	Texas	Fort Worth-Arlington-Grapevine, TX Metropolitan Division	2009	M01	January	18.34
SMU48231043000000008	Texas	Fort Worth-Arlington-Grapevine, TX Metropolitan Division	2008	M12	December	18.41
SMU48231043000000008	Texas	Fort Worth-Arlington-Grapevine, TX Metropolitan Division	2008	M11	November	18.70
SMU48231043000000008	Texas	Fort Worth-Arlington-Grapevine, TX Metropolitan Division	2008	M10	October	18.99
SMU48231043000000008	Texas	Fort Worth-Arlington-Grapevine, TX Metropolitan Division	2008	M09	September	18.74
SMU48231043000000008	Texas	Fort Worth-Arlington-Grapevine, TX Metropolitan Division	2008	M08	August	18.91
SMU48231043000000008	Texas	Fort Worth-Arlington-Grapevine, TX Metropolitan Division	2008	M07	July	19.09
SMU48231043000000008	Texas	Fort Worth-Arlington-Grapevine, TX Metropolitan Division	2008	M06	June	19.10
SMU48231043000000008	Texas	Fort Worth-Arlington-Grapevine, TX Metropolitan Division	2008	M05	May	18.62
SMU48231043000000008	Texas	Fort Worth-Arlington-Grapevine, TX Metropolitan Division	2008	M04	April	18.63
SMU48231043000000008	Texas	Fort Worth-Arlington-Grapevine, TX Metropolitan Division	2008	M03	March	18.75
SMU48231043000000008	Texas	Fort Worth-Arlington-Grapevine, TX Metropolitan Division	2008	M02	February	18.81
SMU48231043000000008	Texas	Fort Worth-Arlington-Grapevine, TX Metropolitan Division	2008	M01	January	18.34
SMU48231043000000008	Texas	Fort Worth-Arlington-Grapevine, TX Metropolitan Division	2007	M12	December	18.41
SMU48231043000000008	Texas	Fort Worth-Arlington-Grapevine, TX Metropolitan Division	2007	M11	November	18.64
SMU48231043000000008	Texas	Fort Worth-Arlington-Grapevine, TX Metropolitan Division	2007	M10	October	18.99
SMU48231043000000008	Texas	Fort Worth-Arlington-Grapevine, TX Metropolitan Division	2007	M09	September	18.94
SMU48231043000000008	Texas	Fort Worth-Arlington-Grapevine, TX Metropolitan Division	2007	M08	August	19.91
SMU48231043000000008	Texas	Fort Worth-Arlington-Grapevine, TX Metropolitan Division	2007	M07	July	19.13
SMU48231043000000008	Texas	Fort Worth-Arlington-Grapevine, TX Metropolitan Division	2007	M06	June	19.38
SMU48231043000000008	Texas	Fort Worth-Arlington-Grapevine, TX Metropolitan Division	2007	M05	May	19.11
SMU48231043000000008	Texas	Fort Worth-Arlington-Grapevine, TX Metropolitan Division	2007	M04	April	18.84
SMU48231043000000008	Texas	Fort Worth-Arlington-Grapevine, TX Metropolitan Division	2007	M03	March	18.99
SMU48231043000000008	Texas	Fort Worth-Arlington-Grapevine, TX Metropolitan Division	2007	M02	February	18.98
SMU48231043000000008	Texas	Fort Worth-Arlington-Grapevine, TX Metropolitan Division	2007	M01	January	18.42
SMU15465203000000008	Hawaii	Urban Honolulu, HI	2025	M12	December	32.99
SMU15465203000000008	Hawaii	Urban Honolulu, HI	2025	M11	November	32.74
SMU15465203000000008	Hawaii	Urban Honolulu, HI	2025	M10	October	31.67
SMU15465203000000008	Hawaii	Urban Honolulu, HI	2025	M09	September	31.36
SMU15465203000000008	Hawaii	Urban Honolulu, HI	2025	M08	August	31.24
SMU15465203000000008	Hawaii	Urban Honolulu, HI	2025	M07	July	30.46
SMU15465203000000008	Hawaii	Urban Honolulu, HI	2025	M06	June	31.28
SMU15465203000000008	Hawaii	Urban Honolulu, HI	2025	M05	May	30.73
SMU15465203000000008	Hawaii	Urban Honolulu, HI	2025	M04	April	31.01
SMU15465203000000008	Hawaii	Urban Honolulu, HI	2025	M03	March	31.79
SMU15465203000000008	Hawaii	Urban Honolulu, HI	2025	M02	February	30.62
SMU15465203000000008	Hawaii	Urban Honolulu, HI	2025	M01	January	31.37
SMU15465203000000008	Hawaii	Urban Honolulu, HI	2024	M12	December	31.32
SMU15465203000000008	Hawaii	Urban Honolulu, HI	2024	M11	November	30.59
SMU15465203000000008	Hawaii	Urban Honolulu, HI	2024	M10	October	30.70
SMU15465203000000008	Hawaii	Urban Honolulu, HI	2024	M09	September	30.90
SMU15465203000000008	Hawaii	Urban Honolulu, HI	2024	M08	August	30.62
SMU15465203000000008	Hawaii	Urban Honolulu, HI	2024	M07	July	30.72
SMU15465203000000008	Hawaii	Urban Honolulu, HI	2024	M06	June	30.11
SMU15465203000000008	Hawaii	Urban Honolulu, HI	2024	M05	May	29.92
SMU15465203000000008	Hawaii	Urban Honolulu, HI	2024	M04	April	29.18
SMU15465203000000008	Hawaii	Urban Honolulu, HI	2024	M03	March	29.54
SMU15465203000000008	Hawaii	Urban Honolulu, HI	2024	M02	February	29.14
SMU15465203000000008	Hawaii	Urban Honolulu, HI	2024	M01	January	28.53
SMU15465203000000008	Hawaii	Urban Honolulu, HI	2023	M12	December	28.73
SMU15465203000000008	Hawaii	Urban Honolulu, HI	2023	M11	November	28.59
SMU15465203000000008	Hawaii	Urban Honolulu, HI	2023	M10	October	28.49
SMU15465203000000008	Hawaii	Urban Honolulu, HI	2023	M09	September	28.24
SMU15465203000000008	Hawaii	Urban Honolulu, HI	2023	M08	August	28.94
SMU15465203000000008	Hawaii	Urban Honolulu, HI	2023	M07	July	28.81
SMU15465203000000008	Hawaii	Urban Honolulu, HI	2023	M06	June	27.97
SMU15465203000000008	Hawaii	Urban Honolulu, HI	2023	M05	May	28.30
SMU15465203000000008	Hawaii	Urban Honolulu, HI	2023	M04	April	27.53
SMU15465203000000008	Hawaii	Urban Honolulu, HI	2023	M03	March	27.58
SMU15465203000000008	Hawaii	Urban Honolulu, HI	2023	M02	February	27.38
SMU15465203000000008	Hawaii	Urban Honolulu, HI	2023	M01	January	27.62
SMU15465203000000008	Hawaii	Urban Honolulu, HI	2022	M12	December	27.84
SMU15465203000000008	Hawaii	Urban Honolulu, HI	2022	M11	November	27.77
SMU15465203000000008	Hawaii	Urban Honolulu, HI	2022	M10	October	26.93
SMU15465203000000008	Hawaii	Urban Honolulu, HI	2022	M09	September	26.63
SMU15465203000000008	Hawaii	Urban Honolulu, HI	2022	M08	August	26.49
SMU15465203000000008	Hawaii	Urban Honolulu, HI	2022	M07	July	25.89
SMU15465203000000008	Hawaii	Urban Honolulu, HI	2022	M06	June	24.97
SMU15465203000000008	Hawaii	Urban Honolulu, HI	2022	M05	May	25.35
SMU15465203000000008	Hawaii	Urban Honolulu, HI	2022	M04	April	25.71
SMU15465203000000008	Hawaii	Urban Honolulu, HI	2022	M03	March	25.45
SMU15465203000000008	Hawaii	Urban Honolulu, HI	2022	M02	February	25.31
SMU15465203000000008	Hawaii	Urban Honolulu, HI	2022	M01	January	23.55
SMU15465203000000008	Hawaii	Urban Honolulu, HI	2021	M12	December	23.29
SMU15465203000000008	Hawaii	Urban Honolulu, HI	2021	M11	November	23.04
SMU15465203000000008	Hawaii	Urban Honolulu, HI	2021	M10	October	22.74
SMU15465203000000008	Hawaii	Urban Honolulu, HI	2021	M09	September	23.28
SMU15465203000000008	Hawaii	Urban Honolulu, HI	2021	M08	August	22.83
SMU15465203000000008	Hawaii	Urban Honolulu, HI	2021	M07	July	21.72
SMU15465203000000008	Hawaii	Urban Honolulu, HI	2021	M06	June	21.07
SMU15465203000000008	Hawaii	Urban Honolulu, HI	2021	M05	May	22.04
SMU15465203000000008	Hawaii	Urban Honolulu, HI	2021	M04	April	22.60
SMU15465203000000008	Hawaii	Urban Honolulu, HI	2021	M03	March	21.10
SMU15465203000000008	Hawaii	Urban Honolulu, HI	2021	M02	February	21.74
SMU15465203000000008	Hawaii	Urban Honolulu, HI	2021	M01	January	21.45
SMU15465203000000008	Hawaii	Urban Honolulu, HI	2020	M12	December	23.96
SMU15465203000000008	Hawaii	Urban Honolulu, HI	2020	M11	November	23.91
SMU15465203000000008	Hawaii	Urban Honolulu, HI	2020	M10	October	24.52
SMU15465203000000008	Hawaii	Urban Honolulu, HI	2020	M09	September	24.12
SMU15465203000000008	Hawaii	Urban Honolulu, HI	2020	M08	August	24.39
SMU15465203000000008	Hawaii	Urban Honolulu, HI	2020	M07	July	24.53
SMU15465203000000008	Hawaii	Urban Honolulu, HI	2020	M06	June	23.71
SMU15465203000000008	Hawaii	Urban Honolulu, HI	2020	M05	May	24.67
SMU15465203000000008	Hawaii	Urban Honolulu, HI	2020	M04	April	25.32
SMU15465203000000008	Hawaii	Urban Honolulu, HI	2020	M03	March	22.83
SMU15465203000000008	Hawaii	Urban Honolulu, HI	2020	M02	February	22.58
SMU15465203000000008	Hawaii	Urban Honolulu, HI	2020	M01	January	22.36
SMU15465203000000008	Hawaii	Urban Honolulu, HI	2019	M12	December	21.84
SMU15465203000000008	Hawaii	Urban Honolulu, HI	2019	M11	November	21.81
SMU15465203000000008	Hawaii	Urban Honolulu, HI	2019	M10	October	21.65
SMU15465203000000008	Hawaii	Urban Honolulu, HI	2019	M09	September	21.79
SMU15465203000000008	Hawaii	Urban Honolulu, HI	2019	M08	August	21.56
SMU15465203000000008	Hawaii	Urban Honolulu, HI	2019	M07	July	21.57
SMU15465203000000008	Hawaii	Urban Honolulu, HI	2019	M06	June	21.13
SMU15465203000000008	Hawaii	Urban Honolulu, HI	2019	M05	May	21.53
SMU15465203000000008	Hawaii	Urban Honolulu, HI	2019	M04	April	21.28
SMU15465203000000008	Hawaii	Urban Honolulu, HI	2019	M03	March	21.71
SMU15465203000000008	Hawaii	Urban Honolulu, HI	2019	M02	February	20.83
SMU15465203000000008	Hawaii	Urban Honolulu, HI	2019	M01	January	21.01
SMU15465203000000008	Hawaii	Urban Honolulu, HI	2018	M12	December	21.04
SMU15465203000000008	Hawaii	Urban Honolulu, HI	2018	M11	November	20.99
SMU15465203000000008	Hawaii	Urban Honolulu, HI	2018	M10	October	20.77
SMU15465203000000008	Hawaii	Urban Honolulu, HI	2018	M09	September	20.27
SMU15465203000000008	Hawaii	Urban Honolulu, HI	2018	M08	August	20.41
SMU15465203000000008	Hawaii	Urban Honolulu, HI	2018	M07	July	19.58
SMU15465203000000008	Hawaii	Urban Honolulu, HI	2018	M06	June	19.75
SMU15465203000000008	Hawaii	Urban Honolulu, HI	2018	M05	May	19.46
SMU15465203000000008	Hawaii	Urban Honolulu, HI	2018	M04	April	19.01
SMU15465203000000008	Hawaii	Urban Honolulu, HI	2018	M03	March	19.37
SMU15465203000000008	Hawaii	Urban Honolulu, HI	2018	M02	February	18.59
SMU15465203000000008	Hawaii	Urban Honolulu, HI	2018	M01	January	18.98
SMU15465203000000008	Hawaii	Urban Honolulu, HI	2017	M12	December	19.34
SMU15465203000000008	Hawaii	Urban Honolulu, HI	2017	M11	November	19.25
SMU15465203000000008	Hawaii	Urban Honolulu, HI	2017	M10	October	19.21
SMU15465203000000008	Hawaii	Urban Honolulu, HI	2017	M09	September	19.47
SMU15465203000000008	Hawaii	Urban Honolulu, HI	2017	M08	August	19.35
SMU15465203000000008	Hawaii	Urban Honolulu, HI	2017	M07	July	19.20
SMU15465203000000008	Hawaii	Urban Honolulu, HI	2017	M06	June	19.02
SMU15465203000000008	Hawaii	Urban Honolulu, HI	2017	M05	May	19.26
SMU15465203000000008	Hawaii	Urban Honolulu, HI	2017	M04	April	19.50
SMU15465203000000008	Hawaii	Urban Honolulu, HI	2017	M03	March	20.82
SMU15465203000000008	Hawaii	Urban Honolulu, HI	2017	M02	February	21.17
SMU15465203000000008	Hawaii	Urban Honolulu, HI	2017	M01	January	20.94
SMU15465203000000008	Hawaii	Urban Honolulu, HI	2016	M12	December	20.98
SMU15465203000000008	Hawaii	Urban Honolulu, HI	2016	M11	November	21.01
SMU15465203000000008	Hawaii	Urban Honolulu, HI	2016	M10	October	21.12
SMU15465203000000008	Hawaii	Urban Honolulu, HI	2016	M09	September	21.36
SMU15465203000000008	Hawaii	Urban Honolulu, HI	2016	M08	August	21.56
SMU15465203000000008	Hawaii	Urban Honolulu, HI	2016	M07	July	21.46
SMU15465203000000008	Hawaii	Urban Honolulu, HI	2016	M06	June	21.23
SMU15465203000000008	Hawaii	Urban Honolulu, HI	2016	M05	May	21.19
SMU15465203000000008	Hawaii	Urban Honolulu, HI	2016	M04	April	21.12
SMU15465203000000008	Hawaii	Urban Honolulu, HI	2016	M03	March	20.98
SMU15465203000000008	Hawaii	Urban Honolulu, HI	2016	M02	February	21.12
SMU15465203000000008	Hawaii	Urban Honolulu, HI	2016	M01	January	20.19
SMU15465203000000008	Hawaii	Urban Honolulu, HI	2015	M12	December	20.76
SMU15465203000000008	Hawaii	Urban Honolulu, HI	2015	M11	November	20.72
SMU15465203000000008	Hawaii	Urban Honolulu, HI	2015	M10	October	20.30
SMU15465203000000008	Hawaii	Urban Honolulu, HI	2015	M09	September	20.44
SMU15465203000000008	Hawaii	Urban Honolulu, HI	2015	M08	August	20.68
SMU15465203000000008	Hawaii	Urban Honolulu, HI	2015	M07	July	20.21
SMU15465203000000008	Hawaii	Urban Honolulu, HI	2015	M06	June	19.59
SMU15465203000000008	Hawaii	Urban Honolulu, HI	2015	M05	May	19.79
SMU15465203000000008	Hawaii	Urban Honolulu, HI	2015	M04	April	19.80
SMU15465203000000008	Hawaii	Urban Honolulu, HI	2015	M03	March	19.59
SMU15465203000000008	Hawaii	Urban Honolulu, HI	2015	M02	February	18.69
SMU15465203000000008	Hawaii	Urban Honolulu, HI	2015	M01	January	18.64
SMU15465203000000008	Hawaii	Urban Honolulu, HI	2014	M12	December	17.48
SMU15465203000000008	Hawaii	Urban Honolulu, HI	2014	M11	November	17.52
SMU15465203000000008	Hawaii	Urban Honolulu, HI	2014	M10	October	17.34
SMU15465203000000008	Hawaii	Urban Honolulu, HI	2014	M09	September	17.70
SMU15465203000000008	Hawaii	Urban Honolulu, HI	2014	M08	August	17.78
SMU15465203000000008	Hawaii	Urban Honolulu, HI	2014	M07	July	17.87
SMU15465203000000008	Hawaii	Urban Honolulu, HI	2014	M06	June	17.95
SMU15465203000000008	Hawaii	Urban Honolulu, HI	2014	M05	May	18.33
SMU15465203000000008	Hawaii	Urban Honolulu, HI	2014	M04	April	18.74
SMU15465203000000008	Hawaii	Urban Honolulu, HI	2014	M03	March	18.48
SMU15465203000000008	Hawaii	Urban Honolulu, HI	2014	M02	February	18.71
SMU15465203000000008	Hawaii	Urban Honolulu, HI	2014	M01	January	18.54
SMU15465203000000008	Hawaii	Urban Honolulu, HI	2013	M12	December	18.93
SMU15465203000000008	Hawaii	Urban Honolulu, HI	2013	M11	November	19.15
SMU15465203000000008	Hawaii	Urban Honolulu, HI	2013	M10	October	19.51
SMU15465203000000008	Hawaii	Urban Honolulu, HI	2013	M09	September	19.40
SMU15465203000000008	Hawaii	Urban Honolulu, HI	2013	M08	August	19.23
SMU15465203000000008	Hawaii	Urban Honolulu, HI	2013	M07	July	18.61
SMU15465203000000008	Hawaii	Urban Honolulu, HI	2013	M06	June	18.61
SMU15465203000000008	Hawaii	Urban Honolulu, HI	2013	M05	May	19.27
SMU15465203000000008	Hawaii	Urban Honolulu, HI	2013	M04	April	19.41
SMU15465203000000008	Hawaii	Urban Honolulu, HI	2013	M03	March	19.69
SMU15465203000000008	Hawaii	Urban Honolulu, HI	2013	M02	February	19.76
SMU15465203000000008	Hawaii	Urban Honolulu, HI	2013	M01	January	19.46
SMU15465203000000008	Hawaii	Urban Honolulu, HI	2012	M12	December	19.50
SMU15465203000000008	Hawaii	Urban Honolulu, HI	2012	M11	November	19.83
SMU15465203000000008	Hawaii	Urban Honolulu, HI	2012	M10	October	18.78
SMU15465203000000008	Hawaii	Urban Honolulu, HI	2012	M09	September	19.07
SMU15465203000000008	Hawaii	Urban Honolulu, HI	2012	M08	August	18.90
SMU15465203000000008	Hawaii	Urban Honolulu, HI	2012	M07	July	19.03
SMU15465203000000008	Hawaii	Urban Honolulu, HI	2012	M06	June	19.24
SMU15465203000000008	Hawaii	Urban Honolulu, HI	2012	M05	May	19.49
SMU15465203000000008	Hawaii	Urban Honolulu, HI	2012	M04	April	19.44
SMU15465203000000008	Hawaii	Urban Honolulu, HI	2012	M03	March	20.21
SMU15465203000000008	Hawaii	Urban Honolulu, HI	2012	M02	February	20.18
SMU15465203000000008	Hawaii	Urban Honolulu, HI	2012	M01	January	19.74
SMU15465203000000008	Hawaii	Urban Honolulu, HI	2011	M12	December	19.52
SMU15465203000000008	Hawaii	Urban Honolulu, HI	2011	M11	November	19.26
SMU15465203000000008	Hawaii	Urban Honolulu, HI	2011	M10	October	19.41
SMU15465203000000008	Hawaii	Urban Honolulu, HI	2011	M09	September	18.97
SMU15465203000000008	Hawaii	Urban Honolulu, HI	2011	M08	August	18.80
SMU15465203000000008	Hawaii	Urban Honolulu, HI	2011	M07	July	18.78
SMU15465203000000008	Hawaii	Urban Honolulu, HI	2011	M06	June	18.78
SMU15465203000000008	Hawaii	Urban Honolulu, HI	2011	M05	May	18.45
SMU15465203000000008	Hawaii	Urban Honolulu, HI	2011	M04	April	18.32
SMU15465203000000008	Hawaii	Urban Honolulu, HI	2011	M03	March	19.05
SMU15465203000000008	Hawaii	Urban Honolulu, HI	2011	M02	February	18.34
SMU15465203000000008	Hawaii	Urban Honolulu, HI	2011	M01	January	18.83
SMU15465203000000008	Hawaii	Urban Honolulu, HI	2010	M12	December	18.36
SMU15465203000000008	Hawaii	Urban Honolulu, HI	2010	M11	November	18.07
SMU15465203000000008	Hawaii	Urban Honolulu, HI	2010	M10	October	18.28
SMU15465203000000008	Hawaii	Urban Honolulu, HI	2010	M09	September	18.69
SMU15465203000000008	Hawaii	Urban Honolulu, HI	2010	M08	August	18.55
SMU15465203000000008	Hawaii	Urban Honolulu, HI	2010	M07	July	18.47
SMU15465203000000008	Hawaii	Urban Honolulu, HI	2010	M06	June	18.73
SMU15465203000000008	Hawaii	Urban Honolulu, HI	2010	M05	May	18.50
SMU15465203000000008	Hawaii	Urban Honolulu, HI	2010	M04	April	18.70
SMU15465203000000008	Hawaii	Urban Honolulu, HI	2010	M03	March	18.47
SMU15465203000000008	Hawaii	Urban Honolulu, HI	2010	M02	February	18.56
SMU15465203000000008	Hawaii	Urban Honolulu, HI	2010	M01	January	18.68
SMU15465203000000008	Hawaii	Urban Honolulu, HI	2009	M12	December	18.54
SMU15465203000000008	Hawaii	Urban Honolulu, HI	2009	M11	November	18.54
SMU15465203000000008	Hawaii	Urban Honolulu, HI	2009	M10	October	18.14
SMU15465203000000008	Hawaii	Urban Honolulu, HI	2009	M09	September	18.58
SMU15465203000000008	Hawaii	Urban Honolulu, HI	2009	M08	August	18.42
SMU15465203000000008	Hawaii	Urban Honolulu, HI	2009	M07	July	18.60
SMU15465203000000008	Hawaii	Urban Honolulu, HI	2009	M06	June	18.80
SMU15465203000000008	Hawaii	Urban Honolulu, HI	2009	M05	May	19.03
SMU15465203000000008	Hawaii	Urban Honolulu, HI	2009	M04	April	19.25
SMU15465203000000008	Hawaii	Urban Honolulu, HI	2009	M03	March	18.45
SMU15465203000000008	Hawaii	Urban Honolulu, HI	2009	M02	February	18.58
SMU15465203000000008	Hawaii	Urban Honolulu, HI	2009	M01	January	18.83
SMU15465203000000008	Hawaii	Urban Honolulu, HI	2008	M12	December	18.85
SMU15465203000000008	Hawaii	Urban Honolulu, HI	2008	M11	November	18.78
SMU15465203000000008	Hawaii	Urban Honolulu, HI	2008	M10	October	18.54
SMU15465203000000008	Hawaii	Urban Honolulu, HI	2008	M09	September	18.78
SMU15465203000000008	Hawaii	Urban Honolulu, HI	2008	M08	August	18.68
SMU15465203000000008	Hawaii	Urban Honolulu, HI	2008	M07	July	18.81
SMU15465203000000008	Hawaii	Urban Honolulu, HI	2008	M06	June	19.05
SMU15465203000000008	Hawaii	Urban Honolulu, HI	2008	M05	May	18.95
SMU15465203000000008	Hawaii	Urban Honolulu, HI	2008	M04	April	19.02
SMU15465203000000008	Hawaii	Urban Honolulu, HI	2008	M03	March	18.71
SMU15465203000000008	Hawaii	Urban Honolulu, HI	2008	M02	February	18.45
SMU15465203000000008	Hawaii	Urban Honolulu, HI	2008	M01	January	18.06
SMU15465203000000008	Hawaii	Urban Honolulu, HI	2007	M12	December	18.51
SMU15465203000000008	Hawaii	Urban Honolulu, HI	2007	M11	November	18.83
SMU15465203000000008	Hawaii	Urban Honolulu, HI	2007	M10	October	18.86
SMU15465203000000008	Hawaii	Urban Honolulu, HI	2007	M09	September	18.06
SMU15465203000000008	Hawaii	Urban Honolulu, HI	2007	M08	August	18.02
SMU15465203000000008	Hawaii	Urban Honolulu, HI	2007	M07	July	18.12
SMU15465203000000008	Hawaii	Urban Honolulu, HI	2007	M06	June	17.96
SMU15465203000000008	Hawaii	Urban Honolulu, HI	2007	M05	May	17.95
SMU15465203000000008	Hawaii	Urban Honolulu, HI	2007	M04	April	17.56
SMU15465203000000008	Hawaii	Urban Honolulu, HI	2007	M03	March	17.34
SMU15465203000000008	Hawaii	Urban Honolulu, HI	2007	M02	February	17.10
SMU15465203000000008	Hawaii	Urban Honolulu, HI	2007	M01	January	16.68
SMU48191243000000008	Texas	Dallas-Plano-Irving, TX Metropolitan Division	2025	M12	December	34.34
SMU48191243000000008	Texas	Dallas-Plano-Irving, TX Metropolitan Division	2025	M11	November	34.26
SMU48191243000000008	Texas	Dallas-Plano-Irving, TX Metropolitan Division	2025	M10	October	34.00
SMU48191243000000008	Texas	Dallas-Plano-Irving, TX Metropolitan Division	2025	M09	September	33.14
SMU48191243000000008	Texas	Dallas-Plano-Irving, TX Metropolitan Division	2025	M08	August	32.43
SMU48191243000000008	Texas	Dallas-Plano-Irving, TX Metropolitan Division	2025	M07	July	31.49
SMU48191243000000008	Texas	Dallas-Plano-Irving, TX Metropolitan Division	2025	M06	June	31.76
SMU48191243000000008	Texas	Dallas-Plano-Irving, TX Metropolitan Division	2025	M05	May	31.37
SMU48191243000000008	Texas	Dallas-Plano-Irving, TX Metropolitan Division	2025	M04	April	32.11
SMU48191243000000008	Texas	Dallas-Plano-Irving, TX Metropolitan Division	2025	M03	March	32.13
SMU48191243000000008	Texas	Dallas-Plano-Irving, TX Metropolitan Division	2025	M02	February	31.81
SMU48191243000000008	Texas	Dallas-Plano-Irving, TX Metropolitan Division	2025	M01	January	32.25
SMU48191243000000008	Texas	Dallas-Plano-Irving, TX Metropolitan Division	2024	M12	December	31.56
SMU48191243000000008	Texas	Dallas-Plano-Irving, TX Metropolitan Division	2024	M11	November	31.42
SMU48191243000000008	Texas	Dallas-Plano-Irving, TX Metropolitan Division	2024	M10	October	31.29
SMU48191243000000008	Texas	Dallas-Plano-Irving, TX Metropolitan Division	2024	M09	September	30.50
SMU48191243000000008	Texas	Dallas-Plano-Irving, TX Metropolitan Division	2024	M08	August	30.75
SMU48191243000000008	Texas	Dallas-Plano-Irving, TX Metropolitan Division	2024	M07	July	30.81
SMU48191243000000008	Texas	Dallas-Plano-Irving, TX Metropolitan Division	2024	M06	June	30.22
SMU48191243000000008	Texas	Dallas-Plano-Irving, TX Metropolitan Division	2024	M05	May	29.93
SMU48191243000000008	Texas	Dallas-Plano-Irving, TX Metropolitan Division	2024	M04	April	29.13
SMU48191243000000008	Texas	Dallas-Plano-Irving, TX Metropolitan Division	2024	M03	March	28.61
SMU48191243000000008	Texas	Dallas-Plano-Irving, TX Metropolitan Division	2024	M02	February	28.36
SMU48191243000000008	Texas	Dallas-Plano-Irving, TX Metropolitan Division	2024	M01	January	27.87
SMU48191243000000008	Texas	Dallas-Plano-Irving, TX Metropolitan Division	2023	M12	December	27.46
SMU48191243000000008	Texas	Dallas-Plano-Irving, TX Metropolitan Division	2023	M11	November	27.41
SMU48191243000000008	Texas	Dallas-Plano-Irving, TX Metropolitan Division	2023	M10	October	27.09
SMU48191243000000008	Texas	Dallas-Plano-Irving, TX Metropolitan Division	2023	M09	September	26.83
SMU48191243000000008	Texas	Dallas-Plano-Irving, TX Metropolitan Division	2023	M08	August	26.83
SMU48191243000000008	Texas	Dallas-Plano-Irving, TX Metropolitan Division	2023	M07	July	26.91
SMU48191243000000008	Texas	Dallas-Plano-Irving, TX Metropolitan Division	2023	M06	June	26.74
SMU48191243000000008	Texas	Dallas-Plano-Irving, TX Metropolitan Division	2023	M05	May	26.84
SMU48191243000000008	Texas	Dallas-Plano-Irving, TX Metropolitan Division	2023	M04	April	26.78
SMU48191243000000008	Texas	Dallas-Plano-Irving, TX Metropolitan Division	2023	M03	March	26.28
SMU48191243000000008	Texas	Dallas-Plano-Irving, TX Metropolitan Division	2023	M02	February	26.24
SMU48191243000000008	Texas	Dallas-Plano-Irving, TX Metropolitan Division	2023	M01	January	26.16
SMU48191243000000008	Texas	Dallas-Plano-Irving, TX Metropolitan Division	2022	M12	December	25.82
SMU48191243000000008	Texas	Dallas-Plano-Irving, TX Metropolitan Division	2022	M11	November	25.29
SMU48191243000000008	Texas	Dallas-Plano-Irving, TX Metropolitan Division	2022	M10	October	25.71
SMU48191243000000008	Texas	Dallas-Plano-Irving, TX Metropolitan Division	2022	M09	September	25.71
SMU48191243000000008	Texas	Dallas-Plano-Irving, TX Metropolitan Division	2022	M08	August	25.94
SMU48191243000000008	Texas	Dallas-Plano-Irving, TX Metropolitan Division	2022	M07	July	26.82
SMU48191243000000008	Texas	Dallas-Plano-Irving, TX Metropolitan Division	2022	M06	June	26.84
SMU48191243000000008	Texas	Dallas-Plano-Irving, TX Metropolitan Division	2022	M05	May	27.53
SMU48191243000000008	Texas	Dallas-Plano-Irving, TX Metropolitan Division	2022	M04	April	27.90
SMU48191243000000008	Texas	Dallas-Plano-Irving, TX Metropolitan Division	2022	M03	March	27.93
SMU48191243000000008	Texas	Dallas-Plano-Irving, TX Metropolitan Division	2022	M02	February	27.92
SMU48191243000000008	Texas	Dallas-Plano-Irving, TX Metropolitan Division	2022	M01	January	27.64
SMU48191243000000008	Texas	Dallas-Plano-Irving, TX Metropolitan Division	2021	M12	December	27.50
SMU48191243000000008	Texas	Dallas-Plano-Irving, TX Metropolitan Division	2021	M11	November	26.89
SMU48191243000000008	Texas	Dallas-Plano-Irving, TX Metropolitan Division	2021	M10	October	27.04
SMU48191243000000008	Texas	Dallas-Plano-Irving, TX Metropolitan Division	2021	M09	September	26.38
SMU48191243000000008	Texas	Dallas-Plano-Irving, TX Metropolitan Division	2021	M08	August	26.93
SMU48191243000000008	Texas	Dallas-Plano-Irving, TX Metropolitan Division	2021	M07	July	27.32
SMU48191243000000008	Texas	Dallas-Plano-Irving, TX Metropolitan Division	2021	M06	June	26.91
SMU48191243000000008	Texas	Dallas-Plano-Irving, TX Metropolitan Division	2021	M05	May	26.63
SMU48191243000000008	Texas	Dallas-Plano-Irving, TX Metropolitan Division	2021	M04	April	26.10
SMU48191243000000008	Texas	Dallas-Plano-Irving, TX Metropolitan Division	2021	M03	March	25.65
SMU48191243000000008	Texas	Dallas-Plano-Irving, TX Metropolitan Division	2021	M02	February	24.87
SMU48191243000000008	Texas	Dallas-Plano-Irving, TX Metropolitan Division	2021	M01	January	24.62
SMU48191243000000008	Texas	Dallas-Plano-Irving, TX Metropolitan Division	2020	M12	December	24.30
SMU48191243000000008	Texas	Dallas-Plano-Irving, TX Metropolitan Division	2020	M11	November	24.29
SMU48191243000000008	Texas	Dallas-Plano-Irving, TX Metropolitan Division	2020	M10	October	24.87
SMU48191243000000008	Texas	Dallas-Plano-Irving, TX Metropolitan Division	2020	M09	September	24.67
SMU48191243000000008	Texas	Dallas-Plano-Irving, TX Metropolitan Division	2020	M08	August	24.14
SMU48191243000000008	Texas	Dallas-Plano-Irving, TX Metropolitan Division	2020	M07	July	24.27
SMU48191243000000008	Texas	Dallas-Plano-Irving, TX Metropolitan Division	2020	M06	June	23.48
SMU48191243000000008	Texas	Dallas-Plano-Irving, TX Metropolitan Division	2020	M05	May	23.86
SMU48191243000000008	Texas	Dallas-Plano-Irving, TX Metropolitan Division	2020	M04	April	23.65
SMU48191243000000008	Texas	Dallas-Plano-Irving, TX Metropolitan Division	2020	M03	March	23.90
SMU48191243000000008	Texas	Dallas-Plano-Irving, TX Metropolitan Division	2020	M02	February	23.67
SMU48191243000000008	Texas	Dallas-Plano-Irving, TX Metropolitan Division	2020	M01	January	24.05
SMU48191243000000008	Texas	Dallas-Plano-Irving, TX Metropolitan Division	2019	M12	December	24.29
SMU48191243000000008	Texas	Dallas-Plano-Irving, TX Metropolitan Division	2019	M11	November	23.79
SMU48191243000000008	Texas	Dallas-Plano-Irving, TX Metropolitan Division	2019	M10	October	23.45
SMU48191243000000008	Texas	Dallas-Plano-Irving, TX Metropolitan Division	2019	M09	September	23.06
SMU48191243000000008	Texas	Dallas-Plano-Irving, TX Metropolitan Division	2019	M08	August	23.34
SMU48191243000000008	Texas	Dallas-Plano-Irving, TX Metropolitan Division	2019	M07	July	22.91
SMU48191243000000008	Texas	Dallas-Plano-Irving, TX Metropolitan Division	2019	M06	June	23.05
SMU48191243000000008	Texas	Dallas-Plano-Irving, TX Metropolitan Division	2019	M05	May	22.79
SMU48191243000000008	Texas	Dallas-Plano-Irving, TX Metropolitan Division	2019	M04	April	22.69
SMU48191243000000008	Texas	Dallas-Plano-Irving, TX Metropolitan Division	2019	M03	March	22.56
SMU48191243000000008	Texas	Dallas-Plano-Irving, TX Metropolitan Division	2019	M02	February	22.69
SMU48191243000000008	Texas	Dallas-Plano-Irving, TX Metropolitan Division	2019	M01	January	22.67
SMU48191243000000008	Texas	Dallas-Plano-Irving, TX Metropolitan Division	2018	M12	December	22.41
SMU48191243000000008	Texas	Dallas-Plano-Irving, TX Metropolitan Division	2018	M11	November	22.53
SMU48191243000000008	Texas	Dallas-Plano-Irving, TX Metropolitan Division	2018	M10	October	22.92
SMU48191243000000008	Texas	Dallas-Plano-Irving, TX Metropolitan Division	2018	M09	September	22.98
SMU48191243000000008	Texas	Dallas-Plano-Irving, TX Metropolitan Division	2018	M08	August	22.98
SMU48191243000000008	Texas	Dallas-Plano-Irving, TX Metropolitan Division	2018	M07	July	23.20
SMU48191243000000008	Texas	Dallas-Plano-Irving, TX Metropolitan Division	2018	M06	June	23.44
SMU48191243000000008	Texas	Dallas-Plano-Irving, TX Metropolitan Division	2018	M05	May	23.30
SMU48191243000000008	Texas	Dallas-Plano-Irving, TX Metropolitan Division	2018	M04	April	22.88
SMU48191243000000008	Texas	Dallas-Plano-Irving, TX Metropolitan Division	2018	M03	March	22.72
SMU48191243000000008	Texas	Dallas-Plano-Irving, TX Metropolitan Division	2018	M02	February	23.11
SMU48191243000000008	Texas	Dallas-Plano-Irving, TX Metropolitan Division	2018	M01	January	22.91
SMU48191243000000008	Texas	Dallas-Plano-Irving, TX Metropolitan Division	2017	M12	December	23.51
SMU48191243000000008	Texas	Dallas-Plano-Irving, TX Metropolitan Division	2017	M11	November	23.72
SMU48191243000000008	Texas	Dallas-Plano-Irving, TX Metropolitan Division	2017	M10	October	23.92
SMU48191243000000008	Texas	Dallas-Plano-Irving, TX Metropolitan Division	2017	M09	September	23.38
SMU48191243000000008	Texas	Dallas-Plano-Irving, TX Metropolitan Division	2017	M08	August	23.53
SMU48191243000000008	Texas	Dallas-Plano-Irving, TX Metropolitan Division	2017	M07	July	23.58
SMU48191243000000008	Texas	Dallas-Plano-Irving, TX Metropolitan Division	2017	M06	June	23.33
SMU48191243000000008	Texas	Dallas-Plano-Irving, TX Metropolitan Division	2017	M05	May	23.12
SMU48191243000000008	Texas	Dallas-Plano-Irving, TX Metropolitan Division	2017	M04	April	22.72
SMU48191243000000008	Texas	Dallas-Plano-Irving, TX Metropolitan Division	2017	M03	March	22.45
SMU48191243000000008	Texas	Dallas-Plano-Irving, TX Metropolitan Division	2017	M02	February	22.49
SMU48191243000000008	Texas	Dallas-Plano-Irving, TX Metropolitan Division	2017	M01	January	22.41
SMU48191243000000008	Texas	Dallas-Plano-Irving, TX Metropolitan Division	2016	M12	December	22.89
SMU48191243000000008	Texas	Dallas-Plano-Irving, TX Metropolitan Division	2016	M11	November	22.90
SMU48191243000000008	Texas	Dallas-Plano-Irving, TX Metropolitan Division	2016	M10	October	22.93
SMU48191243000000008	Texas	Dallas-Plano-Irving, TX Metropolitan Division	2016	M09	September	23.21
SMU48191243000000008	Texas	Dallas-Plano-Irving, TX Metropolitan Division	2016	M08	August	23.17
SMU48191243000000008	Texas	Dallas-Plano-Irving, TX Metropolitan Division	2016	M07	July	22.73
SMU48191243000000008	Texas	Dallas-Plano-Irving, TX Metropolitan Division	2016	M06	June	22.82
SMU48191243000000008	Texas	Dallas-Plano-Irving, TX Metropolitan Division	2016	M05	May	22.56
SMU48191243000000008	Texas	Dallas-Plano-Irving, TX Metropolitan Division	2016	M04	April	22.49
SMU48191243000000008	Texas	Dallas-Plano-Irving, TX Metropolitan Division	2016	M03	March	22.56
SMU48191243000000008	Texas	Dallas-Plano-Irving, TX Metropolitan Division	2016	M02	February	22.89
SMU48191243000000008	Texas	Dallas-Plano-Irving, TX Metropolitan Division	2016	M01	January	24.22
SMU48191243000000008	Texas	Dallas-Plano-Irving, TX Metropolitan Division	2015	M12	December	24.28
SMU48191243000000008	Texas	Dallas-Plano-Irving, TX Metropolitan Division	2015	M11	November	23.59
SMU48191243000000008	Texas	Dallas-Plano-Irving, TX Metropolitan Division	2015	M10	October	23.46
SMU48191243000000008	Texas	Dallas-Plano-Irving, TX Metropolitan Division	2015	M09	September	23.16
SMU48191243000000008	Texas	Dallas-Plano-Irving, TX Metropolitan Division	2015	M08	August	22.97
SMU48191243000000008	Texas	Dallas-Plano-Irving, TX Metropolitan Division	2015	M07	July	22.79
SMU48191243000000008	Texas	Dallas-Plano-Irving, TX Metropolitan Division	2015	M06	June	22.64
SMU48191243000000008	Texas	Dallas-Plano-Irving, TX Metropolitan Division	2015	M05	May	22.55
SMU48191243000000008	Texas	Dallas-Plano-Irving, TX Metropolitan Division	2015	M04	April	22.42
SMU48191243000000008	Texas	Dallas-Plano-Irving, TX Metropolitan Division	2015	M03	March	21.88
SMU48191243000000008	Texas	Dallas-Plano-Irving, TX Metropolitan Division	2015	M02	February	21.87
SMU48191243000000008	Texas	Dallas-Plano-Irving, TX Metropolitan Division	2015	M01	January	21.32
SMU48191243000000008	Texas	Dallas-Plano-Irving, TX Metropolitan Division	2014	M12	December	21.29
SMU48191243000000008	Texas	Dallas-Plano-Irving, TX Metropolitan Division	2014	M11	November	21.42
SMU48191243000000008	Texas	Dallas-Plano-Irving, TX Metropolitan Division	2014	M10	October	21.55
SMU48191243000000008	Texas	Dallas-Plano-Irving, TX Metropolitan Division	2014	M09	September	21.71
SMU48191243000000008	Texas	Dallas-Plano-Irving, TX Metropolitan Division	2014	M08	August	21.67
SMU48191243000000008	Texas	Dallas-Plano-Irving, TX Metropolitan Division	2014	M07	July	21.86
SMU48191243000000008	Texas	Dallas-Plano-Irving, TX Metropolitan Division	2014	M06	June	21.75
SMU48191243000000008	Texas	Dallas-Plano-Irving, TX Metropolitan Division	2014	M05	May	21.06
SMU48191243000000008	Texas	Dallas-Plano-Irving, TX Metropolitan Division	2014	M04	April	21.30
SMU48191243000000008	Texas	Dallas-Plano-Irving, TX Metropolitan Division	2014	M03	March	21.27
SMU48191243000000008	Texas	Dallas-Plano-Irving, TX Metropolitan Division	2014	M02	February	21.24
SMU48191243000000008	Texas	Dallas-Plano-Irving, TX Metropolitan Division	2014	M01	January	21.08
SMU48191243000000008	Texas	Dallas-Plano-Irving, TX Metropolitan Division	2013	M12	December	20.94
SMU48191243000000008	Texas	Dallas-Plano-Irving, TX Metropolitan Division	2013	M11	November	20.93
SMU48191243000000008	Texas	Dallas-Plano-Irving, TX Metropolitan Division	2013	M10	October	20.72
SMU48191243000000008	Texas	Dallas-Plano-Irving, TX Metropolitan Division	2013	M09	September	20.74
SMU48191243000000008	Texas	Dallas-Plano-Irving, TX Metropolitan Division	2013	M08	August	20.83
SMU48191243000000008	Texas	Dallas-Plano-Irving, TX Metropolitan Division	2013	M07	July	20.14
SMU48191243000000008	Texas	Dallas-Plano-Irving, TX Metropolitan Division	2013	M06	June	20.16
SMU48191243000000008	Texas	Dallas-Plano-Irving, TX Metropolitan Division	2013	M05	May	20.38
SMU48191243000000008	Texas	Dallas-Plano-Irving, TX Metropolitan Division	2013	M04	April	20.30
SMU48191243000000008	Texas	Dallas-Plano-Irving, TX Metropolitan Division	2013	M03	March	20.27
SMU48191243000000008	Texas	Dallas-Plano-Irving, TX Metropolitan Division	2013	M02	February	19.80
SMU48191243000000008	Texas	Dallas-Plano-Irving, TX Metropolitan Division	2013	M01	January	20.09
SMU48191243000000008	Texas	Dallas-Plano-Irving, TX Metropolitan Division	2012	M12	December	20.51
SMU48191243000000008	Texas	Dallas-Plano-Irving, TX Metropolitan Division	2012	M11	November	19.78
SMU48191243000000008	Texas	Dallas-Plano-Irving, TX Metropolitan Division	2012	M10	October	19.34
SMU48191243000000008	Texas	Dallas-Plano-Irving, TX Metropolitan Division	2012	M09	September	18.99
SMU48191243000000008	Texas	Dallas-Plano-Irving, TX Metropolitan Division	2012	M08	August	18.86
SMU48191243000000008	Texas	Dallas-Plano-Irving, TX Metropolitan Division	2012	M07	July	19.01
SMU48191243000000008	Texas	Dallas-Plano-Irving, TX Metropolitan Division	2012	M06	June	18.86
SMU48191243000000008	Texas	Dallas-Plano-Irving, TX Metropolitan Division	2012	M05	May	19.13
SMU48191243000000008	Texas	Dallas-Plano-Irving, TX Metropolitan Division	2012	M04	April	18.71
SMU48191243000000008	Texas	Dallas-Plano-Irving, TX Metropolitan Division	2012	M03	March	18.89
SMU48191243000000008	Texas	Dallas-Plano-Irving, TX Metropolitan Division	2012	M02	February	19.00
SMU48191243000000008	Texas	Dallas-Plano-Irving, TX Metropolitan Division	2012	M01	January	19.53
SMU48191243000000008	Texas	Dallas-Plano-Irving, TX Metropolitan Division	2011	M12	December	19.30
SMU48191243000000008	Texas	Dallas-Plano-Irving, TX Metropolitan Division	2011	M11	November	18.30
SMU48191243000000008	Texas	Dallas-Plano-Irving, TX Metropolitan Division	2011	M10	October	18.02
SMU48191243000000008	Texas	Dallas-Plano-Irving, TX Metropolitan Division	2011	M09	September	17.56
SMU48191243000000008	Texas	Dallas-Plano-Irving, TX Metropolitan Division	2011	M08	August	17.43
SMU48191243000000008	Texas	Dallas-Plano-Irving, TX Metropolitan Division	2011	M07	July	17.14
SMU48191243000000008	Texas	Dallas-Plano-Irving, TX Metropolitan Division	2011	M06	June	17.48
SMU48191243000000008	Texas	Dallas-Plano-Irving, TX Metropolitan Division	2011	M05	May	17.61
SMU48191243000000008	Texas	Dallas-Plano-Irving, TX Metropolitan Division	2011	M04	April	17.19
SMU48191243000000008	Texas	Dallas-Plano-Irving, TX Metropolitan Division	2011	M03	March	16.96
SMU48191243000000008	Texas	Dallas-Plano-Irving, TX Metropolitan Division	2011	M02	February	17.23
SMU48191243000000008	Texas	Dallas-Plano-Irving, TX Metropolitan Division	2011	M01	January	16.30
SMU48191243000000008	Texas	Dallas-Plano-Irving, TX Metropolitan Division	2010	M12	December	16.24
SMU48191243000000008	Texas	Dallas-Plano-Irving, TX Metropolitan Division	2010	M11	November	16.50
SMU48191243000000008	Texas	Dallas-Plano-Irving, TX Metropolitan Division	2010	M10	October	15.89
SMU48191243000000008	Texas	Dallas-Plano-Irving, TX Metropolitan Division	2010	M09	September	15.76
SMU48191243000000008	Texas	Dallas-Plano-Irving, TX Metropolitan Division	2010	M08	August	15.74
SMU48191243000000008	Texas	Dallas-Plano-Irving, TX Metropolitan Division	2010	M07	July	15.68
SMU48191243000000008	Texas	Dallas-Plano-Irving, TX Metropolitan Division	2010	M06	June	15.95
SMU48191243000000008	Texas	Dallas-Plano-Irving, TX Metropolitan Division	2010	M05	May	16.10
SMU48191243000000008	Texas	Dallas-Plano-Irving, TX Metropolitan Division	2010	M04	April	16.02
SMU48191243000000008	Texas	Dallas-Plano-Irving, TX Metropolitan Division	2010	M03	March	16.05
SMU48191243000000008	Texas	Dallas-Plano-Irving, TX Metropolitan Division	2010	M02	February	16.19
SMU48191243000000008	Texas	Dallas-Plano-Irving, TX Metropolitan Division	2010	M01	January	16.07
SMU48191243000000008	Texas	Dallas-Plano-Irving, TX Metropolitan Division	2009	M12	December	15.86
SMU48191243000000008	Texas	Dallas-Plano-Irving, TX Metropolitan Division	2009	M11	November	15.49
SMU48191243000000008	Texas	Dallas-Plano-Irving, TX Metropolitan Division	2009	M10	October	15.51
SMU48191243000000008	Texas	Dallas-Plano-Irving, TX Metropolitan Division	2009	M09	September	15.31
SMU48191243000000008	Texas	Dallas-Plano-Irving, TX Metropolitan Division	2009	M08	August	14.93
SMU48191243000000008	Texas	Dallas-Plano-Irving, TX Metropolitan Division	2009	M07	July	14.75
SMU48191243000000008	Texas	Dallas-Plano-Irving, TX Metropolitan Division	2009	M06	June	15.23
SMU48191243000000008	Texas	Dallas-Plano-Irving, TX Metropolitan Division	2009	M05	May	15.06
SMU48191243000000008	Texas	Dallas-Plano-Irving, TX Metropolitan Division	2009	M04	April	15.43
SMU48191243000000008	Texas	Dallas-Plano-Irving, TX Metropolitan Division	2009	M03	March	15.11
SMU48191243000000008	Texas	Dallas-Plano-Irving, TX Metropolitan Division	2009	M02	February	15.35
SMU48191243000000008	Texas	Dallas-Plano-Irving, TX Metropolitan Division	2009	M01	January	15.05
SMU48191243000000008	Texas	Dallas-Plano-Irving, TX Metropolitan Division	2008	M12	December	14.85
SMU48191243000000008	Texas	Dallas-Plano-Irving, TX Metropolitan Division	2008	M11	November	14.83
SMU48191243000000008	Texas	Dallas-Plano-Irving, TX Metropolitan Division	2008	M10	October	15.34
SMU48191243000000008	Texas	Dallas-Plano-Irving, TX Metropolitan Division	2008	M09	September	15.48
SMU48191243000000008	Texas	Dallas-Plano-Irving, TX Metropolitan Division	2008	M08	August	15.13
SMU48191243000000008	Texas	Dallas-Plano-Irving, TX Metropolitan Division	2008	M07	July	15.03
SMU48191243000000008	Texas	Dallas-Plano-Irving, TX Metropolitan Division	2008	M06	June	15.13
SMU48191243000000008	Texas	Dallas-Plano-Irving, TX Metropolitan Division	2008	M05	May	15.32
SMU48191243000000008	Texas	Dallas-Plano-Irving, TX Metropolitan Division	2008	M04	April	14.98
SMU48191243000000008	Texas	Dallas-Plano-Irving, TX Metropolitan Division	2008	M03	March	14.98
SMU48191243000000008	Texas	Dallas-Plano-Irving, TX Metropolitan Division	2008	M02	February	15.13
SMU48191243000000008	Texas	Dallas-Plano-Irving, TX Metropolitan Division	2008	M01	January	14.79
SMU48191243000000008	Texas	Dallas-Plano-Irving, TX Metropolitan Division	2007	M12	December	14.45
SMU48191243000000008	Texas	Dallas-Plano-Irving, TX Metropolitan Division	2007	M11	November	14.12
SMU48191243000000008	Texas	Dallas-Plano-Irving, TX Metropolitan Division	2007	M10	October	14.05
SMU48191243000000008	Texas	Dallas-Plano-Irving, TX Metropolitan Division	2007	M09	September	14.03
SMU48191243000000008	Texas	Dallas-Plano-Irving, TX Metropolitan Division	2007	M08	August	13.94
SMU48191243000000008	Texas	Dallas-Plano-Irving, TX Metropolitan Division	2007	M07	July	13.86
SMU48191243000000008	Texas	Dallas-Plano-Irving, TX Metropolitan Division	2007	M06	June	14.19
SMU48191243000000008	Texas	Dallas-Plano-Irving, TX Metropolitan Division	2007	M05	May	14.22
SMU48191243000000008	Texas	Dallas-Plano-Irving, TX Metropolitan Division	2007	M04	April	14.12
SMU48191243000000008	Texas	Dallas-Plano-Irving, TX Metropolitan Division	2007	M03	March	14.12
SMU48191243000000008	Texas	Dallas-Plano-Irving, TX Metropolitan Division	2007	M02	February	14.13
SMU48191243000000008	Texas	Dallas-Plano-Irving, TX Metropolitan Division	2007	M01	January	14.26
SMU36935613000000008	New York	New York City, NY	2025	M12	December	22.34
SMU36935613000000008	New York	New York City, NY	2025	M11	November	22.75
SMU36935613000000008	New York	New York City, NY	2025	M10	October	22.46
SMU36935613000000008	New York	New York City, NY	2025	M09	September	22.46
SMU36935613000000008	New York	New York City, NY	2025	M08	August	22.64
SMU36935613000000008	New York	New York City, NY	2025	M07	July	22.25
SMU36935613000000008	New York	New York City, NY	2025	M06	June	22.04
SMU36935613000000008	New York	New York City, NY	2025	M05	May	21.57
SMU36935613000000008	New York	New York City, NY	2025	M04	April	21.28
SMU36935613000000008	New York	New York City, NY	2025	M03	March	23.68
SMU36935613000000008	New York	New York City, NY	2025	M02	February	24.63
SMU36935613000000008	New York	New York City, NY	2025	M01	January	24.28
SMU36935613000000008	New York	New York City, NY	2024	M12	December	24.56
SMU36935613000000008	New York	New York City, NY	2024	M11	November	24.40
SMU36935613000000008	New York	New York City, NY	2024	M10	October	24.28
SMU36935613000000008	New York	New York City, NY	2024	M09	September	25.08
SMU36935613000000008	New York	New York City, NY	2024	M08	August	24.63
SMU36935613000000008	New York	New York City, NY	2024	M07	July	24.55
SMU36935613000000008	New York	New York City, NY	2024	M06	June	25.52
SMU36935613000000008	New York	New York City, NY	2024	M05	May	25.36
SMU36935613000000008	New York	New York City, NY	2024	M04	April	25.03
SMU36935613000000008	New York	New York City, NY	2024	M03	March	25.44
SMU36935613000000008	New York	New York City, NY	2024	M02	February	25.20
SMU36935613000000008	New York	New York City, NY	2024	M01	January	26.26
SMU36935613000000008	New York	New York City, NY	2023	M12	December	26.72
SMU36935613000000008	New York	New York City, NY	2023	M11	November	26.29
SMU36935613000000008	New York	New York City, NY	2023	M10	October	26.89
SMU36935613000000008	New York	New York City, NY	2023	M09	September	26.31
SMU36935613000000008	New York	New York City, NY	2023	M08	August	27.44
SMU36935613000000008	New York	New York City, NY	2023	M07	July	26.94
SMU36935613000000008	New York	New York City, NY	2023	M06	June	25.57
SMU36935613000000008	New York	New York City, NY	2023	M05	May	25.33
SMU36935613000000008	New York	New York City, NY	2023	M04	April	25.71
SMU36935613000000008	New York	New York City, NY	2023	M03	March	27.19
SMU36935613000000008	New York	New York City, NY	2023	M02	February	26.36
SMU36935613000000008	New York	New York City, NY	2023	M01	January	26.51
SMU36935613000000008	New York	New York City, NY	2022	M12	December	25.14
SMU36935613000000008	New York	New York City, NY	2022	M11	November	25.71
SMU36935613000000008	New York	New York City, NY	2022	M10	October	24.98
SMU36935613000000008	New York	New York City, NY	2022	M09	September	25.55
SMU36935613000000008	New York	New York City, NY	2022	M08	August	25.23
SMU36935613000000008	New York	New York City, NY	2022	M07	July	25.29
SMU36935613000000008	New York	New York City, NY	2022	M06	June	25.09
SMU36935613000000008	New York	New York City, NY	2022	M05	May	25.70
SMU36935613000000008	New York	New York City, NY	2022	M04	April	25.54
SMU36935613000000008	New York	New York City, NY	2022	M03	March	25.18
SMU36935613000000008	New York	New York City, NY	2022	M02	February	26.19
SMU36935613000000008	New York	New York City, NY	2022	M01	January	26.48
SMU36935613000000008	New York	New York City, NY	2021	M12	December	26.10
SMU36935613000000008	New York	New York City, NY	2021	M11	November	25.28
SMU36935613000000008	New York	New York City, NY	2021	M10	October	26.40
SMU36935613000000008	New York	New York City, NY	2021	M09	September	25.97
SMU36935613000000008	New York	New York City, NY	2021	M08	August	25.72
SMU36935613000000008	New York	New York City, NY	2021	M07	July	25.89
SMU36935613000000008	New York	New York City, NY	2021	M06	June	26.13
SMU36935613000000008	New York	New York City, NY	2021	M05	May	25.79
SMU36935613000000008	New York	New York City, NY	2021	M04	April	25.63
SMU36935613000000008	New York	New York City, NY	2021	M03	March	22.93
SMU36935613000000008	New York	New York City, NY	2021	M02	February	22.49
SMU36935613000000008	New York	New York City, NY	2021	M01	January	22.29
SMU36935613000000008	New York	New York City, NY	2020	M12	December	20.88
SMU36935613000000008	New York	New York City, NY	2020	M11	November	21.03
SMU36935613000000008	New York	New York City, NY	2020	M10	October	20.88
SMU36935613000000008	New York	New York City, NY	2020	M09	September	21.16
SMU36935613000000008	New York	New York City, NY	2020	M08	August	21.30
SMU36935613000000008	New York	New York City, NY	2020	M07	July	21.27
SMU36935613000000008	New York	New York City, NY	2020	M06	June	21.62
SMU36935613000000008	New York	New York City, NY	2020	M05	May	21.93
SMU36935613000000008	New York	New York City, NY	2020	M04	April	22.60
SMU36935613000000008	New York	New York City, NY	2020	M03	March	21.75
SMU36935613000000008	New York	New York City, NY	2020	M02	February	21.23
SMU36935613000000008	New York	New York City, NY	2020	M01	January	21.29
SMU36935613000000008	New York	New York City, NY	2019	M12	December	21.48
SMU36935613000000008	New York	New York City, NY	2019	M11	November	21.33
SMU36935613000000008	New York	New York City, NY	2019	M10	October	21.21
SMU36935613000000008	New York	New York City, NY	2019	M09	September	20.86
SMU36935613000000008	New York	New York City, NY	2019	M08	August	20.52
SMU36935613000000008	New York	New York City, NY	2019	M07	July	20.72
SMU36935613000000008	New York	New York City, NY	2019	M06	June	20.64
SMU36935613000000008	New York	New York City, NY	2019	M05	May	20.61
SMU36935613000000008	New York	New York City, NY	2019	M04	April	20.76
SMU36935613000000008	New York	New York City, NY	2019	M03	March	20.06
SMU36935613000000008	New York	New York City, NY	2019	M02	February	20.65
SMU36935613000000008	New York	New York City, NY	2019	M01	January	20.29
SMU36935613000000008	New York	New York City, NY	2018	M12	December	19.41
SMU36935613000000008	New York	New York City, NY	2018	M11	November	19.18
SMU36935613000000008	New York	New York City, NY	2018	M10	October	19.33
SMU36935613000000008	New York	New York City, NY	2018	M09	September	19.04
SMU36935613000000008	New York	New York City, NY	2018	M08	August	18.64
SMU36935613000000008	New York	New York City, NY	2018	M07	July	18.76
SMU36935613000000008	New York	New York City, NY	2018	M06	June	18.88
SMU36935613000000008	New York	New York City, NY	2018	M05	May	18.42
SMU36935613000000008	New York	New York City, NY	2018	M04	April	18.41
SMU36935613000000008	New York	New York City, NY	2018	M03	March	18.33
SMU36935613000000008	New York	New York City, NY	2018	M02	February	18.19
SMU36935613000000008	New York	New York City, NY	2018	M01	January	17.90
SMU36935613000000008	New York	New York City, NY	2017	M12	December	17.75
SMU36935613000000008	New York	New York City, NY	2017	M11	November	16.99
SMU36935613000000008	New York	New York City, NY	2017	M10	October	16.77
SMU36935613000000008	New York	New York City, NY	2017	M09	September	16.92
SMU36935613000000008	New York	New York City, NY	2017	M08	August	16.76
SMU36935613000000008	New York	New York City, NY	2017	M07	July	16.76
SMU36935613000000008	New York	New York City, NY	2017	M06	June	16.83
SMU36935613000000008	New York	New York City, NY	2017	M05	May	16.64
SMU36935613000000008	New York	New York City, NY	2017	M04	April	16.09
SMU36935613000000008	New York	New York City, NY	2017	M03	March	16.38
SMU36935613000000008	New York	New York City, NY	2017	M02	February	16.92
SMU36935613000000008	New York	New York City, NY	2017	M01	January	16.95
SMU36935613000000008	New York	New York City, NY	2016	M12	December	16.53
SMU36935613000000008	New York	New York City, NY	2016	M11	November	16.48
SMU36935613000000008	New York	New York City, NY	2016	M10	October	15.89
SMU36935613000000008	New York	New York City, NY	2016	M09	September	16.54
SMU36935613000000008	New York	New York City, NY	2016	M08	August	16.35
SMU36935613000000008	New York	New York City, NY	2016	M07	July	16.21
SMU36935613000000008	New York	New York City, NY	2016	M06	June	16.43
SMU36935613000000008	New York	New York City, NY	2016	M05	May	16.94
SMU36935613000000008	New York	New York City, NY	2016	M04	April	16.88
SMU36935613000000008	New York	New York City, NY	2016	M03	March	16.75
SMU36935613000000008	New York	New York City, NY	2016	M02	February	17.16
SMU36935613000000008	New York	New York City, NY	2016	M01	January	17.32
SMU36935613000000008	New York	New York City, NY	2015	M12	December	17.90
SMU36935613000000008	New York	New York City, NY	2015	M11	November	17.65
SMU36935613000000008	New York	New York City, NY	2015	M10	October	17.30
SMU36935613000000008	New York	New York City, NY	2015	M09	September	17.95
SMU36935613000000008	New York	New York City, NY	2015	M08	August	16.90
SMU36935613000000008	New York	New York City, NY	2015	M07	July	17.68
SMU36935613000000008	New York	New York City, NY	2015	M06	June	17.78
SMU36935613000000008	New York	New York City, NY	2015	M05	May	17.97
SMU36935613000000008	New York	New York City, NY	2015	M04	April	17.92
SMU36935613000000008	New York	New York City, NY	2015	M03	March	17.82
SMU36935613000000008	New York	New York City, NY	2015	M02	February	17.69
SMU36935613000000008	New York	New York City, NY	2015	M01	January	18.14
SMU36935613000000008	New York	New York City, NY	2014	M12	December	18.02
SMU36935613000000008	New York	New York City, NY	2014	M11	November	17.60
SMU36935613000000008	New York	New York City, NY	2014	M10	October	17.52
SMU36935613000000008	New York	New York City, NY	2014	M09	September	17.01
SMU36935613000000008	New York	New York City, NY	2014	M08	August	16.58
SMU36935613000000008	New York	New York City, NY	2014	M07	July	16.13
SMU36935613000000008	New York	New York City, NY	2014	M06	June	16.21
SMU36935613000000008	New York	New York City, NY	2014	M05	May	16.21
SMU36935613000000008	New York	New York City, NY	2014	M04	April	15.90
SMU36935613000000008	New York	New York City, NY	2014	M03	March	15.88
SMU36935613000000008	New York	New York City, NY	2014	M02	February	15.92
SMU36935613000000008	New York	New York City, NY	2014	M01	January	16.29
SMU36935613000000008	New York	New York City, NY	2013	M12	December	16.01
SMU36935613000000008	New York	New York City, NY	2013	M11	November	16.04
SMU36935613000000008	New York	New York City, NY	2013	M10	October	15.67
SMU36935613000000008	New York	New York City, NY	2013	M09	September	16.26
SMU36935613000000008	New York	New York City, NY	2013	M08	August	16.18
SMU36935613000000008	New York	New York City, NY	2013	M07	July	15.50
SMU36935613000000008	New York	New York City, NY	2013	M06	June	15.11
SMU36935613000000008	New York	New York City, NY	2013	M05	May	15.61
SMU36935613000000008	New York	New York City, NY	2013	M04	April	15.37
SMU36935613000000008	New York	New York City, NY	2013	M03	March	15.35
SMU36935613000000008	New York	New York City, NY	2013	M02	February	14.90
SMU36935613000000008	New York	New York City, NY	2013	M01	January	15.10
SMU36935613000000008	New York	New York City, NY	2012	M12	December	14.63
SMU36935613000000008	New York	New York City, NY	2012	M11	November	14.65
SMU36935613000000008	New York	New York City, NY	2012	M10	October	14.65
SMU36935613000000008	New York	New York City, NY	2012	M09	September	14.65
SMU36935613000000008	New York	New York City, NY	2012	M08	August	14.80
SMU36935613000000008	New York	New York City, NY	2012	M07	July	15.71
SMU36935613000000008	New York	New York City, NY	2012	M06	June	15.02
SMU36935613000000008	New York	New York City, NY	2012	M05	May	14.82
SMU36935613000000008	New York	New York City, NY	2012	M04	April	15.13
SMU36935613000000008	New York	New York City, NY	2012	M03	March	15.13
SMU36935613000000008	New York	New York City, NY	2012	M02	February	15.49
SMU36935613000000008	New York	New York City, NY	2012	M01	January	14.99
SMU36935613000000008	New York	New York City, NY	2011	M12	December	15.41
SMU36935613000000008	New York	New York City, NY	2011	M11	November	15.49
SMU36935613000000008	New York	New York City, NY	2011	M10	October	15.34
SMU36935613000000008	New York	New York City, NY	2011	M09	September	15.35
SMU36935613000000008	New York	New York City, NY	2011	M08	August	15.33
SMU36935613000000008	New York	New York City, NY	2011	M07	July	15.91
SMU36935613000000008	New York	New York City, NY	2011	M06	June	15.80
SMU36935613000000008	New York	New York City, NY	2011	M05	May	15.73
SMU36935613000000008	New York	New York City, NY	2011	M04	April	15.30
SMU36935613000000008	New York	New York City, NY	2011	M03	March	15.59
SMU36935613000000008	New York	New York City, NY	2011	M02	February	15.90
SMU36935613000000008	New York	New York City, NY	2011	M01	January	15.68
SMU36935613000000008	New York	New York City, NY	2010	M12	December	15.51
SMU36935613000000008	New York	New York City, NY	2010	M11	November	15.82
SMU36935613000000008	New York	New York City, NY	2010	M10	October	15.95
SMU36935613000000008	New York	New York City, NY	2010	M09	September	15.54
SMU36935613000000008	New York	New York City, NY	2010	M08	August	15.41
SMU36935613000000008	New York	New York City, NY	2010	M07	July	15.29
SMU36935613000000008	New York	New York City, NY	2010	M06	June	16.00
SMU36935613000000008	New York	New York City, NY	2010	M05	May	15.35
SMU36935613000000008	New York	New York City, NY	2010	M04	April	15.68
SMU36935613000000008	New York	New York City, NY	2010	M03	March	16.01
SMU36935613000000008	New York	New York City, NY	2010	M02	February	16.13
SMU36935613000000008	New York	New York City, NY	2010	M01	January	15.61
SMU36935613000000008	New York	New York City, NY	2009	M12	December	16.39
SMU36935613000000008	New York	New York City, NY	2009	M11	November	16.06
SMU36935613000000008	New York	New York City, NY	2009	M10	October	16.33
SMU36935613000000008	New York	New York City, NY	2009	M09	September	16.33
SMU36935613000000008	New York	New York City, NY	2009	M08	August	16.69
SMU36935613000000008	New York	New York City, NY	2009	M07	July	16.14
SMU36935613000000008	New York	New York City, NY	2009	M06	June	16.75
SMU36935613000000008	New York	New York City, NY	2009	M05	May	17.11
SMU36935613000000008	New York	New York City, NY	2009	M04	April	16.92
SMU36935613000000008	New York	New York City, NY	2009	M03	March	16.93
SMU36935613000000008	New York	New York City, NY	2009	M02	February	16.56
SMU36935613000000008	New York	New York City, NY	2009	M01	January	16.38
SMU36935613000000008	New York	New York City, NY	2008	M12	December	16.36
SMU36935613000000008	New York	New York City, NY	2008	M11	November	16.02
SMU36935613000000008	New York	New York City, NY	2008	M10	October	16.01
SMU36935613000000008	New York	New York City, NY	2008	M09	September	16.34
SMU36935613000000008	New York	New York City, NY	2008	M08	August	16.00
SMU36935613000000008	New York	New York City, NY	2008	M07	July	16.26
SMU36935613000000008	New York	New York City, NY	2008	M06	June	16.16
SMU36935613000000008	New York	New York City, NY	2008	M05	May	15.84
SMU36935613000000008	New York	New York City, NY	2008	M04	April	15.91
SMU36935613000000008	New York	New York City, NY	2008	M03	March	15.94
SMU36935613000000008	New York	New York City, NY	2008	M02	February	15.98
SMU36935613000000008	New York	New York City, NY	2008	M01	January	15.90
SMU36935613000000008	New York	New York City, NY	2007	M12	December	14.67
SMU36935613000000008	New York	New York City, NY	2007	M11	November	14.56
SMU36935613000000008	New York	New York City, NY	2007	M10	October	14.68
SMU36935613000000008	New York	New York City, NY	2007	M09	September	14.91
SMU36935613000000008	New York	New York City, NY	2007	M08	August	14.60
SMU36935613000000008	New York	New York City, NY	2007	M07	July	14.60
SMU36935613000000008	New York	New York City, NY	2007	M06	June	14.96
SMU36935613000000008	New York	New York City, NY	2007	M05	May	14.58
SMU36935613000000008	New York	New York City, NY	2007	M04	April	15.40
SMU36935613000000008	New York	New York City, NY	2007	M03	March	15.75
SMU36935613000000008	New York	New York City, NY	2007	M02	February	15.93
SMU36935613000000008	New York	New York City, NY	2007	M01	January	15.87
