series_id	state	area	year	period	month	value
SMU29411803000000030	Missouri	St. Louis, MO-IL	2025	M12	December	1230.59
SMU29411803000000030	Missouri	St. Louis, MO-IL	2025	M11	November	1154.34
SMU29411803000000030	Missouri	St. Louis, MO-IL	2025	M10	October	1088.23
SMU29411803000000030	Missouri	St. Louis, MO-IL	2025	M09	September	1082.34
SMU29411803000000030	Missouri	St. Louis, MO-IL	2025	M08	August	1074.92
SMU29411803000000030	Missouri	St. Louis, MO-IL	2025	M07	July	1176.67
SMU29411803000000030	Missouri	St. Louis, MO-IL	2025	M06	June	1123.97
SMU29411803000000030	Missouri	St. Louis, MO-IL	2025	M05	May	1109.79
SMU29411803000000030	Missouri	St. Louis, MO-IL	2025	M04	April	1140.42
SMU29411803000000030	Missouri	St. Louis, MO-IL	2025	M03	March	1194.80
SMU29411803000000030	Missouri	St. Louis, MO-IL	2025	M02	February	1155.42
SMU29411803000000030	Missouri	St. Louis, MO-IL	2025	M01	January	1108.65
SMU29411803000000030	Missouri	St. Louis, MO-IL	2024	M12	December	1201.27
SMU29411803000000030	Missouri	St. Louis, MO-IL	2024	M11	November	1194.37
SMU29411803000000030	Missouri	St. Louis, MO-IL	2024	M10	October	1193.15
SMU29411803000000030	Missouri	St. Louis, MO-IL	2024	M09	September	1200.54
SMU29411803000000030	Missouri	St. Louis, MO-IL	2024	M08	August	1171.68
SMU29411803000000030	Missouri	St. Louis, MO-IL	2024	M07	July	1174.65
SMU29411803000000030	Missouri	St. Louis, MO-IL	2024	M06	June	1179.57
SMU29411803000000030	Missouri	St. Louis, MO-IL	2024	M05	May	1126.71
SMU29411803000000030	Missouri	St. Louis, MO-IL	2024	M04	April	1122.59
SMU29411803000000030	Missouri	St. Louis, MO-IL	2024	M03	March	1103.91
SMU29411803000000030	Missouri	St. Louis, MO-IL	2024	M02	February	1080.37
SMU29411803000000030	Missouri	St. Louis, MO-IL	2024	M01	January	1015.33
SMU29411803000000030	Missouri	St. Louis, MO-IL	2023	M12	December	1104.03
SMU29411803000000030	Missouri	St. Louis, MO-IL	2023	M11	November	1038.16
SMU29411803000000030	Missouri	St. Louis, MO-IL	2023	M10	October	1007.59
SMU29411803000000030	Missouri	St. Louis, MO-IL	2023	M09	September	989.79
SMU29411803000000030	Missouri	St. Louis, MO-IL	2023	M08	August	1000.30
SMU29411803000000030	Missouri	St. Louis, MO-IL	2023	M07	July	1036.09
SMU29411803000000030	Missouri	St. Louis, MO-IL	2023	M06	June	1002.44
SMU29411803000000030	Missouri	St. Louis, MO-IL	2023	M05	May	972.19
SMU29411803000000030	Missouri	St. Louis, MO-IL	2023	M04	April	990.21
SMU29411803000000030	Missouri	St. Louis, MO-IL	2023	M03	March	958.75
SMU29411803000000030	Missouri	St. Louis, MO-IL	2023	M02	February	927.36
SMU29411803000000030	Missouri	St. Louis, MO-IL	2023	M01	January	959.14
SMU29411803000000030	Missouri	St. Louis, MO-IL	2022	M12	December	996.07
SMU29411803000000030	Missouri	St. Louis, MO-IL	2022	M11	November	1014.34
SMU29411803000000030	Missouri	St. Louis, MO-IL	2022	M10	October	1034.58
SMU29411803000000030	Missouri	St. Louis, MO-IL	2022	M09	September	1045.17
SMU29411803000000030	Missouri	St. Louis, MO-IL	2022	M08	August	1037.59
SMU29411803000000030	Missouri	St. Louis, MO-IL	2022	M07	July	1084.87
SMU29411803000000030	Missouri	St. Louis, MO-IL	2022	M06	June	1039.18
SMU29411803000000030	Missouri	St. Louis, MO-IL	2022	M05	May	1033.38
SMU29411803000000030	Missouri	St. Louis, MO-IL	2022	M04	April	1018.00
SMU29411803000000030	Missouri	St. Louis, MO-IL	2022	M03	March	1037.74
SMU29411803000000030	Missouri	St. Louis, MO-IL	2022	M02	February	989.87
SMU29411803000000030	Missouri	St. Louis, MO-IL	2022	M01	January	935.31
SMU29411803000000030	Missouri	St. Louis, MO-IL	2021	M12	December	976.14
SMU29411803000000030	Missouri	St. Louis, MO-IL	2021	M11	November	1026.31
SMU29411803000000030	Missouri	St. Louis, MO-IL	2021	M10	October	1013.91
SMU29411803000000030	Missouri	St. Louis, MO-IL	2021	M09	September	984.55
SMU29411803000000030	Missouri	St. Louis, MO-IL	2021	M08	August	987.79
SMU29411803000000030	Missouri	St. Louis, MO-IL	2021	M07	July	982.21
SMU29411803000000030	Missouri	St. Louis, MO-IL	2021	M06	June	990.45
SMU29411803000000030	Missouri	St. Louis, MO-IL	2021	M05	May	996.22
SMU29411803000000030	Missouri	St. Louis, MO-IL	2021	M04	April	1015.98
SMU29411803000000030	Missouri	St. Louis, MO-IL	2021	M03	March	1027.20
SMU29411803000000030	Missouri	St. Louis, MO-IL	2021	M02	February	997.33
SMU29411803000000030	Missouri	St. Louis, MO-IL	2021	M01	January	985.17
SMU29411803000000030	Missouri	St. Louis, MO-IL	2020	M12	December	951.88
SMU29411803000000030	Missouri	St. Louis, MO-IL	2020	M11	November	923.52
SMU29411803000000030	Missouri	St. Louis, MO-IL	2020	M10	October	905.53
SMU29411803000000030	Missouri	St. Louis, MO-IL	2020	M09	September	854.53
SMU29411803000000030	Missouri	St. Louis, MO-IL	2020	M08	August	850.67
SMU29411803000000030	Missouri	St. Louis, MO-IL	2020	M07	July	824.90
SMU29411803000000030	Missouri	St. Louis, MO-IL	2020	M06	June	805.01
SMU29411803000000030	Missouri	St. Louis, MO-IL	2020	M05	May	791.99
SMU29411803000000030	Missouri	St. Louis, MO-IL	2020	M04	April	822.02
SMU29411803000000030	Missouri	St. Louis, MO-IL	2020	M03	March	856.68
SMU29411803000000030	Missouri	St. Louis, MO-IL	2020	M02	February	846.40
SMU29411803000000030	Missouri	St. Louis, MO-IL	2020	M01	January	815.88
SMU29411803000000030	Missouri	St. Louis, MO-IL	2019	M12	December	900.32
SMU29411803000000030	Missouri	St. Louis, MO-IL	2019	M11	November	895.25
SMU29411803000000030	Missouri	St. Louis, MO-IL	2019	M10	October	878.53
SMU29411803000000030	Missouri	St. Louis, MO-IL	2019	M09	September	900.69
SMU29411803000000030	Missouri	St. Louis, MO-IL	2019	M08	August	903.97
SMU29411803000000030	Missouri	St. Louis, MO-IL	2019	M07	July	883.46
SMU29411803000000030	Missouri	St. Louis, MO-IL	2019	M06	June	884.78
SMU29411803000000030	Missouri	St. Louis, MO-IL	2019	M05	May	908.97
SMU29411803000000030	Missouri	St. Louis, MO-IL	2019	M04	April	926.60
SMU29411803000000030	Missouri	St. Louis, MO-IL	2019	M03	March	948.42
SMU29411803000000030	Missouri	St. Louis, MO-IL	2019	M02	February	955.93
SMU29411803000000030	Missouri	St. Louis, MO-IL	2019	M01	January	936.07
SMU29411803000000030	Missouri	St. Louis, MO-IL	2018	M12	December	961.20
SMU29411803000000030	Missouri	St. Louis, MO-IL	2018	M11	November	907.51
SMU29411803000000030	Missouri	St. Louis, MO-IL	2018	M10	October	908.73
SMU29411803000000030	Missouri	St. Louis, MO-IL	2018	M09	September	1008.01
SMU29411803000000030	Missouri	St. Louis, MO-IL	2018	M08	August	928.66
SMU29411803000000030	Missouri	St. Louis, MO-IL	2018	M07	July	977.21
SMU29411803000000030	Missouri	St. Louis, MO-IL	2018	M06	June	942.29
SMU29411803000000030	Missouri	St. Louis, MO-IL	2018	M05	May	925.06
SMU29411803000000030	Missouri	St. Louis, MO-IL	2018	M04	April	975.58
SMU29411803000000030	Missouri	St. Louis, MO-IL	2018	M03	March	975.09
SMU29411803000000030	Missouri	St. Louis, MO-IL	2018	M02	February	1012.38
SMU29411803000000030	Missouri	St. Louis, MO-IL	2018	M01	January	1024.22
SMU29411803000000030	Missouri	St. Louis, MO-IL	2017	M12	December	1056.27
SMU29411803000000030	Missouri	St. Louis, MO-IL	2017	M11	November	1048.32
SMU29411803000000030	Missouri	St. Louis, MO-IL	2017	M10	October	1040.60
SMU29411803000000030	Missouri	St. Louis, MO-IL	2017	M09	September	997.98
SMU29411803000000030	Missouri	St. Louis, MO-IL	2017	M08	August	1036.99
SMU29411803000000030	Missouri	St. Louis, MO-IL	2017	M07	July	986.54
SMU29411803000000030	Missouri	St. Louis, MO-IL	2017	M06	June	966.47
SMU29411803000000030	Missouri	St. Louis, MO-IL	2017	M05	May	968.32
SMU29411803000000030	Missouri	St. Louis, MO-IL	2017	M04	April	923.83
SMU29411803000000030	Missouri	St. Louis, MO-IL	2017	M03	March	966.80
SMU29411803000000030	Missouri	St. Louis, MO-IL	2017	M02	February	960.84
SMU29411803000000030	Missouri	St. Louis, MO-IL	2017	M01	January	930.62
SMU29411803000000030	Missouri	St. Louis, MO-IL	2016	M12	December	986.21
SMU29411803000000030	Missouri	St. Louis, MO-IL	2016	M11	November	955.86
SMU29411803000000030	Missouri	St. Louis, MO-IL	2016	M10	October	938.54
SMU29411803000000030	Missouri	St. Louis, MO-IL	2016	M09	September	946.25
SMU29411803000000030	Missouri	St. Louis, MO-IL	2016	M08	August	937.30
SMU29411803000000030	Missouri	St. Louis, MO-IL	2016	M07	July	991.49
SMU29411803000000030	Missouri	St. Louis, MO-IL	2016	M06	June	958.19
SMU29411803000000030	Missouri	St. Louis, MO-IL	2016	M05	May	995.49
SMU29411803000000030	Missouri	St. Louis, MO-IL	2016	M04	April	989.95
SMU29411803000000030	Missouri	St. Louis, MO-IL	2016	M03	March	1001.00
SMU29411803000000030	Missouri	St. Louis, MO-IL	2016	M02	February	983.25
SMU29411803000000030	Missouri	St. Louis, MO-IL	2016	M01	January	979.78
SMU29411803000000030	Missouri	St. Louis, MO-IL	2015	M12	December	990.50
SMU29411803000000030	Missouri	St. Louis, MO-IL	2015	M11	November	965.29
SMU29411803000000030	Missouri	St. Louis, MO-IL	2015	M10	October	984.40
SMU29411803000000030	Missouri	St. Louis, MO-IL	2015	M09	September	994.91
SMU29411803000000030	Missouri	St. Louis, MO-IL	2015	M08	August	1030.01
SMU29411803000000030	Missouri	St. Louis, MO-IL	2015	M07	July	1030.50
SMU29411803000000030	Missouri	St. Louis, MO-IL	2015	M06	June	1016.83
SMU29411803000000030	Missouri	St. Louis, MO-IL	2015	M05	May	1013.81
SMU29411803000000030	Missouri	St. Louis, MO-IL	2015	M04	April	1024.68
SMU29411803000000030	Missouri	St. Louis, MO-IL	2015	M03	March	999.49
SMU29411803000000030	Missouri	St. Louis, MO-IL	2015	M02	February	990.06
SMU29411803000000030	Missouri	St. Louis, MO-IL	2015	M01	January	975.63
SMU29411803000000030	Missouri	St. Louis, MO-IL	2014	M12	December	1054.77
SMU29411803000000030	Missouri	St. Louis, MO-IL	2014	M11	November	1002.49
SMU29411803000000030	Missouri	St. Louis, MO-IL	2014	M10	October	1016.55
SMU29411803000000030	Missouri	St. Louis, MO-IL	2014	M09	September	931.79
SMU29411803000000030	Missouri	St. Louis, MO-IL	2014	M08	August	990.00
SMU29411803000000030	Missouri	St. Louis, MO-IL	2014	M07	July	970.10
SMU29411803000000030	Missouri	St. Louis, MO-IL	2014	M06	June	948.95
SMU29411803000000030	Missouri	St. Louis, MO-IL	2014	M05	May	966.00
SMU29411803000000030	Missouri	St. Louis, MO-IL	2014	M04	April	977.88
SMU29411803000000030	Missouri	St. Louis, MO-IL	2014	M03	March	940.01
SMU29411803000000030	Missouri	St. Louis, MO-IL	2014	M02	February	963.43
SMU29411803000000030	Missouri	St. Louis, MO-IL	2014	M01	January	925.74
SMU29411803000000030	Missouri	St. Louis, MO-IL	2013	M12	December	970.86
SMU29411803000000030	Missouri	St. Louis, MO-IL	2013	M11	November	937.27
SMU29411803000000030	Missouri	St. Louis, MO-IL	2013	M10	October	978.04
SMU29411803000000030	Missouri	St. Louis, MO-IL	2013	M09	September	982.09
SMU29411803000000030	Missouri	St. Louis, MO-IL	2013	M08	August	943.06
SMU29411803000000030	Missouri	St. Louis, MO-IL	2013	M07	July	944.38
SMU29411803000000030	Missouri	St. Louis, MO-IL	2013	M06	June	981.12
SMU29411803000000030	Missouri	St. Louis, MO-IL	2013	M05	May	959.58
SMU29411803000000030	Missouri	St. Louis, MO-IL	2013	M04	April	939.95
SMU29411803000000030	Missouri	St. Louis, MO-IL	2013	M03	March	953.95
SMU29411803000000030	Missouri	St. Louis, MO-IL	2013	M02	February	958.78
SMU29411803000000030	Missouri	St. Louis, MO-IL	2013	M01	January	964.00
SMU29411803000000030	Missouri	St. Louis, MO-IL	2012	M12	December	978.75
SMU29411803000000030	Missouri	St. Louis, MO-IL	2012	M11	November	959.22
SMU29411803000000030	Missouri	St. Louis, MO-IL	2012	M10	October	941.51
SMU29411803000000030	Missouri	St. Louis, MO-IL	2012	M09	September	969.15
SMU29411803000000030	Missouri	St. Louis, MO-IL	2012	M08	August	909.83
SMU29411803000000030	Missouri	St. Louis, MO-IL	2012	M07	July	952.43
SMU29411803000000030	Missouri	St. Louis, MO-IL	2012	M06	June	928.66
SMU29411803000000030	Missouri	St. Louis, MO-IL	2012	M05	May	918.46
SMU29411803000000030	Missouri	St. Louis, MO-IL	2012	M04	April	918.19
SMU29411803000000030	Missouri	St. Louis, MO-IL	2012	M03	March	877.73
SMU29411803000000030	Missouri	St. Louis, MO-IL	2012	M02	February	858.25
SMU29411803000000030	Missouri	St. Louis, MO-IL	2012	M01	January	853.02
SMU29411803000000030	Missouri	St. Louis, MO-IL	2011	M12	December	850.50
SMU29411803000000030	Missouri	St. Louis, MO-IL	2011	M11	November	792.00
SMU29411803000000030	Missouri	St. Louis, MO-IL	2011	M10	October	774.32
SMU29411803000000030	Missouri	St. Louis, MO-IL	2011	M09	September	809.67
SMU29411803000000030	Missouri	St. Louis, MO-IL	2011	M08	August	754.65
SMU29411803000000030	Missouri	St. Louis, MO-IL	2011	M07	July	790.80
SMU29411803000000030	Missouri	St. Louis, MO-IL	2011	M06	June	739.44
SMU29411803000000030	Missouri	St. Louis, MO-IL	2011	M05	May	765.91
SMU29411803000000030	Missouri	St. Louis, MO-IL	2011	M04	April	744.21
SMU29411803000000030	Missouri	St. Louis, MO-IL	2011	M03	March	740.62
SMU29411803000000030	Missouri	St. Louis, MO-IL	2011	M02	February	754.38
SMU29411803000000030	Missouri	St. Louis, MO-IL	2011	M01	January	733.81
SMU29411803000000030	Missouri	St. Louis, MO-IL	2010	M12	December	758.67
SMU29411803000000030	Missouri	St. Louis, MO-IL	2010	M11	November	765.07
SMU29411803000000030	Missouri	St. Louis, MO-IL	2010	M10	October	764.09
SMU29411803000000030	Missouri	St. Louis, MO-IL	2010	M09	September	770.94
SMU29411803000000030	Missouri	St. Louis, MO-IL	2010	M08	August	789.01
SMU29411803000000030	Missouri	St. Louis, MO-IL	2010	M07	July	764.64
SMU29411803000000030	Missouri	St. Louis, MO-IL	2010	M06	June	797.58
SMU29411803000000030	Missouri	St. Louis, MO-IL	2010	M05	May	793.64
SMU29411803000000030	Missouri	St. Louis, MO-IL	2010	M04	April	815.48
SMU29411803000000030	Missouri	St. Louis, MO-IL	2010	M03	March	795.16
SMU29411803000000030	Missouri	St. Louis, MO-IL	2010	M02	February	817.48
SMU29411803000000030	Missouri	St. Louis, MO-IL	2010	M01	January	839.81
SMU29411803000000030	Missouri	St. Louis, MO-IL	2009	M12	December	850.71
SMU29411803000000030	Missouri	St. Louis, MO-IL	2009	M11	November	844.61
SMU29411803000000030	Missouri	St. Louis, MO-IL	2009	M10	October	822.12
SMU29411803000000030	Missouri	St. Louis, MO-IL	2009	M09	September	822.48
SMU29411803000000030	Missouri	St. Louis, MO-IL	2009	M08	August	832.44
SMU29411803000000030	Missouri	St. Louis, MO-IL	2009	M07	July	833.45
SMU29411803000000030	Missouri	St. Louis, MO-IL	2009	M06	June	832.13
SMU29411803000000030	Missouri	St. Louis, MO-IL	2009	M05	May	851.40
SMU29411803000000030	Missouri	St. Louis, MO-IL	2009	M04	April	868.75
SMU29411803000000030	Missouri	St. Louis, MO-IL	2009	M03	March	878.27
SMU29411803000000030	Missouri	St. Louis, MO-IL	2009	M02	February	898.28
SMU29411803000000030	Missouri	St. Louis, MO-IL	2009	M01	January	862.00
SMU29411803000000030	Missouri	St. Louis, MO-IL	2008	M12	December	917.69
SMU29411803000000030	Missouri	St. Louis, MO-IL	2008	M11	November	880.54
SMU29411803000000030	Missouri	St. Louis, MO-IL	2008	M10	October	915.24
SMU29411803000000030	Missouri	St. Louis, MO-IL	2008	M09	September	947.95
SMU29411803000000030	Missouri	St. Louis, MO-IL	2008	M08	August	932.07
SMU29411803000000030	Missouri	St. Louis, MO-IL	2008	M07	July	870.60
SMU29411803000000030	Missouri	St. Louis, MO-IL	2008	M06	June	919.69
SMU29411803000000030	Missouri	St. Louis, MO-IL	2008	M05	May	868.60
SMU29411803000000030	Missouri	St. Louis, MO-IL	2008	M04	April	853.65
SMU29411803000000030	Missouri	St. Louis, MO-IL	2008	M03	March	881.68
SMU29411803000000030	Missouri	St. Louis, MO-IL	2008	M02	February	883.62
SMU29411803000000030	Missouri	St. Louis, MO-IL	2008	M01	January	864.35
SMU29411803000000030	Missouri	St. Louis, MO-IL	2007	M12	December	847.10
SMU29411803000000030	Missouri	St. Louis, MO-IL	2007	M11	November	842.19
SMU29411803000000030	Missouri	St. Louis, MO-IL	2007	M10	October	854.25
SMU29411803000000030	Missouri	St. Louis, MO-IL	2007	M09	September	904.34
SMU29411803000000030	Missouri	St. Louis, MO-IL	2007	M08	August	843.11
SMU29411803000000030	Missouri	St. Louis, MO-IL	2007	M07	July	835.81
SMU29411803000000030	Missouri	St. Louis, MO-IL	2007	M06	June	853.28
SMU29411803000000030	Missouri	St. Louis, MO-IL	2007	M05	May	836.81
SMU29411803000000030	Missouri	St. Louis, MO-IL	2007	M04	April	840.51
SMU29411803000000030	Missouri	St. Louis, MO-IL	2007	M03	March	850.34
SMU29411803000000030	Missouri	St. Louis, MO-IL	2007	M02	February	844.07
SMU29411803000000030	Missouri	St. Louis, MO-IL	2007	M01	January	824.88
SMU08197403000000030	Colorado	Denver-Aurora-Centennial, CO	2025	M12	December	1408.18
SMU08197403000000030	Colorado	Denver-Aurora-Centennial, CO	2025	M11	November	1423.89
SMU08197403000000030	Colorado	Denver-Aurora-Centennial, CO	2025	M10	October	1404.78
SMU08197403000000030	Colorado	Denver-Aurora-Centennial, CO	2025	M09	September	1394.36
SMU08197403000000030	Colorado	Denver-Aurora-Centennial, CO	2025	M08	August	1376.56
SMU08197403000000030	Colorado	Denver-Aurora-Centennial, CO	2025	M07	July	1420.74
SMU08197403000000030	Colorado	Denver-Aurora-Centennial, CO	2025	M06	June	1457.25
SMU08197403000000030	Colorado	Denver-Aurora-Centennial, CO	2025	M05	May	1400.55
SMU08197403000000030	Colorado	Denver-Aurora-Centennial, CO	2025	M04	April	1426.94
SMU08197403000000030	Colorado	Denver-Aurora-Centennial, CO	2025	M03	March	1462.29
SMU08197403000000030	Colorado	Denver-Aurora-Centennial, CO	2025	M02	February	1432.69
SMU08197403000000030	Colorado	Denver-Aurora-Centennial, CO	2025	M01	January	1361.66
SMU08197403000000030	Colorado	Denver-Aurora-Centennial, CO	2024	M12	December	1357.94
SMU08197403000000030	Colorado	Denver-Aurora-Centennial, CO	2024	M11	November	1355.76
SMU08197403000000030	Colorado	Denver-Aurora-Centennial, CO	2024	M10	October	1326.38
SMU08197403000000030	Colorado	Denver-Aurora-Centennial, CO	2024	M09	September	1407.19
SMU08197403000000030	Colorado	Denver-Aurora-Centennial, CO	2024	M08	August	1396.12
SMU08197403000000030	Colorado	Denver-Aurora-Centennial, CO	2024	M07	July	1394.85
SMU08197403000000030	Colorado	Denver-Aurora-Centennial, CO	2024	M06	June	1444.54
SMU08197403000000030	Colorado	Denver-Aurora-Centennial, CO	2024	M05	May	1428.87
SMU08197403000000030	Colorado	Denver-Aurora-Centennial, CO	2024	M04	April	1478.22
SMU08197403000000030	Colorado	Denver-Aurora-Centennial, CO	2024	M03	March	1502.71
SMU08197403000000030	Colorado	Denver-Aurora-Centennial, CO	2024	M02	February	1487.27
SMU08197403000000030	Colorado	Denver-Aurora-Centennial, CO	2024	M01	January	1484.94
SMU08197403000000030	Colorado	Denver-Aurora-Centennial, CO	2023	M12	December	1474.67
SMU08197403000000030	Colorado	Denver-Aurora-Centennial, CO	2023	M11	November	1484.45
SMU08197403000000030	Colorado	Denver-Aurora-Centennial, CO	2023	M10	October	1554.75
SMU08197403000000030	Colorado	Denver-Aurora-Centennial, CO	2023	M09	September	1466.62
SMU08197403000000030	Colorado	Denver-Aurora-Centennial, CO	2023	M08	August	1477.37
SMU08197403000000030	Colorado	Denver-Aurora-Centennial, CO	2023	M07	July	1486.35
SMU08197403000000030	Colorado	Denver-Aurora-Centennial, CO	2023	M06	June	1460.79
SMU08197403000000030	Colorado	Denver-Aurora-Centennial, CO	2023	M05	May	1461.86
SMU08197403000000030	Colorado	Denver-Aurora-Centennial, CO	2023	M04	April	1494.40
SMU08197403000000030	Colorado	Denver-Aurora-Centennial, CO	2023	M03	March	1442.79
SMU08197403000000030	Colorado	Denver-Aurora-Centennial, CO	2023	M02	February	1454.03
SMU08197403000000030	Colorado	Denver-Aurora-Centennial, CO	2023	M01	January	1503.34
SMU08197403000000030	Colorado	Denver-Aurora-Centennial, CO	2022	M12	December	1425.57
SMU08197403000000030	Colorado	Denver-Aurora-Centennial, CO	2022	M11	November	1440.80
SMU08197403000000030	Colorado	Denver-Aurora-Centennial, CO	2022	M10	October	1426.73
SMU08197403000000030	Colorado	Denver-Aurora-Centennial, CO	2022	M09	September	1401.65
SMU08197403000000030	Colorado	Denver-Aurora-Centennial, CO	2022	M08	August	1288.68
SMU08197403000000030	Colorado	Denver-Aurora-Centennial, CO	2022	M07	July	1273.32
SMU08197403000000030	Colorado	Denver-Aurora-Centennial, CO	2022	M06	June	1239.58
SMU08197403000000030	Colorado	Denver-Aurora-Centennial, CO	2022	M05	May	1253.88
SMU08197403000000030	Colorado	Denver-Aurora-Centennial, CO	2022	M04	April	1292.69
SMU08197403000000030	Colorado	Denver-Aurora-Centennial, CO	2022	M03	March	1322.01
SMU08197403000000030	Colorado	Denver-Aurora-Centennial, CO	2022	M02	February	1166.24
SMU08197403000000030	Colorado	Denver-Aurora-Centennial, CO	2022	M01	January	1152.84
SMU08197403000000030	Colorado	Denver-Aurora-Centennial, CO	2021	M12	December	1221.30
SMU08197403000000030	Colorado	Denver-Aurora-Centennial, CO	2021	M11	November	1234.80
SMU08197403000000030	Colorado	Denver-Aurora-Centennial, CO	2021	M10	October	1223.93
SMU08197403000000030	Colorado	Denver-Aurora-Centennial, CO	2021	M09	September	1230.34
SMU08197403000000030	Colorado	Denver-Aurora-Centennial, CO	2021	M08	August	1195.36
SMU08197403000000030	Colorado	Denver-Aurora-Centennial, CO	2021	M07	July	1202.68
SMU08197403000000030	Colorado	Denver-Aurora-Centennial, CO	2021	M06	June	1179.28
SMU08197403000000030	Colorado	Denver-Aurora-Centennial, CO	2021	M05	May	1178.75
SMU08197403000000030	Colorado	Denver-Aurora-Centennial, CO	2021	M04	April	1183.27
SMU08197403000000030	Colorado	Denver-Aurora-Centennial, CO	2021	M03	March	1181.52
SMU08197403000000030	Colorado	Denver-Aurora-Centennial, CO	2021	M02	February	1201.43
SMU08197403000000030	Colorado	Denver-Aurora-Centennial, CO	2021	M01	January	1239.37
SMU08197403000000030	Colorado	Denver-Aurora-Centennial, CO	2020	M12	December	1226.37
SMU08197403000000030	Colorado	Denver-Aurora-Centennial, CO	2020	M11	November	1213.91
SMU08197403000000030	Colorado	Denver-Aurora-Centennial, CO	2020	M10	October	1220.48
SMU08197403000000030	Colorado	Denver-Aurora-Centennial, CO	2020	M09	September	1240.74
SMU08197403000000030	Colorado	Denver-Aurora-Centennial, CO	2020	M08	August	1290.80
SMU08197403000000030	Colorado	Denver-Aurora-Centennial, CO	2020	M07	July	1301.27
SMU08197403000000030	Colorado	Denver-Aurora-Centennial, CO	2020	M06	June	1271.61
SMU08197403000000030	Colorado	Denver-Aurora-Centennial, CO	2020	M05	May	1285.50
SMU08197403000000030	Colorado	Denver-Aurora-Centennial, CO	2020	M04	April	1308.35
SMU08197403000000030	Colorado	Denver-Aurora-Centennial, CO	2020	M03	March	1364.00
SMU08197403000000030	Colorado	Denver-Aurora-Centennial, CO	2020	M02	February	1391.16
SMU08197403000000030	Colorado	Denver-Aurora-Centennial, CO	2020	M01	January	1373.50
SMU08197403000000030	Colorado	Denver-Aurora-Centennial, CO	2019	M12	December	1426.41
SMU08197403000000030	Colorado	Denver-Aurora-Centennial, CO	2019	M11	November	1425.24
SMU08197403000000030	Colorado	Denver-Aurora-Centennial, CO	2019	M10	October	1432.38
SMU08197403000000030	Colorado	Denver-Aurora-Centennial, CO	2019	M09	September	1470.96
SMU08197403000000030	Colorado	Denver-Aurora-Centennial, CO	2019	M08	August	1467.13
SMU08197403000000030	Colorado	Denver-Aurora-Centennial, CO	2019	M07	July	1461.75
SMU08197403000000030	Colorado	Denver-Aurora-Centennial, CO	2019	M06	June	1485.70
SMU08197403000000030	Colorado	Denver-Aurora-Centennial, CO	2019	M05	May	1516.83
SMU08197403000000030	Colorado	Denver-Aurora-Centennial, CO	2019	M04	April	1528.80
SMU08197403000000030	Colorado	Denver-Aurora-Centennial, CO	2019	M03	March	1490.81
SMU08197403000000030	Colorado	Denver-Aurora-Centennial, CO	2019	M02	February	1469.10
SMU08197403000000030	Colorado	Denver-Aurora-Centennial, CO	2019	M01	January	1435.18
SMU08197403000000030	Colorado	Denver-Aurora-Centennial, CO	2018	M12	December	1436.83
SMU08197403000000030	Colorado	Denver-Aurora-Centennial, CO	2018	M11	November	1444.51
SMU08197403000000030	Colorado	Denver-Aurora-Centennial, CO	2018	M10	October	1406.14
SMU08197403000000030	Colorado	Denver-Aurora-Centennial, CO	2018	M09	September	1407.82
SMU08197403000000030	Colorado	Denver-Aurora-Centennial, CO	2018	M08	August	1395.55
SMU08197403000000030	Colorado	Denver-Aurora-Centennial, CO	2018	M07	July	1371.50
SMU08197403000000030	Colorado	Denver-Aurora-Centennial, CO	2018	M06	June	1346.43
SMU08197403000000030	Colorado	Denver-Aurora-Centennial, CO	2018	M05	May	1333.71
SMU08197403000000030	Colorado	Denver-Aurora-Centennial, CO	2018	M04	April	1348.73
SMU08197403000000030	Colorado	Denver-Aurora-Centennial, CO	2018	M03	March	1360.37
SMU08197403000000030	Colorado	Denver-Aurora-Centennial, CO	2018	M02	February	1319.95
SMU08197403000000030	Colorado	Denver-Aurora-Centennial, CO	2018	M01	January	1341.90
SMU08197403000000030	Colorado	Denver-Aurora-Centennial, CO	2017	M12	December	1364.90
SMU08197403000000030	Colorado	Denver-Aurora-Centennial, CO	2017	M11	November	1371.10
SMU08197403000000030	Colorado	Denver-Aurora-Centennial, CO	2017	M10	October	1349.59
SMU08197403000000030	Colorado	Denver-Aurora-Centennial, CO	2017	M09	September	1329.25
SMU08197403000000030	Colorado	Denver-Aurora-Centennial, CO	2017	M08	August	1311.30
SMU08197403000000030	Colorado	Denver-Aurora-Centennial, CO	2017	M07	July	1288.88
SMU08197403000000030	Colorado	Denver-Aurora-Centennial, CO	2017	M06	June	1347.57
SMU08197403000000030	Colorado	Denver-Aurora-Centennial, CO	2017	M05	May	1360.68
SMU08197403000000030	Colorado	Denver-Aurora-Centennial, CO	2017	M04	April	1340.06
SMU08197403000000030	Colorado	Denver-Aurora-Centennial, CO	2017	M03	March	1337.64
SMU08197403000000030	Colorado	Denver-Aurora-Centennial, CO	2017	M02	February	1346.60
SMU08197403000000030	Colorado	Denver-Aurora-Centennial, CO	2017	M01	January	1384.93
SMU08197403000000030	Colorado	Denver-Aurora-Centennial, CO	2016	M12	December	1367.35
SMU08197403000000030	Colorado	Denver-Aurora-Centennial, CO	2016	M11	November	1365.20
SMU08197403000000030	Colorado	Denver-Aurora-Centennial, CO	2016	M10	October	1348.96
SMU08197403000000030	Colorado	Denver-Aurora-Centennial, CO	2016	M09	September	1325.74
SMU08197403000000030	Colorado	Denver-Aurora-Centennial, CO	2016	M08	August	1332.73
SMU08197403000000030	Colorado	Denver-Aurora-Centennial, CO	2016	M07	July	1339.20
SMU08197403000000030	Colorado	Denver-Aurora-Centennial, CO	2016	M06	June	1325.41
SMU08197403000000030	Colorado	Denver-Aurora-Centennial, CO	2016	M05	May	1333.43
SMU08197403000000030	Colorado	Denver-Aurora-Centennial, CO	2016	M04	April	1416.04
SMU08197403000000030	Colorado	Denver-Aurora-Centennial, CO	2016	M03	March	1386.03
SMU08197403000000030	Colorado	Denver-Aurora-Centennial, CO	2016	M02	February	1314.94
SMU08197403000000030	Colorado	Denver-Aurora-Centennial, CO	2016	M01	January	1319.09
SMU08197403000000030	Colorado	Denver-Aurora-Centennial, CO	2015	M12	December	1313.39
SMU08197403000000030	Colorado	Denver-Aurora-Centennial, CO	2015	M11	November	1306.42
SMU08197403000000030	Colorado	Denver-Aurora-Centennial, CO	2015	M10	October	1287.20
SMU08197403000000030	Colorado	Denver-Aurora-Centennial, CO	2015	M09	September	1311.18
SMU08197403000000030	Colorado	Denver-Aurora-Centennial, CO	2015	M08	August	1283.91
SMU08197403000000030	Colorado	Denver-Aurora-Centennial, CO	2015	M07	July	1256.10
SMU08197403000000030	Colorado	Denver-Aurora-Centennial, CO	2015	M06	June	1242.85
SMU08197403000000030	Colorado	Denver-Aurora-Centennial, CO	2015	M05	May	1224.75
SMU08197403000000030	Colorado	Denver-Aurora-Centennial, CO	2015	M04	April	1241.42
SMU08197403000000030	Colorado	Denver-Aurora-Centennial, CO	2015	M03	March	1256.04
SMU08197403000000030	Colorado	Denver-Aurora-Centennial, CO	2015	M02	February	1194.05
SMU08197403000000030	Colorado	Denver-Aurora-Centennial, CO	2015	M01	January	1192.00
SMU08197403000000030	Colorado	Denver-Aurora-Centennial, CO	2014	M12	December	1165.06
SMU08197403000000030	Colorado	Denver-Aurora-Centennial, CO	2014	M11	November	1175.45
SMU08197403000000030	Colorado	Denver-Aurora-Centennial, CO	2014	M10	October	1162.76
SMU08197403000000030	Colorado	Denver-Aurora-Centennial, CO	2014	M09	September	1147.37
SMU08197403000000030	Colorado	Denver-Aurora-Centennial, CO	2014	M08	August	1126.39
SMU08197403000000030	Colorado	Denver-Aurora-Centennial, CO	2014	M07	July	1130.77
SMU08197403000000030	Colorado	Denver-Aurora-Centennial, CO	2014	M06	June	1141.85
SMU08197403000000030	Colorado	Denver-Aurora-Centennial, CO	2014	M05	May	1142.36
SMU08197403000000030	Colorado	Denver-Aurora-Centennial, CO	2014	M04	April	1149.68
SMU08197403000000030	Colorado	Denver-Aurora-Centennial, CO	2014	M03	March	1142.74
SMU08197403000000030	Colorado	Denver-Aurora-Centennial, CO	2014	M02	February	1178.53
SMU08197403000000030	Colorado	Denver-Aurora-Centennial, CO	2014	M01	January	1146.15
SMU08197403000000030	Colorado	Denver-Aurora-Centennial, CO	2013	M12	December	1146.43
SMU08197403000000030	Colorado	Denver-Aurora-Centennial, CO	2013	M11	November	1149.78
SMU08197403000000030	Colorado	Denver-Aurora-Centennial, CO	2013	M10	October	1146.90
SMU08197403000000030	Colorado	Denver-Aurora-Centennial, CO	2013	M09	September	1170.27
SMU08197403000000030	Colorado	Denver-Aurora-Centennial, CO	2013	M08	August	1156.06
SMU08197403000000030	Colorado	Denver-Aurora-Centennial, CO	2013	M07	July	1155.22
SMU08197403000000030	Colorado	Denver-Aurora-Centennial, CO	2013	M06	June	1147.34
SMU08197403000000030	Colorado	Denver-Aurora-Centennial, CO	2013	M05	May	1149.33
SMU08197403000000030	Colorado	Denver-Aurora-Centennial, CO	2013	M04	April	1157.86
SMU08197403000000030	Colorado	Denver-Aurora-Centennial, CO	2013	M03	March	1156.61
SMU08197403000000030	Colorado	Denver-Aurora-Centennial, CO	2013	M02	February	1135.07
SMU08197403000000030	Colorado	Denver-Aurora-Centennial, CO	2013	M01	January	1124.60
SMU08197403000000030	Colorado	Denver-Aurora-Centennial, CO	2012	M12	December	1130.80
SMU08197403000000030	Colorado	Denver-Aurora-Centennial, CO	2012	M11	November	1100.07
SMU08197403000000030	Colorado	Denver-Aurora-Centennial, CO	2012	M10	October	1097.29
SMU08197403000000030	Colorado	Denver-Aurora-Centennial, CO	2012	M09	September	1133.90
SMU08197403000000030	Colorado	Denver-Aurora-Centennial, CO	2012	M08	August	1069.61
SMU08197403000000030	Colorado	Denver-Aurora-Centennial, CO	2012	M07	July	1065.08
SMU08197403000000030	Colorado	Denver-Aurora-Centennial, CO	2012	M06	June	1083.50
SMU08197403000000030	Colorado	Denver-Aurora-Centennial, CO	2012	M05	May	1067.00
SMU08197403000000030	Colorado	Denver-Aurora-Centennial, CO	2012	M04	April	1060.43
SMU08197403000000030	Colorado	Denver-Aurora-Centennial, CO	2012	M03	March	1074.81
SMU08197403000000030	Colorado	Denver-Aurora-Centennial, CO	2012	M02	February	1058.93
SMU08197403000000030	Colorado	Denver-Aurora-Centennial, CO	2012	M01	January	1075.33
SMU08197403000000030	Colorado	Denver-Aurora-Centennial, CO	2011	M12	December	1081.53
SMU08197403000000030	Colorado	Denver-Aurora-Centennial, CO	2011	M11	November	1084.66
SMU08197403000000030	Colorado	Denver-Aurora-Centennial, CO	2011	M10	October	1149.92
SMU08197403000000030	Colorado	Denver-Aurora-Centennial, CO	2011	M09	September	1120.93
SMU08197403000000030	Colorado	Denver-Aurora-Centennial, CO	2011	M08	August	1045.67
SMU08197403000000030	Colorado	Denver-Aurora-Centennial, CO	2011	M07	July	1026.37
SMU08197403000000030	Colorado	Denver-Aurora-Centennial, CO	2011	M06	June	1025.82
SMU08197403000000030	Colorado	Denver-Aurora-Centennial, CO	2011	M05	May	1042.41
SMU08197403000000030	Colorado	Denver-Aurora-Centennial, CO	2011	M04	April	1033.01
SMU08197403000000030	Colorado	Denver-Aurora-Centennial, CO	2011	M03	March	1030.07
SMU08197403000000030	Colorado	Denver-Aurora-Centennial, CO	2011	M02	February	1018.66
SMU08197403000000030	Colorado	Denver-Aurora-Centennial, CO	2011	M01	January	1012.96
SMU08197403000000030	Colorado	Denver-Aurora-Centennial, CO	2010	M12	December	1023.37
SMU08197403000000030	Colorado	Denver-Aurora-Centennial, CO	2010	M11	November	1021.28
SMU08197403000000030	Colorado	Denver-Aurora-Centennial, CO	2010	M10	October	1011.20
SMU08197403000000030	Colorado	Denver-Aurora-Centennial, CO	2010	M09	September	1011.20
SMU08197403000000030	Colorado	Denver-Aurora-Centennial, CO	2010	M08	August	1021.44
SMU08197403000000030	Colorado	Denver-Aurora-Centennial, CO	2010	M07	July	1007.06
SMU08197403000000030	Colorado	Denver-Aurora-Centennial, CO	2010	M06	June	1011.32
SMU08197403000000030	Colorado	Denver-Aurora-Centennial, CO	2010	M05	May	992.71
SMU08197403000000030	Colorado	Denver-Aurora-Centennial, CO	2010	M04	April	974.61
SMU08197403000000030	Colorado	Denver-Aurora-Centennial, CO	2010	M03	March	976.86
SMU08197403000000030	Colorado	Denver-Aurora-Centennial, CO	2010	M02	February	980.14
SMU08197403000000030	Colorado	Denver-Aurora-Centennial, CO	2010	M01	January	988.84
SMU08197403000000030	Colorado	Denver-Aurora-Centennial, CO	2009	M12	December	989.23
SMU08197403000000030	Colorado	Denver-Aurora-Centennial, CO	2009	M11	November	1017.60
SMU08197403000000030	Colorado	Denver-Aurora-Centennial, CO	2009	M10	October	980.19
SMU08197403000000030	Colorado	Denver-Aurora-Centennial, CO	2009	M09	September	985.13
SMU08197403000000030	Colorado	Denver-Aurora-Centennial, CO	2009	M08	August	977.55
SMU08197403000000030	Colorado	Denver-Aurora-Centennial, CO	2009	M07	July	974.70
SMU08197403000000030	Colorado	Denver-Aurora-Centennial, CO	2009	M06	June	977.24
SMU08197403000000030	Colorado	Denver-Aurora-Centennial, CO	2009	M05	May	964.75
SMU08197403000000030	Colorado	Denver-Aurora-Centennial, CO	2009	M04	April	960.75
SMU08197403000000030	Colorado	Denver-Aurora-Centennial, CO	2009	M03	March	952.78
SMU08197403000000030	Colorado	Denver-Aurora-Centennial, CO	2009	M02	February	941.29
SMU08197403000000030	Colorado	Denver-Aurora-Centennial, CO	2009	M01	January	931.41
SMU08197403000000030	Colorado	Denver-Aurora-Centennial, CO	2008	M12	December	960.35
SMU08197403000000030	Colorado	Denver-Aurora-Centennial, CO	2008	M11	November	953.10
SMU08197403000000030	Colorado	Denver-Aurora-Centennial, CO	2008	M10	October	928.80
SMU08197403000000030	Colorado	Denver-Aurora-Centennial, CO	2008	M09	September	924.46
SMU08197403000000030	Colorado	Denver-Aurora-Centennial, CO	2008	M08	August	912.48
SMU08197403000000030	Colorado	Denver-Aurora-Centennial, CO	2008	M07	July	893.77
SMU08197403000000030	Colorado	Denver-Aurora-Centennial, CO	2008	M06	June	879.45
SMU08197403000000030	Colorado	Denver-Aurora-Centennial, CO	2008	M05	May	881.18
SMU08197403000000030	Colorado	Denver-Aurora-Centennial, CO	2008	M04	April	852.04
SMU08197403000000030	Colorado	Denver-Aurora-Centennial, CO	2008	M03	March	844.60
SMU08197403000000030	Colorado	Denver-Aurora-Centennial, CO	2008	M02	February	828.64
SMU08197403000000030	Colorado	Denver-Aurora-Centennial, CO	2008	M01	January	809.03
SMU08197403000000030	Colorado	Denver-Aurora-Centennial, CO	2007	M12	December	829.04
SMU08197403000000030	Colorado	Denver-Aurora-Centennial, CO	2007	M11	November	840.78
SMU08197403000000030	Colorado	Denver-Aurora-Centennial, CO	2007	M10	October	811.19
SMU08197403000000030	Colorado	Denver-Aurora-Centennial, CO	2007	M09	September	809.52
SMU08197403000000030	Colorado	Denver-Aurora-Centennial, CO	2007	M08	August	818.06
SMU08197403000000030	Colorado	Denver-Aurora-Centennial, CO	2007	M07	July	824.19
SMU08197403000000030	Colorado	Denver-Aurora-Centennial, CO	2007	M06	June	813.70
SMU08197403000000030	Colorado	Denver-Aurora-Centennial, CO	2007	M05	May	796.52
SMU08197403000000030	Colorado	Denver-Aurora-Centennial, CO	2007	M04	April	790.86
SMU08197403000000030	Colorado	Denver-Aurora-Centennial, CO	2007	M03	March	766.73
SMU08197403000000030	Colorado	Denver-Aurora-Centennial, CO	2007	M02	February	733.43
SMU08197403000000030	Colorado	Denver-Aurora-Centennial, CO	2007	M01	January	727.62
SMU15465203000000030	Hawaii	Urban Honolulu, HI	2025	M12	December	1352.59
SMU15465203000000030	Hawaii	Urban Honolulu, HI	2025	M11	November	1352.16
SMU15465203000000030	Hawaii	Urban Honolulu, HI	2025	M10	October	1368.14
SMU15465203000000030	Hawaii	Urban Honolulu, HI	2025	M09	September	1304.58
SMU15465203000000030	Hawaii	Urban Honolulu, HI	2025	M08	August	1271.47
SMU15465203000000030	Hawaii	Urban Honolulu, HI	2025	M07	July	1294.55
SMU15465203000000030	Hawaii	Urban Honolulu, HI	2025	M06	June	1335.66
SMU15465203000000030	Hawaii	Urban Honolulu, HI	2025	M05	May	1349.05
SMU15465203000000030	Hawaii	Urban Honolulu, HI	2025	M04	April	1339.63
SMU15465203000000030	Hawaii	Urban Honolulu, HI	2025	M03	March	1363.79
SMU15465203000000030	Hawaii	Urban Honolulu, HI	2025	M02	February	1258.48
SMU15465203000000030	Hawaii	Urban Honolulu, HI	2025	M01	January	1279.90
SMU15465203000000030	Hawaii	Urban Honolulu, HI	2024	M12	December	1312.31
SMU15465203000000030	Hawaii	Urban Honolulu, HI	2024	M11	November	1266.43
SMU15465203000000030	Hawaii	Urban Honolulu, HI	2024	M10	October	1255.63
SMU15465203000000030	Hawaii	Urban Honolulu, HI	2024	M09	September	1273.08
SMU15465203000000030	Hawaii	Urban Honolulu, HI	2024	M08	August	1255.42
SMU15465203000000030	Hawaii	Urban Honolulu, HI	2024	M07	July	1271.81
SMU15465203000000030	Hawaii	Urban Honolulu, HI	2024	M06	June	1225.48
SMU15465203000000030	Hawaii	Urban Honolulu, HI	2024	M05	May	1145.94
SMU15465203000000030	Hawaii	Urban Honolulu, HI	2024	M04	April	1135.10
SMU15465203000000030	Hawaii	Urban Honolulu, HI	2024	M03	March	1140.24
SMU15465203000000030	Hawaii	Urban Honolulu, HI	2024	M02	February	1092.75
SMU15465203000000030	Hawaii	Urban Honolulu, HI	2024	M01	January	1052.76
SMU15465203000000030	Hawaii	Urban Honolulu, HI	2023	M12	December	1060.14
SMU15465203000000030	Hawaii	Urban Honolulu, HI	2023	M11	November	1097.86
SMU15465203000000030	Hawaii	Urban Honolulu, HI	2023	M10	October	1074.07
SMU15465203000000030	Hawaii	Urban Honolulu, HI	2023	M09	September	1112.66
SMU15465203000000030	Hawaii	Urban Honolulu, HI	2023	M08	August	1143.13
SMU15465203000000030	Hawaii	Urban Honolulu, HI	2023	M07	July	1120.71
SMU15465203000000030	Hawaii	Urban Honolulu, HI	2023	M06	June	1076.85
SMU15465203000000030	Hawaii	Urban Honolulu, HI	2023	M05	May	1075.40
SMU15465203000000030	Hawaii	Urban Honolulu, HI	2023	M04	April	1051.65
SMU15465203000000030	Hawaii	Urban Honolulu, HI	2023	M03	March	1034.25
SMU15465203000000030	Hawaii	Urban Honolulu, HI	2023	M02	February	1015.80
SMU15465203000000030	Hawaii	Urban Honolulu, HI	2023	M01	January	1052.32
SMU15465203000000030	Hawaii	Urban Honolulu, HI	2022	M12	December	1085.76
SMU15465203000000030	Hawaii	Urban Honolulu, HI	2022	M11	November	1052.48
SMU15465203000000030	Hawaii	Urban Honolulu, HI	2022	M10	October	1052.96
SMU15465203000000030	Hawaii	Urban Honolulu, HI	2022	M09	September	1083.84
SMU15465203000000030	Hawaii	Urban Honolulu, HI	2022	M08	August	1043.71
SMU15465203000000030	Hawaii	Urban Honolulu, HI	2022	M07	July	1014.89
SMU15465203000000030	Hawaii	Urban Honolulu, HI	2022	M06	June	973.83
SMU15465203000000030	Hawaii	Urban Honolulu, HI	2022	M05	May	978.51
SMU15465203000000030	Hawaii	Urban Honolulu, HI	2022	M04	April	1028.40
SMU15465203000000030	Hawaii	Urban Honolulu, HI	2022	M03	March	1051.09
SMU15465203000000030	Hawaii	Urban Honolulu, HI	2022	M02	February	1017.46
SMU15465203000000030	Hawaii	Urban Honolulu, HI	2022	M01	January	946.71
SMU15465203000000030	Hawaii	Urban Honolulu, HI	2021	M12	December	910.64
SMU15465203000000030	Hawaii	Urban Honolulu, HI	2021	M11	November	896.26
SMU15465203000000030	Hawaii	Urban Honolulu, HI	2021	M10	October	893.68
SMU15465203000000030	Hawaii	Urban Honolulu, HI	2021	M09	September	917.23
SMU15465203000000030	Hawaii	Urban Honolulu, HI	2021	M08	August	901.79
SMU15465203000000030	Hawaii	Urban Honolulu, HI	2021	M07	July	879.66
SMU15465203000000030	Hawaii	Urban Honolulu, HI	2021	M06	June	806.98
SMU15465203000000030	Hawaii	Urban Honolulu, HI	2021	M05	May	872.78
SMU15465203000000030	Hawaii	Urban Honolulu, HI	2021	M04	April	888.18
SMU15465203000000030	Hawaii	Urban Honolulu, HI	2021	M03	March	827.12
SMU15465203000000030	Hawaii	Urban Honolulu, HI	2021	M02	February	884.82
SMU15465203000000030	Hawaii	Urban Honolulu, HI	2021	M01	January	858.00
SMU15465203000000030	Hawaii	Urban Honolulu, HI	2020	M12	December	953.61
SMU15465203000000030	Hawaii	Urban Honolulu, HI	2020	M11	November	956.40
SMU15465203000000030	Hawaii	Urban Honolulu, HI	2020	M10	October	934.21
SMU15465203000000030	Hawaii	Urban Honolulu, HI	2020	M09	September	868.32
SMU15465203000000030	Hawaii	Urban Honolulu, HI	2020	M08	August	919.50
SMU15465203000000030	Hawaii	Urban Honolulu, HI	2020	M07	July	912.52
SMU15465203000000030	Hawaii	Urban Honolulu, HI	2020	M06	June	827.48
SMU15465203000000030	Hawaii	Urban Honolulu, HI	2020	M05	May	851.12
SMU15465203000000030	Hawaii	Urban Honolulu, HI	2020	M04	April	827.96
SMU15465203000000030	Hawaii	Urban Honolulu, HI	2020	M03	March	910.92
SMU15465203000000030	Hawaii	Urban Honolulu, HI	2020	M02	February	900.94
SMU15465203000000030	Hawaii	Urban Honolulu, HI	2020	M01	January	856.39
SMU15465203000000030	Hawaii	Urban Honolulu, HI	2019	M12	December	847.39
SMU15465203000000030	Hawaii	Urban Honolulu, HI	2019	M11	November	817.88
SMU15465203000000030	Hawaii	Urban Honolulu, HI	2019	M10	October	781.57
SMU15465203000000030	Hawaii	Urban Honolulu, HI	2019	M09	September	838.92
SMU15465203000000030	Hawaii	Urban Honolulu, HI	2019	M08	August	802.03
SMU15465203000000030	Hawaii	Urban Honolulu, HI	2019	M07	July	800.25
SMU15465203000000030	Hawaii	Urban Honolulu, HI	2019	M06	June	779.70
SMU15465203000000030	Hawaii	Urban Honolulu, HI	2019	M05	May	839.67
SMU15465203000000030	Hawaii	Urban Honolulu, HI	2019	M04	April	791.62
SMU15465203000000030	Hawaii	Urban Honolulu, HI	2019	M03	March	827.15
SMU15465203000000030	Hawaii	Urban Honolulu, HI	2019	M02	February	789.46
SMU15465203000000030	Hawaii	Urban Honolulu, HI	2019	M01	January	796.28
SMU15465203000000030	Hawaii	Urban Honolulu, HI	2018	M12	December	805.83
SMU15465203000000030	Hawaii	Urban Honolulu, HI	2018	M11	November	785.03
SMU15465203000000030	Hawaii	Urban Honolulu, HI	2018	M10	October	787.18
SMU15465203000000030	Hawaii	Urban Honolulu, HI	2018	M09	September	762.15
SMU15465203000000030	Hawaii	Urban Honolulu, HI	2018	M08	August	761.29
SMU15465203000000030	Hawaii	Urban Honolulu, HI	2018	M07	July	775.37
SMU15465203000000030	Hawaii	Urban Honolulu, HI	2018	M06	June	720.88
SMU15465203000000030	Hawaii	Urban Honolulu, HI	2018	M05	May	735.59
SMU15465203000000030	Hawaii	Urban Honolulu, HI	2018	M04	April	728.08
SMU15465203000000030	Hawaii	Urban Honolulu, HI	2018	M03	March	732.19
SMU15465203000000030	Hawaii	Urban Honolulu, HI	2018	M02	February	700.84
SMU15465203000000030	Hawaii	Urban Honolulu, HI	2018	M01	January	728.83
SMU15465203000000030	Hawaii	Urban Honolulu, HI	2017	M12	December	754.26
SMU15465203000000030	Hawaii	Urban Honolulu, HI	2017	M11	November	743.05
SMU15465203000000030	Hawaii	Urban Honolulu, HI	2017	M10	October	754.95
SMU15465203000000030	Hawaii	Urban Honolulu, HI	2017	M09	September	755.44
SMU15465203000000030	Hawaii	Urban Honolulu, HI	2017	M08	August	744.98
SMU15465203000000030	Hawaii	Urban Honolulu, HI	2017	M07	July	773.76
SMU15465203000000030	Hawaii	Urban Honolulu, HI	2017	M06	June	755.09
SMU15465203000000030	Hawaii	Urban Honolulu, HI	2017	M05	May	768.47
SMU15465203000000030	Hawaii	Urban Honolulu, HI	2017	M04	April	811.20
SMU15465203000000030	Hawaii	Urban Honolulu, HI	2017	M03	March	814.06
SMU15465203000000030	Hawaii	Urban Honolulu, HI	2017	M02	February	838.33
SMU15465203000000030	Hawaii	Urban Honolulu, HI	2017	M01	January	810.38
SMU15465203000000030	Hawaii	Urban Honolulu, HI	2016	M12	December	830.81
SMU15465203000000030	Hawaii	Urban Honolulu, HI	2016	M11	November	836.20
SMU15465203000000030	Hawaii	Urban Honolulu, HI	2016	M10	October	868.03
SMU15465203000000030	Hawaii	Urban Honolulu, HI	2016	M09	September	837.31
SMU15465203000000030	Hawaii	Urban Honolulu, HI	2016	M08	August	851.62
SMU15465203000000030	Hawaii	Urban Honolulu, HI	2016	M07	July	834.79
SMU15465203000000030	Hawaii	Urban Honolulu, HI	2016	M06	June	806.74
SMU15465203000000030	Hawaii	Urban Honolulu, HI	2016	M05	May	805.22
SMU15465203000000030	Hawaii	Urban Honolulu, HI	2016	M04	April	811.01
SMU15465203000000030	Hawaii	Urban Honolulu, HI	2016	M03	March	851.79
SMU15465203000000030	Hawaii	Urban Honolulu, HI	2016	M02	February	825.79
SMU15465203000000030	Hawaii	Urban Honolulu, HI	2016	M01	January	845.96
SMU15465203000000030	Hawaii	Urban Honolulu, HI	2015	M12	December	871.92
SMU15465203000000030	Hawaii	Urban Honolulu, HI	2015	M11	November	826.73
SMU15465203000000030	Hawaii	Urban Honolulu, HI	2015	M10	October	824.18
SMU15465203000000030	Hawaii	Urban Honolulu, HI	2015	M09	September	793.07
SMU15465203000000030	Hawaii	Urban Honolulu, HI	2015	M08	August	854.08
SMU15465203000000030	Hawaii	Urban Honolulu, HI	2015	M07	July	822.55
SMU15465203000000030	Hawaii	Urban Honolulu, HI	2015	M06	June	799.27
SMU15465203000000030	Hawaii	Urban Honolulu, HI	2015	M05	May	833.16
SMU15465203000000030	Hawaii	Urban Honolulu, HI	2015	M04	April	799.92
SMU15465203000000030	Hawaii	Urban Honolulu, HI	2015	M03	March	781.64
SMU15465203000000030	Hawaii	Urban Honolulu, HI	2015	M02	February	777.50
SMU15465203000000030	Hawaii	Urban Honolulu, HI	2015	M01	January	777.29
SMU15465203000000030	Hawaii	Urban Honolulu, HI	2014	M12	December	739.40
SMU15465203000000030	Hawaii	Urban Honolulu, HI	2014	M11	November	755.11
SMU15465203000000030	Hawaii	Urban Honolulu, HI	2014	M10	October	742.15
SMU15465203000000030	Hawaii	Urban Honolulu, HI	2014	M09	September	704.46
SMU15465203000000030	Hawaii	Urban Honolulu, HI	2014	M08	August	693.42
SMU15465203000000030	Hawaii	Urban Honolulu, HI	2014	M07	July	729.10
SMU15465203000000030	Hawaii	Urban Honolulu, HI	2014	M06	June	709.03
SMU15465203000000030	Hawaii	Urban Honolulu, HI	2014	M05	May	676.38
SMU15465203000000030	Hawaii	Urban Honolulu, HI	2014	M04	April	717.74
SMU15465203000000030	Hawaii	Urban Honolulu, HI	2014	M03	March	702.24
SMU15465203000000030	Hawaii	Urban Honolulu, HI	2014	M02	February	727.82
SMU15465203000000030	Hawaii	Urban Honolulu, HI	2014	M01	January	706.37
SMU15465203000000030	Hawaii	Urban Honolulu, HI	2013	M12	December	768.56
SMU15465203000000030	Hawaii	Urban Honolulu, HI	2013	M11	November	735.36
SMU15465203000000030	Hawaii	Urban Honolulu, HI	2013	M10	October	723.82
SMU15465203000000030	Hawaii	Urban Honolulu, HI	2013	M09	September	766.30
SMU15465203000000030	Hawaii	Urban Honolulu, HI	2013	M08	August	759.59
SMU15465203000000030	Hawaii	Urban Honolulu, HI	2013	M07	July	690.43
SMU15465203000000030	Hawaii	Urban Honolulu, HI	2013	M06	June	699.74
SMU15465203000000030	Hawaii	Urban Honolulu, HI	2013	M05	May	734.19
SMU15465203000000030	Hawaii	Urban Honolulu, HI	2013	M04	April	722.05
SMU15465203000000030	Hawaii	Urban Honolulu, HI	2013	M03	March	728.53
SMU15465203000000030	Hawaii	Urban Honolulu, HI	2013	M02	February	717.29
SMU15465203000000030	Hawaii	Urban Honolulu, HI	2013	M01	January	696.67
SMU15465203000000030	Hawaii	Urban Honolulu, HI	2012	M12	December	762.45
SMU15465203000000030	Hawaii	Urban Honolulu, HI	2012	M11	November	745.61
SMU15465203000000030	Hawaii	Urban Honolulu, HI	2012	M10	October	717.40
SMU15465203000000030	Hawaii	Urban Honolulu, HI	2012	M09	September	738.01
SMU15465203000000030	Hawaii	Urban Honolulu, HI	2012	M08	August	731.43
SMU15465203000000030	Hawaii	Urban Honolulu, HI	2012	M07	July	719.33
SMU15465203000000030	Hawaii	Urban Honolulu, HI	2012	M06	June	713.80
SMU15465203000000030	Hawaii	Urban Honolulu, HI	2012	M05	May	779.60
SMU15465203000000030	Hawaii	Urban Honolulu, HI	2012	M04	April	738.72
SMU15465203000000030	Hawaii	Urban Honolulu, HI	2012	M03	March	751.81
SMU15465203000000030	Hawaii	Urban Honolulu, HI	2012	M02	February	734.55
SMU15465203000000030	Hawaii	Urban Honolulu, HI	2012	M01	January	714.59
SMU15465203000000030	Hawaii	Urban Honolulu, HI	2011	M12	December	735.90
SMU15465203000000030	Hawaii	Urban Honolulu, HI	2011	M11	November	699.14
SMU15465203000000030	Hawaii	Urban Honolulu, HI	2011	M10	October	720.11
SMU15465203000000030	Hawaii	Urban Honolulu, HI	2011	M09	September	684.82
SMU15465203000000030	Hawaii	Urban Honolulu, HI	2011	M08	August	665.52
SMU15465203000000030	Hawaii	Urban Honolulu, HI	2011	M07	July	664.81
SMU15465203000000030	Hawaii	Urban Honolulu, HI	2011	M06	June	687.35
SMU15465203000000030	Hawaii	Urban Honolulu, HI	2011	M05	May	656.82
SMU15465203000000030	Hawaii	Urban Honolulu, HI	2011	M04	April	619.22
SMU15465203000000030	Hawaii	Urban Honolulu, HI	2011	M03	March	647.70
SMU15465203000000030	Hawaii	Urban Honolulu, HI	2011	M02	February	640.07
SMU15465203000000030	Hawaii	Urban Honolulu, HI	2011	M01	January	660.93
SMU15465203000000030	Hawaii	Urban Honolulu, HI	2010	M12	December	657.29
SMU15465203000000030	Hawaii	Urban Honolulu, HI	2010	M11	November	666.78
SMU15465203000000030	Hawaii	Urban Honolulu, HI	2010	M10	October	654.42
SMU15465203000000030	Hawaii	Urban Honolulu, HI	2010	M09	September	652.28
SMU15465203000000030	Hawaii	Urban Honolulu, HI	2010	M08	August	677.08
SMU15465203000000030	Hawaii	Urban Honolulu, HI	2010	M07	July	651.99
SMU15465203000000030	Hawaii	Urban Honolulu, HI	2010	M06	June	659.30
SMU15465203000000030	Hawaii	Urban Honolulu, HI	2010	M05	May	664.15
SMU15465203000000030	Hawaii	Urban Honolulu, HI	2010	M04	April	667.59
SMU15465203000000030	Hawaii	Urban Honolulu, HI	2010	M03	March	659.38
SMU15465203000000030	Hawaii	Urban Honolulu, HI	2010	M02	February	658.88
SMU15465203000000030	Hawaii	Urban Honolulu, HI	2010	M01	January	653.80
SMU15465203000000030	Hawaii	Urban Honolulu, HI	2009	M12	December	663.73
SMU15465203000000030	Hawaii	Urban Honolulu, HI	2009	M11	November	667.44
SMU15465203000000030	Hawaii	Urban Honolulu, HI	2009	M10	October	636.71
SMU15465203000000030	Hawaii	Urban Honolulu, HI	2009	M09	September	655.87
SMU15465203000000030	Hawaii	Urban Honolulu, HI	2009	M08	August	681.54
SMU15465203000000030	Hawaii	Urban Honolulu, HI	2009	M07	July	682.62
SMU15465203000000030	Hawaii	Urban Honolulu, HI	2009	M06	June	701.24
SMU15465203000000030	Hawaii	Urban Honolulu, HI	2009	M05	May	707.92
SMU15465203000000030	Hawaii	Urban Honolulu, HI	2009	M04	April	691.08
SMU15465203000000030	Hawaii	Urban Honolulu, HI	2009	M03	March	678.96
SMU15465203000000030	Hawaii	Urban Honolulu, HI	2009	M02	February	683.74
SMU15465203000000030	Hawaii	Urban Honolulu, HI	2009	M01	January	674.11
SMU15465203000000030	Hawaii	Urban Honolulu, HI	2008	M12	December	680.49
SMU15465203000000030	Hawaii	Urban Honolulu, HI	2008	M11	November	696.74
SMU15465203000000030	Hawaii	Urban Honolulu, HI	2008	M10	October	680.42
SMU15465203000000030	Hawaii	Urban Honolulu, HI	2008	M09	September	700.49
SMU15465203000000030	Hawaii	Urban Honolulu, HI	2008	M08	August	702.37
SMU15465203000000030	Hawaii	Urban Honolulu, HI	2008	M07	July	707.26
SMU15465203000000030	Hawaii	Urban Honolulu, HI	2008	M06	June	718.19
SMU15465203000000030	Hawaii	Urban Honolulu, HI	2008	M05	May	678.41
SMU15465203000000030	Hawaii	Urban Honolulu, HI	2008	M04	April	713.25
SMU15465203000000030	Hawaii	Urban Honolulu, HI	2008	M03	March	727.82
SMU15465203000000030	Hawaii	Urban Honolulu, HI	2008	M02	February	680.81
SMU15465203000000030	Hawaii	Urban Honolulu, HI	2008	M01	January	650.16
SMU15465203000000030	Hawaii	Urban Honolulu, HI	2007	M12	December	697.83
SMU15465203000000030	Hawaii	Urban Honolulu, HI	2007	M11	November	736.25
SMU15465203000000030	Hawaii	Urban Honolulu, HI	2007	M10	October	714.79
SMU15465203000000030	Hawaii	Urban Honolulu, HI	2007	M09	September	688.09
SMU15465203000000030	Hawaii	Urban Honolulu, HI	2007	M08	August	675.75
SMU15465203000000030	Hawaii	Urban Honolulu, HI	2007	M07	July	694.00
SMU15465203000000030	Hawaii	Urban Honolulu, HI	2007	M06	June	698.64
SMU15465203000000030	Hawaii	Urban Honolulu, HI	2007	M05	May	707.23
SMU15465203000000030	Hawaii	Urban Honolulu, HI	2007	M04	April	702.40
SMU15465203000000030	Hawaii	Urban Honolulu, HI	2007	M03	March	631.18
SMU15465203000000030	Hawaii	Urban Honolulu, HI	2007	M02	February	622.44
SMU15465203000000030	Hawaii	Urban Honolulu, HI	2007	M01	January	627.17
SMU39171403000000030	Ohio	Cincinnati, OH-KY-IN	2025	M12	December	1229.32
SMU39171403000000030	Ohio	Cincinnati, OH-KY-IN	2025	M11	November	1265.33
SMU39171403000000030	Ohio	Cincinnati, OH-KY-IN	2025	M10	October	1268.93
SMU39171403000000030	Ohio	Cincinnati, OH-KY-IN	2025	M09	September	1267.14
SMU39171403000000030	Ohio	Cincinnati, OH-KY-IN	2025	M08	August	1244.76
SMU39171403000000030	Ohio	Cincinnati, OH-KY-IN	2025	M07	July	1262.76
SMU39171403000000030	Ohio	Cincinnati, OH-KY-IN	2025	M06	June	1253.87
SMU39171403000000030	Ohio	Cincinnati, OH-KY-IN	2025	M05	May	1184.83
SMU39171403000000030	Ohio	Cincinnati, OH-KY-IN	2025	M04	April	1202.98
SMU39171403000000030	Ohio	Cincinnati, OH-KY-IN	2025	M03	March	1181.88
SMU39171403000000030	Ohio	Cincinnati, OH-KY-IN	2025	M02	February	1120.74
SMU39171403000000030	Ohio	Cincinnati, OH-KY-IN	2025	M01	January	1042.50
SMU39171403000000030	Ohio	Cincinnati, OH-KY-IN	2024	M12	December	1144.10
SMU39171403000000030	Ohio	Cincinnati, OH-KY-IN	2024	M11	November	1104.47
SMU39171403000000030	Ohio	Cincinnati, OH-KY-IN	2024	M10	October	1082.88
SMU39171403000000030	Ohio	Cincinnati, OH-KY-IN	2024	M09	September	1104.49
SMU39171403000000030	Ohio	Cincinnati, OH-KY-IN	2024	M08	August	1071.84
SMU39171403000000030	Ohio	Cincinnati, OH-KY-IN	2024	M07	July	1036.30
SMU39171403000000030	Ohio	Cincinnati, OH-KY-IN	2024	M06	June	1055.46
SMU39171403000000030	Ohio	Cincinnati, OH-KY-IN	2024	M05	May	991.67
SMU39171403000000030	Ohio	Cincinnati, OH-KY-IN	2024	M04	April	971.35
SMU39171403000000030	Ohio	Cincinnati, OH-KY-IN	2024	M03	March	996.76
SMU39171403000000030	Ohio	Cincinnati, OH-KY-IN	2024	M02	February	988.85
SMU39171403000000030	Ohio	Cincinnati, OH-KY-IN	2024	M01	January	956.34
SMU39171403000000030	Ohio	Cincinnati, OH-KY-IN	2023	M12	December	944.11
SMU39171403000000030	Ohio	Cincinnati, OH-KY-IN	2023	M11	November	945.93
SMU39171403000000030	Ohio	Cincinnati, OH-KY-IN	2023	M10	October	920.51
SMU39171403000000030	Ohio	Cincinnati, OH-KY-IN	2023	M09	September	943.11
SMU39171403000000030	Ohio	Cincinnati, OH-KY-IN	2023	M08	August	895.05
SMU39171403000000030	Ohio	Cincinnati, OH-KY-IN	2023	M07	July	920.08
SMU39171403000000030	Ohio	Cincinnati, OH-KY-IN	2023	M06	June	908.96
SMU39171403000000030	Ohio	Cincinnati, OH-KY-IN	2023	M05	May	880.69
SMU39171403000000030	Ohio	Cincinnati, OH-KY-IN	2023	M04	April	891.66
SMU39171403000000030	Ohio	Cincinnati, OH-KY-IN	2023	M03	March	878.70
SMU39171403000000030	Ohio	Cincinnati, OH-KY-IN	2023	M02	February	872.94
SMU39171403000000030	Ohio	Cincinnati, OH-KY-IN	2023	M01	January	908.86
SMU39171403000000030	Ohio	Cincinnati, OH-KY-IN	2022	M12	December	996.09
SMU39171403000000030	Ohio	Cincinnati, OH-KY-IN	2022	M11	November	989.00
SMU39171403000000030	Ohio	Cincinnati, OH-KY-IN	2022	M10	October	1013.46
SMU39171403000000030	Ohio	Cincinnati, OH-KY-IN	2022	M09	September	1074.42
SMU39171403000000030	Ohio	Cincinnati, OH-KY-IN	2022	M08	August	1054.45
SMU39171403000000030	Ohio	Cincinnati, OH-KY-IN	2022	M07	July	1038.25
SMU39171403000000030	Ohio	Cincinnati, OH-KY-IN	2022	M06	June	1077.12
SMU39171403000000030	Ohio	Cincinnati, OH-KY-IN	2022	M05	May	1081.06
SMU39171403000000030	Ohio	Cincinnati, OH-KY-IN	2022	M04	April	1136.43
SMU39171403000000030	Ohio	Cincinnati, OH-KY-IN	2022	M03	March	1083.29
SMU39171403000000030	Ohio	Cincinnati, OH-KY-IN	2022	M02	February	1037.51
SMU39171403000000030	Ohio	Cincinnati, OH-KY-IN	2022	M01	January	1077.22
SMU39171403000000030	Ohio	Cincinnati, OH-KY-IN	2021	M12	December	1103.78
SMU39171403000000030	Ohio	Cincinnati, OH-KY-IN	2021	M11	November	1128.19
SMU39171403000000030	Ohio	Cincinnati, OH-KY-IN	2021	M10	October	1137.78
SMU39171403000000030	Ohio	Cincinnati, OH-KY-IN	2021	M09	September	1188.64
SMU39171403000000030	Ohio	Cincinnati, OH-KY-IN	2021	M08	August	1189.48
SMU39171403000000030	Ohio	Cincinnati, OH-KY-IN	2021	M07	July	1155.15
SMU39171403000000030	Ohio	Cincinnati, OH-KY-IN	2021	M06	June	1127.25
SMU39171403000000030	Ohio	Cincinnati, OH-KY-IN	2021	M05	May	1094.56
SMU39171403000000030	Ohio	Cincinnati, OH-KY-IN	2021	M04	April	1083.12
SMU39171403000000030	Ohio	Cincinnati, OH-KY-IN	2021	M03	March	1025.47
SMU39171403000000030	Ohio	Cincinnati, OH-KY-IN	2021	M02	February	1008.55
SMU39171403000000030	Ohio	Cincinnati, OH-KY-IN	2021	M01	January	997.74
SMU39171403000000030	Ohio	Cincinnati, OH-KY-IN	2020	M12	December	1054.27
SMU39171403000000030	Ohio	Cincinnati, OH-KY-IN	2020	M11	November	1032.71
SMU39171403000000030	Ohio	Cincinnati, OH-KY-IN	2020	M10	October	1035.94
SMU39171403000000030	Ohio	Cincinnati, OH-KY-IN	2020	M09	September	988.08
SMU39171403000000030	Ohio	Cincinnati, OH-KY-IN	2020	M08	August	1019.28
SMU39171403000000030	Ohio	Cincinnati, OH-KY-IN	2020	M07	July	1009.01
SMU39171403000000030	Ohio	Cincinnati, OH-KY-IN	2020	M06	June	1006.86
SMU39171403000000030	Ohio	Cincinnati, OH-KY-IN	2020	M05	May	1027.28
SMU39171403000000030	Ohio	Cincinnati, OH-KY-IN	2020	M04	April	996.98
SMU39171403000000030	Ohio	Cincinnati, OH-KY-IN	2020	M03	March	1009.79
SMU39171403000000030	Ohio	Cincinnati, OH-KY-IN	2020	M02	February	1034.19
SMU39171403000000030	Ohio	Cincinnati, OH-KY-IN	2020	M01	January	1050.78
SMU39171403000000030	Ohio	Cincinnati, OH-KY-IN	2019	M12	December	1084.80
SMU39171403000000030	Ohio	Cincinnati, OH-KY-IN	2019	M11	November	1062.37
SMU39171403000000030	Ohio	Cincinnati, OH-KY-IN	2019	M10	October	1040.93
SMU39171403000000030	Ohio	Cincinnati, OH-KY-IN	2019	M09	September	1039.00
SMU39171403000000030	Ohio	Cincinnati, OH-KY-IN	2019	M08	August	975.63
SMU39171403000000030	Ohio	Cincinnati, OH-KY-IN	2019	M07	July	982.36
SMU39171403000000030	Ohio	Cincinnati, OH-KY-IN	2019	M06	June	977.62
SMU39171403000000030	Ohio	Cincinnati, OH-KY-IN	2019	M05	May	998.97
SMU39171403000000030	Ohio	Cincinnati, OH-KY-IN	2019	M04	April	1029.73
SMU39171403000000030	Ohio	Cincinnati, OH-KY-IN	2019	M03	March	1036.06
SMU39171403000000030	Ohio	Cincinnati, OH-KY-IN	2019	M02	February	1044.45
SMU39171403000000030	Ohio	Cincinnati, OH-KY-IN	2019	M01	January	1038.02
SMU39171403000000030	Ohio	Cincinnati, OH-KY-IN	2018	M12	December	1090.96
SMU39171403000000030	Ohio	Cincinnati, OH-KY-IN	2018	M11	November	1110.36
SMU39171403000000030	Ohio	Cincinnati, OH-KY-IN	2018	M10	October	1064.01
SMU39171403000000030	Ohio	Cincinnati, OH-KY-IN	2018	M09	September	1059.29
SMU39171403000000030	Ohio	Cincinnati, OH-KY-IN	2018	M08	August	1038.60
SMU39171403000000030	Ohio	Cincinnati, OH-KY-IN	2018	M07	July	1002.62
SMU39171403000000030	Ohio	Cincinnati, OH-KY-IN	2018	M06	June	1043.61
SMU39171403000000030	Ohio	Cincinnati, OH-KY-IN	2018	M05	May	1003.79
SMU39171403000000030	Ohio	Cincinnati, OH-KY-IN	2018	M04	April	991.19
SMU39171403000000030	Ohio	Cincinnati, OH-KY-IN	2018	M03	March	1026.86
SMU39171403000000030	Ohio	Cincinnati, OH-KY-IN	2018	M02	February	1021.46
SMU39171403000000030	Ohio	Cincinnati, OH-KY-IN	2018	M01	January	962.06
SMU39171403000000030	Ohio	Cincinnati, OH-KY-IN	2017	M12	December	1020.23
SMU39171403000000030	Ohio	Cincinnati, OH-KY-IN	2017	M11	November	1035.33
SMU39171403000000030	Ohio	Cincinnati, OH-KY-IN	2017	M10	October	1033.54
SMU39171403000000030	Ohio	Cincinnati, OH-KY-IN	2017	M09	September	1046.52
SMU39171403000000030	Ohio	Cincinnati, OH-KY-IN	2017	M08	August	1007.09
SMU39171403000000030	Ohio	Cincinnati, OH-KY-IN	2017	M07	July	1028.31
SMU39171403000000030	Ohio	Cincinnati, OH-KY-IN	2017	M06	June	1042.87
SMU39171403000000030	Ohio	Cincinnati, OH-KY-IN	2017	M05	May	1017.83
SMU39171403000000030	Ohio	Cincinnati, OH-KY-IN	2017	M04	April	1004.85
SMU39171403000000030	Ohio	Cincinnati, OH-KY-IN	2017	M03	March	988.42
SMU39171403000000030	Ohio	Cincinnati, OH-KY-IN	2017	M02	February	1000.24
SMU39171403000000030	Ohio	Cincinnati, OH-KY-IN	2017	M01	January	1009.26
SMU39171403000000030	Ohio	Cincinnati, OH-KY-IN	2016	M12	December	996.19
SMU39171403000000030	Ohio	Cincinnati, OH-KY-IN	2016	M11	November	988.41
SMU39171403000000030	Ohio	Cincinnati, OH-KY-IN	2016	M10	October	966.95
SMU39171403000000030	Ohio	Cincinnati, OH-KY-IN	2016	M09	September	993.74
SMU39171403000000030	Ohio	Cincinnati, OH-KY-IN	2016	M08	August	971.41
SMU39171403000000030	Ohio	Cincinnati, OH-KY-IN	2016	M07	July	963.11
SMU39171403000000030	Ohio	Cincinnati, OH-KY-IN	2016	M06	June	960.10
SMU39171403000000030	Ohio	Cincinnati, OH-KY-IN	2016	M05	May	950.04
SMU39171403000000030	Ohio	Cincinnati, OH-KY-IN	2016	M04	April	914.98
SMU39171403000000030	Ohio	Cincinnati, OH-KY-IN	2016	M03	March	906.53
SMU39171403000000030	Ohio	Cincinnati, OH-KY-IN	2016	M02	February	894.99
SMU39171403000000030	Ohio	Cincinnati, OH-KY-IN	2016	M01	January	873.58
SMU39171403000000030	Ohio	Cincinnati, OH-KY-IN	2015	M12	December	878.60
SMU39171403000000030	Ohio	Cincinnati, OH-KY-IN	2015	M11	November	910.31
SMU39171403000000030	Ohio	Cincinnati, OH-KY-IN	2015	M10	October	910.36
SMU39171403000000030	Ohio	Cincinnati, OH-KY-IN	2015	M09	September	874.45
SMU39171403000000030	Ohio	Cincinnati, OH-KY-IN	2015	M08	August	879.42
SMU39171403000000030	Ohio	Cincinnati, OH-KY-IN	2015	M07	July	896.83
SMU39171403000000030	Ohio	Cincinnati, OH-KY-IN	2015	M06	June	859.68
SMU39171403000000030	Ohio	Cincinnati, OH-KY-IN	2015	M05	May	851.34
SMU39171403000000030	Ohio	Cincinnati, OH-KY-IN	2015	M04	April	880.29
SMU39171403000000030	Ohio	Cincinnati, OH-KY-IN	2015	M03	March	888.81
SMU39171403000000030	Ohio	Cincinnati, OH-KY-IN	2015	M02	February	873.31
SMU39171403000000030	Ohio	Cincinnati, OH-KY-IN	2015	M01	January	918.23
SMU39171403000000030	Ohio	Cincinnati, OH-KY-IN	2014	M12	December	940.53
SMU39171403000000030	Ohio	Cincinnati, OH-KY-IN	2014	M11	November	942.28
SMU39171403000000030	Ohio	Cincinnati, OH-KY-IN	2014	M10	October	931.15
SMU39171403000000030	Ohio	Cincinnati, OH-KY-IN	2014	M09	September	935.90
SMU39171403000000030	Ohio	Cincinnati, OH-KY-IN	2014	M08	August	939.59
SMU39171403000000030	Ohio	Cincinnati, OH-KY-IN	2014	M07	July	906.72
SMU39171403000000030	Ohio	Cincinnati, OH-KY-IN	2014	M06	June	905.05
SMU39171403000000030	Ohio	Cincinnati, OH-KY-IN	2014	M05	May	884.76
SMU39171403000000030	Ohio	Cincinnati, OH-KY-IN	2014	M04	April	887.09
SMU39171403000000030	Ohio	Cincinnati, OH-KY-IN	2014	M03	March	872.06
SMU39171403000000030	Ohio	Cincinnati, OH-KY-IN	2014	M02	February	831.82
SMU39171403000000030	Ohio	Cincinnati, OH-KY-IN	2014	M01	January	838.95
SMU39171403000000030	Ohio	Cincinnati, OH-KY-IN	2013	M12	December	871.86
SMU39171403000000030	Ohio	Cincinnati, OH-KY-IN	2013	M11	November	888.83
SMU39171403000000030	Ohio	Cincinnati, OH-KY-IN	2013	M10	October	857.48
SMU39171403000000030	Ohio	Cincinnati, OH-KY-IN	2013	M09	September	879.96
SMU39171403000000030	Ohio	Cincinnati, OH-KY-IN	2013	M08	August	862.20
SMU39171403000000030	Ohio	Cincinnati, OH-KY-IN	2013	M07	July	837.29
SMU39171403000000030	Ohio	Cincinnati, OH-KY-IN	2013	M06	June	837.46
SMU39171403000000030	Ohio	Cincinnati, OH-KY-IN	2013	M05	May	828.68
SMU39171403000000030	Ohio	Cincinnati, OH-KY-IN	2013	M04	April	824.93
SMU39171403000000030	Ohio	Cincinnati, OH-KY-IN	2013	M03	March	809.40
SMU39171403000000030	Ohio	Cincinnati, OH-KY-IN	2013	M02	February	812.77
SMU39171403000000030	Ohio	Cincinnati, OH-KY-IN	2013	M01	January	817.94
SMU39171403000000030	Ohio	Cincinnati, OH-KY-IN	2012	M12	December	852.04
SMU39171403000000030	Ohio	Cincinnati, OH-KY-IN	2012	M11	November	826.80
SMU39171403000000030	Ohio	Cincinnati, OH-KY-IN	2012	M10	October	753.64
SMU39171403000000030	Ohio	Cincinnati, OH-KY-IN	2012	M09	September	761.11
SMU39171403000000030	Ohio	Cincinnati, OH-KY-IN	2012	M08	August	756.65
SMU39171403000000030	Ohio	Cincinnati, OH-KY-IN	2012	M07	July	775.05
SMU39171403000000030	Ohio	Cincinnati, OH-KY-IN	2012	M06	June	809.20
SMU39171403000000030	Ohio	Cincinnati, OH-KY-IN	2012	M05	May	813.37
SMU39171403000000030	Ohio	Cincinnati, OH-KY-IN	2012	M04	April	814.85
SMU39171403000000030	Ohio	Cincinnati, OH-KY-IN	2012	M03	March	804.32
SMU39171403000000030	Ohio	Cincinnati, OH-KY-IN	2012	M02	February	786.01
SMU39171403000000030	Ohio	Cincinnati, OH-KY-IN	2012	M01	January	782.28
SMU39171403000000030	Ohio	Cincinnati, OH-KY-IN	2011	M12	December	834.82
SMU39171403000000030	Ohio	Cincinnati, OH-KY-IN	2011	M11	November	800.79
SMU39171403000000030	Ohio	Cincinnati, OH-KY-IN	2011	M10	October	800.53
SMU39171403000000030	Ohio	Cincinnati, OH-KY-IN	2011	M09	September	774.37
SMU39171403000000030	Ohio	Cincinnati, OH-KY-IN	2011	M08	August	735.69
SMU39171403000000030	Ohio	Cincinnati, OH-KY-IN	2011	M07	July	770.66
SMU39171403000000030	Ohio	Cincinnati, OH-KY-IN	2011	M06	June	764.01
SMU39171403000000030	Ohio	Cincinnati, OH-KY-IN	2011	M05	May	783.72
SMU39171403000000030	Ohio	Cincinnati, OH-KY-IN	2011	M04	April	752.35
SMU39171403000000030	Ohio	Cincinnati, OH-KY-IN	2011	M03	March	740.18
SMU39171403000000030	Ohio	Cincinnati, OH-KY-IN	2011	M02	February	737.98
SMU39171403000000030	Ohio	Cincinnati, OH-KY-IN	2011	M01	January	731.85
SMU48231043000000030	Texas	Fort Worth-Arlington-Grapevine, TX Metropolitan Division	2025	M12	December	1953.63
SMU48231043000000030	Texas	Fort Worth-Arlington-Grapevine, TX Metropolitan Division	2025	M11	November	1961.79
SMU48231043000000030	Texas	Fort Worth-Arlington-Grapevine, TX Metropolitan Division	2025	M10	October	1971.65
SMU48231043000000030	Texas	Fort Worth-Arlington-Grapevine, TX Metropolitan Division	2025	M09	September	1932.67
SMU48231043000000030	Texas	Fort Worth-Arlington-Grapevine, TX Metropolitan Division	2025	M08	August	1858.48
SMU48231043000000030	Texas	Fort Worth-Arlington-Grapevine, TX Metropolitan Division	2025	M07	July	1826.10
SMU48231043000000030	Texas	Fort Worth-Arlington-Grapevine, TX Metropolitan Division	2025	M06	June	1856.17
SMU48231043000000030	Texas	Fort Worth-Arlington-Grapevine, TX Metropolitan Division	2025	M05	May	1790.24
SMU48231043000000030	Texas	Fort Worth-Arlington-Grapevine, TX Metropolitan Division	2025	M04	April	1893.37
SMU48231043000000030	Texas	Fort Worth-Arlington-Grapevine, TX Metropolitan Division	2025	M03	March	1906.22
SMU48231043000000030	Texas	Fort Worth-Arlington-Grapevine, TX Metropolitan Division	2025	M02	February	1939.29
SMU48231043000000030	Texas	Fort Worth-Arlington-Grapevine, TX Metropolitan Division	2025	M01	January	1965.28
SMU48231043000000030	Texas	Fort Worth-Arlington-Grapevine, TX Metropolitan Division	2024	M12	December	1996.82
SMU48231043000000030	Texas	Fort Worth-Arlington-Grapevine, TX Metropolitan Division	2024	M11	November	2028.62
SMU48231043000000030	Texas	Fort Worth-Arlington-Grapevine, TX Metropolitan Division	2024	M10	October	2064.22
SMU48231043000000030	Texas	Fort Worth-Arlington-Grapevine, TX Metropolitan Division	2024	M09	September	2119.63
SMU48231043000000030	Texas	Fort Worth-Arlington-Grapevine, TX Metropolitan Division	2024	M08	August	2055.44
SMU48231043000000030	Texas	Fort Worth-Arlington-Grapevine, TX Metropolitan Division	2024	M07	July	2064.21
SMU48231043000000030	Texas	Fort Worth-Arlington-Grapevine, TX Metropolitan Division	2024	M06	June	2055.73
SMU48231043000000030	Texas	Fort Worth-Arlington-Grapevine, TX Metropolitan Division	2024	M05	May	2024.18
SMU48231043000000030	Texas	Fort Worth-Arlington-Grapevine, TX Metropolitan Division	2024	M04	April	2028.15
SMU48231043000000030	Texas	Fort Worth-Arlington-Grapevine, TX Metropolitan Division	2024	M03	March	1914.44
SMU48231043000000030	Texas	Fort Worth-Arlington-Grapevine, TX Metropolitan Division	2024	M02	February	1864.43
SMU48231043000000030	Texas	Fort Worth-Arlington-Grapevine, TX Metropolitan Division	2024	M01	January	1816.45
SMU48231043000000030	Texas	Fort Worth-Arlington-Grapevine, TX Metropolitan Division	2023	M12	December	1864.11
SMU48231043000000030	Texas	Fort Worth-Arlington-Grapevine, TX Metropolitan Division	2023	M11	November	1848.07
SMU48231043000000030	Texas	Fort Worth-Arlington-Grapevine, TX Metropolitan Division	2023	M10	October	1890.36
SMU48231043000000030	Texas	Fort Worth-Arlington-Grapevine, TX Metropolitan Division	2023	M09	September	1888.80
SMU48231043000000030	Texas	Fort Worth-Arlington-Grapevine, TX Metropolitan Division	2023	M08	August	1880.94
SMU48231043000000030	Texas	Fort Worth-Arlington-Grapevine, TX Metropolitan Division	2023	M07	July	1854.03
SMU48231043000000030	Texas	Fort Worth-Arlington-Grapevine, TX Metropolitan Division	2023	M06	June	1823.32
SMU48231043000000030	Texas	Fort Worth-Arlington-Grapevine, TX Metropolitan Division	2023	M05	May	1824.43
SMU48231043000000030	Texas	Fort Worth-Arlington-Grapevine, TX Metropolitan Division	2023	M04	April	1850.99
SMU48231043000000030	Texas	Fort Worth-Arlington-Grapevine, TX Metropolitan Division	2023	M03	March	1877.90
SMU48231043000000030	Texas	Fort Worth-Arlington-Grapevine, TX Metropolitan Division	2023	M02	February	1818.16
SMU48231043000000030	Texas	Fort Worth-Arlington-Grapevine, TX Metropolitan Division	2023	M01	January	1776.70
SMU48231043000000030	Texas	Fort Worth-Arlington-Grapevine, TX Metropolitan Division	2022	M12	December	1811.56
SMU48231043000000030	Texas	Fort Worth-Arlington-Grapevine, TX Metropolitan Division	2022	M11	November	1774.08
SMU48231043000000030	Texas	Fort Worth-Arlington-Grapevine, TX Metropolitan Division	2022	M10	October	1771.25
SMU48231043000000030	Texas	Fort Worth-Arlington-Grapevine, TX Metropolitan Division	2022	M09	September	1752.46
SMU48231043000000030	Texas	Fort Worth-Arlington-Grapevine, TX Metropolitan Division	2022	M08	August	1747.52
SMU48231043000000030	Texas	Fort Worth-Arlington-Grapevine, TX Metropolitan Division	2022	M07	July	1805.30
SMU48231043000000030	Texas	Fort Worth-Arlington-Grapevine, TX Metropolitan Division	2022	M06	June	1740.96
SMU48231043000000030	Texas	Fort Worth-Arlington-Grapevine, TX Metropolitan Division	2022	M05	May	1747.69
SMU48231043000000030	Texas	Fort Worth-Arlington-Grapevine, TX Metropolitan Division	2022	M04	April	1750.66
SMU48231043000000030	Texas	Fort Worth-Arlington-Grapevine, TX Metropolitan Division	2022	M03	March	1805.86
SMU48231043000000030	Texas	Fort Worth-Arlington-Grapevine, TX Metropolitan Division	2022	M02	February	1815.95
SMU48231043000000030	Texas	Fort Worth-Arlington-Grapevine, TX Metropolitan Division	2022	M01	January	1769.85
SMU48231043000000030	Texas	Fort Worth-Arlington-Grapevine, TX Metropolitan Division	2021	M12	December	1842.13
SMU48231043000000030	Texas	Fort Worth-Arlington-Grapevine, TX Metropolitan Division	2021	M11	November	1774.35
SMU48231043000000030	Texas	Fort Worth-Arlington-Grapevine, TX Metropolitan Division	2021	M10	October	1692.85
SMU48231043000000030	Texas	Fort Worth-Arlington-Grapevine, TX Metropolitan Division	2021	M09	September	1701.18
SMU48231043000000030	Texas	Fort Worth-Arlington-Grapevine, TX Metropolitan Division	2021	M08	August	1712.30
SMU48231043000000030	Texas	Fort Worth-Arlington-Grapevine, TX Metropolitan Division	2021	M07	July	1745.60
SMU48231043000000030	Texas	Fort Worth-Arlington-Grapevine, TX Metropolitan Division	2021	M06	June	1697.18
SMU48231043000000030	Texas	Fort Worth-Arlington-Grapevine, TX Metropolitan Division	2021	M05	May	1714.28
SMU48231043000000030	Texas	Fort Worth-Arlington-Grapevine, TX Metropolitan Division	2021	M04	April	1790.90
SMU48231043000000030	Texas	Fort Worth-Arlington-Grapevine, TX Metropolitan Division	2021	M03	March	1764.49
SMU48231043000000030	Texas	Fort Worth-Arlington-Grapevine, TX Metropolitan Division	2021	M02	February	1647.29
SMU48231043000000030	Texas	Fort Worth-Arlington-Grapevine, TX Metropolitan Division	2021	M01	January	1693.47
SMU48231043000000030	Texas	Fort Worth-Arlington-Grapevine, TX Metropolitan Division	2020	M12	December	1807.52
SMU48231043000000030	Texas	Fort Worth-Arlington-Grapevine, TX Metropolitan Division	2020	M11	November	1873.22
SMU48231043000000030	Texas	Fort Worth-Arlington-Grapevine, TX Metropolitan Division	2020	M10	October	1811.24
SMU48231043000000030	Texas	Fort Worth-Arlington-Grapevine, TX Metropolitan Division	2020	M09	September	1871.80
SMU48231043000000030	Texas	Fort Worth-Arlington-Grapevine, TX Metropolitan Division	2020	M08	August	1842.99
SMU48231043000000030	Texas	Fort Worth-Arlington-Grapevine, TX Metropolitan Division	2020	M07	July	1823.64
SMU48231043000000030	Texas	Fort Worth-Arlington-Grapevine, TX Metropolitan Division	2020	M06	June	1795.13
SMU48231043000000030	Texas	Fort Worth-Arlington-Grapevine, TX Metropolitan Division	2020	M05	May	1749.15
SMU48231043000000030	Texas	Fort Worth-Arlington-Grapevine, TX Metropolitan Division	2020	M04	April	1675.80
SMU48231043000000030	Texas	Fort Worth-Arlington-Grapevine, TX Metropolitan Division	2020	M03	March	1624.35
SMU48231043000000030	Texas	Fort Worth-Arlington-Grapevine, TX Metropolitan Division	2020	M02	February	1590.88
SMU48231043000000030	Texas	Fort Worth-Arlington-Grapevine, TX Metropolitan Division	2020	M01	January	1583.62
SMU48231043000000030	Texas	Fort Worth-Arlington-Grapevine, TX Metropolitan Division	2019	M12	December	1606.45
SMU48231043000000030	Texas	Fort Worth-Arlington-Grapevine, TX Metropolitan Division	2019	M11	November	1588.92
SMU48231043000000030	Texas	Fort Worth-Arlington-Grapevine, TX Metropolitan Division	2019	M10	October	1607.90
SMU48231043000000030	Texas	Fort Worth-Arlington-Grapevine, TX Metropolitan Division	2019	M09	September	1603.37
SMU48231043000000030	Texas	Fort Worth-Arlington-Grapevine, TX Metropolitan Division	2019	M08	August	1602.05
SMU48231043000000030	Texas	Fort Worth-Arlington-Grapevine, TX Metropolitan Division	2019	M07	July	1580.20
SMU48231043000000030	Texas	Fort Worth-Arlington-Grapevine, TX Metropolitan Division	2019	M06	June	1629.91
SMU48231043000000030	Texas	Fort Worth-Arlington-Grapevine, TX Metropolitan Division	2019	M05	May	1596.50
SMU48231043000000030	Texas	Fort Worth-Arlington-Grapevine, TX Metropolitan Division	2019	M04	April	1647.00
SMU48231043000000030	Texas	Fort Worth-Arlington-Grapevine, TX Metropolitan Division	2019	M03	March	1646.95
SMU48231043000000030	Texas	Fort Worth-Arlington-Grapevine, TX Metropolitan Division	2019	M02	February	1603.36
SMU48231043000000030	Texas	Fort Worth-Arlington-Grapevine, TX Metropolitan Division	2019	M01	January	1593.68
SMU48231043000000030	Texas	Fort Worth-Arlington-Grapevine, TX Metropolitan Division	2018	M12	December	1617.74
SMU48231043000000030	Texas	Fort Worth-Arlington-Grapevine, TX Metropolitan Division	2018	M11	November	1602.62
SMU48231043000000030	Texas	Fort Worth-Arlington-Grapevine, TX Metropolitan Division	2018	M10	October	1562.97
SMU48231043000000030	Texas	Fort Worth-Arlington-Grapevine, TX Metropolitan Division	2018	M09	September	1529.74
SMU48231043000000030	Texas	Fort Worth-Arlington-Grapevine, TX Metropolitan Division	2018	M08	August	1554.70
SMU48231043000000030	Texas	Fort Worth-Arlington-Grapevine, TX Metropolitan Division	2018	M07	July	1501.64
SMU48231043000000030	Texas	Fort Worth-Arlington-Grapevine, TX Metropolitan Division	2018	M06	June	1490.84
SMU48231043000000030	Texas	Fort Worth-Arlington-Grapevine, TX Metropolitan Division	2018	M05	May	1462.03
SMU48231043000000030	Texas	Fort Worth-Arlington-Grapevine, TX Metropolitan Division	2018	M04	April	1472.26
SMU48231043000000030	Texas	Fort Worth-Arlington-Grapevine, TX Metropolitan Division	2018	M03	March	1464.91
SMU48231043000000030	Texas	Fort Worth-Arlington-Grapevine, TX Metropolitan Division	2018	M02	February	1463.54
SMU48231043000000030	Texas	Fort Worth-Arlington-Grapevine, TX Metropolitan Division	2018	M01	January	1457.59
SMU48231043000000030	Texas	Fort Worth-Arlington-Grapevine, TX Metropolitan Division	2017	M12	December	1518.14
SMU48231043000000030	Texas	Fort Worth-Arlington-Grapevine, TX Metropolitan Division	2017	M11	November	1481.22
SMU48231043000000030	Texas	Fort Worth-Arlington-Grapevine, TX Metropolitan Division	2017	M10	October	1485.96
SMU48231043000000030	Texas	Fort Worth-Arlington-Grapevine, TX Metropolitan Division	2017	M09	September	1458.98
SMU48231043000000030	Texas	Fort Worth-Arlington-Grapevine, TX Metropolitan Division	2017	M08	August	1462.00
SMU48231043000000030	Texas	Fort Worth-Arlington-Grapevine, TX Metropolitan Division	2017	M07	July	1454.04
SMU48231043000000030	Texas	Fort Worth-Arlington-Grapevine, TX Metropolitan Division	2017	M06	June	1426.36
SMU48231043000000030	Texas	Fort Worth-Arlington-Grapevine, TX Metropolitan Division	2017	M05	May	1400.66
SMU48231043000000030	Texas	Fort Worth-Arlington-Grapevine, TX Metropolitan Division	2017	M04	April	1368.40
SMU48231043000000030	Texas	Fort Worth-Arlington-Grapevine, TX Metropolitan Division	2017	M03	March	1396.68
SMU48231043000000030	Texas	Fort Worth-Arlington-Grapevine, TX Metropolitan Division	2017	M02	February	1386.92
SMU48231043000000030	Texas	Fort Worth-Arlington-Grapevine, TX Metropolitan Division	2017	M01	January	1360.69
SMU48231043000000030	Texas	Fort Worth-Arlington-Grapevine, TX Metropolitan Division	2016	M12	December	1441.02
SMU48231043000000030	Texas	Fort Worth-Arlington-Grapevine, TX Metropolitan Division	2016	M11	November	1428.23
SMU48231043000000030	Texas	Fort Worth-Arlington-Grapevine, TX Metropolitan Division	2016	M10	October	1425.02
SMU48231043000000030	Texas	Fort Worth-Arlington-Grapevine, TX Metropolitan Division	2016	M09	September	1448.66
SMU48231043000000030	Texas	Fort Worth-Arlington-Grapevine, TX Metropolitan Division	2016	M08	August	1461.89
SMU48231043000000030	Texas	Fort Worth-Arlington-Grapevine, TX Metropolitan Division	2016	M07	July	1424.54
SMU48231043000000030	Texas	Fort Worth-Arlington-Grapevine, TX Metropolitan Division	2016	M06	June	1441.13
SMU48231043000000030	Texas	Fort Worth-Arlington-Grapevine, TX Metropolitan Division	2016	M05	May	1500.96
SMU48231043000000030	Texas	Fort Worth-Arlington-Grapevine, TX Metropolitan Division	2016	M04	April	1428.46
SMU48231043000000030	Texas	Fort Worth-Arlington-Grapevine, TX Metropolitan Division	2016	M03	March	1412.87
SMU48231043000000030	Texas	Fort Worth-Arlington-Grapevine, TX Metropolitan Division	2016	M02	February	1375.27
SMU48231043000000030	Texas	Fort Worth-Arlington-Grapevine, TX Metropolitan Division	2016	M01	January	1431.85
SMU48231043000000030	Texas	Fort Worth-Arlington-Grapevine, TX Metropolitan Division	2015	M12	December	1455.60
SMU48231043000000030	Texas	Fort Worth-Arlington-Grapevine, TX Metropolitan Division	2015	M11	November	1435.34
SMU48231043000000030	Texas	Fort Worth-Arlington-Grapevine, TX Metropolitan Division	2015	M10	October	1401.82
SMU48231043000000030	Texas	Fort Worth-Arlington-Grapevine, TX Metropolitan Division	2015	M09	September	1398.20
SMU48231043000000030	Texas	Fort Worth-Arlington-Grapevine, TX Metropolitan Division	2015	M08	August	1394.29
SMU48231043000000030	Texas	Fort Worth-Arlington-Grapevine, TX Metropolitan Division	2015	M07	July	1398.02
SMU48231043000000030	Texas	Fort Worth-Arlington-Grapevine, TX Metropolitan Division	2015	M06	June	1346.08
SMU48231043000000030	Texas	Fort Worth-Arlington-Grapevine, TX Metropolitan Division	2015	M05	May	1354.45
SMU48231043000000030	Texas	Fort Worth-Arlington-Grapevine, TX Metropolitan Division	2015	M04	April	1359.76
SMU48231043000000030	Texas	Fort Worth-Arlington-Grapevine, TX Metropolitan Division	2015	M03	March	1321.70
SMU48231043000000030	Texas	Fort Worth-Arlington-Grapevine, TX Metropolitan Division	2015	M02	February	1300.30
SMU48231043000000030	Texas	Fort Worth-Arlington-Grapevine, TX Metropolitan Division	2015	M01	January	1252.47
SMU48231043000000030	Texas	Fort Worth-Arlington-Grapevine, TX Metropolitan Division	2014	M12	December	1316.87
SMU48231043000000030	Texas	Fort Worth-Arlington-Grapevine, TX Metropolitan Division	2014	M11	November	1311.98
SMU48231043000000030	Texas	Fort Worth-Arlington-Grapevine, TX Metropolitan Division	2014	M10	October	1305.07
SMU48231043000000030	Texas	Fort Worth-Arlington-Grapevine, TX Metropolitan Division	2014	M09	September	1316.75
SMU48231043000000030	Texas	Fort Worth-Arlington-Grapevine, TX Metropolitan Division	2014	M08	August	1285.07
SMU48231043000000030	Texas	Fort Worth-Arlington-Grapevine, TX Metropolitan Division	2014	M07	July	1273.30
SMU48231043000000030	Texas	Fort Worth-Arlington-Grapevine, TX Metropolitan Division	2014	M06	June	1289.85
SMU48231043000000030	Texas	Fort Worth-Arlington-Grapevine, TX Metropolitan Division	2014	M05	May	1311.72
SMU48231043000000030	Texas	Fort Worth-Arlington-Grapevine, TX Metropolitan Division	2014	M04	April	1265.42
SMU48231043000000030	Texas	Fort Worth-Arlington-Grapevine, TX Metropolitan Division	2014	M03	March	1284.36
SMU48231043000000030	Texas	Fort Worth-Arlington-Grapevine, TX Metropolitan Division	2014	M02	February	1230.51
SMU48231043000000030	Texas	Fort Worth-Arlington-Grapevine, TX Metropolitan Division	2014	M01	January	1265.22
SMU48231043000000030	Texas	Fort Worth-Arlington-Grapevine, TX Metropolitan Division	2013	M12	December	1231.91
SMU48231043000000030	Texas	Fort Worth-Arlington-Grapevine, TX Metropolitan Division	2013	M11	November	1254.20
SMU48231043000000030	Texas	Fort Worth-Arlington-Grapevine, TX Metropolitan Division	2013	M10	October	1251.59
SMU48231043000000030	Texas	Fort Worth-Arlington-Grapevine, TX Metropolitan Division	2013	M09	September	1223.38
SMU48231043000000030	Texas	Fort Worth-Arlington-Grapevine, TX Metropolitan Division	2013	M08	August	1218.48
SMU48231043000000030	Texas	Fort Worth-Arlington-Grapevine, TX Metropolitan Division	2013	M07	July	1265.66
SMU48231043000000030	Texas	Fort Worth-Arlington-Grapevine, TX Metropolitan Division	2013	M06	June	1262.93
SMU48231043000000030	Texas	Fort Worth-Arlington-Grapevine, TX Metropolitan Division	2013	M05	May	1243.25
SMU48231043000000030	Texas	Fort Worth-Arlington-Grapevine, TX Metropolitan Division	2013	M04	April	1290.35
SMU48231043000000030	Texas	Fort Worth-Arlington-Grapevine, TX Metropolitan Division	2013	M03	March	1248.03
SMU48231043000000030	Texas	Fort Worth-Arlington-Grapevine, TX Metropolitan Division	2013	M02	February	1217.48
SMU48231043000000030	Texas	Fort Worth-Arlington-Grapevine, TX Metropolitan Division	2013	M01	January	1202.06
SMU48231043000000030	Texas	Fort Worth-Arlington-Grapevine, TX Metropolitan Division	2012	M12	December	1224.08
SMU48231043000000030	Texas	Fort Worth-Arlington-Grapevine, TX Metropolitan Division	2012	M11	November	1234.80
SMU48231043000000030	Texas	Fort Worth-Arlington-Grapevine, TX Metropolitan Division	2012	M10	October	1171.93
SMU48231043000000030	Texas	Fort Worth-Arlington-Grapevine, TX Metropolitan Division	2012	M09	September	1184.82
SMU48231043000000030	Texas	Fort Worth-Arlington-Grapevine, TX Metropolitan Division	2012	M08	August	1189.02
SMU48231043000000030	Texas	Fort Worth-Arlington-Grapevine, TX Metropolitan Division	2012	M07	July	1172.02
SMU48231043000000030	Texas	Fort Worth-Arlington-Grapevine, TX Metropolitan Division	2012	M06	June	1239.11
SMU48231043000000030	Texas	Fort Worth-Arlington-Grapevine, TX Metropolitan Division	2012	M05	May	1158.89
SMU48231043000000030	Texas	Fort Worth-Arlington-Grapevine, TX Metropolitan Division	2012	M04	April	1112.80
SMU48231043000000030	Texas	Fort Worth-Arlington-Grapevine, TX Metropolitan Division	2012	M03	March	1174.76
SMU48231043000000030	Texas	Fort Worth-Arlington-Grapevine, TX Metropolitan Division	2012	M02	February	1144.06
SMU48231043000000030	Texas	Fort Worth-Arlington-Grapevine, TX Metropolitan Division	2012	M01	January	1113.04
SMU48231043000000030	Texas	Fort Worth-Arlington-Grapevine, TX Metropolitan Division	2011	M12	December	1198.47
SMU48231043000000030	Texas	Fort Worth-Arlington-Grapevine, TX Metropolitan Division	2011	M11	November	1141.52
SMU48231043000000030	Texas	Fort Worth-Arlington-Grapevine, TX Metropolitan Division	2011	M10	October	1099.82
SMU48231043000000030	Texas	Fort Worth-Arlington-Grapevine, TX Metropolitan Division	2011	M09	September	1060.97
SMU48231043000000030	Texas	Fort Worth-Arlington-Grapevine, TX Metropolitan Division	2011	M08	August	1035.87
SMU48231043000000030	Texas	Fort Worth-Arlington-Grapevine, TX Metropolitan Division	2011	M07	July	997.60
SMU48231043000000030	Texas	Fort Worth-Arlington-Grapevine, TX Metropolitan Division	2011	M06	June	1005.58
SMU48231043000000030	Texas	Fort Worth-Arlington-Grapevine, TX Metropolitan Division	2011	M05	May	947.23
SMU48231043000000030	Texas	Fort Worth-Arlington-Grapevine, TX Metropolitan Division	2011	M04	April	946.37
SMU48231043000000030	Texas	Fort Worth-Arlington-Grapevine, TX Metropolitan Division	2011	M03	March	903.98
SMU48231043000000030	Texas	Fort Worth-Arlington-Grapevine, TX Metropolitan Division	2011	M02	February	829.73
SMU48231043000000030	Texas	Fort Worth-Arlington-Grapevine, TX Metropolitan Division	2011	M01	January	769.62
SMU48231043000000030	Texas	Fort Worth-Arlington-Grapevine, TX Metropolitan Division	2010	M12	December	794.47
SMU48231043000000030	Texas	Fort Worth-Arlington-Grapevine, TX Metropolitan Division	2010	M11	November	802.46
SMU48231043000000030	Texas	Fort Worth-Arlington-Grapevine, TX Metropolitan Division	2010	M10	October	811.44
SMU48231043000000030	Texas	Fort Worth-Arlington-Grapevine, TX Metropolitan Division	2010	M09	September	806.89
SMU48231043000000030	Texas	Fort Worth-Arlington-Grapevine, TX Metropolitan Division	2010	M08	August	817.97
SMU48231043000000030	Texas	Fort Worth-Arlington-Grapevine, TX Metropolitan Division	2010	M07	July	814.75
SMU48231043000000030	Texas	Fort Worth-Arlington-Grapevine, TX Metropolitan Division	2010	M06	June	825.93
SMU48231043000000030	Texas	Fort Worth-Arlington-Grapevine, TX Metropolitan Division	2010	M05	May	799.81
SMU48231043000000030	Texas	Fort Worth-Arlington-Grapevine, TX Metropolitan Division	2010	M04	April	796.93
SMU48231043000000030	Texas	Fort Worth-Arlington-Grapevine, TX Metropolitan Division	2010	M03	March	808.24
SMU48231043000000030	Texas	Fort Worth-Arlington-Grapevine, TX Metropolitan Division	2010	M02	February	792.99
SMU48231043000000030	Texas	Fort Worth-Arlington-Grapevine, TX Metropolitan Division	2010	M01	January	775.74
SMU48231043000000030	Texas	Fort Worth-Arlington-Grapevine, TX Metropolitan Division	2009	M12	December	783.46
SMU48231043000000030	Texas	Fort Worth-Arlington-Grapevine, TX Metropolitan Division	2009	M11	November	792.40
SMU48231043000000030	Texas	Fort Worth-Arlington-Grapevine, TX Metropolitan Division	2009	M10	October	805.64
SMU48231043000000030	Texas	Fort Worth-Arlington-Grapevine, TX Metropolitan Division	2009	M09	September	803.64
SMU48231043000000030	Texas	Fort Worth-Arlington-Grapevine, TX Metropolitan Division	2009	M08	August	793.92
SMU48231043000000030	Texas	Fort Worth-Arlington-Grapevine, TX Metropolitan Division	2009	M07	July	790.07
SMU48231043000000030	Texas	Fort Worth-Arlington-Grapevine, TX Metropolitan Division	2009	M06	June	799.02
SMU48231043000000030	Texas	Fort Worth-Arlington-Grapevine, TX Metropolitan Division	2009	M05	May	770.63
SMU48231043000000030	Texas	Fort Worth-Arlington-Grapevine, TX Metropolitan Division	2009	M04	April	763.83
SMU48231043000000030	Texas	Fort Worth-Arlington-Grapevine, TX Metropolitan Division	2009	M03	March	778.13
SMU48231043000000030	Texas	Fort Worth-Arlington-Grapevine, TX Metropolitan Division	2009	M02	February	773.09
SMU48231043000000030	Texas	Fort Worth-Arlington-Grapevine, TX Metropolitan Division	2009	M01	January	755.61
SMU48231043000000030	Texas	Fort Worth-Arlington-Grapevine, TX Metropolitan Division	2008	M12	December	769.54
SMU48231043000000030	Texas	Fort Worth-Arlington-Grapevine, TX Metropolitan Division	2008	M11	November	779.79
SMU48231043000000030	Texas	Fort Worth-Arlington-Grapevine, TX Metropolitan Division	2008	M10	October	788.09
SMU48231043000000030	Texas	Fort Worth-Arlington-Grapevine, TX Metropolitan Division	2008	M09	September	787.08
SMU48231043000000030	Texas	Fort Worth-Arlington-Grapevine, TX Metropolitan Division	2008	M08	August	794.22
SMU48231043000000030	Texas	Fort Worth-Arlington-Grapevine, TX Metropolitan Division	2008	M07	July	790.33
SMU48231043000000030	Texas	Fort Worth-Arlington-Grapevine, TX Metropolitan Division	2008	M06	June	796.47
SMU48231043000000030	Texas	Fort Worth-Arlington-Grapevine, TX Metropolitan Division	2008	M05	May	765.28
SMU48231043000000030	Texas	Fort Worth-Arlington-Grapevine, TX Metropolitan Division	2008	M04	April	760.10
SMU48231043000000030	Texas	Fort Worth-Arlington-Grapevine, TX Metropolitan Division	2008	M03	March	774.38
SMU48231043000000030	Texas	Fort Worth-Arlington-Grapevine, TX Metropolitan Division	2008	M02	February	769.33
SMU48231043000000030	Texas	Fort Worth-Arlington-Grapevine, TX Metropolitan Division	2008	M01	January	751.94
SMU48231043000000030	Texas	Fort Worth-Arlington-Grapevine, TX Metropolitan Division	2007	M12	December	745.61
SMU48231043000000030	Texas	Fort Worth-Arlington-Grapevine, TX Metropolitan Division	2007	M11	November	756.78
SMU48231043000000030	Texas	Fort Worth-Arlington-Grapevine, TX Metropolitan Division	2007	M10	October	770.99
SMU48231043000000030	Texas	Fort Worth-Arlington-Grapevine, TX Metropolitan Division	2007	M09	September	776.54
SMU48231043000000030	Texas	Fort Worth-Arlington-Grapevine, TX Metropolitan Division	2007	M08	August	818.30
SMU48231043000000030	Texas	Fort Worth-Arlington-Grapevine, TX Metropolitan Division	2007	M07	July	782.42
SMU48231043000000030	Texas	Fort Worth-Arlington-Grapevine, TX Metropolitan Division	2007	M06	June	802.33
SMU48231043000000030	Texas	Fort Worth-Arlington-Grapevine, TX Metropolitan Division	2007	M05	May	781.60
SMU48231043000000030	Texas	Fort Worth-Arlington-Grapevine, TX Metropolitan Division	2007	M04	April	763.02
SMU48231043000000030	Texas	Fort Worth-Arlington-Grapevine, TX Metropolitan Division	2007	M03	March	772.89
SMU48231043000000030	Texas	Fort Worth-Arlington-Grapevine, TX Metropolitan Division	2007	M02	February	753.51
SMU48231043000000030	Texas	Fort Worth-Arlington-Grapevine, TX Metropolitan Division	2007	M01	January	723.91
SMU48264203000000030	Texas	Houston-Pasadena-The Woodlands, TX	2025	M12	December	1265.84
SMU48264203000000030	Texas	Houston-Pasadena-The Woodlands, TX	2025	M11	November	1300.59
SMU48264203000000030	Texas	Houston-Pasadena-The Woodlands, TX	2025	M10	October	1270.12
SMU48264203000000030	Texas	Houston-Pasadena-The Woodlands, TX	2025	M09	September	1293.59
SMU48264203000000030	Texas	Houston-Pasadena-The Woodlands, TX	2025	M08	August	1333.39
SMU48264203000000030	Texas	Houston-Pasadena-The Woodlands, TX	2025	M07	July	1337.96
SMU48264203000000030	Texas	Houston-Pasadena-The Woodlands, TX	2025	M06	June	1296.86
SMU48264203000000030	Texas	Houston-Pasadena-The Woodlands, TX	2025	M05	May	1259.79
SMU48264203000000030	Texas	Houston-Pasadena-The Woodlands, TX	2025	M04	April	1252.55
SMU48264203000000030	Texas	Houston-Pasadena-The Woodlands, TX	2025	M03	March	1242.44
SMU48264203000000030	Texas	Houston-Pasadena-The Woodlands, TX	2025	M02	February	1259.64
SMU48264203000000030	Texas	Houston-Pasadena-The Woodlands, TX	2025	M01	January	1225.69
SMU48264203000000030	Texas	Houston-Pasadena-The Woodlands, TX	2024	M12	December	1252.37
SMU48264203000000030	Texas	Houston-Pasadena-The Woodlands, TX	2024	M11	November	1203.73
SMU48264203000000030	Texas	Houston-Pasadena-The Woodlands, TX	2024	M10	October	1251.71
SMU48264203000000030	Texas	Houston-Pasadena-The Woodlands, TX	2024	M09	September	1218.56
SMU48264203000000030	Texas	Houston-Pasadena-The Woodlands, TX	2024	M08	August	1213.64
SMU48264203000000030	Texas	Houston-Pasadena-The Woodlands, TX	2024	M07	July	1156.90
SMU48264203000000030	Texas	Houston-Pasadena-The Woodlands, TX	2024	M06	June	1208.25
SMU48264203000000030	Texas	Houston-Pasadena-The Woodlands, TX	2024	M05	May	1221.15
SMU48264203000000030	Texas	Houston-Pasadena-The Woodlands, TX	2024	M04	April	1219.24
SMU48264203000000030	Texas	Houston-Pasadena-The Woodlands, TX	2024	M03	March	1181.56
SMU48264203000000030	Texas	Houston-Pasadena-The Woodlands, TX	2024	M02	February	1178.35
SMU48264203000000030	Texas	Houston-Pasadena-The Woodlands, TX	2024	M01	January	1202.92
SMU48264203000000030	Texas	Houston-Pasadena-The Woodlands, TX	2023	M12	December	1236.38
SMU48264203000000030	Texas	Houston-Pasadena-The Woodlands, TX	2023	M11	November	1218.87
SMU48264203000000030	Texas	Houston-Pasadena-The Woodlands, TX	2023	M10	October	1175.29
SMU48264203000000030	Texas	Houston-Pasadena-The Woodlands, TX	2023	M09	September	1119.64
SMU48264203000000030	Texas	Houston-Pasadena-The Woodlands, TX	2023	M08	August	1132.65
SMU48264203000000030	Texas	Houston-Pasadena-The Woodlands, TX	2023	M07	July	1144.42
SMU48264203000000030	Texas	Houston-Pasadena-The Woodlands, TX	2023	M06	June	1145.08
SMU48264203000000030	Texas	Houston-Pasadena-The Woodlands, TX	2023	M05	May	1145.34
SMU48264203000000030	Texas	Houston-Pasadena-The Woodlands, TX	2023	M04	April	1219.54
SMU48264203000000030	Texas	Houston-Pasadena-The Woodlands, TX	2023	M03	March	1148.43
SMU48264203000000030	Texas	Houston-Pasadena-The Woodlands, TX	2023	M02	February	1114.22
SMU48264203000000030	Texas	Houston-Pasadena-The Woodlands, TX	2023	M01	January	1077.07
SMU48264203000000030	Texas	Houston-Pasadena-The Woodlands, TX	2022	M12	December	1132.63
SMU48264203000000030	Texas	Houston-Pasadena-The Woodlands, TX	2022	M11	November	1135.90
SMU48264203000000030	Texas	Houston-Pasadena-The Woodlands, TX	2022	M10	October	1174.22
SMU48264203000000030	Texas	Houston-Pasadena-The Woodlands, TX	2022	M09	September	1128.40
SMU48264203000000030	Texas	Houston-Pasadena-The Woodlands, TX	2022	M08	August	1065.75
SMU48264203000000030	Texas	Houston-Pasadena-The Woodlands, TX	2022	M07	July	1029.23
SMU48264203000000030	Texas	Houston-Pasadena-The Woodlands, TX	2022	M06	June	1022.11
SMU48264203000000030	Texas	Houston-Pasadena-The Woodlands, TX	2022	M05	May	1037.28
SMU48264203000000030	Texas	Houston-Pasadena-The Woodlands, TX	2022	M04	April	1019.34
SMU48264203000000030	Texas	Houston-Pasadena-The Woodlands, TX	2022	M03	March	1034.45
SMU48264203000000030	Texas	Houston-Pasadena-The Woodlands, TX	2022	M02	February	1034.45
SMU48264203000000030	Texas	Houston-Pasadena-The Woodlands, TX	2022	M01	January	1035.30
SMU48264203000000030	Texas	Houston-Pasadena-The Woodlands, TX	2021	M12	December	1001.30
SMU48264203000000030	Texas	Houston-Pasadena-The Woodlands, TX	2021	M11	November	1052.50
SMU48264203000000030	Texas	Houston-Pasadena-The Woodlands, TX	2021	M10	October	976.84
SMU48264203000000030	Texas	Houston-Pasadena-The Woodlands, TX	2021	M09	September	918.59
SMU48264203000000030	Texas	Houston-Pasadena-The Woodlands, TX	2021	M08	August	965.87
SMU48264203000000030	Texas	Houston-Pasadena-The Woodlands, TX	2021	M07	July	935.36
SMU48264203000000030	Texas	Houston-Pasadena-The Woodlands, TX	2021	M06	June	861.06
SMU48264203000000030	Texas	Houston-Pasadena-The Woodlands, TX	2021	M05	May	886.62
SMU48264203000000030	Texas	Houston-Pasadena-The Woodlands, TX	2021	M04	April	800.83
SMU48264203000000030	Texas	Houston-Pasadena-The Woodlands, TX	2021	M03	March	746.59
SMU48264203000000030	Texas	Houston-Pasadena-The Woodlands, TX	2021	M02	February	762.91
SMU48264203000000030	Texas	Houston-Pasadena-The Woodlands, TX	2021	M01	January	788.06
SMU48264203000000030	Texas	Houston-Pasadena-The Woodlands, TX	2020	M12	December	775.05
SMU48264203000000030	Texas	Houston-Pasadena-The Woodlands, TX	2020	M11	November	755.77
SMU48264203000000030	Texas	Houston-Pasadena-The Woodlands, TX	2020	M10	October	728.35
SMU48264203000000030	Texas	Houston-Pasadena-The Woodlands, TX	2020	M09	September	703.15
SMU48264203000000030	Texas	Houston-Pasadena-The Woodlands, TX	2020	M08	August	767.52
SMU48264203000000030	Texas	Houston-Pasadena-The Woodlands, TX	2020	M07	July	729.50
SMU48264203000000030	Texas	Houston-Pasadena-The Woodlands, TX	2020	M06	June	702.37
SMU48264203000000030	Texas	Houston-Pasadena-The Woodlands, TX	2020	M05	May	804.17
SMU48264203000000030	Texas	Houston-Pasadena-The Woodlands, TX	2020	M04	April	842.61
SMU48264203000000030	Texas	Houston-Pasadena-The Woodlands, TX	2020	M03	March	880.18
SMU48264203000000030	Texas	Houston-Pasadena-The Woodlands, TX	2020	M02	February	942.79
SMU48264203000000030	Texas	Houston-Pasadena-The Woodlands, TX	2020	M01	January	973.17
SMU48264203000000030	Texas	Houston-Pasadena-The Woodlands, TX	2019	M12	December	1032.66
SMU48264203000000030	Texas	Houston-Pasadena-The Woodlands, TX	2019	M11	November	1020.24
SMU48264203000000030	Texas	Houston-Pasadena-The Woodlands, TX	2019	M10	October	1034.27
SMU48264203000000030	Texas	Houston-Pasadena-The Woodlands, TX	2019	M09	September	1024.77
SMU48264203000000030	Texas	Houston-Pasadena-The Woodlands, TX	2019	M08	August	1033.68
SMU48264203000000030	Texas	Houston-Pasadena-The Woodlands, TX	2019	M07	July	997.98
SMU48264203000000030	Texas	Houston-Pasadena-The Woodlands, TX	2019	M06	June	999.15
SMU48264203000000030	Texas	Houston-Pasadena-The Woodlands, TX	2019	M05	May	991.62
SMU48264203000000030	Texas	Houston-Pasadena-The Woodlands, TX	2019	M04	April	1041.38
SMU48264203000000030	Texas	Houston-Pasadena-The Woodlands, TX	2019	M03	March	1026.88
SMU48264203000000030	Texas	Houston-Pasadena-The Woodlands, TX	2019	M02	February	1034.48
SMU48264203000000030	Texas	Houston-Pasadena-The Woodlands, TX	2019	M01	January	1029.02
SMU48264203000000030	Texas	Houston-Pasadena-The Woodlands, TX	2018	M12	December	1075.40
SMU48264203000000030	Texas	Houston-Pasadena-The Woodlands, TX	2018	M11	November	1055.62
SMU48264203000000030	Texas	Houston-Pasadena-The Woodlands, TX	2018	M10	October	1021.73
SMU48264203000000030	Texas	Houston-Pasadena-The Woodlands, TX	2018	M09	September	1003.95
SMU48264203000000030	Texas	Houston-Pasadena-The Woodlands, TX	2018	M08	August	1023.42
SMU48264203000000030	Texas	Houston-Pasadena-The Woodlands, TX	2018	M07	July	997.63
SMU48264203000000030	Texas	Houston-Pasadena-The Woodlands, TX	2018	M06	June	1025.08
SMU48264203000000030	Texas	Houston-Pasadena-The Woodlands, TX	2018	M05	May	1027.64
SMU48264203000000030	Texas	Houston-Pasadena-The Woodlands, TX	2018	M04	April	1073.33
SMU48264203000000030	Texas	Houston-Pasadena-The Woodlands, TX	2018	M03	March	1005.86
SMU48264203000000030	Texas	Houston-Pasadena-The Woodlands, TX	2018	M02	February	1000.16
SMU48264203000000030	Texas	Houston-Pasadena-The Woodlands, TX	2018	M01	January	967.82
SMU48264203000000030	Texas	Houston-Pasadena-The Woodlands, TX	2017	M12	December	1014.90
SMU48264203000000030	Texas	Houston-Pasadena-The Woodlands, TX	2017	M11	November	970.29
SMU48264203000000030	Texas	Houston-Pasadena-The Woodlands, TX	2017	M10	October	990.54
SMU48264203000000030	Texas	Houston-Pasadena-The Woodlands, TX	2017	M09	September	1006.13
SMU48264203000000030	Texas	Houston-Pasadena-The Woodlands, TX	2017	M08	August	914.37
SMU48264203000000030	Texas	Houston-Pasadena-The Woodlands, TX	2017	M07	July	955.83
SMU48264203000000030	Texas	Houston-Pasadena-The Woodlands, TX	2017	M06	June	936.28
SMU48264203000000030	Texas	Houston-Pasadena-The Woodlands, TX	2017	M05	May	941.85
SMU48264203000000030	Texas	Houston-Pasadena-The Woodlands, TX	2017	M04	April	908.02
SMU48264203000000030	Texas	Houston-Pasadena-The Woodlands, TX	2017	M03	March	906.11
SMU48264203000000030	Texas	Houston-Pasadena-The Woodlands, TX	2017	M02	February	896.31
SMU48264203000000030	Texas	Houston-Pasadena-The Woodlands, TX	2017	M01	January	875.68
SMU48264203000000030	Texas	Houston-Pasadena-The Woodlands, TX	2016	M12	December	948.09
SMU48264203000000030	Texas	Houston-Pasadena-The Woodlands, TX	2016	M11	November	924.53
SMU48264203000000030	Texas	Houston-Pasadena-The Woodlands, TX	2016	M10	October	898.78
SMU48264203000000030	Texas	Houston-Pasadena-The Woodlands, TX	2016	M09	September	915.82
SMU48264203000000030	Texas	Houston-Pasadena-The Woodlands, TX	2016	M08	August	856.48
SMU48264203000000030	Texas	Houston-Pasadena-The Woodlands, TX	2016	M07	July	878.38
SMU48264203000000030	Texas	Houston-Pasadena-The Woodlands, TX	2016	M06	June	890.02
SMU48264203000000030	Texas	Houston-Pasadena-The Woodlands, TX	2016	M05	May	870.33
SMU48264203000000030	Texas	Houston-Pasadena-The Woodlands, TX	2016	M04	April	853.71
SMU48264203000000030	Texas	Houston-Pasadena-The Woodlands, TX	2016	M03	March	790.48
SMU48264203000000030	Texas	Houston-Pasadena-The Woodlands, TX	2016	M02	February	808.78
SMU48264203000000030	Texas	Houston-Pasadena-The Woodlands, TX	2016	M01	January	799.48
SMU48264203000000030	Texas	Houston-Pasadena-The Woodlands, TX	2015	M12	December	827.24
SMU48264203000000030	Texas	Houston-Pasadena-The Woodlands, TX	2015	M11	November	829.24
SMU48264203000000030	Texas	Houston-Pasadena-The Woodlands, TX	2015	M10	October	811.84
SMU48264203000000030	Texas	Houston-Pasadena-The Woodlands, TX	2015	M09	September	820.01
SMU48264203000000030	Texas	Houston-Pasadena-The Woodlands, TX	2015	M08	August	841.31
SMU48264203000000030	Texas	Houston-Pasadena-The Woodlands, TX	2015	M07	July	836.75
SMU48264203000000030	Texas	Houston-Pasadena-The Woodlands, TX	2015	M06	June	840.88
SMU48264203000000030	Texas	Houston-Pasadena-The Woodlands, TX	2015	M05	May	871.18
SMU48264203000000030	Texas	Houston-Pasadena-The Woodlands, TX	2015	M04	April	858.64
SMU48264203000000030	Texas	Houston-Pasadena-The Woodlands, TX	2015	M03	March	872.29
SMU48264203000000030	Texas	Houston-Pasadena-The Woodlands, TX	2015	M02	February	880.24
SMU48264203000000030	Texas	Houston-Pasadena-The Woodlands, TX	2015	M01	January	915.71
SMU48264203000000030	Texas	Houston-Pasadena-The Woodlands, TX	2014	M12	December	944.59
SMU48264203000000030	Texas	Houston-Pasadena-The Woodlands, TX	2014	M11	November	934.96
SMU48264203000000030	Texas	Houston-Pasadena-The Woodlands, TX	2014	M10	October	953.01
SMU48264203000000030	Texas	Houston-Pasadena-The Woodlands, TX	2014	M09	September	959.62
SMU48264203000000030	Texas	Houston-Pasadena-The Woodlands, TX	2014	M08	August	925.24
SMU48264203000000030	Texas	Houston-Pasadena-The Woodlands, TX	2014	M07	July	915.08
SMU48264203000000030	Texas	Houston-Pasadena-The Woodlands, TX	2014	M06	June	955.66
SMU48264203000000030	Texas	Houston-Pasadena-The Woodlands, TX	2014	M05	May	970.08
SMU48264203000000030	Texas	Houston-Pasadena-The Woodlands, TX	2014	M04	April	950.95
SMU48264203000000030	Texas	Houston-Pasadena-The Woodlands, TX	2014	M03	March	973.92
SMU48264203000000030	Texas	Houston-Pasadena-The Woodlands, TX	2014	M02	February	982.32
SMU48264203000000030	Texas	Houston-Pasadena-The Woodlands, TX	2014	M01	January	926.06
SMU48264203000000030	Texas	Houston-Pasadena-The Woodlands, TX	2013	M12	December	973.32
SMU48264203000000030	Texas	Houston-Pasadena-The Woodlands, TX	2013	M11	November	925.79
SMU48264203000000030	Texas	Houston-Pasadena-The Woodlands, TX	2013	M10	October	935.50
SMU48264203000000030	Texas	Houston-Pasadena-The Woodlands, TX	2013	M09	September	890.11
SMU48264203000000030	Texas	Houston-Pasadena-The Woodlands, TX	2013	M08	August	892.85
SMU48264203000000030	Texas	Houston-Pasadena-The Woodlands, TX	2013	M07	July	878.69
SMU48264203000000030	Texas	Houston-Pasadena-The Woodlands, TX	2013	M06	June	895.44
SMU48264203000000030	Texas	Houston-Pasadena-The Woodlands, TX	2013	M05	May	890.60
SMU48264203000000030	Texas	Houston-Pasadena-The Woodlands, TX	2013	M04	April	913.54
SMU48264203000000030	Texas	Houston-Pasadena-The Woodlands, TX	2013	M03	March	903.18
SMU48264203000000030	Texas	Houston-Pasadena-The Woodlands, TX	2013	M02	February	887.04
SMU48264203000000030	Texas	Houston-Pasadena-The Woodlands, TX	2013	M01	January	864.45
SMU48264203000000030	Texas	Houston-Pasadena-The Woodlands, TX	2012	M12	December	881.24
SMU48264203000000030	Texas	Houston-Pasadena-The Woodlands, TX	2012	M11	November	874.67
SMU48264203000000030	Texas	Houston-Pasadena-The Woodlands, TX	2012	M10	October	897.68
SMU48264203000000030	Texas	Houston-Pasadena-The Woodlands, TX	2012	M09	September	902.87
SMU48264203000000030	Texas	Houston-Pasadena-The Woodlands, TX	2012	M08	August	903.81
SMU48264203000000030	Texas	Houston-Pasadena-The Woodlands, TX	2012	M07	July	905.72
SMU48264203000000030	Texas	Houston-Pasadena-The Woodlands, TX	2012	M06	June	906.78
SMU48264203000000030	Texas	Houston-Pasadena-The Woodlands, TX	2012	M05	May	926.38
SMU48264203000000030	Texas	Houston-Pasadena-The Woodlands, TX	2012	M04	April	917.75
SMU48264203000000030	Texas	Houston-Pasadena-The Woodlands, TX	2012	M03	March	924.41
SMU48264203000000030	Texas	Houston-Pasadena-The Woodlands, TX	2012	M02	February	940.82
SMU48264203000000030	Texas	Houston-Pasadena-The Woodlands, TX	2012	M01	January	944.26
SMU48264203000000030	Texas	Houston-Pasadena-The Woodlands, TX	2011	M12	December	927.28
SMU48264203000000030	Texas	Houston-Pasadena-The Woodlands, TX	2011	M11	November	954.90
SMU48264203000000030	Texas	Houston-Pasadena-The Woodlands, TX	2011	M10	October	917.57
SMU48264203000000030	Texas	Houston-Pasadena-The Woodlands, TX	2011	M09	September	918.42
SMU48264203000000030	Texas	Houston-Pasadena-The Woodlands, TX	2011	M08	August	922.10
SMU48264203000000030	Texas	Houston-Pasadena-The Woodlands, TX	2011	M07	July	928.81
SMU48264203000000030	Texas	Houston-Pasadena-The Woodlands, TX	2011	M06	June	951.42
SMU48264203000000030	Texas	Houston-Pasadena-The Woodlands, TX	2011	M05	May	982.99
SMU48264203000000030	Texas	Houston-Pasadena-The Woodlands, TX	2011	M04	April	1019.91
SMU48264203000000030	Texas	Houston-Pasadena-The Woodlands, TX	2011	M03	March	991.85
SMU48264203000000030	Texas	Houston-Pasadena-The Woodlands, TX	2011	M02	February	950.76
SMU48264203000000030	Texas	Houston-Pasadena-The Woodlands, TX	2011	M01	January	936.54
SMU48264203000000030	Texas	Houston-Pasadena-The Woodlands, TX	2010	M12	December	896.69
SMU48264203000000030	Texas	Houston-Pasadena-The Woodlands, TX	2010	M11	November	860.70
SMU48264203000000030	Texas	Houston-Pasadena-The Woodlands, TX	2010	M10	October	849.98
SMU48264203000000030	Texas	Houston-Pasadena-The Woodlands, TX	2010	M09	September	887.30
SMU48264203000000030	Texas	Houston-Pasadena-The Woodlands, TX	2010	M08	August	875.03
SMU48264203000000030	Texas	Houston-Pasadena-The Woodlands, TX	2010	M07	July	881.72
SMU48264203000000030	Texas	Houston-Pasadena-The Woodlands, TX	2010	M06	June	875.53
SMU48264203000000030	Texas	Houston-Pasadena-The Woodlands, TX	2010	M05	May	897.20
SMU48264203000000030	Texas	Houston-Pasadena-The Woodlands, TX	2010	M04	April	893.00
SMU48264203000000030	Texas	Houston-Pasadena-The Woodlands, TX	2010	M03	March	867.23
SMU48264203000000030	Texas	Houston-Pasadena-The Woodlands, TX	2010	M02	February	861.65
SMU48264203000000030	Texas	Houston-Pasadena-The Woodlands, TX	2010	M01	January	838.57
SMU48264203000000030	Texas	Houston-Pasadena-The Woodlands, TX	2009	M12	December	838.13
SMU48264203000000030	Texas	Houston-Pasadena-The Woodlands, TX	2009	M11	November	840.43
SMU48264203000000030	Texas	Houston-Pasadena-The Woodlands, TX	2009	M10	October	826.50
SMU48264203000000030	Texas	Houston-Pasadena-The Woodlands, TX	2009	M09	September	803.95
SMU48264203000000030	Texas	Houston-Pasadena-The Woodlands, TX	2009	M08	August	816.54
SMU48264203000000030	Texas	Houston-Pasadena-The Woodlands, TX	2009	M07	July	800.06
SMU48264203000000030	Texas	Houston-Pasadena-The Woodlands, TX	2009	M06	June	823.09
SMU48264203000000030	Texas	Houston-Pasadena-The Woodlands, TX	2009	M05	May	820.70
SMU48264203000000030	Texas	Houston-Pasadena-The Woodlands, TX	2009	M04	April	800.51
SMU48264203000000030	Texas	Houston-Pasadena-The Woodlands, TX	2009	M03	March	796.18
SMU48264203000000030	Texas	Houston-Pasadena-The Woodlands, TX	2009	M02	February	778.73
SMU48264203000000030	Texas	Houston-Pasadena-The Woodlands, TX	2009	M01	January	769.17
SMU48264203000000030	Texas	Houston-Pasadena-The Woodlands, TX	2008	M12	December	773.72
SMU48264203000000030	Texas	Houston-Pasadena-The Woodlands, TX	2008	M11	November	760.84
SMU48264203000000030	Texas	Houston-Pasadena-The Woodlands, TX	2008	M10	October	756.58
SMU48264203000000030	Texas	Houston-Pasadena-The Woodlands, TX	2008	M09	September	735.07
SMU48264203000000030	Texas	Houston-Pasadena-The Woodlands, TX	2008	M08	August	715.34
SMU48264203000000030	Texas	Houston-Pasadena-The Woodlands, TX	2008	M07	July	711.66
SMU48264203000000030	Texas	Houston-Pasadena-The Woodlands, TX	2008	M06	June	703.56
SMU48264203000000030	Texas	Houston-Pasadena-The Woodlands, TX	2008	M05	May	693.85
SMU48264203000000030	Texas	Houston-Pasadena-The Woodlands, TX	2008	M04	April	697.41
SMU48264203000000030	Texas	Houston-Pasadena-The Woodlands, TX	2008	M03	March	688.80
SMU48264203000000030	Texas	Houston-Pasadena-The Woodlands, TX	2008	M02	February	673.52
SMU48264203000000030	Texas	Houston-Pasadena-The Woodlands, TX	2008	M01	January	665.60
SMU48264203000000030	Texas	Houston-Pasadena-The Woodlands, TX	2007	M12	December	687.02
SMU48264203000000030	Texas	Houston-Pasadena-The Woodlands, TX	2007	M11	November	695.50
SMU48264203000000030	Texas	Houston-Pasadena-The Woodlands, TX	2007	M10	October	699.51
SMU48264203000000030	Texas	Houston-Pasadena-The Woodlands, TX	2007	M09	September	680.99
SMU48264203000000030	Texas	Houston-Pasadena-The Woodlands, TX	2007	M08	August	667.89
SMU48264203000000030	Texas	Houston-Pasadena-The Woodlands, TX	2007	M07	July	671.16
SMU48264203000000030	Texas	Houston-Pasadena-The Woodlands, TX	2007	M06	June	666.26
SMU48264203000000030	Texas	Houston-Pasadena-The Woodlands, TX	2007	M05	May	664.14
SMU48264203000000030	Texas	Houston-Pasadena-The Woodlands, TX	2007	M04	April	679.37
SMU48264203000000030	Texas	Houston-Pasadena-The Woodlands, TX	2007	M03	March	685.52
SMU48264203000000030	Texas	Houston-Pasadena-The Woodlands, TX	2007	M02	February	667.89
SMU48264203000000030	Texas	Houston-Pasadena-The Woodlands, TX	2007	M01	January	662.59
SMU36935613000000030	New York	New York City, NY	2025	M12	December	779.67
SMU36935613000000030	New York	New York City, NY	2025	M11	November	857.68
SMU36935613000000030	New York	New York City, NY	2025	M10	October	837.76
SMU36935613000000030	New York	New York City, NY	2025	M09	September	860.22
SMU36935613000000030	New York	New York City, NY	2025	M08	August	869.38
SMU36935613000000030	New York	New York City, NY	2025	M07	July	849.95
SMU36935613000000030	New York	New York City, NY	2025	M06	June	859.56
SMU36935613000000030	New York	New York City, NY	2025	M05	May	839.07
SMU36935613000000030	New York	New York City, NY	2025	M04	April	861.84
SMU36935613000000030	New York	New York City, NY	2025	M03	March	975.62
SMU36935613000000030	New York	New York City, NY	2025	M02	February	1073.87
SMU36935613000000030	New York	New York City, NY	2025	M01	January	1053.75
SMU36935613000000030	New York	New York City, NY	2024	M12	December	1100.29
SMU36935613000000030	New York	New York City, NY	2024	M11	November	1066.28
SMU36935613000000030	New York	New York City, NY	2024	M10	October	1070.75
SMU36935613000000030	New York	New York City, NY	2024	M09	September	1163.71
SMU36935613000000030	New York	New York City, NY	2024	M08	August	1165.00
SMU36935613000000030	New York	New York City, NY	2024	M07	July	1055.65
SMU36935613000000030	New York	New York City, NY	2024	M06	June	1133.09
SMU36935613000000030	New York	New York City, NY	2024	M05	May	1125.98
SMU36935613000000030	New York	New York City, NY	2024	M04	April	1096.31
SMU36935613000000030	New York	New York City, NY	2024	M03	March	1116.82
SMU36935613000000030	New York	New York City, NY	2024	M02	February	1035.72
SMU36935613000000030	New York	New York City, NY	2024	M01	January	1068.78
SMU36935613000000030	New York	New York City, NY	2023	M12	December	1100.86
SMU36935613000000030	New York	New York City, NY	2023	M11	November	1035.83
SMU36935613000000030	New York	New York City, NY	2023	M10	October	994.93
SMU36935613000000030	New York	New York City, NY	2023	M09	September	1036.61
SMU36935613000000030	New York	New York City, NY	2023	M08	August	1059.18
SMU36935613000000030	New York	New York City, NY	2023	M07	July	1093.76
SMU36935613000000030	New York	New York City, NY	2023	M06	June	992.12
SMU36935613000000030	New York	New York City, NY	2023	M05	May	1010.67
SMU36935613000000030	New York	New York City, NY	2023	M04	April	1048.97
SMU36935613000000030	New York	New York City, NY	2023	M03	March	1082.16
SMU36935613000000030	New York	New York City, NY	2023	M02	February	1064.94
SMU36935613000000030	New York	New York City, NY	2023	M01	January	1100.17
SMU36935613000000030	New York	New York City, NY	2022	M12	December	1065.94
SMU36935613000000030	New York	New York City, NY	2022	M11	November	1087.53
SMU36935613000000030	New York	New York City, NY	2022	M10	October	1026.68
SMU36935613000000030	New York	New York City, NY	2022	M09	September	1029.67
SMU36935613000000030	New York	New York City, NY	2022	M08	August	1016.77
SMU36935613000000030	New York	New York City, NY	2022	M07	July	1077.35
SMU36935613000000030	New York	New York City, NY	2022	M06	June	1088.91
SMU36935613000000030	New York	New York City, NY	2022	M05	May	1128.23
SMU36935613000000030	New York	New York City, NY	2022	M04	April	1110.99
SMU36935613000000030	New York	New York City, NY	2022	M03	March	1075.19
SMU36935613000000030	New York	New York City, NY	2022	M02	February	1123.55
SMU36935613000000030	New York	New York City, NY	2022	M01	January	1141.29
SMU36935613000000030	New York	New York City, NY	2021	M12	December	1028.34
SMU36935613000000030	New York	New York City, NY	2021	M11	November	1006.14
SMU36935613000000030	New York	New York City, NY	2021	M10	October	1021.68
SMU36935613000000030	New York	New York City, NY	2021	M09	September	1015.43
SMU36935613000000030	New York	New York City, NY	2021	M08	August	961.93
SMU36935613000000030	New York	New York City, NY	2021	M07	July	968.29
SMU36935613000000030	New York	New York City, NY	2021	M06	June	972.04
SMU36935613000000030	New York	New York City, NY	2021	M05	May	987.76
SMU36935613000000030	New York	New York City, NY	2021	M04	April	981.63
SMU36935613000000030	New York	New York City, NY	2021	M03	March	896.56
SMU36935613000000030	New York	New York City, NY	2021	M02	February	892.85
SMU36935613000000030	New York	New York City, NY	2021	M01	January	884.91
SMU36935613000000030	New York	New York City, NY	2020	M12	December	745.42
SMU36935613000000030	New York	New York City, NY	2020	M11	November	799.14
SMU36935613000000030	New York	New York City, NY	2020	M10	October	776.74
SMU36935613000000030	New York	New York City, NY	2020	M09	September	755.41
SMU36935613000000030	New York	New York City, NY	2020	M08	August	794.49
SMU36935613000000030	New York	New York City, NY	2020	M07	July	776.36
SMU36935613000000030	New York	New York City, NY	2020	M06	June	750.21
SMU36935613000000030	New York	New York City, NY	2020	M05	May	758.78
SMU36935613000000030	New York	New York City, NY	2020	M04	April	718.68
SMU36935613000000030	New York	New York City, NY	2020	M03	March	824.33
SMU36935613000000030	New York	New York City, NY	2020	M02	February	794.00
SMU36935613000000030	New York	New York City, NY	2020	M01	January	804.76
SMU36935613000000030	New York	New York City, NY	2019	M12	December	814.09
SMU36935613000000030	New York	New York City, NY	2019	M11	November	812.67
SMU36935613000000030	New York	New York City, NY	2019	M10	October	856.88
SMU36935613000000030	New York	New York City, NY	2019	M09	September	842.74
SMU36935613000000030	New York	New York City, NY	2019	M08	August	837.22
SMU36935613000000030	New York	New York City, NY	2019	M07	July	837.09
SMU36935613000000030	New York	New York City, NY	2019	M06	June	823.54
SMU36935613000000030	New York	New York City, NY	2019	M05	May	838.83
SMU36935613000000030	New York	New York City, NY	2019	M04	April	853.24
SMU36935613000000030	New York	New York City, NY	2019	M03	March	804.41
SMU36935613000000030	New York	New York City, NY	2019	M02	February	838.39
SMU36935613000000030	New York	New York City, NY	2019	M01	January	795.37
SMU36935613000000030	New York	New York City, NY	2018	M12	December	774.46
SMU36935613000000030	New York	New York City, NY	2018	M11	November	765.28
SMU36935613000000030	New York	New York City, NY	2018	M10	October	759.67
SMU36935613000000030	New York	New York City, NY	2018	M09	September	744.46
SMU36935613000000030	New York	New York City, NY	2018	M08	August	743.74
SMU36935613000000030	New York	New York City, NY	2018	M07	July	724.14
SMU36935613000000030	New York	New York City, NY	2018	M06	June	736.32
SMU36935613000000030	New York	New York City, NY	2018	M05	May	705.49
SMU36935613000000030	New York	New York City, NY	2018	M04	April	716.15
SMU36935613000000030	New York	New York City, NY	2018	M03	March	692.87
SMU36935613000000030	New York	New York City, NY	2018	M02	February	671.21
SMU36935613000000030	New York	New York City, NY	2018	M01	January	658.72
SMU36935613000000030	New York	New York City, NY	2017	M12	December	676.28
SMU36935613000000030	New York	New York City, NY	2017	M11	November	609.94
SMU36935613000000030	New York	New York City, NY	2017	M10	October	635.58
SMU36935613000000030	New York	New York City, NY	2017	M09	September	612.50
SMU36935613000000030	New York	New York City, NY	2017	M08	August	616.77
SMU36935613000000030	New York	New York City, NY	2017	M07	July	598.33
SMU36935613000000030	New York	New York City, NY	2017	M06	June	599.15
SMU36935613000000030	New York	New York City, NY	2017	M05	May	614.02
SMU36935613000000030	New York	New York City, NY	2017	M04	April	579.24
SMU36935613000000030	New York	New York City, NY	2017	M03	March	578.21
SMU36935613000000030	New York	New York City, NY	2017	M02	February	570.20
SMU36935613000000030	New York	New York City, NY	2017	M01	January	569.52
SMU36935613000000030	New York	New York City, NY	2016	M12	December	573.59
SMU36935613000000030	New York	New York City, NY	2016	M11	November	571.86
SMU36935613000000030	New York	New York City, NY	2016	M10	October	565.68
SMU36935613000000030	New York	New York City, NY	2016	M09	September	577.25
SMU36935613000000030	New York	New York City, NY	2016	M08	August	568.98
SMU36935613000000030	New York	New York City, NY	2016	M07	July	578.70
SMU36935613000000030	New York	New York City, NY	2016	M06	June	617.77
SMU36935613000000030	New York	New York City, NY	2016	M05	May	613.23
SMU36935613000000030	New York	New York City, NY	2016	M04	April	633.00
SMU36935613000000030	New York	New York City, NY	2016	M03	March	638.18
SMU36935613000000030	New York	New York City, NY	2016	M02	February	657.23
SMU36935613000000030	New York	New York City, NY	2016	M01	January	673.75
SMU36935613000000030	New York	New York City, NY	2015	M12	December	708.84
SMU36935613000000030	New York	New York City, NY	2015	M11	November	707.77
SMU36935613000000030	New York	New York City, NY	2015	M10	October	671.24
SMU36935613000000030	New York	New York City, NY	2015	M09	September	687.49
SMU36935613000000030	New York	New York City, NY	2015	M08	August	632.06
SMU36935613000000030	New York	New York City, NY	2015	M07	July	657.70
SMU36935613000000030	New York	New York City, NY	2015	M06	June	657.86
SMU36935613000000030	New York	New York City, NY	2015	M05	May	650.51
SMU36935613000000030	New York	New York City, NY	2015	M04	April	672.00
SMU36935613000000030	New York	New York City, NY	2015	M03	March	678.94
SMU36935613000000030	New York	New York City, NY	2015	M02	February	673.99
SMU36935613000000030	New York	New York City, NY	2015	M01	January	703.83
SMU36935613000000030	New York	New York City, NY	2014	M12	December	697.37
SMU36935613000000030	New York	New York City, NY	2014	M11	November	670.56
SMU36935613000000030	New York	New York City, NY	2014	M10	October	662.26
SMU36935613000000030	New York	New York City, NY	2014	M09	September	644.68
SMU36935613000000030	New York	New York City, NY	2014	M08	August	620.09
SMU36935613000000030	New York	New York City, NY	2014	M07	July	604.88
SMU36935613000000030	New York	New York City, NY	2014	M06	June	624.09
SMU36935613000000030	New York	New York City, NY	2014	M05	May	622.46
SMU36935613000000030	New York	New York City, NY	2014	M04	April	615.33
SMU36935613000000030	New York	New York City, NY	2014	M03	March	601.85
SMU36935613000000030	New York	New York City, NY	2014	M02	February	601.78
SMU36935613000000030	New York	New York City, NY	2014	M01	January	628.79
SMU36935613000000030	New York	New York City, NY	2013	M12	December	616.39
SMU36935613000000030	New York	New York City, NY	2013	M11	November	620.75
SMU36935613000000030	New York	New York City, NY	2013	M10	October	609.56
SMU36935613000000030	New York	New York City, NY	2013	M09	September	642.27
SMU36935613000000030	New York	New York City, NY	2013	M08	August	634.26
SMU36935613000000030	New York	New York City, NY	2013	M07	July	613.80
SMU36935613000000030	New York	New York City, NY	2013	M06	June	595.33
SMU36935613000000030	New York	New York City, NY	2013	M05	May	596.30
SMU36935613000000030	New York	New York City, NY	2013	M04	April	585.60
SMU36935613000000030	New York	New York City, NY	2013	M03	March	595.58
SMU36935613000000030	New York	New York City, NY	2013	M02	February	585.57
SMU36935613000000030	New York	New York City, NY	2013	M01	January	587.39
SMU36935613000000030	New York	New York City, NY	2012	M12	December	574.96
SMU36935613000000030	New York	New York City, NY	2012	M11	November	546.45
SMU36935613000000030	New York	New York City, NY	2012	M10	October	546.45
SMU36935613000000030	New York	New York City, NY	2012	M09	September	544.98
SMU36935613000000030	New York	New York City, NY	2012	M08	August	541.68
SMU36935613000000030	New York	New York City, NY	2012	M07	July	562.42
SMU36935613000000030	New York	New York City, NY	2012	M06	June	542.22
SMU36935613000000030	New York	New York City, NY	2012	M05	May	545.38
SMU36935613000000030	New York	New York City, NY	2012	M04	April	537.12
SMU36935613000000030	New York	New York City, NY	2012	M03	March	531.06
SMU36935613000000030	New York	New York City, NY	2012	M02	February	535.95
SMU36935613000000030	New York	New York City, NY	2012	M01	January	533.64
SMU36935613000000030	New York	New York City, NY	2011	M12	December	577.88
SMU36935613000000030	New York	New York City, NY	2011	M11	November	568.48
SMU36935613000000030	New York	New York City, NY	2011	M10	October	576.78
SMU36935613000000030	New York	New York City, NY	2011	M09	September	564.88
SMU36935613000000030	New York	New York City, NY	2011	M08	August	588.67
SMU36935613000000030	New York	New York City, NY	2011	M07	July	599.81
SMU36935613000000030	New York	New York City, NY	2011	M06	June	598.82
SMU36935613000000030	New York	New York City, NY	2011	M05	May	605.61
SMU36935613000000030	New York	New York City, NY	2011	M04	April	590.58
SMU36935613000000030	New York	New York City, NY	2011	M03	March	604.89
SMU36935613000000030	New York	New York City, NY	2011	M02	February	621.69
SMU36935613000000030	New York	New York City, NY	2011	M01	January	613.09
SMU36935613000000030	New York	New York City, NY	2010	M12	December	635.91
SMU36935613000000030	New York	New York City, NY	2010	M11	November	645.46
SMU36935613000000030	New York	New York City, NY	2010	M10	October	661.93
SMU36935613000000030	New York	New York City, NY	2010	M09	September	644.91
SMU36935613000000030	New York	New York City, NY	2010	M08	August	628.73
SMU36935613000000030	New York	New York City, NY	2010	M07	July	613.13
SMU36935613000000030	New York	New York City, NY	2010	M06	June	648.00
SMU36935613000000030	New York	New York City, NY	2010	M05	May	630.89
SMU36935613000000030	New York	New York City, NY	2010	M04	April	633.47
SMU36935613000000030	New York	New York City, NY	2010	M03	March	650.01
SMU36935613000000030	New York	New York City, NY	2010	M02	February	635.52
SMU36935613000000030	New York	New York City, NY	2010	M01	January	649.38
SMU36935613000000030	New York	New York City, NY	2009	M12	December	634.29
SMU36935613000000030	New York	New York City, NY	2009	M11	November	624.73
SMU36935613000000030	New York	New York City, NY	2009	M10	October	645.04
SMU36935613000000030	New York	New York City, NY	2009	M09	September	633.60
SMU36935613000000030	New York	New York City, NY	2009	M08	August	640.90
SMU36935613000000030	New York	New York City, NY	2009	M07	July	624.62
SMU36935613000000030	New York	New York City, NY	2009	M06	June	661.63
SMU36935613000000030	New York	New York City, NY	2009	M05	May	672.42
SMU36935613000000030	New York	New York City, NY	2009	M04	April	653.11
SMU36935613000000030	New York	New York City, NY	2009	M03	March	651.81
SMU36935613000000030	New York	New York City, NY	2009	M02	February	634.25
SMU36935613000000030	New York	New York City, NY	2009	M01	January	638.82
SMU36935613000000030	New York	New York City, NY	2008	M12	December	651.13
SMU36935613000000030	New York	New York City, NY	2008	M11	November	615.17
SMU36935613000000030	New York	New York City, NY	2008	M10	October	614.78
SMU36935613000000030	New York	New York City, NY	2008	M09	September	604.58
SMU36935613000000030	New York	New York City, NY	2008	M08	August	593.60
SMU36935613000000030	New York	New York City, NY	2008	M07	July	611.38
SMU36935613000000030	New York	New York City, NY	2008	M06	June	607.62
SMU36935613000000030	New York	New York City, NY	2008	M05	May	592.42
SMU36935613000000030	New York	New York City, NY	2008	M04	April	610.94
SMU36935613000000030	New York	New York City, NY	2008	M03	March	612.10
SMU36935613000000030	New York	New York City, NY	2008	M02	February	615.23
SMU36935613000000030	New York	New York City, NY	2008	M01	January	593.07
SMU36935613000000030	New York	New York City, NY	2007	M12	December	620.54
SMU36935613000000030	New York	New York City, NY	2007	M11	November	588.22
SMU36935613000000030	New York	New York City, NY	2007	M10	October	585.73
SMU36935613000000030	New York	New York City, NY	2007	M09	September	594.91
SMU36935613000000030	New York	New York City, NY	2007	M08	August	575.24
SMU36935613000000030	New York	New York City, NY	2007	M07	July	591.30
SMU36935613000000030	New York	New York City, NY	2007	M06	June	607.38
SMU36935613000000030	New York	New York City, NY	2007	M05	May	590.49
SMU36935613000000030	New York	New York City, NY	2007	M04	April	600.60
SMU36935613000000030	New York	New York City, NY	2007	M03	March	587.48
SMU36935613000000030	New York	New York City, NY	2007	M02	February	603.75
SMU36935613000000030	New York	New York City, NY	2007	M01	January	609.41
SMU17169843000000030	Illinois	Chicago-Naperville-Schaumburg, IL Metropolitan Division	2025	M12	December	1151.13
SMU17169843000000030	Illinois	Chicago-Naperville-Schaumburg, IL Metropolitan Division	2025	M11	November	1150.56
SMU17169843000000030	Illinois	Chicago-Naperville-Schaumburg, IL Metropolitan Division	2025	M10	October	1140.89
SMU17169843000000030	Illinois	Chicago-Naperville-Schaumburg, IL Metropolitan Division	2025	M09	September	1139.67
SMU17169843000000030	Illinois	Chicago-Naperville-Schaumburg, IL Metropolitan Division	2025	M08	August	1129.17
SMU17169843000000030	Illinois	Chicago-Naperville-Schaumburg, IL Metropolitan Division	2025	M07	July	1131.51
SMU17169843000000030	Illinois	Chicago-Naperville-Schaumburg, IL Metropolitan Division	2025	M06	June	1119.49
SMU17169843000000030	Illinois	Chicago-Naperville-Schaumburg, IL Metropolitan Division	2025	M05	May	1095.73
SMU17169843000000030	Illinois	Chicago-Naperville-Schaumburg, IL Metropolitan Division	2025	M04	April	1142.81
SMU17169843000000030	Illinois	Chicago-Naperville-Schaumburg, IL Metropolitan Division	2025	M03	March	1122.18
SMU17169843000000030	Illinois	Chicago-Naperville-Schaumburg, IL Metropolitan Division	2025	M02	February	1100.04
SMU17169843000000030	Illinois	Chicago-Naperville-Schaumburg, IL Metropolitan Division	2025	M01	January	1098.88
SMU17169843000000030	Illinois	Chicago-Naperville-Schaumburg, IL Metropolitan Division	2024	M12	December	1156.90
SMU17169843000000030	Illinois	Chicago-Naperville-Schaumburg, IL Metropolitan Division	2024	M11	November	1143.97
SMU17169843000000030	Illinois	Chicago-Naperville-Schaumburg, IL Metropolitan Division	2024	M10	October	1131.20
SMU17169843000000030	Illinois	Chicago-Naperville-Schaumburg, IL Metropolitan Division	2024	M09	September	1122.99
SMU17169843000000030	Illinois	Chicago-Naperville-Schaumburg, IL Metropolitan Division	2024	M08	August	1102.56
SMU17169843000000030	Illinois	Chicago-Naperville-Schaumburg, IL Metropolitan Division	2024	M07	July	1081.91
SMU17169843000000030	Illinois	Chicago-Naperville-Schaumburg, IL Metropolitan Division	2024	M06	June	1077.53
SMU17169843000000030	Illinois	Chicago-Naperville-Schaumburg, IL Metropolitan Division	2024	M05	May	1081.34
SMU17169843000000030	Illinois	Chicago-Naperville-Schaumburg, IL Metropolitan Division	2024	M04	April	1077.93
SMU17169843000000030	Illinois	Chicago-Naperville-Schaumburg, IL Metropolitan Division	2024	M03	March	1092.62
SMU17169843000000030	Illinois	Chicago-Naperville-Schaumburg, IL Metropolitan Division	2024	M02	February	1072.02
SMU17169843000000030	Illinois	Chicago-Naperville-Schaumburg, IL Metropolitan Division	2024	M01	January	1035.60
SMU17169843000000030	Illinois	Chicago-Naperville-Schaumburg, IL Metropolitan Division	2023	M12	December	1092.14
SMU17169843000000030	Illinois	Chicago-Naperville-Schaumburg, IL Metropolitan Division	2023	M11	November	1076.52
SMU17169843000000030	Illinois	Chicago-Naperville-Schaumburg, IL Metropolitan Division	2023	M10	October	1068.93
SMU17169843000000030	Illinois	Chicago-Naperville-Schaumburg, IL Metropolitan Division	2023	M09	September	1062.97
SMU17169843000000030	Illinois	Chicago-Naperville-Schaumburg, IL Metropolitan Division	2023	M08	August	1038.34
SMU17169843000000030	Illinois	Chicago-Naperville-Schaumburg, IL Metropolitan Division	2023	M07	July	1071.88
SMU17169843000000030	Illinois	Chicago-Naperville-Schaumburg, IL Metropolitan Division	2023	M06	June	1094.74
SMU17169843000000030	Illinois	Chicago-Naperville-Schaumburg, IL Metropolitan Division	2023	M05	May	1078.13
SMU17169843000000030	Illinois	Chicago-Naperville-Schaumburg, IL Metropolitan Division	2023	M04	April	1048.25
SMU17169843000000030	Illinois	Chicago-Naperville-Schaumburg, IL Metropolitan Division	2023	M03	March	1040.71
SMU17169843000000030	Illinois	Chicago-Naperville-Schaumburg, IL Metropolitan Division	2023	M02	February	1062.38
SMU17169843000000030	Illinois	Chicago-Naperville-Schaumburg, IL Metropolitan Division	2023	M01	January	1062.54
SMU17169843000000030	Illinois	Chicago-Naperville-Schaumburg, IL Metropolitan Division	2022	M12	December	1074.71
SMU17169843000000030	Illinois	Chicago-Naperville-Schaumburg, IL Metropolitan Division	2022	M11	November	1087.70
SMU17169843000000030	Illinois	Chicago-Naperville-Schaumburg, IL Metropolitan Division	2022	M10	October	1075.68
SMU17169843000000030	Illinois	Chicago-Naperville-Schaumburg, IL Metropolitan Division	2022	M09	September	1064.08
SMU17169843000000030	Illinois	Chicago-Naperville-Schaumburg, IL Metropolitan Division	2022	M08	August	1074.05
SMU17169843000000030	Illinois	Chicago-Naperville-Schaumburg, IL Metropolitan Division	2022	M07	July	1051.03
SMU17169843000000030	Illinois	Chicago-Naperville-Schaumburg, IL Metropolitan Division	2022	M06	June	1040.72
SMU17169843000000030	Illinois	Chicago-Naperville-Schaumburg, IL Metropolitan Division	2022	M05	May	1055.49
SMU17169843000000030	Illinois	Chicago-Naperville-Schaumburg, IL Metropolitan Division	2022	M04	April	1037.59
SMU17169843000000030	Illinois	Chicago-Naperville-Schaumburg, IL Metropolitan Division	2022	M03	March	1042.36
SMU17169843000000030	Illinois	Chicago-Naperville-Schaumburg, IL Metropolitan Division	2022	M02	February	1013.50
SMU17169843000000030	Illinois	Chicago-Naperville-Schaumburg, IL Metropolitan Division	2022	M01	January	1015.66
SMU17169843000000030	Illinois	Chicago-Naperville-Schaumburg, IL Metropolitan Division	2021	M12	December	1020.15
SMU17169843000000030	Illinois	Chicago-Naperville-Schaumburg, IL Metropolitan Division	2021	M11	November	1030.88
SMU17169843000000030	Illinois	Chicago-Naperville-Schaumburg, IL Metropolitan Division	2021	M10	October	990.87
SMU17169843000000030	Illinois	Chicago-Naperville-Schaumburg, IL Metropolitan Division	2021	M09	September	983.68
SMU17169843000000030	Illinois	Chicago-Naperville-Schaumburg, IL Metropolitan Division	2021	M08	August	983.45
SMU17169843000000030	Illinois	Chicago-Naperville-Schaumburg, IL Metropolitan Division	2021	M07	July	974.38
SMU17169843000000030	Illinois	Chicago-Naperville-Schaumburg, IL Metropolitan Division	2021	M06	June	989.44
SMU17169843000000030	Illinois	Chicago-Naperville-Schaumburg, IL Metropolitan Division	2021	M05	May	1002.46
SMU17169843000000030	Illinois	Chicago-Naperville-Schaumburg, IL Metropolitan Division	2021	M04	April	972.00
SMU17169843000000030	Illinois	Chicago-Naperville-Schaumburg, IL Metropolitan Division	2021	M03	March	990.55
SMU17169843000000030	Illinois	Chicago-Naperville-Schaumburg, IL Metropolitan Division	2021	M02	February	971.14
SMU17169843000000030	Illinois	Chicago-Naperville-Schaumburg, IL Metropolitan Division	2021	M01	January	975.33
SMU17169843000000030	Illinois	Chicago-Naperville-Schaumburg, IL Metropolitan Division	2020	M12	December	1006.66
SMU17169843000000030	Illinois	Chicago-Naperville-Schaumburg, IL Metropolitan Division	2020	M11	November	988.72
SMU17169843000000030	Illinois	Chicago-Naperville-Schaumburg, IL Metropolitan Division	2020	M10	October	969.70
SMU17169843000000030	Illinois	Chicago-Naperville-Schaumburg, IL Metropolitan Division	2020	M09	September	958.33
SMU17169843000000030	Illinois	Chicago-Naperville-Schaumburg, IL Metropolitan Division	2020	M08	August	947.16
SMU17169843000000030	Illinois	Chicago-Naperville-Schaumburg, IL Metropolitan Division	2020	M07	July	935.77
SMU17169843000000030	Illinois	Chicago-Naperville-Schaumburg, IL Metropolitan Division	2020	M06	June	950.73
SMU17169843000000030	Illinois	Chicago-Naperville-Schaumburg, IL Metropolitan Division	2020	M05	May	933.98
SMU17169843000000030	Illinois	Chicago-Naperville-Schaumburg, IL Metropolitan Division	2020	M04	April	919.64
SMU17169843000000030	Illinois	Chicago-Naperville-Schaumburg, IL Metropolitan Division	2020	M03	March	956.58
SMU17169843000000030	Illinois	Chicago-Naperville-Schaumburg, IL Metropolitan Division	2020	M02	February	951.79
SMU17169843000000030	Illinois	Chicago-Naperville-Schaumburg, IL Metropolitan Division	2020	M01	January	962.54
SMU17169843000000030	Illinois	Chicago-Naperville-Schaumburg, IL Metropolitan Division	2019	M12	December	986.90
SMU17169843000000030	Illinois	Chicago-Naperville-Schaumburg, IL Metropolitan Division	2019	M11	November	981.17
SMU17169843000000030	Illinois	Chicago-Naperville-Schaumburg, IL Metropolitan Division	2019	M10	October	967.88
SMU17169843000000030	Illinois	Chicago-Naperville-Schaumburg, IL Metropolitan Division	2019	M09	September	961.20
SMU17169843000000030	Illinois	Chicago-Naperville-Schaumburg, IL Metropolitan Division	2019	M08	August	961.20
SMU17169843000000030	Illinois	Chicago-Naperville-Schaumburg, IL Metropolitan Division	2019	M07	July	939.84
SMU17169843000000030	Illinois	Chicago-Naperville-Schaumburg, IL Metropolitan Division	2019	M06	June	961.26
SMU17169843000000030	Illinois	Chicago-Naperville-Schaumburg, IL Metropolitan Division	2019	M05	May	940.78
SMU17169843000000030	Illinois	Chicago-Naperville-Schaumburg, IL Metropolitan Division	2019	M04	April	966.99
SMU17169843000000030	Illinois	Chicago-Naperville-Schaumburg, IL Metropolitan Division	2019	M03	March	965.14
SMU17169843000000030	Illinois	Chicago-Naperville-Schaumburg, IL Metropolitan Division	2019	M02	February	965.89
SMU17169843000000030	Illinois	Chicago-Naperville-Schaumburg, IL Metropolitan Division	2019	M01	January	966.93
SMU17169843000000030	Illinois	Chicago-Naperville-Schaumburg, IL Metropolitan Division	2018	M12	December	996.15
SMU17169843000000030	Illinois	Chicago-Naperville-Schaumburg, IL Metropolitan Division	2018	M11	November	981.17
SMU17169843000000030	Illinois	Chicago-Naperville-Schaumburg, IL Metropolitan Division	2018	M10	October	960.06
SMU17169843000000030	Illinois	Chicago-Naperville-Schaumburg, IL Metropolitan Division	2018	M09	September	960.87
SMU17169843000000030	Illinois	Chicago-Naperville-Schaumburg, IL Metropolitan Division	2018	M08	August	959.93
SMU17169843000000030	Illinois	Chicago-Naperville-Schaumburg, IL Metropolitan Division	2018	M07	July	949.43
SMU17169843000000030	Illinois	Chicago-Naperville-Schaumburg, IL Metropolitan Division	2018	M06	June	939.60
SMU17169843000000030	Illinois	Chicago-Naperville-Schaumburg, IL Metropolitan Division	2018	M05	May	931.51
SMU17169843000000030	Illinois	Chicago-Naperville-Schaumburg, IL Metropolitan Division	2018	M04	April	936.84
SMU17169843000000030	Illinois	Chicago-Naperville-Schaumburg, IL Metropolitan Division	2018	M03	March	921.88
SMU17169843000000030	Illinois	Chicago-Naperville-Schaumburg, IL Metropolitan Division	2018	M02	February	898.91
SMU17169843000000030	Illinois	Chicago-Naperville-Schaumburg, IL Metropolitan Division	2018	M01	January	909.92
SMU17169843000000030	Illinois	Chicago-Naperville-Schaumburg, IL Metropolitan Division	2017	M12	December	919.23
SMU17169843000000030	Illinois	Chicago-Naperville-Schaumburg, IL Metropolitan Division	2017	M11	November	908.42
SMU17169843000000030	Illinois	Chicago-Naperville-Schaumburg, IL Metropolitan Division	2017	M10	October	893.67
SMU17169843000000030	Illinois	Chicago-Naperville-Schaumburg, IL Metropolitan Division	2017	M09	September	891.17
SMU17169843000000030	Illinois	Chicago-Naperville-Schaumburg, IL Metropolitan Division	2017	M08	August	876.00
SMU17169843000000030	Illinois	Chicago-Naperville-Schaumburg, IL Metropolitan Division	2017	M07	July	876.19
SMU17169843000000030	Illinois	Chicago-Naperville-Schaumburg, IL Metropolitan Division	2017	M06	June	870.50
SMU17169843000000030	Illinois	Chicago-Naperville-Schaumburg, IL Metropolitan Division	2017	M05	May	876.19
SMU17169843000000030	Illinois	Chicago-Naperville-Schaumburg, IL Metropolitan Division	2017	M04	April	855.53
SMU17169843000000030	Illinois	Chicago-Naperville-Schaumburg, IL Metropolitan Division	2017	M03	March	871.61
SMU17169843000000030	Illinois	Chicago-Naperville-Schaumburg, IL Metropolitan Division	2017	M02	February	867.02
SMU17169843000000030	Illinois	Chicago-Naperville-Schaumburg, IL Metropolitan Division	2017	M01	January	869.03
SMU17169843000000030	Illinois	Chicago-Naperville-Schaumburg, IL Metropolitan Division	2016	M12	December	878.99
SMU17169843000000030	Illinois	Chicago-Naperville-Schaumburg, IL Metropolitan Division	2016	M11	November	872.90
SMU17169843000000030	Illinois	Chicago-Naperville-Schaumburg, IL Metropolitan Division	2016	M10	October	890.25
SMU17169843000000030	Illinois	Chicago-Naperville-Schaumburg, IL Metropolitan Division	2016	M09	September	885.66
SMU17169843000000030	Illinois	Chicago-Naperville-Schaumburg, IL Metropolitan Division	2016	M08	August	896.83
SMU17169843000000030	Illinois	Chicago-Naperville-Schaumburg, IL Metropolitan Division	2016	M07	July	884.08
SMU17169843000000030	Illinois	Chicago-Naperville-Schaumburg, IL Metropolitan Division	2016	M06	June	867.44
SMU17169843000000030	Illinois	Chicago-Naperville-Schaumburg, IL Metropolitan Division	2016	M05	May	870.87
SMU17169843000000030	Illinois	Chicago-Naperville-Schaumburg, IL Metropolitan Division	2016	M04	April	861.99
SMU17169843000000030	Illinois	Chicago-Naperville-Schaumburg, IL Metropolitan Division	2016	M03	March	859.85
SMU17169843000000030	Illinois	Chicago-Naperville-Schaumburg, IL Metropolitan Division	2016	M02	February	855.21
SMU17169843000000030	Illinois	Chicago-Naperville-Schaumburg, IL Metropolitan Division	2016	M01	January	862.85
SMU17169843000000030	Illinois	Chicago-Naperville-Schaumburg, IL Metropolitan Division	2015	M12	December	874.05
SMU17169843000000030	Illinois	Chicago-Naperville-Schaumburg, IL Metropolitan Division	2015	M11	November	856.72
SMU17169843000000030	Illinois	Chicago-Naperville-Schaumburg, IL Metropolitan Division	2015	M10	October	847.96
SMU17169843000000030	Illinois	Chicago-Naperville-Schaumburg, IL Metropolitan Division	2015	M09	September	842.49
SMU17169843000000030	Illinois	Chicago-Naperville-Schaumburg, IL Metropolitan Division	2015	M08	August	855.36
SMU17169843000000030	Illinois	Chicago-Naperville-Schaumburg, IL Metropolitan Division	2015	M07	July	856.26
SMU17169843000000030	Illinois	Chicago-Naperville-Schaumburg, IL Metropolitan Division	2015	M06	June	853.12
SMU17169843000000030	Illinois	Chicago-Naperville-Schaumburg, IL Metropolitan Division	2015	M05	May	838.70
SMU17169843000000030	Illinois	Chicago-Naperville-Schaumburg, IL Metropolitan Division	2015	M04	April	834.28
SMU17169843000000030	Illinois	Chicago-Naperville-Schaumburg, IL Metropolitan Division	2015	M03	March	835.46
SMU17169843000000030	Illinois	Chicago-Naperville-Schaumburg, IL Metropolitan Division	2015	M02	February	820.68
SMU17169843000000030	Illinois	Chicago-Naperville-Schaumburg, IL Metropolitan Division	2015	M01	January	820.90
SMU17169843000000030	Illinois	Chicago-Naperville-Schaumburg, IL Metropolitan Division	2014	M12	December	831.17
SMU17169843000000030	Illinois	Chicago-Naperville-Schaumburg, IL Metropolitan Division	2014	M11	November	845.34
SMU17169843000000030	Illinois	Chicago-Naperville-Schaumburg, IL Metropolitan Division	2014	M10	October	837.99
SMU17169843000000030	Illinois	Chicago-Naperville-Schaumburg, IL Metropolitan Division	2014	M09	September	828.24
SMU17169843000000030	Illinois	Chicago-Naperville-Schaumburg, IL Metropolitan Division	2014	M08	August	821.73
SMU17169843000000030	Illinois	Chicago-Naperville-Schaumburg, IL Metropolitan Division	2014	M07	July	813.03
SMU17169843000000030	Illinois	Chicago-Naperville-Schaumburg, IL Metropolitan Division	2014	M06	June	804.21
SMU17169843000000030	Illinois	Chicago-Naperville-Schaumburg, IL Metropolitan Division	2014	M05	May	801.98
SMU17169843000000030	Illinois	Chicago-Naperville-Schaumburg, IL Metropolitan Division	2014	M04	April	803.67
SMU17169843000000030	Illinois	Chicago-Naperville-Schaumburg, IL Metropolitan Division	2014	M03	March	801.80
SMU17169843000000030	Illinois	Chicago-Naperville-Schaumburg, IL Metropolitan Division	2014	M02	February	798.06
SMU17169843000000030	Illinois	Chicago-Naperville-Schaumburg, IL Metropolitan Division	2014	M01	January	779.99
SMU17169843000000030	Illinois	Chicago-Naperville-Schaumburg, IL Metropolitan Division	2013	M12	December	825.63
SMU17169843000000030	Illinois	Chicago-Naperville-Schaumburg, IL Metropolitan Division	2013	M11	November	802.40
SMU17169843000000030	Illinois	Chicago-Naperville-Schaumburg, IL Metropolitan Division	2013	M10	October	794.82
SMU17169843000000030	Illinois	Chicago-Naperville-Schaumburg, IL Metropolitan Division	2013	M09	September	785.25
SMU17169843000000030	Illinois	Chicago-Naperville-Schaumburg, IL Metropolitan Division	2013	M08	August	793.05
SMU17169843000000030	Illinois	Chicago-Naperville-Schaumburg, IL Metropolitan Division	2013	M07	July	785.76
SMU17169843000000030	Illinois	Chicago-Naperville-Schaumburg, IL Metropolitan Division	2013	M06	June	796.36
SMU17169843000000030	Illinois	Chicago-Naperville-Schaumburg, IL Metropolitan Division	2013	M05	May	771.90
SMU17169843000000030	Illinois	Chicago-Naperville-Schaumburg, IL Metropolitan Division	2013	M04	April	782.50
SMU17169843000000030	Illinois	Chicago-Naperville-Schaumburg, IL Metropolitan Division	2013	M03	March	776.47
SMU17169843000000030	Illinois	Chicago-Naperville-Schaumburg, IL Metropolitan Division	2013	M02	February	770.45
SMU17169843000000030	Illinois	Chicago-Naperville-Schaumburg, IL Metropolitan Division	2013	M01	January	782.22
SMU17169843000000030	Illinois	Chicago-Naperville-Schaumburg, IL Metropolitan Division	2012	M12	December	823.46
SMU17169843000000030	Illinois	Chicago-Naperville-Schaumburg, IL Metropolitan Division	2012	M11	November	792.11
SMU17169843000000030	Illinois	Chicago-Naperville-Schaumburg, IL Metropolitan Division	2012	M10	October	783.62
SMU17169843000000030	Illinois	Chicago-Naperville-Schaumburg, IL Metropolitan Division	2012	M09	September	779.79
SMU17169843000000030	Illinois	Chicago-Naperville-Schaumburg, IL Metropolitan Division	2012	M08	August	775.38
SMU17169843000000030	Illinois	Chicago-Naperville-Schaumburg, IL Metropolitan Division	2012	M07	July	756.69
SMU17169843000000030	Illinois	Chicago-Naperville-Schaumburg, IL Metropolitan Division	2012	M06	June	774.79
SMU17169843000000030	Illinois	Chicago-Naperville-Schaumburg, IL Metropolitan Division	2012	M05	May	771.26
SMU17169843000000030	Illinois	Chicago-Naperville-Schaumburg, IL Metropolitan Division	2012	M04	April	780.42
SMU17169843000000030	Illinois	Chicago-Naperville-Schaumburg, IL Metropolitan Division	2012	M03	March	766.31
SMU17169843000000030	Illinois	Chicago-Naperville-Schaumburg, IL Metropolitan Division	2012	M02	February	751.12
SMU17169843000000030	Illinois	Chicago-Naperville-Schaumburg, IL Metropolitan Division	2012	M01	January	781.43
SMU17169843000000030	Illinois	Chicago-Naperville-Schaumburg, IL Metropolitan Division	2011	M12	December	788.95
SMU17169843000000030	Illinois	Chicago-Naperville-Schaumburg, IL Metropolitan Division	2011	M11	November	769.12
SMU17169843000000030	Illinois	Chicago-Naperville-Schaumburg, IL Metropolitan Division	2011	M10	October	770.45
SMU17169843000000030	Illinois	Chicago-Naperville-Schaumburg, IL Metropolitan Division	2011	M09	September	767.56
SMU17169843000000030	Illinois	Chicago-Naperville-Schaumburg, IL Metropolitan Division	2011	M08	August	756.02
SMU17169843000000030	Illinois	Chicago-Naperville-Schaumburg, IL Metropolitan Division	2011	M07	July	714.16
SMU17169843000000030	Illinois	Chicago-Naperville-Schaumburg, IL Metropolitan Division	2011	M06	June	715.38
SMU17169843000000030	Illinois	Chicago-Naperville-Schaumburg, IL Metropolitan Division	2011	M05	May	729.50
SMU17169843000000030	Illinois	Chicago-Naperville-Schaumburg, IL Metropolitan Division	2011	M04	April	700.64
SMU17169843000000030	Illinois	Chicago-Naperville-Schaumburg, IL Metropolitan Division	2011	M03	March	707.81
SMU17169843000000030	Illinois	Chicago-Naperville-Schaumburg, IL Metropolitan Division	2011	M02	February	693.73
SMU17169843000000030	Illinois	Chicago-Naperville-Schaumburg, IL Metropolitan Division	2011	M01	January	650.41
SMU17169843000000030	Illinois	Chicago-Naperville-Schaumburg, IL Metropolitan Division	2010	M12	December	695.14
SMU17169843000000030	Illinois	Chicago-Naperville-Schaumburg, IL Metropolitan Division	2010	M11	November	693.86
SMU17169843000000030	Illinois	Chicago-Naperville-Schaumburg, IL Metropolitan Division	2010	M10	October	698.00
SMU17169843000000030	Illinois	Chicago-Naperville-Schaumburg, IL Metropolitan Division	2010	M09	September	691.78
SMU17169843000000030	Illinois	Chicago-Naperville-Schaumburg, IL Metropolitan Division	2010	M08	August	688.84
SMU17169843000000030	Illinois	Chicago-Naperville-Schaumburg, IL Metropolitan Division	2010	M07	July	682.02
SMU17169843000000030	Illinois	Chicago-Naperville-Schaumburg, IL Metropolitan Division	2010	M06	June	684.57
SMU17169843000000030	Illinois	Chicago-Naperville-Schaumburg, IL Metropolitan Division	2010	M05	May	690.85
SMU17169843000000030	Illinois	Chicago-Naperville-Schaumburg, IL Metropolitan Division	2010	M04	April	695.41
SMU17169843000000030	Illinois	Chicago-Naperville-Schaumburg, IL Metropolitan Division	2010	M03	March	694.25
SMU17169843000000030	Illinois	Chicago-Naperville-Schaumburg, IL Metropolitan Division	2010	M02	February	697.18
SMU17169843000000030	Illinois	Chicago-Naperville-Schaumburg, IL Metropolitan Division	2010	M01	January	688.45
SMU17169843000000030	Illinois	Chicago-Naperville-Schaumburg, IL Metropolitan Division	2009	M12	December	700.57
SMU17169843000000030	Illinois	Chicago-Naperville-Schaumburg, IL Metropolitan Division	2009	M11	November	692.22
SMU17169843000000030	Illinois	Chicago-Naperville-Schaumburg, IL Metropolitan Division	2009	M10	October	693.05
SMU17169843000000030	Illinois	Chicago-Naperville-Schaumburg, IL Metropolitan Division	2009	M09	September	690.56
SMU17169843000000030	Illinois	Chicago-Naperville-Schaumburg, IL Metropolitan Division	2009	M08	August	690.98
SMU17169843000000030	Illinois	Chicago-Naperville-Schaumburg, IL Metropolitan Division	2009	M07	July	685.48
SMU17169843000000030	Illinois	Chicago-Naperville-Schaumburg, IL Metropolitan Division	2009	M06	June	685.93
SMU17169843000000030	Illinois	Chicago-Naperville-Schaumburg, IL Metropolitan Division	2009	M05	May	688.45
SMU17169843000000030	Illinois	Chicago-Naperville-Schaumburg, IL Metropolitan Division	2009	M04	April	688.45
SMU17169843000000030	Illinois	Chicago-Naperville-Schaumburg, IL Metropolitan Division	2009	M03	March	692.58
SMU17169843000000030	Illinois	Chicago-Naperville-Schaumburg, IL Metropolitan Division	2009	M02	February	691.74
SMU17169843000000030	Illinois	Chicago-Naperville-Schaumburg, IL Metropolitan Division	2009	M01	January	685.90
SMU17169843000000030	Illinois	Chicago-Naperville-Schaumburg, IL Metropolitan Division	2008	M12	December	697.36
SMU17169843000000030	Illinois	Chicago-Naperville-Schaumburg, IL Metropolitan Division	2008	M11	November	695.73
SMU17169843000000030	Illinois	Chicago-Naperville-Schaumburg, IL Metropolitan Division	2008	M10	October	701.99
SMU17169843000000030	Illinois	Chicago-Naperville-Schaumburg, IL Metropolitan Division	2008	M09	September	688.34
SMU17169843000000030	Illinois	Chicago-Naperville-Schaumburg, IL Metropolitan Division	2008	M08	August	686.70
SMU17169843000000030	Illinois	Chicago-Naperville-Schaumburg, IL Metropolitan Division	2008	M07	July	677.70
SMU17169843000000030	Illinois	Chicago-Naperville-Schaumburg, IL Metropolitan Division	2008	M06	June	683.01
SMU17169843000000030	Illinois	Chicago-Naperville-Schaumburg, IL Metropolitan Division	2008	M05	May	690.39
SMU17169843000000030	Illinois	Chicago-Naperville-Schaumburg, IL Metropolitan Division	2008	M04	April	689.22
SMU17169843000000030	Illinois	Chicago-Naperville-Schaumburg, IL Metropolitan Division	2008	M03	March	698.75
SMU17169843000000030	Illinois	Chicago-Naperville-Schaumburg, IL Metropolitan Division	2008	M02	February	692.08
SMU17169843000000030	Illinois	Chicago-Naperville-Schaumburg, IL Metropolitan Division	2008	M01	January	689.97
SMU17169843000000030	Illinois	Chicago-Naperville-Schaumburg, IL Metropolitan Division	2007	M12	December	708.05
SMU17169843000000030	Illinois	Chicago-Naperville-Schaumburg, IL Metropolitan Division	2007	M11	November	700.71
SMU17169843000000030	Illinois	Chicago-Naperville-Schaumburg, IL Metropolitan Division	2007	M10	October	704.60
SMU17169843000000030	Illinois	Chicago-Naperville-Schaumburg, IL Metropolitan Division	2007	M09	September	704.06
SMU17169843000000030	Illinois	Chicago-Naperville-Schaumburg, IL Metropolitan Division	2007	M08	August	699.18
SMU17169843000000030	Illinois	Chicago-Naperville-Schaumburg, IL Metropolitan Division	2007	M07	July	686.00
SMU17169843000000030	Illinois	Chicago-Naperville-Schaumburg, IL Metropolitan Division	2007	M06	June	690.93
SMU17169843000000030	Illinois	Chicago-Naperville-Schaumburg, IL Metropolitan Division	2007	M05	May	687.86
SMU17169843000000030	Illinois	Chicago-Naperville-Schaumburg, IL Metropolitan Division	2007	M04	April	683.05
SMU17169843000000030	Illinois	Chicago-Naperville-Schaumburg, IL Metropolitan Division	2007	M03	March	688.34
SMU17169843000000030	Illinois	Chicago-Naperville-Schaumburg, IL Metropolitan Division	2007	M02	February	682.44
SMU17169843000000030	Illinois	Chicago-Naperville-Schaumburg, IL Metropolitan Division	2007	M01	January	684.55
SMU21311403000000030	Kentucky	Louisville/Jefferson County, KY-IN	2025	M12	December	1088.86
SMU21311403000000030	Kentucky	Louisville/Jefferson County, KY-IN	2025	M11	November	1084.08
SMU21311403000000030	Kentucky	Louisville/Jefferson County, KY-IN	2025	M10	October	1046.78
SMU21311403000000030	Kentucky	Louisville/Jefferson County, KY-IN	2025	M09	September	1089.77
SMU21311403000000030	Kentucky	Louisville/Jefferson County, KY-IN	2025	M08	August	1093.76
SMU21311403000000030	Kentucky	Louisville/Jefferson County, KY-IN	2025	M07	July	1080.16
SMU21311403000000030	Kentucky	Louisville/Jefferson County, KY-IN	2025	M06	June	1107.61
SMU21311403000000030	Kentucky	Louisville/Jefferson County, KY-IN	2025	M05	May	1082.90
SMU21311403000000030	Kentucky	Louisville/Jefferson County, KY-IN	2025	M04	April	1101.17
SMU21311403000000030	Kentucky	Louisville/Jefferson County, KY-IN	2025	M03	March	1209.60
SMU21311403000000030	Kentucky	Louisville/Jefferson County, KY-IN	2025	M02	February	1145.22
SMU21311403000000030	Kentucky	Louisville/Jefferson County, KY-IN	2025	M01	January	1027.94
SMU21311403000000030	Kentucky	Louisville/Jefferson County, KY-IN	2024	M12	December	1096.18
SMU21311403000000030	Kentucky	Louisville/Jefferson County, KY-IN	2024	M11	November	1147.56
SMU21311403000000030	Kentucky	Louisville/Jefferson County, KY-IN	2024	M10	October	1125.41
SMU21311403000000030	Kentucky	Louisville/Jefferson County, KY-IN	2024	M09	September	1141.14
SMU21311403000000030	Kentucky	Louisville/Jefferson County, KY-IN	2024	M08	August	1117.75
SMU21311403000000030	Kentucky	Louisville/Jefferson County, KY-IN	2024	M07	July	1051.60
SMU21311403000000030	Kentucky	Louisville/Jefferson County, KY-IN	2024	M06	June	1072.06
SMU21311403000000030	Kentucky	Louisville/Jefferson County, KY-IN	2024	M05	May	1075.20
SMU21311403000000030	Kentucky	Louisville/Jefferson County, KY-IN	2024	M04	April	1087.10
SMU21311403000000030	Kentucky	Louisville/Jefferson County, KY-IN	2024	M03	March	1066.10
SMU21311403000000030	Kentucky	Louisville/Jefferson County, KY-IN	2024	M02	February	1064.91
SMU21311403000000030	Kentucky	Louisville/Jefferson County, KY-IN	2024	M01	January	1065.02
SMU21311403000000030	Kentucky	Louisville/Jefferson County, KY-IN	2023	M12	December	1062.07
SMU21311403000000030	Kentucky	Louisville/Jefferson County, KY-IN	2023	M11	November	1055.10
SMU21311403000000030	Kentucky	Louisville/Jefferson County, KY-IN	2023	M10	October	1021.25
SMU21311403000000030	Kentucky	Louisville/Jefferson County, KY-IN	2023	M09	September	1079.32
SMU21311403000000030	Kentucky	Louisville/Jefferson County, KY-IN	2023	M08	August	1039.86
SMU21311403000000030	Kentucky	Louisville/Jefferson County, KY-IN	2023	M07	July	1034.90
SMU21311403000000030	Kentucky	Louisville/Jefferson County, KY-IN	2023	M06	June	1045.44
SMU21311403000000030	Kentucky	Louisville/Jefferson County, KY-IN	2023	M05	May	1024.61
SMU21311403000000030	Kentucky	Louisville/Jefferson County, KY-IN	2023	M04	April	1055.46
SMU21311403000000030	Kentucky	Louisville/Jefferson County, KY-IN	2023	M03	March	1016.40
SMU21311403000000030	Kentucky	Louisville/Jefferson County, KY-IN	2023	M02	February	1031.21
SMU21311403000000030	Kentucky	Louisville/Jefferson County, KY-IN	2023	M01	January	1039.57
SMU21311403000000030	Kentucky	Louisville/Jefferson County, KY-IN	2022	M12	December	1097.13
SMU21311403000000030	Kentucky	Louisville/Jefferson County, KY-IN	2022	M11	November	1098.95
SMU21311403000000030	Kentucky	Louisville/Jefferson County, KY-IN	2022	M10	October	1036.26
SMU21311403000000030	Kentucky	Louisville/Jefferson County, KY-IN	2022	M09	September	1079.67
SMU21311403000000030	Kentucky	Louisville/Jefferson County, KY-IN	2022	M08	August	1044.75
SMU21311403000000030	Kentucky	Louisville/Jefferson County, KY-IN	2022	M07	July	1038.12
SMU21311403000000030	Kentucky	Louisville/Jefferson County, KY-IN	2022	M06	June	1079.67
SMU21311403000000030	Kentucky	Louisville/Jefferson County, KY-IN	2022	M05	May	1022.08
SMU21311403000000030	Kentucky	Louisville/Jefferson County, KY-IN	2022	M04	April	1028.50
SMU21311403000000030	Kentucky	Louisville/Jefferson County, KY-IN	2022	M03	March	1005.58
SMU21311403000000030	Kentucky	Louisville/Jefferson County, KY-IN	2022	M02	February	983.14
SMU21311403000000030	Kentucky	Louisville/Jefferson County, KY-IN	2022	M01	January	1011.53
SMU21311403000000030	Kentucky	Louisville/Jefferson County, KY-IN	2021	M12	December	1029.34
SMU21311403000000030	Kentucky	Louisville/Jefferson County, KY-IN	2021	M11	November	1014.31
SMU21311403000000030	Kentucky	Louisville/Jefferson County, KY-IN	2021	M10	October	1006.30
SMU21311403000000030	Kentucky	Louisville/Jefferson County, KY-IN	2021	M09	September	983.03
SMU21311403000000030	Kentucky	Louisville/Jefferson County, KY-IN	2021	M08	August	976.85
SMU21311403000000030	Kentucky	Louisville/Jefferson County, KY-IN	2021	M07	July	930.82
SMU21311403000000030	Kentucky	Louisville/Jefferson County, KY-IN	2021	M06	June	946.43
SMU21311403000000030	Kentucky	Louisville/Jefferson County, KY-IN	2021	M05	May	942.04
SMU21311403000000030	Kentucky	Louisville/Jefferson County, KY-IN	2021	M04	April	904.78
SMU21311403000000030	Kentucky	Louisville/Jefferson County, KY-IN	2021	M03	March	924.72
SMU21311403000000030	Kentucky	Louisville/Jefferson County, KY-IN	2021	M02	February	893.54
SMU21311403000000030	Kentucky	Louisville/Jefferson County, KY-IN	2021	M01	January	922.37
SMU21311403000000030	Kentucky	Louisville/Jefferson County, KY-IN	2020	M12	December	982.42
SMU21311403000000030	Kentucky	Louisville/Jefferson County, KY-IN	2020	M11	November	992.99
SMU21311403000000030	Kentucky	Louisville/Jefferson County, KY-IN	2020	M10	October	1038.24
SMU21311403000000030	Kentucky	Louisville/Jefferson County, KY-IN	2020	M09	September	1026.90
SMU21311403000000030	Kentucky	Louisville/Jefferson County, KY-IN	2020	M08	August	992.36
SMU21311403000000030	Kentucky	Louisville/Jefferson County, KY-IN	2020	M07	July	974.48
SMU21311403000000030	Kentucky	Louisville/Jefferson County, KY-IN	2020	M06	June	950.45
SMU21311403000000030	Kentucky	Louisville/Jefferson County, KY-IN	2020	M05	May	926.19
SMU21311403000000030	Kentucky	Louisville/Jefferson County, KY-IN	2020	M04	April	914.71
SMU21311403000000030	Kentucky	Louisville/Jefferson County, KY-IN	2020	M03	March	996.46
SMU21311403000000030	Kentucky	Louisville/Jefferson County, KY-IN	2020	M02	February	981.24
SMU21311403000000030	Kentucky	Louisville/Jefferson County, KY-IN	2020	M01	January	996.53
SMU21311403000000030	Kentucky	Louisville/Jefferson County, KY-IN	2019	M12	December	1008.67
SMU21311403000000030	Kentucky	Louisville/Jefferson County, KY-IN	2019	M11	November	1011.51
SMU21311403000000030	Kentucky	Louisville/Jefferson County, KY-IN	2019	M10	October	945.28
SMU21311403000000030	Kentucky	Louisville/Jefferson County, KY-IN	2019	M09	September	944.48
SMU21311403000000030	Kentucky	Louisville/Jefferson County, KY-IN	2019	M08	August	920.69
SMU21311403000000030	Kentucky	Louisville/Jefferson County, KY-IN	2019	M07	July	895.49
SMU21311403000000030	Kentucky	Louisville/Jefferson County, KY-IN	2019	M06	June	923.38
SMU21311403000000030	Kentucky	Louisville/Jefferson County, KY-IN	2019	M05	May	915.08
SMU21311403000000030	Kentucky	Louisville/Jefferson County, KY-IN	2019	M04	April	944.06
SMU21311403000000030	Kentucky	Louisville/Jefferson County, KY-IN	2019	M03	March	955.92
SMU21311403000000030	Kentucky	Louisville/Jefferson County, KY-IN	2019	M02	February	994.08
SMU21311403000000030	Kentucky	Louisville/Jefferson County, KY-IN	2019	M01	January	988.45
SMU21311403000000030	Kentucky	Louisville/Jefferson County, KY-IN	2018	M12	December	1075.51
SMU21311403000000030	Kentucky	Louisville/Jefferson County, KY-IN	2018	M11	November	1082.62
SMU21311403000000030	Kentucky	Louisville/Jefferson County, KY-IN	2018	M10	October	1090.84
SMU21311403000000030	Kentucky	Louisville/Jefferson County, KY-IN	2018	M09	September	1139.40
SMU21311403000000030	Kentucky	Louisville/Jefferson County, KY-IN	2018	M08	August	1136.52
SMU21311403000000030	Kentucky	Louisville/Jefferson County, KY-IN	2018	M07	July	1002.17
SMU21311403000000030	Kentucky	Louisville/Jefferson County, KY-IN	2018	M06	June	986.81
SMU21311403000000030	Kentucky	Louisville/Jefferson County, KY-IN	2018	M05	May	862.28
SMU21311403000000030	Kentucky	Louisville/Jefferson County, KY-IN	2018	M04	April	924.35
SMU21311403000000030	Kentucky	Louisville/Jefferson County, KY-IN	2018	M03	March	912.25
SMU21311403000000030	Kentucky	Louisville/Jefferson County, KY-IN	2018	M02	February	880.75
SMU21311403000000030	Kentucky	Louisville/Jefferson County, KY-IN	2018	M01	January	819.28
SMU21311403000000030	Kentucky	Louisville/Jefferson County, KY-IN	2017	M12	December	855.70
SMU21311403000000030	Kentucky	Louisville/Jefferson County, KY-IN	2017	M11	November	848.40
SMU21311403000000030	Kentucky	Louisville/Jefferson County, KY-IN	2017	M10	October	826.24
SMU21311403000000030	Kentucky	Louisville/Jefferson County, KY-IN	2017	M09	September	827.12
SMU21311403000000030	Kentucky	Louisville/Jefferson County, KY-IN	2017	M08	August	843.30
SMU21311403000000030	Kentucky	Louisville/Jefferson County, KY-IN	2017	M07	July	812.00
SMU21311403000000030	Kentucky	Louisville/Jefferson County, KY-IN	2017	M06	June	840.83
SMU21311403000000030	Kentucky	Louisville/Jefferson County, KY-IN	2017	M05	May	874.34
SMU21311403000000030	Kentucky	Louisville/Jefferson County, KY-IN	2017	M04	April	919.64
SMU21311403000000030	Kentucky	Louisville/Jefferson County, KY-IN	2017	M03	March	945.45
SMU21311403000000030	Kentucky	Louisville/Jefferson County, KY-IN	2017	M02	February	960.53
SMU21311403000000030	Kentucky	Louisville/Jefferson County, KY-IN	2017	M01	January	978.44
SMU21311403000000030	Kentucky	Louisville/Jefferson County, KY-IN	2016	M12	December	965.35
SMU21311403000000030	Kentucky	Louisville/Jefferson County, KY-IN	2016	M11	November	996.60
SMU21311403000000030	Kentucky	Louisville/Jefferson County, KY-IN	2016	M10	October	999.03
SMU21311403000000030	Kentucky	Louisville/Jefferson County, KY-IN	2016	M09	September	986.11
SMU21311403000000030	Kentucky	Louisville/Jefferson County, KY-IN	2016	M08	August	979.47
SMU21311403000000030	Kentucky	Louisville/Jefferson County, KY-IN	2016	M07	July	926.55
SMU21311403000000030	Kentucky	Louisville/Jefferson County, KY-IN	2016	M06	June	946.12
SMU21311403000000030	Kentucky	Louisville/Jefferson County, KY-IN	2016	M05	May	964.46
SMU21311403000000030	Kentucky	Louisville/Jefferson County, KY-IN	2016	M04	April	955.26
SMU21311403000000030	Kentucky	Louisville/Jefferson County, KY-IN	2016	M03	March	1013.40
SMU21311403000000030	Kentucky	Louisville/Jefferson County, KY-IN	2016	M02	February	977.67
SMU21311403000000030	Kentucky	Louisville/Jefferson County, KY-IN	2016	M01	January	960.68
SMU21311403000000030	Kentucky	Louisville/Jefferson County, KY-IN	2015	M12	December	986.11
SMU21311403000000030	Kentucky	Louisville/Jefferson County, KY-IN	2015	M11	November	1027.79
SMU21311403000000030	Kentucky	Louisville/Jefferson County, KY-IN	2015	M10	October	1006.06
SMU21311403000000030	Kentucky	Louisville/Jefferson County, KY-IN	2015	M09	September	1116.21
SMU21311403000000030	Kentucky	Louisville/Jefferson County, KY-IN	2015	M08	August	972.28
SMU21311403000000030	Kentucky	Louisville/Jefferson County, KY-IN	2015	M07	July	889.56
SMU21311403000000030	Kentucky	Louisville/Jefferson County, KY-IN	2015	M06	June	975.02
SMU21311403000000030	Kentucky	Louisville/Jefferson County, KY-IN	2015	M05	May	922.34
SMU21311403000000030	Kentucky	Louisville/Jefferson County, KY-IN	2015	M04	April	921.23
SMU21311403000000030	Kentucky	Louisville/Jefferson County, KY-IN	2015	M03	March	958.34
SMU21311403000000030	Kentucky	Louisville/Jefferson County, KY-IN	2015	M02	February	903.52
SMU21311403000000030	Kentucky	Louisville/Jefferson County, KY-IN	2015	M01	January	941.38
SMU21311403000000030	Kentucky	Louisville/Jefferson County, KY-IN	2014	M12	December	984.70
SMU21311403000000030	Kentucky	Louisville/Jefferson County, KY-IN	2014	M11	November	1081.80
SMU21311403000000030	Kentucky	Louisville/Jefferson County, KY-IN	2014	M10	October	977.59
SMU21311403000000030	Kentucky	Louisville/Jefferson County, KY-IN	2014	M09	September	1031.42
SMU21311403000000030	Kentucky	Louisville/Jefferson County, KY-IN	2014	M08	August	862.14
SMU21311403000000030	Kentucky	Louisville/Jefferson County, KY-IN	2014	M07	July	947.32
SMU21311403000000030	Kentucky	Louisville/Jefferson County, KY-IN	2014	M06	June	917.63
SMU21311403000000030	Kentucky	Louisville/Jefferson County, KY-IN	2014	M05	May	903.05
SMU21311403000000030	Kentucky	Louisville/Jefferson County, KY-IN	2014	M04	April	897.75
SMU21311403000000030	Kentucky	Louisville/Jefferson County, KY-IN	2014	M03	March	849.87
SMU21311403000000030	Kentucky	Louisville/Jefferson County, KY-IN	2014	M02	February	861.00
SMU21311403000000030	Kentucky	Louisville/Jefferson County, KY-IN	2014	M01	January	758.84
SMU21311403000000030	Kentucky	Louisville/Jefferson County, KY-IN	2013	M12	December	918.05
SMU21311403000000030	Kentucky	Louisville/Jefferson County, KY-IN	2013	M11	November	925.95
SMU21311403000000030	Kentucky	Louisville/Jefferson County, KY-IN	2013	M10	October	884.32
SMU21311403000000030	Kentucky	Louisville/Jefferson County, KY-IN	2013	M09	September	838.42
SMU21311403000000030	Kentucky	Louisville/Jefferson County, KY-IN	2013	M08	August	789.93
SMU21311403000000030	Kentucky	Louisville/Jefferson County, KY-IN	2013	M07	July	807.93
SMU21311403000000030	Kentucky	Louisville/Jefferson County, KY-IN	2013	M06	June	768.72
SMU21311403000000030	Kentucky	Louisville/Jefferson County, KY-IN	2013	M05	May	706.81
SMU21311403000000030	Kentucky	Louisville/Jefferson County, KY-IN	2013	M04	April	713.30
SMU21311403000000030	Kentucky	Louisville/Jefferson County, KY-IN	2013	M03	March	741.34
SMU21311403000000030	Kentucky	Louisville/Jefferson County, KY-IN	2013	M02	February	676.89
SMU21311403000000030	Kentucky	Louisville/Jefferson County, KY-IN	2013	M01	January	711.40
SMU21311403000000030	Kentucky	Louisville/Jefferson County, KY-IN	2012	M12	December	851.40
SMU21311403000000030	Kentucky	Louisville/Jefferson County, KY-IN	2012	M11	November	888.22
SMU21311403000000030	Kentucky	Louisville/Jefferson County, KY-IN	2012	M10	October	773.34
SMU21311403000000030	Kentucky	Louisville/Jefferson County, KY-IN	2012	M09	September	786.48
SMU21311403000000030	Kentucky	Louisville/Jefferson County, KY-IN	2012	M08	August	721.71
SMU21311403000000030	Kentucky	Louisville/Jefferson County, KY-IN	2012	M07	July	779.58
SMU21311403000000030	Kentucky	Louisville/Jefferson County, KY-IN	2012	M06	June	803.21
SMU21311403000000030	Kentucky	Louisville/Jefferson County, KY-IN	2012	M05	May	806.40
SMU21311403000000030	Kentucky	Louisville/Jefferson County, KY-IN	2012	M04	April	861.54
SMU21311403000000030	Kentucky	Louisville/Jefferson County, KY-IN	2012	M03	March	886.97
SMU21311403000000030	Kentucky	Louisville/Jefferson County, KY-IN	2012	M02	February	897.34
SMU21311403000000030	Kentucky	Louisville/Jefferson County, KY-IN	2012	M01	January	897.70
SMU21311403000000030	Kentucky	Louisville/Jefferson County, KY-IN	2011	M12	December	953.58
SMU21311403000000030	Kentucky	Louisville/Jefferson County, KY-IN	2011	M11	November	852.69
SMU21311403000000030	Kentucky	Louisville/Jefferson County, KY-IN	2011	M10	October	865.30
SMU21311403000000030	Kentucky	Louisville/Jefferson County, KY-IN	2011	M09	September	819.10
SMU21311403000000030	Kentucky	Louisville/Jefferson County, KY-IN	2011	M08	August	809.81
SMU21311403000000030	Kentucky	Louisville/Jefferson County, KY-IN	2011	M07	July	825.58
SMU21311403000000030	Kentucky	Louisville/Jefferson County, KY-IN	2011	M06	June	835.38
SMU21311403000000030	Kentucky	Louisville/Jefferson County, KY-IN	2011	M05	May	818.68
SMU21311403000000030	Kentucky	Louisville/Jefferson County, KY-IN	2011	M04	April	794.87
SMU21311403000000030	Kentucky	Louisville/Jefferson County, KY-IN	2011	M03	March	805.76
SMU21311403000000030	Kentucky	Louisville/Jefferson County, KY-IN	2011	M02	February	850.75
SMU21311403000000030	Kentucky	Louisville/Jefferson County, KY-IN	2011	M01	January	843.46
SMU21311403000000030	Kentucky	Louisville/Jefferson County, KY-IN	2010	M12	December	830.28
SMU21311403000000030	Kentucky	Louisville/Jefferson County, KY-IN	2010	M11	November	899.20
SMU21311403000000030	Kentucky	Louisville/Jefferson County, KY-IN	2010	M10	October	910.35
SMU21311403000000030	Kentucky	Louisville/Jefferson County, KY-IN	2010	M09	September	891.96
SMU21311403000000030	Kentucky	Louisville/Jefferson County, KY-IN	2010	M08	August	823.23
SMU21311403000000030	Kentucky	Louisville/Jefferson County, KY-IN	2010	M07	July	780.74
SMU21311403000000030	Kentucky	Louisville/Jefferson County, KY-IN	2010	M06	June	804.40
SMU21311403000000030	Kentucky	Louisville/Jefferson County, KY-IN	2010	M05	May	830.19
SMU21311403000000030	Kentucky	Louisville/Jefferson County, KY-IN	2010	M04	April	767.45
SMU21311403000000030	Kentucky	Louisville/Jefferson County, KY-IN	2010	M03	March	795.87
SMU21311403000000030	Kentucky	Louisville/Jefferson County, KY-IN	2010	M02	February	804.33
SMU21311403000000030	Kentucky	Louisville/Jefferson County, KY-IN	2010	M01	January	832.66
SMU21311403000000030	Kentucky	Louisville/Jefferson County, KY-IN	2009	M12	December	875.16
SMU21311403000000030	Kentucky	Louisville/Jefferson County, KY-IN	2009	M11	November	866.24
SMU21311403000000030	Kentucky	Louisville/Jefferson County, KY-IN	2009	M10	October	822.87
SMU21311403000000030	Kentucky	Louisville/Jefferson County, KY-IN	2009	M09	September	825.11
SMU21311403000000030	Kentucky	Louisville/Jefferson County, KY-IN	2009	M08	August	800.74
SMU21311403000000030	Kentucky	Louisville/Jefferson County, KY-IN	2009	M07	July	815.58
SMU21311403000000030	Kentucky	Louisville/Jefferson County, KY-IN	2009	M06	June	802.85
SMU21311403000000030	Kentucky	Louisville/Jefferson County, KY-IN	2009	M05	May	793.59
SMU21311403000000030	Kentucky	Louisville/Jefferson County, KY-IN	2009	M04	April	801.16
SMU21311403000000030	Kentucky	Louisville/Jefferson County, KY-IN	2009	M03	March	792.74
SMU21311403000000030	Kentucky	Louisville/Jefferson County, KY-IN	2009	M02	February	791.91
SMU21311403000000030	Kentucky	Louisville/Jefferson County, KY-IN	2009	M01	January	800.70
SMU21311403000000030	Kentucky	Louisville/Jefferson County, KY-IN	2008	M12	December	777.92
SMU21311403000000030	Kentucky	Louisville/Jefferson County, KY-IN	2008	M11	November	837.32
SMU21311403000000030	Kentucky	Louisville/Jefferson County, KY-IN	2008	M10	October	841.82
SMU21311403000000030	Kentucky	Louisville/Jefferson County, KY-IN	2008	M09	September	825.63
SMU21311403000000030	Kentucky	Louisville/Jefferson County, KY-IN	2008	M08	August	791.67
SMU21311403000000030	Kentucky	Louisville/Jefferson County, KY-IN	2008	M07	July	799.27
SMU21311403000000030	Kentucky	Louisville/Jefferson County, KY-IN	2008	M06	June	791.28
SMU21311403000000030	Kentucky	Louisville/Jefferson County, KY-IN	2008	M05	May	790.44
SMU21311403000000030	Kentucky	Louisville/Jefferson County, KY-IN	2008	M04	April	792.33
SMU21311403000000030	Kentucky	Louisville/Jefferson County, KY-IN	2008	M03	March	783.53
SMU21311403000000030	Kentucky	Louisville/Jefferson County, KY-IN	2008	M02	February	783.75
SMU21311403000000030	Kentucky	Louisville/Jefferson County, KY-IN	2008	M01	January	791.18
SMU21311403000000030	Kentucky	Louisville/Jefferson County, KY-IN	2007	M12	December	763.83
SMU21311403000000030	Kentucky	Louisville/Jefferson County, KY-IN	2007	M11	November	834.10
SMU21311403000000030	Kentucky	Louisville/Jefferson County, KY-IN	2007	M10	October	838.60
SMU21311403000000030	Kentucky	Louisville/Jefferson County, KY-IN	2007	M09	September	819.11
SMU21311403000000030	Kentucky	Louisville/Jefferson County, KY-IN	2007	M08	August	785.40
SMU21311403000000030	Kentucky	Louisville/Jefferson County, KY-IN	2007	M07	July	792.54
SMU21311403000000030	Kentucky	Louisville/Jefferson County, KY-IN	2007	M06	June	781.04
SMU21311403000000030	Kentucky	Louisville/Jefferson County, KY-IN	2007	M05	May	782.91
SMU21311403000000030	Kentucky	Louisville/Jefferson County, KY-IN	2007	M04	April	783.74
SMU21311403000000030	Kentucky	Louisville/Jefferson County, KY-IN	2007	M03	March	775.42
SMU21311403000000030	Kentucky	Louisville/Jefferson County, KY-IN	2007	M02	February	778.54
SMU21311403000000030	Kentucky	Louisville/Jefferson County, KY-IN	2007	M01	January	786.43
SMU55333403000000030	Wisconsin	Milwaukee-Waukesha, WI	2025	M12	December	978.99
SMU55333403000000030	Wisconsin	Milwaukee-Waukesha, WI	2025	M11	November	944.05
SMU55333403000000030	Wisconsin	Milwaukee-Waukesha, WI	2025	M10	October	906.35
SMU55333403000000030	Wisconsin	Milwaukee-Waukesha, WI	2025	M09	September	891.07
SMU55333403000000030	Wisconsin	Milwaukee-Waukesha, WI	2025	M08	August	921.85
SMU55333403000000030	Wisconsin	Milwaukee-Waukesha, WI	2025	M07	July	918.75
SMU55333403000000030	Wisconsin	Milwaukee-Waukesha, WI	2025	M06	June	919.03
SMU55333403000000030	Wisconsin	Milwaukee-Waukesha, WI	2025	M05	May	924.67
SMU55333403000000030	Wisconsin	Milwaukee-Waukesha, WI	2025	M04	April	923.71
SMU55333403000000030	Wisconsin	Milwaukee-Waukesha, WI	2025	M03	March	917.32
SMU55333403000000030	Wisconsin	Milwaukee-Waukesha, WI	2025	M02	February	897.47
SMU55333403000000030	Wisconsin	Milwaukee-Waukesha, WI	2025	M01	January	915.38
SMU55333403000000030	Wisconsin	Milwaukee-Waukesha, WI	2024	M12	December	934.39
SMU55333403000000030	Wisconsin	Milwaukee-Waukesha, WI	2024	M11	November	992.07
SMU55333403000000030	Wisconsin	Milwaukee-Waukesha, WI	2024	M10	October	971.03
SMU55333403000000030	Wisconsin	Milwaukee-Waukesha, WI	2024	M09	September	1007.81
SMU55333403000000030	Wisconsin	Milwaukee-Waukesha, WI	2024	M08	August	1024.10
SMU55333403000000030	Wisconsin	Milwaukee-Waukesha, WI	2024	M07	July	979.93
SMU55333403000000030	Wisconsin	Milwaukee-Waukesha, WI	2024	M06	June	1014.10
SMU55333403000000030	Wisconsin	Milwaukee-Waukesha, WI	2024	M05	May	922.25
SMU55333403000000030	Wisconsin	Milwaukee-Waukesha, WI	2024	M04	April	981.73
SMU55333403000000030	Wisconsin	Milwaukee-Waukesha, WI	2024	M03	March	974.97
SMU55333403000000030	Wisconsin	Milwaukee-Waukesha, WI	2024	M02	February	972.65
SMU55333403000000030	Wisconsin	Milwaukee-Waukesha, WI	2024	M01	January	969.44
SMU55333403000000030	Wisconsin	Milwaukee-Waukesha, WI	2023	M12	December	959.81
SMU55333403000000030	Wisconsin	Milwaukee-Waukesha, WI	2023	M11	November	987.48
SMU55333403000000030	Wisconsin	Milwaukee-Waukesha, WI	2023	M10	October	965.37
SMU55333403000000030	Wisconsin	Milwaukee-Waukesha, WI	2023	M09	September	1023.62
SMU55333403000000030	Wisconsin	Milwaukee-Waukesha, WI	2023	M08	August	1039.16
SMU55333403000000030	Wisconsin	Milwaukee-Waukesha, WI	2023	M07	July	1091.83
SMU55333403000000030	Wisconsin	Milwaukee-Waukesha, WI	2023	M06	June	1067.24
SMU55333403000000030	Wisconsin	Milwaukee-Waukesha, WI	2023	M05	May	1047.83
SMU55333403000000030	Wisconsin	Milwaukee-Waukesha, WI	2023	M04	April	1034.04
SMU55333403000000030	Wisconsin	Milwaukee-Waukesha, WI	2023	M03	March	1062.79
SMU55333403000000030	Wisconsin	Milwaukee-Waukesha, WI	2023	M02	February	1109.33
SMU55333403000000030	Wisconsin	Milwaukee-Waukesha, WI	2023	M01	January	1122.21
SMU55333403000000030	Wisconsin	Milwaukee-Waukesha, WI	2022	M12	December	1080.98
SMU55333403000000030	Wisconsin	Milwaukee-Waukesha, WI	2022	M11	November	1131.32
SMU55333403000000030	Wisconsin	Milwaukee-Waukesha, WI	2022	M10	October	1109.66
SMU55333403000000030	Wisconsin	Milwaukee-Waukesha, WI	2022	M09	September	1039.44
SMU55333403000000030	Wisconsin	Milwaukee-Waukesha, WI	2022	M08	August	1042.86
SMU55333403000000030	Wisconsin	Milwaukee-Waukesha, WI	2022	M07	July	987.39
SMU55333403000000030	Wisconsin	Milwaukee-Waukesha, WI	2022	M06	June	990.15
SMU55333403000000030	Wisconsin	Milwaukee-Waukesha, WI	2022	M05	May	979.92
SMU55333403000000030	Wisconsin	Milwaukee-Waukesha, WI	2022	M04	April	974.75
SMU55333403000000030	Wisconsin	Milwaukee-Waukesha, WI	2022	M03	March	1003.32
SMU55333403000000030	Wisconsin	Milwaukee-Waukesha, WI	2022	M02	February	966.43
SMU55333403000000030	Wisconsin	Milwaukee-Waukesha, WI	2022	M01	January	1012.15
SMU55333403000000030	Wisconsin	Milwaukee-Waukesha, WI	2021	M12	December	976.89
SMU55333403000000030	Wisconsin	Milwaukee-Waukesha, WI	2021	M11	November	970.17
SMU55333403000000030	Wisconsin	Milwaukee-Waukesha, WI	2021	M10	October	962.00
SMU55333403000000030	Wisconsin	Milwaukee-Waukesha, WI	2021	M09	September	941.07
SMU55333403000000030	Wisconsin	Milwaukee-Waukesha, WI	2021	M08	August	977.55
SMU55333403000000030	Wisconsin	Milwaukee-Waukesha, WI	2021	M07	July	995.92
SMU55333403000000030	Wisconsin	Milwaukee-Waukesha, WI	2021	M06	June	983.69
SMU55333403000000030	Wisconsin	Milwaukee-Waukesha, WI	2021	M05	May	986.99
SMU55333403000000030	Wisconsin	Milwaukee-Waukesha, WI	2021	M04	April	991.33
SMU55333403000000030	Wisconsin	Milwaukee-Waukesha, WI	2021	M03	March	988.99
SMU55333403000000030	Wisconsin	Milwaukee-Waukesha, WI	2021	M02	February	962.69
SMU55333403000000030	Wisconsin	Milwaukee-Waukesha, WI	2021	M01	January	992.04
SMU55333403000000030	Wisconsin	Milwaukee-Waukesha, WI	2020	M12	December	997.19
SMU55333403000000030	Wisconsin	Milwaukee-Waukesha, WI	2020	M11	November	961.66
SMU55333403000000030	Wisconsin	Milwaukee-Waukesha, WI	2020	M10	October	950.64
SMU55333403000000030	Wisconsin	Milwaukee-Waukesha, WI	2020	M09	September	920.01
SMU55333403000000030	Wisconsin	Milwaukee-Waukesha, WI	2020	M08	August	904.76
SMU55333403000000030	Wisconsin	Milwaukee-Waukesha, WI	2020	M07	July	872.00
SMU55333403000000030	Wisconsin	Milwaukee-Waukesha, WI	2020	M06	June	869.36
SMU55333403000000030	Wisconsin	Milwaukee-Waukesha, WI	2020	M05	May	835.73
SMU55333403000000030	Wisconsin	Milwaukee-Waukesha, WI	2020	M04	April	891.32
SMU55333403000000030	Wisconsin	Milwaukee-Waukesha, WI	2020	M03	March	918.69
SMU55333403000000030	Wisconsin	Milwaukee-Waukesha, WI	2020	M02	February	929.68
SMU55333403000000030	Wisconsin	Milwaukee-Waukesha, WI	2020	M01	January	904.13
SMU55333403000000030	Wisconsin	Milwaukee-Waukesha, WI	2019	M12	December	924.71
SMU55333403000000030	Wisconsin	Milwaukee-Waukesha, WI	2019	M11	November	906.05
SMU55333403000000030	Wisconsin	Milwaukee-Waukesha, WI	2019	M10	October	896.06
SMU55333403000000030	Wisconsin	Milwaukee-Waukesha, WI	2019	M09	September	911.04
SMU55333403000000030	Wisconsin	Milwaukee-Waukesha, WI	2019	M08	August	926.70
SMU55333403000000030	Wisconsin	Milwaukee-Waukesha, WI	2019	M07	July	887.68
SMU55333403000000030	Wisconsin	Milwaukee-Waukesha, WI	2019	M06	June	937.57
SMU55333403000000030	Wisconsin	Milwaukee-Waukesha, WI	2019	M05	May	936.48
SMU55333403000000030	Wisconsin	Milwaukee-Waukesha, WI	2019	M04	April	964.44
SMU55333403000000030	Wisconsin	Milwaukee-Waukesha, WI	2019	M03	March	959.51
SMU55333403000000030	Wisconsin	Milwaukee-Waukesha, WI	2019	M02	February	980.69
SMU55333403000000030	Wisconsin	Milwaukee-Waukesha, WI	2019	M01	January	993.30
SMU55333403000000030	Wisconsin	Milwaukee-Waukesha, WI	2018	M12	December	1011.81
SMU55333403000000030	Wisconsin	Milwaukee-Waukesha, WI	2018	M11	November	964.74
SMU55333403000000030	Wisconsin	Milwaukee-Waukesha, WI	2018	M10	October	989.60
SMU55333403000000030	Wisconsin	Milwaukee-Waukesha, WI	2018	M09	September	1002.48
SMU55333403000000030	Wisconsin	Milwaukee-Waukesha, WI	2018	M08	August	991.85
SMU55333403000000030	Wisconsin	Milwaukee-Waukesha, WI	2018	M07	July	1003.84
SMU55333403000000030	Wisconsin	Milwaukee-Waukesha, WI	2018	M06	June	977.11
SMU55333403000000030	Wisconsin	Milwaukee-Waukesha, WI	2018	M05	May	970.83
SMU55333403000000030	Wisconsin	Milwaukee-Waukesha, WI	2018	M04	April	966.72
SMU55333403000000030	Wisconsin	Milwaukee-Waukesha, WI	2018	M03	March	965.80
SMU55333403000000030	Wisconsin	Milwaukee-Waukesha, WI	2018	M02	February	985.49
SMU55333403000000030	Wisconsin	Milwaukee-Waukesha, WI	2018	M01	January	992.35
SMU55333403000000030	Wisconsin	Milwaukee-Waukesha, WI	2017	M12	December	1004.71
SMU55333403000000030	Wisconsin	Milwaukee-Waukesha, WI	2017	M11	November	984.92
SMU55333403000000030	Wisconsin	Milwaukee-Waukesha, WI	2017	M10	October	969.85
SMU55333403000000030	Wisconsin	Milwaukee-Waukesha, WI	2017	M09	September	956.80
SMU55333403000000030	Wisconsin	Milwaukee-Waukesha, WI	2017	M08	August	932.51
SMU55333403000000030	Wisconsin	Milwaukee-Waukesha, WI	2017	M07	July	930.07
SMU55333403000000030	Wisconsin	Milwaukee-Waukesha, WI	2017	M06	June	904.77
SMU55333403000000030	Wisconsin	Milwaukee-Waukesha, WI	2017	M05	May	917.17
SMU55333403000000030	Wisconsin	Milwaukee-Waukesha, WI	2017	M04	April	881.12
SMU55333403000000030	Wisconsin	Milwaukee-Waukesha, WI	2017	M03	March	873.99
SMU55333403000000030	Wisconsin	Milwaukee-Waukesha, WI	2017	M02	February	882.23
SMU55333403000000030	Wisconsin	Milwaukee-Waukesha, WI	2017	M01	January	903.55
SMU55333403000000030	Wisconsin	Milwaukee-Waukesha, WI	2016	M12	December	883.06
SMU55333403000000030	Wisconsin	Milwaukee-Waukesha, WI	2016	M11	November	859.83
SMU55333403000000030	Wisconsin	Milwaukee-Waukesha, WI	2016	M10	October	845.98
SMU55333403000000030	Wisconsin	Milwaukee-Waukesha, WI	2016	M09	September	841.31
SMU55333403000000030	Wisconsin	Milwaukee-Waukesha, WI	2016	M08	August	822.94
SMU55333403000000030	Wisconsin	Milwaukee-Waukesha, WI	2016	M07	July	807.21
SMU55333403000000030	Wisconsin	Milwaukee-Waukesha, WI	2016	M06	June	812.78
SMU55333403000000030	Wisconsin	Milwaukee-Waukesha, WI	2016	M05	May	819.31
SMU55333403000000030	Wisconsin	Milwaukee-Waukesha, WI	2016	M04	April	807.00
SMU55333403000000030	Wisconsin	Milwaukee-Waukesha, WI	2016	M03	March	807.42
SMU55333403000000030	Wisconsin	Milwaukee-Waukesha, WI	2016	M02	February	780.08
SMU55333403000000030	Wisconsin	Milwaukee-Waukesha, WI	2016	M01	January	787.67
SMU55333403000000030	Wisconsin	Milwaukee-Waukesha, WI	2015	M12	December	843.90
SMU55333403000000030	Wisconsin	Milwaukee-Waukesha, WI	2015	M11	November	816.81
SMU55333403000000030	Wisconsin	Milwaukee-Waukesha, WI	2015	M10	October	833.39
SMU55333403000000030	Wisconsin	Milwaukee-Waukesha, WI	2015	M09	September	797.31
SMU55333403000000030	Wisconsin	Milwaukee-Waukesha, WI	2015	M08	August	801.45
SMU55333403000000030	Wisconsin	Milwaukee-Waukesha, WI	2015	M07	July	785.81
SMU55333403000000030	Wisconsin	Milwaukee-Waukesha, WI	2015	M06	June	797.30
SMU55333403000000030	Wisconsin	Milwaukee-Waukesha, WI	2015	M05	May	810.35
SMU55333403000000030	Wisconsin	Milwaukee-Waukesha, WI	2015	M04	April	808.98
SMU55333403000000030	Wisconsin	Milwaukee-Waukesha, WI	2015	M03	March	796.52
SMU55333403000000030	Wisconsin	Milwaukee-Waukesha, WI	2015	M02	February	811.03
SMU55333403000000030	Wisconsin	Milwaukee-Waukesha, WI	2015	M01	January	812.05
SMU55333403000000030	Wisconsin	Milwaukee-Waukesha, WI	2014	M12	December	844.00
SMU55333403000000030	Wisconsin	Milwaukee-Waukesha, WI	2014	M11	November	825.93
SMU55333403000000030	Wisconsin	Milwaukee-Waukesha, WI	2014	M10	October	830.92
SMU55333403000000030	Wisconsin	Milwaukee-Waukesha, WI	2014	M09	September	826.97
SMU55333403000000030	Wisconsin	Milwaukee-Waukesha, WI	2014	M08	August	807.58
SMU55333403000000030	Wisconsin	Milwaukee-Waukesha, WI	2014	M07	July	780.49
SMU55333403000000030	Wisconsin	Milwaukee-Waukesha, WI	2014	M06	June	783.54
SMU55333403000000030	Wisconsin	Milwaukee-Waukesha, WI	2014	M05	May	768.26
SMU55333403000000030	Wisconsin	Milwaukee-Waukesha, WI	2014	M04	April	761.11
SMU55333403000000030	Wisconsin	Milwaukee-Waukesha, WI	2014	M03	March	775.80
SMU55333403000000030	Wisconsin	Milwaukee-Waukesha, WI	2014	M02	February	774.81
SMU55333403000000030	Wisconsin	Milwaukee-Waukesha, WI	2014	M01	January	759.12
SMU55333403000000030	Wisconsin	Milwaukee-Waukesha, WI	2013	M12	December	797.16
SMU55333403000000030	Wisconsin	Milwaukee-Waukesha, WI	2013	M11	November	774.97
SMU55333403000000030	Wisconsin	Milwaukee-Waukesha, WI	2013	M10	October	796.36
SMU55333403000000030	Wisconsin	Milwaukee-Waukesha, WI	2013	M09	September	792.11
SMU55333403000000030	Wisconsin	Milwaukee-Waukesha, WI	2013	M08	August	787.87
SMU55333403000000030	Wisconsin	Milwaukee-Waukesha, WI	2013	M07	July	760.13
SMU55333403000000030	Wisconsin	Milwaukee-Waukesha, WI	2013	M06	June	777.14
SMU55333403000000030	Wisconsin	Milwaukee-Waukesha, WI	2013	M05	May	760.23
SMU55333403000000030	Wisconsin	Milwaukee-Waukesha, WI	2013	M04	April	769.82
SMU55333403000000030	Wisconsin	Milwaukee-Waukesha, WI	2013	M03	March	786.76
SMU55333403000000030	Wisconsin	Milwaukee-Waukesha, WI	2013	M02	February	797.72
SMU55333403000000030	Wisconsin	Milwaukee-Waukesha, WI	2013	M01	January	790.64
SMU55333403000000030	Wisconsin	Milwaukee-Waukesha, WI	2012	M12	December	782.67
SMU55333403000000030	Wisconsin	Milwaukee-Waukesha, WI	2012	M11	November	787.39
SMU55333403000000030	Wisconsin	Milwaukee-Waukesha, WI	2012	M10	October	767.98
SMU55333403000000030	Wisconsin	Milwaukee-Waukesha, WI	2012	M09	September	762.01
SMU55333403000000030	Wisconsin	Milwaukee-Waukesha, WI	2012	M08	August	763.25
SMU55333403000000030	Wisconsin	Milwaukee-Waukesha, WI	2012	M07	July	762.20
SMU55333403000000030	Wisconsin	Milwaukee-Waukesha, WI	2012	M06	June	746.40
SMU55333403000000030	Wisconsin	Milwaukee-Waukesha, WI	2012	M05	May	749.00
SMU55333403000000030	Wisconsin	Milwaukee-Waukesha, WI	2012	M04	April	736.26
SMU55333403000000030	Wisconsin	Milwaukee-Waukesha, WI	2012	M03	March	729.68
SMU55333403000000030	Wisconsin	Milwaukee-Waukesha, WI	2012	M02	February	721.76
SMU55333403000000030	Wisconsin	Milwaukee-Waukesha, WI	2012	M01	January	738.78
SMU55333403000000030	Wisconsin	Milwaukee-Waukesha, WI	2011	M12	December	759.95
SMU55333403000000030	Wisconsin	Milwaukee-Waukesha, WI	2011	M11	November	772.04
SMU55333403000000030	Wisconsin	Milwaukee-Waukesha, WI	2011	M10	October	769.44
SMU55333403000000030	Wisconsin	Milwaukee-Waukesha, WI	2011	M09	September	731.33
SMU55333403000000030	Wisconsin	Milwaukee-Waukesha, WI	2011	M08	August	749.81
SMU55333403000000030	Wisconsin	Milwaukee-Waukesha, WI	2011	M07	July	710.60
SMU55333403000000030	Wisconsin	Milwaukee-Waukesha, WI	2011	M06	June	730.06
SMU55333403000000030	Wisconsin	Milwaukee-Waukesha, WI	2011	M05	May	726.75
SMU55333403000000030	Wisconsin	Milwaukee-Waukesha, WI	2011	M04	April	736.01
SMU55333403000000030	Wisconsin	Milwaukee-Waukesha, WI	2011	M03	March	749.70
SMU55333403000000030	Wisconsin	Milwaukee-Waukesha, WI	2011	M02	February	762.85
SMU55333403000000030	Wisconsin	Milwaukee-Waukesha, WI	2011	M01	January	782.70
SMU55333403000000030	Wisconsin	Milwaukee-Waukesha, WI	2010	M12	December	836.04
SMU55333403000000030	Wisconsin	Milwaukee-Waukesha, WI	2010	M11	November	768.35
SMU55333403000000030	Wisconsin	Milwaukee-Waukesha, WI	2010	M10	October	745.76
SMU55333403000000030	Wisconsin	Milwaukee-Waukesha, WI	2010	M09	September	734.05
SMU55333403000000030	Wisconsin	Milwaukee-Waukesha, WI	2010	M08	August	768.03
SMU55333403000000030	Wisconsin	Milwaukee-Waukesha, WI	2010	M07	July	722.76
SMU55333403000000030	Wisconsin	Milwaukee-Waukesha, WI	2010	M06	June	735.55
SMU55333403000000030	Wisconsin	Milwaukee-Waukesha, WI	2010	M05	May	739.68
SMU55333403000000030	Wisconsin	Milwaukee-Waukesha, WI	2010	M04	April	719.35
SMU55333403000000030	Wisconsin	Milwaukee-Waukesha, WI	2010	M03	March	733.59
SMU55333403000000030	Wisconsin	Milwaukee-Waukesha, WI	2010	M02	February	721.60
SMU55333403000000030	Wisconsin	Milwaukee-Waukesha, WI	2010	M01	January	748.36
SMU55333403000000030	Wisconsin	Milwaukee-Waukesha, WI	2009	M12	December	808.67
SMU55333403000000030	Wisconsin	Milwaukee-Waukesha, WI	2009	M11	November	868.20
SMU55333403000000030	Wisconsin	Milwaukee-Waukesha, WI	2009	M10	October	739.54
SMU55333403000000030	Wisconsin	Milwaukee-Waukesha, WI	2009	M09	September	704.72
SMU55333403000000030	Wisconsin	Milwaukee-Waukesha, WI	2009	M08	August	711.68
SMU55333403000000030	Wisconsin	Milwaukee-Waukesha, WI	2009	M07	July	673.79
SMU55333403000000030	Wisconsin	Milwaukee-Waukesha, WI	2009	M06	June	703.82
SMU55333403000000030	Wisconsin	Milwaukee-Waukesha, WI	2009	M05	May	733.88
SMU55333403000000030	Wisconsin	Milwaukee-Waukesha, WI	2009	M04	April	719.92
SMU55333403000000030	Wisconsin	Milwaukee-Waukesha, WI	2009	M03	March	736.82
SMU55333403000000030	Wisconsin	Milwaukee-Waukesha, WI	2009	M02	February	730.38
SMU55333403000000030	Wisconsin	Milwaukee-Waukesha, WI	2009	M01	January	716.68
SMU55333403000000030	Wisconsin	Milwaukee-Waukesha, WI	2008	M12	December	777.11
SMU55333403000000030	Wisconsin	Milwaukee-Waukesha, WI	2008	M11	November	728.93
SMU55333403000000030	Wisconsin	Milwaukee-Waukesha, WI	2008	M10	October	724.37
SMU55333403000000030	Wisconsin	Milwaukee-Waukesha, WI	2008	M09	September	733.50
SMU55333403000000030	Wisconsin	Milwaukee-Waukesha, WI	2008	M08	August	721.88
SMU55333403000000030	Wisconsin	Milwaukee-Waukesha, WI	2008	M07	July	699.89
SMU55333403000000030	Wisconsin	Milwaukee-Waukesha, WI	2008	M06	June	733.44
SMU55333403000000030	Wisconsin	Milwaukee-Waukesha, WI	2008	M05	May	723.24
SMU55333403000000030	Wisconsin	Milwaukee-Waukesha, WI	2008	M04	April	720.52
SMU55333403000000030	Wisconsin	Milwaukee-Waukesha, WI	2008	M03	March	734.71
SMU55333403000000030	Wisconsin	Milwaukee-Waukesha, WI	2008	M02	February	727.38
SMU55333403000000030	Wisconsin	Milwaukee-Waukesha, WI	2008	M01	January	715.01
SMU55333403000000030	Wisconsin	Milwaukee-Waukesha, WI	2007	M12	December	772.52
SMU55333403000000030	Wisconsin	Milwaukee-Waukesha, WI	2007	M11	November	725.49
SMU55333403000000030	Wisconsin	Milwaukee-Waukesha, WI	2007	M10	October	718.08
SMU55333403000000030	Wisconsin	Milwaukee-Waukesha, WI	2007	M09	September	728.77
SMU55333403000000030	Wisconsin	Milwaukee-Waukesha, WI	2007	M08	August	714.30
SMU55333403000000030	Wisconsin	Milwaukee-Waukesha, WI	2007	M07	July	693.06
SMU55333403000000030	Wisconsin	Milwaukee-Waukesha, WI	2007	M06	June	718.80
SMU55333403000000030	Wisconsin	Milwaukee-Waukesha, WI	2007	M05	May	711.56
SMU55333403000000030	Wisconsin	Milwaukee-Waukesha, WI	2007	M04	April	714.36
SMU55333403000000030	Wisconsin	Milwaukee-Waukesha, WI	2007	M03	March	723.73
SMU55333403000000030	Wisconsin	Milwaukee-Waukesha, WI	2007	M02	February	722.80
SMU55333403000000030	Wisconsin	Milwaukee-Waukesha, WI	2007	M01	January	703.89
SMU26476643000000030	Michigan	Warren-Troy-Farmington Hills, MI Metropolitan Division	2025	M12	December	1342.89
SMU26476643000000030	Michigan	Warren-Troy-Farmington Hills, MI Metropolitan Division	2025	M11	November	1307.86
SMU26476643000000030	Michigan	Warren-Troy-Farmington Hills, MI Metropolitan Division	2025	M10	October	1323.00
SMU26476643000000030	Michigan	Warren-Troy-Farmington Hills, MI Metropolitan Division	2025	M09	September	1351.75
SMU26476643000000030	Michigan	Warren-Troy-Farmington Hills, MI Metropolitan Division	2025	M08	August	1326.35
SMU26476643000000030	Michigan	Warren-Troy-Farmington Hills, MI Metropolitan Division	2025	M07	July	1276.67
SMU26476643000000030	Michigan	Warren-Troy-Farmington Hills, MI Metropolitan Division	2025	M06	June	1272.39
SMU26476643000000030	Michigan	Warren-Troy-Farmington Hills, MI Metropolitan Division	2025	M05	May	1240.55
SMU26476643000000030	Michigan	Warren-Troy-Farmington Hills, MI Metropolitan Division	2025	M04	April	1236.33
SMU26476643000000030	Michigan	Warren-Troy-Farmington Hills, MI Metropolitan Division	2025	M03	March	1221.45
SMU26476643000000030	Michigan	Warren-Troy-Farmington Hills, MI Metropolitan Division	2025	M02	February	1179.78
SMU26476643000000030	Michigan	Warren-Troy-Farmington Hills, MI Metropolitan Division	2025	M01	January	1153.45
SMU26476643000000030	Michigan	Warren-Troy-Farmington Hills, MI Metropolitan Division	2024	M12	December	1228.23
SMU26476643000000030	Michigan	Warren-Troy-Farmington Hills, MI Metropolitan Division	2024	M11	November	1225.36
SMU26476643000000030	Michigan	Warren-Troy-Farmington Hills, MI Metropolitan Division	2024	M10	October	1248.77
SMU26476643000000030	Michigan	Warren-Troy-Farmington Hills, MI Metropolitan Division	2024	M09	September	1240.11
SMU26476643000000030	Michigan	Warren-Troy-Farmington Hills, MI Metropolitan Division	2024	M08	August	1193.23
SMU26476643000000030	Michigan	Warren-Troy-Farmington Hills, MI Metropolitan Division	2024	M07	July	1131.05
SMU26476643000000030	Michigan	Warren-Troy-Farmington Hills, MI Metropolitan Division	2024	M06	June	1148.00
SMU26476643000000030	Michigan	Warren-Troy-Farmington Hills, MI Metropolitan Division	2024	M05	May	1145.34
SMU26476643000000030	Michigan	Warren-Troy-Farmington Hills, MI Metropolitan Division	2024	M04	April	1153.52
SMU26476643000000030	Michigan	Warren-Troy-Farmington Hills, MI Metropolitan Division	2024	M03	March	1137.85
SMU26476643000000030	Michigan	Warren-Troy-Farmington Hills, MI Metropolitan Division	2024	M02	February	1129.65
SMU26476643000000030	Michigan	Warren-Troy-Farmington Hills, MI Metropolitan Division	2024	M01	January	1065.30
SMU26476643000000030	Michigan	Warren-Troy-Farmington Hills, MI Metropolitan Division	2023	M12	December	1115.73
SMU26476643000000030	Michigan	Warren-Troy-Farmington Hills, MI Metropolitan Division	2023	M11	November	1091.57
SMU26476643000000030	Michigan	Warren-Troy-Farmington Hills, MI Metropolitan Division	2023	M10	October	1098.74
SMU26476643000000030	Michigan	Warren-Troy-Farmington Hills, MI Metropolitan Division	2023	M09	September	1066.75
SMU26476643000000030	Michigan	Warren-Troy-Farmington Hills, MI Metropolitan Division	2023	M08	August	1053.86
SMU26476643000000030	Michigan	Warren-Troy-Farmington Hills, MI Metropolitan Division	2023	M07	July	1012.39
SMU26476643000000030	Michigan	Warren-Troy-Farmington Hills, MI Metropolitan Division	2023	M06	June	1038.53
SMU26476643000000030	Michigan	Warren-Troy-Farmington Hills, MI Metropolitan Division	2023	M05	May	1017.20
SMU26476643000000030	Michigan	Warren-Troy-Farmington Hills, MI Metropolitan Division	2023	M04	April	1014.76
SMU26476643000000030	Michigan	Warren-Troy-Farmington Hills, MI Metropolitan Division	2023	M03	March	1042.47
SMU26476643000000030	Michigan	Warren-Troy-Farmington Hills, MI Metropolitan Division	2023	M02	February	1059.66
SMU26476643000000030	Michigan	Warren-Troy-Farmington Hills, MI Metropolitan Division	2023	M01	January	1053.69
SMU26476643000000030	Michigan	Warren-Troy-Farmington Hills, MI Metropolitan Division	2022	M12	December	1088.86
SMU26476643000000030	Michigan	Warren-Troy-Farmington Hills, MI Metropolitan Division	2022	M11	November	1114.08
SMU26476643000000030	Michigan	Warren-Troy-Farmington Hills, MI Metropolitan Division	2022	M10	October	1107.70
SMU26476643000000030	Michigan	Warren-Troy-Farmington Hills, MI Metropolitan Division	2022	M09	September	1100.78
SMU26476643000000030	Michigan	Warren-Troy-Farmington Hills, MI Metropolitan Division	2022	M08	August	1097.35
SMU26476643000000030	Michigan	Warren-Troy-Farmington Hills, MI Metropolitan Division	2022	M07	July	1040.59
SMU26476643000000030	Michigan	Warren-Troy-Farmington Hills, MI Metropolitan Division	2022	M06	June	1042.56
SMU26476643000000030	Michigan	Warren-Troy-Farmington Hills, MI Metropolitan Division	2022	M05	May	1065.22
SMU26476643000000030	Michigan	Warren-Troy-Farmington Hills, MI Metropolitan Division	2022	M04	April	1048.40
SMU26476643000000030	Michigan	Warren-Troy-Farmington Hills, MI Metropolitan Division	2022	M03	March	1092.23
SMU26476643000000030	Michigan	Warren-Troy-Farmington Hills, MI Metropolitan Division	2022	M02	February	1030.12
SMU26476643000000030	Michigan	Warren-Troy-Farmington Hills, MI Metropolitan Division	2022	M01	January	1084.93
SMU26476643000000030	Michigan	Warren-Troy-Farmington Hills, MI Metropolitan Division	2021	M12	December	1136.52
SMU26476643000000030	Michigan	Warren-Troy-Farmington Hills, MI Metropolitan Division	2021	M11	November	1102.07
SMU26476643000000030	Michigan	Warren-Troy-Farmington Hills, MI Metropolitan Division	2021	M10	October	1090.55
SMU26476643000000030	Michigan	Warren-Troy-Farmington Hills, MI Metropolitan Division	2021	M09	September	1059.58
SMU26476643000000030	Michigan	Warren-Troy-Farmington Hills, MI Metropolitan Division	2021	M08	August	1047.28
SMU26476643000000030	Michigan	Warren-Troy-Farmington Hills, MI Metropolitan Division	2021	M07	July	1056.22
SMU26476643000000030	Michigan	Warren-Troy-Farmington Hills, MI Metropolitan Division	2021	M06	June	1048.25
SMU26476643000000030	Michigan	Warren-Troy-Farmington Hills, MI Metropolitan Division	2021	M05	May	1032.84
SMU26476643000000030	Michigan	Warren-Troy-Farmington Hills, MI Metropolitan Division	2021	M04	April	1022.99
SMU26476643000000030	Michigan	Warren-Troy-Farmington Hills, MI Metropolitan Division	2021	M03	March	1067.41
SMU26476643000000030	Michigan	Warren-Troy-Farmington Hills, MI Metropolitan Division	2021	M02	February	1005.63
SMU26476643000000030	Michigan	Warren-Troy-Farmington Hills, MI Metropolitan Division	2021	M01	January	1060.62
SMU26476643000000030	Michigan	Warren-Troy-Farmington Hills, MI Metropolitan Division	2020	M12	December	1072.28
SMU26476643000000030	Michigan	Warren-Troy-Farmington Hills, MI Metropolitan Division	2020	M11	November	1052.34
SMU26476643000000030	Michigan	Warren-Troy-Farmington Hills, MI Metropolitan Division	2020	M10	October	1024.80
SMU26476643000000030	Michigan	Warren-Troy-Farmington Hills, MI Metropolitan Division	2020	M09	September	1026.97
SMU26476643000000030	Michigan	Warren-Troy-Farmington Hills, MI Metropolitan Division	2020	M08	August	1049.03
SMU26476643000000030	Michigan	Warren-Troy-Farmington Hills, MI Metropolitan Division	2020	M07	July	991.45
SMU26476643000000030	Michigan	Warren-Troy-Farmington Hills, MI Metropolitan Division	2020	M06	June	991.86
SMU26476643000000030	Michigan	Warren-Troy-Farmington Hills, MI Metropolitan Division	2020	M05	May	1034.55
SMU26476643000000030	Michigan	Warren-Troy-Farmington Hills, MI Metropolitan Division	2020	M04	April	1010.00
SMU26476643000000030	Michigan	Warren-Troy-Farmington Hills, MI Metropolitan Division	2020	M03	March	1112.93
SMU26476643000000030	Michigan	Warren-Troy-Farmington Hills, MI Metropolitan Division	2020	M02	February	1088.11
SMU26476643000000030	Michigan	Warren-Troy-Farmington Hills, MI Metropolitan Division	2020	M01	January	1041.60
SMU26476643000000030	Michigan	Warren-Troy-Farmington Hills, MI Metropolitan Division	2019	M12	December	1095.26
SMU26476643000000030	Michigan	Warren-Troy-Farmington Hills, MI Metropolitan Division	2019	M11	November	1037.06
SMU26476643000000030	Michigan	Warren-Troy-Farmington Hills, MI Metropolitan Division	2019	M10	October	1042.08
SMU26476643000000030	Michigan	Warren-Troy-Farmington Hills, MI Metropolitan Division	2019	M09	September	1054.03
SMU26476643000000030	Michigan	Warren-Troy-Farmington Hills, MI Metropolitan Division	2019	M08	August	1039.88
SMU26476643000000030	Michigan	Warren-Troy-Farmington Hills, MI Metropolitan Division	2019	M07	July	1011.31
SMU26476643000000030	Michigan	Warren-Troy-Farmington Hills, MI Metropolitan Division	2019	M06	June	1041.79
SMU26476643000000030	Michigan	Warren-Troy-Farmington Hills, MI Metropolitan Division	2019	M05	May	1029.73
SMU26476643000000030	Michigan	Warren-Troy-Farmington Hills, MI Metropolitan Division	2019	M04	April	1020.31
SMU26476643000000030	Michigan	Warren-Troy-Farmington Hills, MI Metropolitan Division	2019	M03	March	1012.95
SMU26476643000000030	Michigan	Warren-Troy-Farmington Hills, MI Metropolitan Division	2019	M02	February	999.44
SMU26476643000000030	Michigan	Warren-Troy-Farmington Hills, MI Metropolitan Division	2019	M01	January	992.44
SMU26476643000000030	Michigan	Warren-Troy-Farmington Hills, MI Metropolitan Division	2018	M12	December	984.78
SMU26476643000000030	Michigan	Warren-Troy-Farmington Hills, MI Metropolitan Division	2018	M11	November	957.91
SMU26476643000000030	Michigan	Warren-Troy-Farmington Hills, MI Metropolitan Division	2018	M10	October	949.61
SMU26476643000000030	Michigan	Warren-Troy-Farmington Hills, MI Metropolitan Division	2018	M09	September	950.73
SMU26476643000000030	Michigan	Warren-Troy-Farmington Hills, MI Metropolitan Division	2018	M08	August	911.52
SMU26476643000000030	Michigan	Warren-Troy-Farmington Hills, MI Metropolitan Division	2018	M07	July	890.33
SMU26476643000000030	Michigan	Warren-Troy-Farmington Hills, MI Metropolitan Division	2018	M06	June	927.46
SMU26476643000000030	Michigan	Warren-Troy-Farmington Hills, MI Metropolitan Division	2018	M05	May	923.63
SMU26476643000000030	Michigan	Warren-Troy-Farmington Hills, MI Metropolitan Division	2018	M04	April	940.49
SMU26476643000000030	Michigan	Warren-Troy-Farmington Hills, MI Metropolitan Division	2018	M03	March	922.07
SMU26476643000000030	Michigan	Warren-Troy-Farmington Hills, MI Metropolitan Division	2018	M02	February	908.23
SMU26476643000000030	Michigan	Warren-Troy-Farmington Hills, MI Metropolitan Division	2018	M01	January	878.22
SMU26476643000000030	Michigan	Warren-Troy-Farmington Hills, MI Metropolitan Division	2017	M12	December	882.30
SMU26476643000000030	Michigan	Warren-Troy-Farmington Hills, MI Metropolitan Division	2017	M11	November	906.98
SMU26476643000000030	Michigan	Warren-Troy-Farmington Hills, MI Metropolitan Division	2017	M10	October	877.40
SMU26476643000000030	Michigan	Warren-Troy-Farmington Hills, MI Metropolitan Division	2017	M09	September	892.52
SMU26476643000000030	Michigan	Warren-Troy-Farmington Hills, MI Metropolitan Division	2017	M08	August	889.81
SMU26476643000000030	Michigan	Warren-Troy-Farmington Hills, MI Metropolitan Division	2017	M07	July	831.06
SMU26476643000000030	Michigan	Warren-Troy-Farmington Hills, MI Metropolitan Division	2017	M06	June	865.16
SMU26476643000000030	Michigan	Warren-Troy-Farmington Hills, MI Metropolitan Division	2017	M05	May	879.19
SMU26476643000000030	Michigan	Warren-Troy-Farmington Hills, MI Metropolitan Division	2017	M04	April	831.79
SMU26476643000000030	Michigan	Warren-Troy-Farmington Hills, MI Metropolitan Division	2017	M03	March	861.92
SMU26476643000000030	Michigan	Warren-Troy-Farmington Hills, MI Metropolitan Division	2017	M02	February	878.60
SMU26476643000000030	Michigan	Warren-Troy-Farmington Hills, MI Metropolitan Division	2017	M01	January	889.06
SMU26476643000000030	Michigan	Warren-Troy-Farmington Hills, MI Metropolitan Division	2016	M12	December	936.35
SMU26476643000000030	Michigan	Warren-Troy-Farmington Hills, MI Metropolitan Division	2016	M11	November	876.00
SMU26476643000000030	Michigan	Warren-Troy-Farmington Hills, MI Metropolitan Division	2016	M10	October	905.32
SMU26476643000000030	Michigan	Warren-Troy-Farmington Hills, MI Metropolitan Division	2016	M09	September	924.22
SMU26476643000000030	Michigan	Warren-Troy-Farmington Hills, MI Metropolitan Division	2016	M08	August	907.71
SMU26476643000000030	Michigan	Warren-Troy-Farmington Hills, MI Metropolitan Division	2016	M07	July	899.21
SMU26476643000000030	Michigan	Warren-Troy-Farmington Hills, MI Metropolitan Division	2016	M06	June	935.19
SMU26476643000000030	Michigan	Warren-Troy-Farmington Hills, MI Metropolitan Division	2016	M05	May	925.16
SMU26476643000000030	Michigan	Warren-Troy-Farmington Hills, MI Metropolitan Division	2016	M04	April	922.77
SMU26476643000000030	Michigan	Warren-Troy-Farmington Hills, MI Metropolitan Division	2016	M03	March	930.50
SMU26476643000000030	Michigan	Warren-Troy-Farmington Hills, MI Metropolitan Division	2016	M02	February	931.39
SMU26476643000000030	Michigan	Warren-Troy-Farmington Hills, MI Metropolitan Division	2016	M01	January	946.76
SMU26476643000000030	Michigan	Warren-Troy-Farmington Hills, MI Metropolitan Division	2015	M12	December	1059.64
SMU26476643000000030	Michigan	Warren-Troy-Farmington Hills, MI Metropolitan Division	2015	M11	November	1055.81
SMU26476643000000030	Michigan	Warren-Troy-Farmington Hills, MI Metropolitan Division	2015	M10	October	1018.14
SMU26476643000000030	Michigan	Warren-Troy-Farmington Hills, MI Metropolitan Division	2015	M09	September	1020.83
SMU26476643000000030	Michigan	Warren-Troy-Farmington Hills, MI Metropolitan Division	2015	M08	August	979.65
SMU26476643000000030	Michigan	Warren-Troy-Farmington Hills, MI Metropolitan Division	2015	M07	July	962.20
SMU26476643000000030	Michigan	Warren-Troy-Farmington Hills, MI Metropolitan Division	2015	M06	June	1003.26
SMU26476643000000030	Michigan	Warren-Troy-Farmington Hills, MI Metropolitan Division	2015	M05	May	971.00
SMU26476643000000030	Michigan	Warren-Troy-Farmington Hills, MI Metropolitan Division	2015	M04	April	947.41
SMU26476643000000030	Michigan	Warren-Troy-Farmington Hills, MI Metropolitan Division	2015	M03	March	947.32
SMU26476643000000030	Michigan	Warren-Troy-Farmington Hills, MI Metropolitan Division	2015	M02	February	934.84
SMU26476643000000030	Michigan	Warren-Troy-Farmington Hills, MI Metropolitan Division	2015	M01	January	946.00
SMU26476643000000030	Michigan	Warren-Troy-Farmington Hills, MI Metropolitan Division	2014	M12	December	975.98
SMU26476643000000030	Michigan	Warren-Troy-Farmington Hills, MI Metropolitan Division	2014	M11	November	943.30
SMU26476643000000030	Michigan	Warren-Troy-Farmington Hills, MI Metropolitan Division	2014	M10	October	957.37
SMU26476643000000030	Michigan	Warren-Troy-Farmington Hills, MI Metropolitan Division	2014	M09	September	934.04
SMU26476643000000030	Michigan	Warren-Troy-Farmington Hills, MI Metropolitan Division	2014	M08	August	945.17
SMU26476643000000030	Michigan	Warren-Troy-Farmington Hills, MI Metropolitan Division	2014	M07	July	927.17
SMU26476643000000030	Michigan	Warren-Troy-Farmington Hills, MI Metropolitan Division	2014	M06	June	961.98
SMU26476643000000030	Michigan	Warren-Troy-Farmington Hills, MI Metropolitan Division	2014	M05	May	980.58
SMU26476643000000030	Michigan	Warren-Troy-Farmington Hills, MI Metropolitan Division	2014	M04	April	940.39
SMU26476643000000030	Michigan	Warren-Troy-Farmington Hills, MI Metropolitan Division	2014	M03	March	952.00
SMU26476643000000030	Michigan	Warren-Troy-Farmington Hills, MI Metropolitan Division	2014	M02	February	947.85
SMU26476643000000030	Michigan	Warren-Troy-Farmington Hills, MI Metropolitan Division	2014	M01	January	924.50
SMU26476643000000030	Michigan	Warren-Troy-Farmington Hills, MI Metropolitan Division	2013	M12	December	977.67
SMU26476643000000030	Michigan	Warren-Troy-Farmington Hills, MI Metropolitan Division	2013	M11	November	962.84
SMU26476643000000030	Michigan	Warren-Troy-Farmington Hills, MI Metropolitan Division	2013	M10	October	955.55
SMU26476643000000030	Michigan	Warren-Troy-Farmington Hills, MI Metropolitan Division	2013	M09	September	977.26
SMU26476643000000030	Michigan	Warren-Troy-Farmington Hills, MI Metropolitan Division	2013	M08	August	971.94
SMU26476643000000030	Michigan	Warren-Troy-Farmington Hills, MI Metropolitan Division	2013	M07	July	938.71
SMU26476643000000030	Michigan	Warren-Troy-Farmington Hills, MI Metropolitan Division	2013	M06	June	932.25
SMU26476643000000030	Michigan	Warren-Troy-Farmington Hills, MI Metropolitan Division	2013	M05	May	939.18
SMU26476643000000030	Michigan	Warren-Troy-Farmington Hills, MI Metropolitan Division	2013	M04	April	953.96
SMU26476643000000030	Michigan	Warren-Troy-Farmington Hills, MI Metropolitan Division	2013	M03	March	982.09
SMU26476643000000030	Michigan	Warren-Troy-Farmington Hills, MI Metropolitan Division	2013	M02	February	979.03
SMU26476643000000030	Michigan	Warren-Troy-Farmington Hills, MI Metropolitan Division	2013	M01	January	992.35
SMU26476643000000030	Michigan	Warren-Troy-Farmington Hills, MI Metropolitan Division	2012	M12	December	1019.66
SMU26476643000000030	Michigan	Warren-Troy-Farmington Hills, MI Metropolitan Division	2012	M11	November	963.91
SMU26476643000000030	Michigan	Warren-Troy-Farmington Hills, MI Metropolitan Division	2012	M10	October	941.27
SMU26476643000000030	Michigan	Warren-Troy-Farmington Hills, MI Metropolitan Division	2012	M09	September	925.36
SMU26476643000000030	Michigan	Warren-Troy-Farmington Hills, MI Metropolitan Division	2012	M08	August	958.76
SMU26476643000000030	Michigan	Warren-Troy-Farmington Hills, MI Metropolitan Division	2012	M07	July	959.35
SMU26476643000000030	Michigan	Warren-Troy-Farmington Hills, MI Metropolitan Division	2012	M06	June	983.34
SMU26476643000000030	Michigan	Warren-Troy-Farmington Hills, MI Metropolitan Division	2012	M05	May	960.77
SMU26476643000000030	Michigan	Warren-Troy-Farmington Hills, MI Metropolitan Division	2012	M04	April	986.05
SMU26476643000000030	Michigan	Warren-Troy-Farmington Hills, MI Metropolitan Division	2012	M03	March	945.52
SMU26476643000000030	Michigan	Warren-Troy-Farmington Hills, MI Metropolitan Division	2012	M02	February	968.44
SMU26476643000000030	Michigan	Warren-Troy-Farmington Hills, MI Metropolitan Division	2012	M01	January	954.56
SMU26476643000000030	Michigan	Warren-Troy-Farmington Hills, MI Metropolitan Division	2011	M12	December	1019.34
SMU26476643000000030	Michigan	Warren-Troy-Farmington Hills, MI Metropolitan Division	2011	M11	November	1001.71
SMU26476643000000030	Michigan	Warren-Troy-Farmington Hills, MI Metropolitan Division	2011	M10	October	988.11
SMU26476643000000030	Michigan	Warren-Troy-Farmington Hills, MI Metropolitan Division	2011	M09	September	1020.31
SMU26476643000000030	Michigan	Warren-Troy-Farmington Hills, MI Metropolitan Division	2011	M08	August	999.68
SMU26476643000000030	Michigan	Warren-Troy-Farmington Hills, MI Metropolitan Division	2011	M07	July	988.68
SMU26476643000000030	Michigan	Warren-Troy-Farmington Hills, MI Metropolitan Division	2011	M06	June	1009.26
SMU26476643000000030	Michigan	Warren-Troy-Farmington Hills, MI Metropolitan Division	2011	M05	May	1015.62
SMU26476643000000030	Michigan	Warren-Troy-Farmington Hills, MI Metropolitan Division	2011	M04	April	981.44
SMU26476643000000030	Michigan	Warren-Troy-Farmington Hills, MI Metropolitan Division	2011	M03	March	1029.29
SMU26476643000000030	Michigan	Warren-Troy-Farmington Hills, MI Metropolitan Division	2011	M02	February	987.48
SMU26476643000000030	Michigan	Warren-Troy-Farmington Hills, MI Metropolitan Division	2011	M01	January	997.69
SMU26476643000000030	Michigan	Warren-Troy-Farmington Hills, MI Metropolitan Division	2010	M12	December	1031.41
SMU26476643000000030	Michigan	Warren-Troy-Farmington Hills, MI Metropolitan Division	2010	M11	November	1028.58
SMU26476643000000030	Michigan	Warren-Troy-Farmington Hills, MI Metropolitan Division	2010	M10	October	1022.97
SMU26476643000000030	Michigan	Warren-Troy-Farmington Hills, MI Metropolitan Division	2010	M09	September	1037.16
SMU26476643000000030	Michigan	Warren-Troy-Farmington Hills, MI Metropolitan Division	2010	M08	August	1015.73
SMU26476643000000030	Michigan	Warren-Troy-Farmington Hills, MI Metropolitan Division	2010	M07	July	998.75
SMU26476643000000030	Michigan	Warren-Troy-Farmington Hills, MI Metropolitan Division	2010	M06	June	1042.25
SMU26476643000000030	Michigan	Warren-Troy-Farmington Hills, MI Metropolitan Division	2010	M05	May	1044.29
SMU26476643000000030	Michigan	Warren-Troy-Farmington Hills, MI Metropolitan Division	2010	M04	April	995.10
SMU26476643000000030	Michigan	Warren-Troy-Farmington Hills, MI Metropolitan Division	2010	M03	March	989.52
SMU26476643000000030	Michigan	Warren-Troy-Farmington Hills, MI Metropolitan Division	2010	M02	February	958.31
SMU26476643000000030	Michigan	Warren-Troy-Farmington Hills, MI Metropolitan Division	2010	M01	January	976.50
SMU26476643000000030	Michigan	Warren-Troy-Farmington Hills, MI Metropolitan Division	2009	M12	December	1001.10
SMU26476643000000030	Michigan	Warren-Troy-Farmington Hills, MI Metropolitan Division	2009	M11	November	981.76
SMU26476643000000030	Michigan	Warren-Troy-Farmington Hills, MI Metropolitan Division	2009	M10	October	1006.43
SMU26476643000000030	Michigan	Warren-Troy-Farmington Hills, MI Metropolitan Division	2009	M09	September	992.78
SMU26476643000000030	Michigan	Warren-Troy-Farmington Hills, MI Metropolitan Division	2009	M08	August	962.14
SMU26476643000000030	Michigan	Warren-Troy-Farmington Hills, MI Metropolitan Division	2009	M07	July	970.67
SMU26476643000000030	Michigan	Warren-Troy-Farmington Hills, MI Metropolitan Division	2009	M06	June	967.29
SMU26476643000000030	Michigan	Warren-Troy-Farmington Hills, MI Metropolitan Division	2009	M05	May	882.42
SMU26476643000000030	Michigan	Warren-Troy-Farmington Hills, MI Metropolitan Division	2009	M04	April	909.70
SMU26476643000000030	Michigan	Warren-Troy-Farmington Hills, MI Metropolitan Division	2009	M03	March	921.89
SMU26476643000000030	Michigan	Warren-Troy-Farmington Hills, MI Metropolitan Division	2009	M02	February	909.31
SMU26476643000000030	Michigan	Warren-Troy-Farmington Hills, MI Metropolitan Division	2009	M01	January	927.47
SMU26476643000000030	Michigan	Warren-Troy-Farmington Hills, MI Metropolitan Division	2008	M12	December	998.32
SMU26476643000000030	Michigan	Warren-Troy-Farmington Hills, MI Metropolitan Division	2008	M11	November	942.08
SMU26476643000000030	Michigan	Warren-Troy-Farmington Hills, MI Metropolitan Division	2008	M10	October	976.43
SMU26476643000000030	Michigan	Warren-Troy-Farmington Hills, MI Metropolitan Division	2008	M09	September	1004.42
SMU26476643000000030	Michigan	Warren-Troy-Farmington Hills, MI Metropolitan Division	2008	M08	August	989.28
SMU26476643000000030	Michigan	Warren-Troy-Farmington Hills, MI Metropolitan Division	2008	M07	July	900.13
SMU26476643000000030	Michigan	Warren-Troy-Farmington Hills, MI Metropolitan Division	2008	M06	June	1014.61
SMU26476643000000030	Michigan	Warren-Troy-Farmington Hills, MI Metropolitan Division	2008	M05	May	1014.78
SMU26476643000000030	Michigan	Warren-Troy-Farmington Hills, MI Metropolitan Division	2008	M04	April	1013.65
SMU26476643000000030	Michigan	Warren-Troy-Farmington Hills, MI Metropolitan Division	2008	M03	March	1029.16
SMU26476643000000030	Michigan	Warren-Troy-Farmington Hills, MI Metropolitan Division	2008	M02	February	1013.65
SMU26476643000000030	Michigan	Warren-Troy-Farmington Hills, MI Metropolitan Division	2008	M01	January	1031.77
SMU26476643000000030	Michigan	Warren-Troy-Farmington Hills, MI Metropolitan Division	2007	M12	December	1070.89
SMU26476643000000030	Michigan	Warren-Troy-Farmington Hills, MI Metropolitan Division	2007	M11	November	1028.70
SMU26476643000000030	Michigan	Warren-Troy-Farmington Hills, MI Metropolitan Division	2007	M10	October	1069.78
SMU26476643000000030	Michigan	Warren-Troy-Farmington Hills, MI Metropolitan Division	2007	M09	September	1065.66
SMU26476643000000030	Michigan	Warren-Troy-Farmington Hills, MI Metropolitan Division	2007	M08	August	1079.36
SMU26476643000000030	Michigan	Warren-Troy-Farmington Hills, MI Metropolitan Division	2007	M07	July	960.74
SMU26476643000000030	Michigan	Warren-Troy-Farmington Hills, MI Metropolitan Division	2007	M06	June	1082.54
SMU26476643000000030	Michigan	Warren-Troy-Farmington Hills, MI Metropolitan Division	2007	M05	May	1064.60
SMU26476643000000030	Michigan	Warren-Troy-Farmington Hills, MI Metropolitan Division	2007	M04	April	1049.33
SMU26476643000000030	Michigan	Warren-Troy-Farmington Hills, MI Metropolitan Division	2007	M03	March	1023.17
SMU26476643000000030	Michigan	Warren-Troy-Farmington Hills, MI Metropolitan Division	2007	M02	February	991.33
SMU26476643000000030	Michigan	Warren-Troy-Farmington Hills, MI Metropolitan Division	2007	M01	January	1030.49
SMU04380603000000030	Arizona	Phoenix-Mesa-Chandler, AZ	2025	M12	December	1216.23
SMU04380603000000030	Arizona	Phoenix-Mesa-Chandler, AZ	2025	M11	November	1220.51
SMU04380603000000030	Arizona	Phoenix-Mesa-Chandler, AZ	2025	M10	October	1171.55
SMU04380603000000030	Arizona	Phoenix-Mesa-Chandler, AZ	2025	M09	September	1170.21
SMU04380603000000030	Arizona	Phoenix-Mesa-Chandler, AZ	2025	M08	August	1132.78
SMU04380603000000030	Arizona	Phoenix-Mesa-Chandler, AZ	2025	M07	July	1132.72
SMU04380603000000030	Arizona	Phoenix-Mesa-Chandler, AZ	2025	M06	June	1146.33
SMU04380603000000030	Arizona	Phoenix-Mesa-Chandler, AZ	2025	M05	May	1143.62
SMU04380603000000030	Arizona	Phoenix-Mesa-Chandler, AZ	2025	M04	April	1096.02
SMU04380603000000030	Arizona	Phoenix-Mesa-Chandler, AZ	2025	M03	March	1151.91
SMU04380603000000030	Arizona	Phoenix-Mesa-Chandler, AZ	2025	M02	February	1153.51
SMU04380603000000030	Arizona	Phoenix-Mesa-Chandler, AZ	2025	M01	January	1194.25
SMU04380603000000030	Arizona	Phoenix-Mesa-Chandler, AZ	2024	M12	December	1256.90
SMU04380603000000030	Arizona	Phoenix-Mesa-Chandler, AZ	2024	M11	November	1256.43
SMU04380603000000030	Arizona	Phoenix-Mesa-Chandler, AZ	2024	M10	October	1255.84
SMU04380603000000030	Arizona	Phoenix-Mesa-Chandler, AZ	2024	M09	September	1234.81
SMU04380603000000030	Arizona	Phoenix-Mesa-Chandler, AZ	2024	M08	August	1195.60
SMU04380603000000030	Arizona	Phoenix-Mesa-Chandler, AZ	2024	M07	July	1176.91
SMU04380603000000030	Arizona	Phoenix-Mesa-Chandler, AZ	2024	M06	June	1149.31
SMU04380603000000030	Arizona	Phoenix-Mesa-Chandler, AZ	2024	M05	May	1148.36
SMU04380603000000030	Arizona	Phoenix-Mesa-Chandler, AZ	2024	M04	April	1128.13
SMU04380603000000030	Arizona	Phoenix-Mesa-Chandler, AZ	2024	M03	March	1110.10
SMU04380603000000030	Arizona	Phoenix-Mesa-Chandler, AZ	2024	M02	February	1061.36
SMU04380603000000030	Arizona	Phoenix-Mesa-Chandler, AZ	2024	M01	January	1061.76
SMU04380603000000030	Arizona	Phoenix-Mesa-Chandler, AZ	2023	M12	December	1064.71
SMU04380603000000030	Arizona	Phoenix-Mesa-Chandler, AZ	2023	M11	November	1065.31
SMU04380603000000030	Arizona	Phoenix-Mesa-Chandler, AZ	2023	M10	October	1052.88
SMU04380603000000030	Arizona	Phoenix-Mesa-Chandler, AZ	2023	M09	September	986.49
SMU04380603000000030	Arizona	Phoenix-Mesa-Chandler, AZ	2023	M08	August	1022.22
SMU04380603000000030	Arizona	Phoenix-Mesa-Chandler, AZ	2023	M07	July	1031.97
SMU04380603000000030	Arizona	Phoenix-Mesa-Chandler, AZ	2023	M06	June	1030.41
SMU04380603000000030	Arizona	Phoenix-Mesa-Chandler, AZ	2023	M05	May	1032.88
SMU04380603000000030	Arizona	Phoenix-Mesa-Chandler, AZ	2023	M04	April	1073.48
SMU04380603000000030	Arizona	Phoenix-Mesa-Chandler, AZ	2023	M03	March	1035.93
SMU04380603000000030	Arizona	Phoenix-Mesa-Chandler, AZ	2023	M02	February	1043.75
SMU04380603000000030	Arizona	Phoenix-Mesa-Chandler, AZ	2023	M01	January	1079.08
SMU04380603000000030	Arizona	Phoenix-Mesa-Chandler, AZ	2022	M12	December	997.90
SMU04380603000000030	Arizona	Phoenix-Mesa-Chandler, AZ	2022	M11	November	1006.94
SMU04380603000000030	Arizona	Phoenix-Mesa-Chandler, AZ	2022	M10	October	987.29
SMU04380603000000030	Arizona	Phoenix-Mesa-Chandler, AZ	2022	M09	September	980.37
SMU04380603000000030	Arizona	Phoenix-Mesa-Chandler, AZ	2022	M08	August	1003.78
SMU04380603000000030	Arizona	Phoenix-Mesa-Chandler, AZ	2022	M07	July	1012.09
SMU04380603000000030	Arizona	Phoenix-Mesa-Chandler, AZ	2022	M06	June	987.22
SMU04380603000000030	Arizona	Phoenix-Mesa-Chandler, AZ	2022	M05	May	1007.70
SMU04380603000000030	Arizona	Phoenix-Mesa-Chandler, AZ	2022	M04	April	992.10
SMU04380603000000030	Arizona	Phoenix-Mesa-Chandler, AZ	2022	M03	March	1009.47
SMU04380603000000030	Arizona	Phoenix-Mesa-Chandler, AZ	2022	M02	February	1020.99
SMU04380603000000030	Arizona	Phoenix-Mesa-Chandler, AZ	2022	M01	January	987.74
SMU04380603000000030	Arizona	Phoenix-Mesa-Chandler, AZ	2021	M12	December	995.86
SMU04380603000000030	Arizona	Phoenix-Mesa-Chandler, AZ	2021	M11	November	910.52
SMU04380603000000030	Arizona	Phoenix-Mesa-Chandler, AZ	2021	M10	October	906.75
SMU04380603000000030	Arizona	Phoenix-Mesa-Chandler, AZ	2021	M09	September	866.46
SMU04380603000000030	Arizona	Phoenix-Mesa-Chandler, AZ	2021	M08	August	907.83
SMU04380603000000030	Arizona	Phoenix-Mesa-Chandler, AZ	2021	M07	July	873.38
SMU04380603000000030	Arizona	Phoenix-Mesa-Chandler, AZ	2021	M06	June	834.02
SMU04380603000000030	Arizona	Phoenix-Mesa-Chandler, AZ	2021	M05	May	826.48
SMU04380603000000030	Arizona	Phoenix-Mesa-Chandler, AZ	2021	M04	April	813.54
SMU04380603000000030	Arizona	Phoenix-Mesa-Chandler, AZ	2021	M03	March	784.10
SMU04380603000000030	Arizona	Phoenix-Mesa-Chandler, AZ	2021	M02	February	784.13
SMU04380603000000030	Arizona	Phoenix-Mesa-Chandler, AZ	2021	M01	January	843.36
SMU04380603000000030	Arizona	Phoenix-Mesa-Chandler, AZ	2020	M12	December	826.93
SMU04380603000000030	Arizona	Phoenix-Mesa-Chandler, AZ	2020	M11	November	810.03
SMU04380603000000030	Arizona	Phoenix-Mesa-Chandler, AZ	2020	M10	October	801.59
SMU04380603000000030	Arizona	Phoenix-Mesa-Chandler, AZ	2020	M09	September	799.31
SMU04380603000000030	Arizona	Phoenix-Mesa-Chandler, AZ	2020	M08	August	829.92
SMU04380603000000030	Arizona	Phoenix-Mesa-Chandler, AZ	2020	M07	July	787.47
SMU04380603000000030	Arizona	Phoenix-Mesa-Chandler, AZ	2020	M06	June	834.21
SMU04380603000000030	Arizona	Phoenix-Mesa-Chandler, AZ	2020	M05	May	821.01
SMU04380603000000030	Arizona	Phoenix-Mesa-Chandler, AZ	2020	M04	April	827.24
SMU04380603000000030	Arizona	Phoenix-Mesa-Chandler, AZ	2020	M03	March	952.02
SMU04380603000000030	Arizona	Phoenix-Mesa-Chandler, AZ	2020	M02	February	932.69
SMU04380603000000030	Arizona	Phoenix-Mesa-Chandler, AZ	2020	M01	January	902.11
SMU04380603000000030	Arizona	Phoenix-Mesa-Chandler, AZ	2019	M12	December	941.17
SMU04380603000000030	Arizona	Phoenix-Mesa-Chandler, AZ	2019	M11	November	927.08
SMU04380603000000030	Arizona	Phoenix-Mesa-Chandler, AZ	2019	M10	October	878.20
SMU04380603000000030	Arizona	Phoenix-Mesa-Chandler, AZ	2019	M09	September	854.50
SMU04380603000000030	Arizona	Phoenix-Mesa-Chandler, AZ	2019	M08	August	869.44
SMU04380603000000030	Arizona	Phoenix-Mesa-Chandler, AZ	2019	M07	July	877.31
SMU04380603000000030	Arizona	Phoenix-Mesa-Chandler, AZ	2019	M06	June	882.38
SMU04380603000000030	Arizona	Phoenix-Mesa-Chandler, AZ	2019	M05	May	877.76
SMU04380603000000030	Arizona	Phoenix-Mesa-Chandler, AZ	2019	M04	April	890.79
SMU04380603000000030	Arizona	Phoenix-Mesa-Chandler, AZ	2019	M03	March	896.33
SMU04380603000000030	Arizona	Phoenix-Mesa-Chandler, AZ	2019	M02	February	891.98
SMU04380603000000030	Arizona	Phoenix-Mesa-Chandler, AZ	2019	M01	January	875.78
SMU04380603000000030	Arizona	Phoenix-Mesa-Chandler, AZ	2018	M12	December	884.93
SMU04380603000000030	Arizona	Phoenix-Mesa-Chandler, AZ	2018	M11	November	861.96
SMU04380603000000030	Arizona	Phoenix-Mesa-Chandler, AZ	2018	M10	October	850.31
SMU04380603000000030	Arizona	Phoenix-Mesa-Chandler, AZ	2018	M09	September	847.85
SMU04380603000000030	Arizona	Phoenix-Mesa-Chandler, AZ	2018	M08	August	851.50
SMU04380603000000030	Arizona	Phoenix-Mesa-Chandler, AZ	2018	M07	July	840.01
SMU04380603000000030	Arizona	Phoenix-Mesa-Chandler, AZ	2018	M06	June	857.39
SMU04380603000000030	Arizona	Phoenix-Mesa-Chandler, AZ	2018	M05	May	804.41
SMU04380603000000030	Arizona	Phoenix-Mesa-Chandler, AZ	2018	M04	April	806.14
SMU04380603000000030	Arizona	Phoenix-Mesa-Chandler, AZ	2018	M03	March	763.14
SMU04380603000000030	Arizona	Phoenix-Mesa-Chandler, AZ	2018	M02	February	752.54
SMU04380603000000030	Arizona	Phoenix-Mesa-Chandler, AZ	2018	M01	January	770.71
SMU04380603000000030	Arizona	Phoenix-Mesa-Chandler, AZ	2017	M12	December	795.04
SMU04380603000000030	Arizona	Phoenix-Mesa-Chandler, AZ	2017	M11	November	782.22
SMU04380603000000030	Arizona	Phoenix-Mesa-Chandler, AZ	2017	M10	October	765.91
SMU04380603000000030	Arizona	Phoenix-Mesa-Chandler, AZ	2017	M09	September	751.12
SMU04380603000000030	Arizona	Phoenix-Mesa-Chandler, AZ	2017	M08	August	749.34
SMU04380603000000030	Arizona	Phoenix-Mesa-Chandler, AZ	2017	M07	July	771.49
SMU04380603000000030	Arizona	Phoenix-Mesa-Chandler, AZ	2017	M06	June	747.45
SMU04380603000000030	Arizona	Phoenix-Mesa-Chandler, AZ	2017	M05	May	764.02
SMU04380603000000030	Arizona	Phoenix-Mesa-Chandler, AZ	2017	M04	April	709.94
SMU04380603000000030	Arizona	Phoenix-Mesa-Chandler, AZ	2017	M03	March	742.39
SMU04380603000000030	Arizona	Phoenix-Mesa-Chandler, AZ	2017	M02	February	729.41
SMU04380603000000030	Arizona	Phoenix-Mesa-Chandler, AZ	2017	M01	January	742.94
SMU04380603000000030	Arizona	Phoenix-Mesa-Chandler, AZ	2016	M12	December	739.85
SMU04380603000000030	Arizona	Phoenix-Mesa-Chandler, AZ	2016	M11	November	729.69
SMU04380603000000030	Arizona	Phoenix-Mesa-Chandler, AZ	2016	M10	October	750.27
SMU04380603000000030	Arizona	Phoenix-Mesa-Chandler, AZ	2016	M09	September	741.69
SMU04380603000000030	Arizona	Phoenix-Mesa-Chandler, AZ	2016	M08	August	745.86
SMU04380603000000030	Arizona	Phoenix-Mesa-Chandler, AZ	2016	M07	July	731.26
SMU04380603000000030	Arizona	Phoenix-Mesa-Chandler, AZ	2016	M06	June	743.18
SMU04380603000000030	Arizona	Phoenix-Mesa-Chandler, AZ	2016	M05	May	756.62
SMU04380603000000030	Arizona	Phoenix-Mesa-Chandler, AZ	2016	M04	April	738.71
SMU04380603000000030	Arizona	Phoenix-Mesa-Chandler, AZ	2016	M03	March	778.96
SMU04380603000000030	Arizona	Phoenix-Mesa-Chandler, AZ	2016	M02	February	744.22
SMU04380603000000030	Arizona	Phoenix-Mesa-Chandler, AZ	2016	M01	January	765.52
SMU04380603000000030	Arizona	Phoenix-Mesa-Chandler, AZ	2015	M12	December	765.63
SMU04380603000000030	Arizona	Phoenix-Mesa-Chandler, AZ	2015	M11	November	774.22
SMU04380603000000030	Arizona	Phoenix-Mesa-Chandler, AZ	2015	M10	October	753.10
SMU04380603000000030	Arizona	Phoenix-Mesa-Chandler, AZ	2015	M09	September	754.72
SMU04380603000000030	Arizona	Phoenix-Mesa-Chandler, AZ	2015	M08	August	736.29
SMU04380603000000030	Arizona	Phoenix-Mesa-Chandler, AZ	2015	M07	July	727.62
SMU04380603000000030	Arizona	Phoenix-Mesa-Chandler, AZ	2015	M06	June	793.90
SMU04380603000000030	Arizona	Phoenix-Mesa-Chandler, AZ	2015	M05	May	731.00
SMU04380603000000030	Arizona	Phoenix-Mesa-Chandler, AZ	2015	M04	April	738.51
SMU04380603000000030	Arizona	Phoenix-Mesa-Chandler, AZ	2015	M03	March	715.04
SMU04380603000000030	Arizona	Phoenix-Mesa-Chandler, AZ	2015	M02	February	710.09
SMU04380603000000030	Arizona	Phoenix-Mesa-Chandler, AZ	2015	M01	January	741.70
SMU04380603000000030	Arizona	Phoenix-Mesa-Chandler, AZ	2014	M12	December	749.43
SMU04380603000000030	Arizona	Phoenix-Mesa-Chandler, AZ	2014	M11	November	715.22
SMU04380603000000030	Arizona	Phoenix-Mesa-Chandler, AZ	2014	M10	October	739.88
SMU04380603000000030	Arizona	Phoenix-Mesa-Chandler, AZ	2014	M09	September	759.78
SMU04380603000000030	Arizona	Phoenix-Mesa-Chandler, AZ	2014	M08	August	777.19
SMU04380603000000030	Arizona	Phoenix-Mesa-Chandler, AZ	2014	M07	July	753.10
SMU04380603000000030	Arizona	Phoenix-Mesa-Chandler, AZ	2014	M06	June	763.14
SMU04380603000000030	Arizona	Phoenix-Mesa-Chandler, AZ	2014	M05	May	762.28
SMU04380603000000030	Arizona	Phoenix-Mesa-Chandler, AZ	2014	M04	April	757.38
SMU04380603000000030	Arizona	Phoenix-Mesa-Chandler, AZ	2014	M03	March	781.66
SMU04380603000000030	Arizona	Phoenix-Mesa-Chandler, AZ	2014	M02	February	769.91
SMU04380603000000030	Arizona	Phoenix-Mesa-Chandler, AZ	2014	M01	January	757.94
SMU04380603000000030	Arizona	Phoenix-Mesa-Chandler, AZ	2013	M12	December	793.22
SMU04380603000000030	Arizona	Phoenix-Mesa-Chandler, AZ	2013	M11	November	788.42
SMU04380603000000030	Arizona	Phoenix-Mesa-Chandler, AZ	2013	M10	October	769.98
SMU04380603000000030	Arizona	Phoenix-Mesa-Chandler, AZ	2013	M09	September	766.79
SMU04380603000000030	Arizona	Phoenix-Mesa-Chandler, AZ	2013	M08	August	795.87
SMU04380603000000030	Arizona	Phoenix-Mesa-Chandler, AZ	2013	M07	July	778.46
SMU04380603000000030	Arizona	Phoenix-Mesa-Chandler, AZ	2013	M06	June	793.90
SMU04380603000000030	Arizona	Phoenix-Mesa-Chandler, AZ	2013	M05	May	782.54
SMU04380603000000030	Arizona	Phoenix-Mesa-Chandler, AZ	2013	M04	April	782.87
SMU04380603000000030	Arizona	Phoenix-Mesa-Chandler, AZ	2013	M03	March	768.52
SMU04380603000000030	Arizona	Phoenix-Mesa-Chandler, AZ	2013	M02	February	766.21
SMU04380603000000030	Arizona	Phoenix-Mesa-Chandler, AZ	2013	M01	January	740.95
SMU04380603000000030	Arizona	Phoenix-Mesa-Chandler, AZ	2012	M12	December	758.24
SMU04380603000000030	Arizona	Phoenix-Mesa-Chandler, AZ	2012	M11	November	743.94
SMU04380603000000030	Arizona	Phoenix-Mesa-Chandler, AZ	2012	M10	October	744.34
SMU04380603000000030	Arizona	Phoenix-Mesa-Chandler, AZ	2012	M09	September	763.78
SMU04380603000000030	Arizona	Phoenix-Mesa-Chandler, AZ	2012	M08	August	763.83
SMU04380603000000030	Arizona	Phoenix-Mesa-Chandler, AZ	2012	M07	July	755.80
SMU04380603000000030	Arizona	Phoenix-Mesa-Chandler, AZ	2012	M06	June	782.39
SMU04380603000000030	Arizona	Phoenix-Mesa-Chandler, AZ	2012	M05	May	763.56
SMU04380603000000030	Arizona	Phoenix-Mesa-Chandler, AZ	2012	M04	April	763.23
SMU04380603000000030	Arizona	Phoenix-Mesa-Chandler, AZ	2012	M03	March	768.98
SMU04380603000000030	Arizona	Phoenix-Mesa-Chandler, AZ	2012	M02	February	786.65
SMU04380603000000030	Arizona	Phoenix-Mesa-Chandler, AZ	2012	M01	January	781.05
SMU04380603000000030	Arizona	Phoenix-Mesa-Chandler, AZ	2011	M12	December	803.04
SMU04380603000000030	Arizona	Phoenix-Mesa-Chandler, AZ	2011	M11	November	762.38
SMU04380603000000030	Arizona	Phoenix-Mesa-Chandler, AZ	2011	M10	October	767.52
SMU04380603000000030	Arizona	Phoenix-Mesa-Chandler, AZ	2011	M09	September	750.01
SMU04380603000000030	Arizona	Phoenix-Mesa-Chandler, AZ	2011	M08	August	742.73
SMU04380603000000030	Arizona	Phoenix-Mesa-Chandler, AZ	2011	M07	July	739.88
SMU04380603000000030	Arizona	Phoenix-Mesa-Chandler, AZ	2011	M06	June	747.40
SMU04380603000000030	Arizona	Phoenix-Mesa-Chandler, AZ	2011	M05	May	728.43
SMU04380603000000030	Arizona	Phoenix-Mesa-Chandler, AZ	2011	M04	April	711.48
SMU04380603000000030	Arizona	Phoenix-Mesa-Chandler, AZ	2011	M03	March	688.00
SMU04380603000000030	Arizona	Phoenix-Mesa-Chandler, AZ	2011	M02	February	683.14
SMU04380603000000030	Arizona	Phoenix-Mesa-Chandler, AZ	2011	M01	January	678.43
SMU04380603000000030	Arizona	Phoenix-Mesa-Chandler, AZ	2010	M12	December	692.07
SMU04380603000000030	Arizona	Phoenix-Mesa-Chandler, AZ	2010	M11	November	679.39
SMU04380603000000030	Arizona	Phoenix-Mesa-Chandler, AZ	2010	M10	October	660.44
SMU04380603000000030	Arizona	Phoenix-Mesa-Chandler, AZ	2010	M09	September	656.96
SMU04380603000000030	Arizona	Phoenix-Mesa-Chandler, AZ	2010	M08	August	655.56
SMU04380603000000030	Arizona	Phoenix-Mesa-Chandler, AZ	2010	M07	July	673.48
SMU04380603000000030	Arizona	Phoenix-Mesa-Chandler, AZ	2010	M06	June	655.64
SMU04380603000000030	Arizona	Phoenix-Mesa-Chandler, AZ	2010	M05	May	695.02
SMU04380603000000030	Arizona	Phoenix-Mesa-Chandler, AZ	2010	M04	April	679.44
SMU04380603000000030	Arizona	Phoenix-Mesa-Chandler, AZ	2010	M03	March	675.13
SMU04380603000000030	Arizona	Phoenix-Mesa-Chandler, AZ	2010	M02	February	685.92
SMU04380603000000030	Arizona	Phoenix-Mesa-Chandler, AZ	2010	M01	January	703.71
SMU04380603000000030	Arizona	Phoenix-Mesa-Chandler, AZ	2009	M12	December	693.78
SMU04380603000000030	Arizona	Phoenix-Mesa-Chandler, AZ	2009	M11	November	687.89
SMU04380603000000030	Arizona	Phoenix-Mesa-Chandler, AZ	2009	M10	October	666.82
SMU04380603000000030	Arizona	Phoenix-Mesa-Chandler, AZ	2009	M09	September	639.39
SMU04380603000000030	Arizona	Phoenix-Mesa-Chandler, AZ	2009	M08	August	637.43
SMU04380603000000030	Arizona	Phoenix-Mesa-Chandler, AZ	2009	M07	July	635.36
SMU04380603000000030	Arizona	Phoenix-Mesa-Chandler, AZ	2009	M06	June	628.25
SMU04380603000000030	Arizona	Phoenix-Mesa-Chandler, AZ	2009	M05	May	628.20
SMU04380603000000030	Arizona	Phoenix-Mesa-Chandler, AZ	2009	M04	April	628.35
SMU04380603000000030	Arizona	Phoenix-Mesa-Chandler, AZ	2009	M03	March	650.52
SMU04380603000000030	Arizona	Phoenix-Mesa-Chandler, AZ	2009	M02	February	651.37
SMU04380603000000030	Arizona	Phoenix-Mesa-Chandler, AZ	2009	M01	January	673.54
SMU04380603000000030	Arizona	Phoenix-Mesa-Chandler, AZ	2008	M12	December	682.31
SMU04380603000000030	Arizona	Phoenix-Mesa-Chandler, AZ	2008	M11	November	674.31
SMU04380603000000030	Arizona	Phoenix-Mesa-Chandler, AZ	2008	M10	October	671.27
SMU04380603000000030	Arizona	Phoenix-Mesa-Chandler, AZ	2008	M09	September	704.00
SMU04380603000000030	Arizona	Phoenix-Mesa-Chandler, AZ	2008	M08	August	694.58
SMU04380603000000030	Arizona	Phoenix-Mesa-Chandler, AZ	2008	M07	July	681.32
SMU04380603000000030	Arizona	Phoenix-Mesa-Chandler, AZ	2008	M06	June	677.28
SMU04380603000000030	Arizona	Phoenix-Mesa-Chandler, AZ	2008	M05	May	665.04
SMU04380603000000030	Arizona	Phoenix-Mesa-Chandler, AZ	2008	M04	April	661.30
SMU04380603000000030	Arizona	Phoenix-Mesa-Chandler, AZ	2008	M03	March	663.74
SMU04380603000000030	Arizona	Phoenix-Mesa-Chandler, AZ	2008	M02	February	667.07
SMU04380603000000030	Arizona	Phoenix-Mesa-Chandler, AZ	2008	M01	January	663.28
SMU04380603000000030	Arizona	Phoenix-Mesa-Chandler, AZ	2007	M12	December	650.49
SMU04380603000000030	Arizona	Phoenix-Mesa-Chandler, AZ	2007	M11	November	657.76
SMU04380603000000030	Arizona	Phoenix-Mesa-Chandler, AZ	2007	M10	October	664.49
SMU04380603000000030	Arizona	Phoenix-Mesa-Chandler, AZ	2007	M09	September	666.06
SMU04380603000000030	Arizona	Phoenix-Mesa-Chandler, AZ	2007	M08	August	671.54
SMU04380603000000030	Arizona	Phoenix-Mesa-Chandler, AZ	2007	M07	July	672.78
SMU04380603000000030	Arizona	Phoenix-Mesa-Chandler, AZ	2007	M06	June	658.53
SMU04380603000000030	Arizona	Phoenix-Mesa-Chandler, AZ	2007	M05	May	658.79
SMU04380603000000030	Arizona	Phoenix-Mesa-Chandler, AZ	2007	M04	April	634.58
SMU04380603000000030	Arizona	Phoenix-Mesa-Chandler, AZ	2007	M03	March	630.99
SMU04380603000000030	Arizona	Phoenix-Mesa-Chandler, AZ	2007	M02	February	631.81
SMU04380603000000030	Arizona	Phoenix-Mesa-Chandler, AZ	2007	M01	January	627.59
SMU41389003000000030	Oregon	Portland-Vancouver-Hillsboro, OR-WA	2025	M12	December	1411.19
SMU41389003000000030	Oregon	Portland-Vancouver-Hillsboro, OR-WA	2025	M11	November	1401.46
SMU41389003000000030	Oregon	Portland-Vancouver-Hillsboro, OR-WA	2025	M10	October	1369.85
SMU41389003000000030	Oregon	Portland-Vancouver-Hillsboro, OR-WA	2025	M09	September	1373.97
SMU41389003000000030	Oregon	Portland-Vancouver-Hillsboro, OR-WA	2025	M08	August	1356.30
SMU41389003000000030	Oregon	Portland-Vancouver-Hillsboro, OR-WA	2025	M07	July	1367.43
SMU41389003000000030	Oregon	Portland-Vancouver-Hillsboro, OR-WA	2025	M06	June	1383.90
SMU41389003000000030	Oregon	Portland-Vancouver-Hillsboro, OR-WA	2025	M05	May	1375.64
SMU41389003000000030	Oregon	Portland-Vancouver-Hillsboro, OR-WA	2025	M04	April	1359.83
SMU41389003000000030	Oregon	Portland-Vancouver-Hillsboro, OR-WA	2025	M03	March	1347.45
SMU41389003000000030	Oregon	Portland-Vancouver-Hillsboro, OR-WA	2025	M02	February	1295.88
SMU41389003000000030	Oregon	Portland-Vancouver-Hillsboro, OR-WA	2025	M01	January	1307.92
SMU41389003000000030	Oregon	Portland-Vancouver-Hillsboro, OR-WA	2024	M12	December	1313.97
SMU41389003000000030	Oregon	Portland-Vancouver-Hillsboro, OR-WA	2024	M11	November	1263.07
SMU41389003000000030	Oregon	Portland-Vancouver-Hillsboro, OR-WA	2024	M10	October	1242.70
SMU41389003000000030	Oregon	Portland-Vancouver-Hillsboro, OR-WA	2024	M09	September	1286.12
SMU41389003000000030	Oregon	Portland-Vancouver-Hillsboro, OR-WA	2024	M08	August	1232.21
SMU41389003000000030	Oregon	Portland-Vancouver-Hillsboro, OR-WA	2024	M07	July	1193.81
SMU41389003000000030	Oregon	Portland-Vancouver-Hillsboro, OR-WA	2024	M06	June	1206.68
SMU41389003000000030	Oregon	Portland-Vancouver-Hillsboro, OR-WA	2024	M05	May	1169.72
SMU41389003000000030	Oregon	Portland-Vancouver-Hillsboro, OR-WA	2024	M04	April	1151.82
SMU41389003000000030	Oregon	Portland-Vancouver-Hillsboro, OR-WA	2024	M03	March	1160.53
SMU41389003000000030	Oregon	Portland-Vancouver-Hillsboro, OR-WA	2024	M02	February	1145.63
SMU41389003000000030	Oregon	Portland-Vancouver-Hillsboro, OR-WA	2024	M01	January	1073.46
SMU41389003000000030	Oregon	Portland-Vancouver-Hillsboro, OR-WA	2023	M12	December	1091.92
SMU41389003000000030	Oregon	Portland-Vancouver-Hillsboro, OR-WA	2023	M11	November	1095.19
SMU41389003000000030	Oregon	Portland-Vancouver-Hillsboro, OR-WA	2023	M10	October	1115.93
SMU41389003000000030	Oregon	Portland-Vancouver-Hillsboro, OR-WA	2023	M09	September	1080.96
SMU41389003000000030	Oregon	Portland-Vancouver-Hillsboro, OR-WA	2023	M08	August	1075.92
SMU41389003000000030	Oregon	Portland-Vancouver-Hillsboro, OR-WA	2023	M07	July	1073.47
SMU41389003000000030	Oregon	Portland-Vancouver-Hillsboro, OR-WA	2023	M06	June	1046.74
SMU41389003000000030	Oregon	Portland-Vancouver-Hillsboro, OR-WA	2023	M05	May	1044.48
SMU41389003000000030	Oregon	Portland-Vancouver-Hillsboro, OR-WA	2023	M04	April	1036.02
SMU41389003000000030	Oregon	Portland-Vancouver-Hillsboro, OR-WA	2023	M03	March	1055.66
SMU41389003000000030	Oregon	Portland-Vancouver-Hillsboro, OR-WA	2023	M02	February	1042.56
SMU41389003000000030	Oregon	Portland-Vancouver-Hillsboro, OR-WA	2023	M01	January	1034.28
SMU41389003000000030	Oregon	Portland-Vancouver-Hillsboro, OR-WA	2022	M12	December	1004.32
SMU41389003000000030	Oregon	Portland-Vancouver-Hillsboro, OR-WA	2022	M11	November	1051.60
SMU41389003000000030	Oregon	Portland-Vancouver-Hillsboro, OR-WA	2022	M10	October	1027.94
SMU41389003000000030	Oregon	Portland-Vancouver-Hillsboro, OR-WA	2022	M09	September	1014.21
SMU41389003000000030	Oregon	Portland-Vancouver-Hillsboro, OR-WA	2022	M08	August	1037.55
SMU41389003000000030	Oregon	Portland-Vancouver-Hillsboro, OR-WA	2022	M07	July	1034.09
SMU41389003000000030	Oregon	Portland-Vancouver-Hillsboro, OR-WA	2022	M06	June	1047.54
SMU41389003000000030	Oregon	Portland-Vancouver-Hillsboro, OR-WA	2022	M05	May	1041.23
SMU41389003000000030	Oregon	Portland-Vancouver-Hillsboro, OR-WA	2022	M04	April	1043.81
SMU41389003000000030	Oregon	Portland-Vancouver-Hillsboro, OR-WA	2022	M03	March	1038.18
SMU41389003000000030	Oregon	Portland-Vancouver-Hillsboro, OR-WA	2022	M02	February	1042.41
SMU41389003000000030	Oregon	Portland-Vancouver-Hillsboro, OR-WA	2022	M01	January	1010.04
SMU41389003000000030	Oregon	Portland-Vancouver-Hillsboro, OR-WA	2021	M12	December	1050.01
SMU41389003000000030	Oregon	Portland-Vancouver-Hillsboro, OR-WA	2021	M11	November	1056.55
SMU41389003000000030	Oregon	Portland-Vancouver-Hillsboro, OR-WA	2021	M10	October	1007.76
SMU41389003000000030	Oregon	Portland-Vancouver-Hillsboro, OR-WA	2021	M09	September	991.88
SMU41389003000000030	Oregon	Portland-Vancouver-Hillsboro, OR-WA	2021	M08	August	984.70
SMU41389003000000030	Oregon	Portland-Vancouver-Hillsboro, OR-WA	2021	M07	July	954.56
SMU41389003000000030	Oregon	Portland-Vancouver-Hillsboro, OR-WA	2021	M06	June	974.25
SMU41389003000000030	Oregon	Portland-Vancouver-Hillsboro, OR-WA	2021	M05	May	970.43
SMU41389003000000030	Oregon	Portland-Vancouver-Hillsboro, OR-WA	2021	M04	April	952.80
SMU41389003000000030	Oregon	Portland-Vancouver-Hillsboro, OR-WA	2021	M03	March	964.40
SMU41389003000000030	Oregon	Portland-Vancouver-Hillsboro, OR-WA	2021	M02	February	930.24
SMU41389003000000030	Oregon	Portland-Vancouver-Hillsboro, OR-WA	2021	M01	January	961.53
SMU41389003000000030	Oregon	Portland-Vancouver-Hillsboro, OR-WA	2020	M12	December	952.41
SMU41389003000000030	Oregon	Portland-Vancouver-Hillsboro, OR-WA	2020	M11	November	950.77
SMU41389003000000030	Oregon	Portland-Vancouver-Hillsboro, OR-WA	2020	M10	October	946.03
SMU41389003000000030	Oregon	Portland-Vancouver-Hillsboro, OR-WA	2020	M09	September	913.52
SMU41389003000000030	Oregon	Portland-Vancouver-Hillsboro, OR-WA	2020	M08	August	932.96
SMU41389003000000030	Oregon	Portland-Vancouver-Hillsboro, OR-WA	2020	M07	July	942.31
SMU41389003000000030	Oregon	Portland-Vancouver-Hillsboro, OR-WA	2020	M06	June	935.36
SMU41389003000000030	Oregon	Portland-Vancouver-Hillsboro, OR-WA	2020	M05	May	919.09
SMU41389003000000030	Oregon	Portland-Vancouver-Hillsboro, OR-WA	2020	M04	April	946.05
SMU41389003000000030	Oregon	Portland-Vancouver-Hillsboro, OR-WA	2020	M03	March	981.68
SMU41389003000000030	Oregon	Portland-Vancouver-Hillsboro, OR-WA	2020	M02	February	969.60
SMU41389003000000030	Oregon	Portland-Vancouver-Hillsboro, OR-WA	2020	M01	January	948.00
SMU41389003000000030	Oregon	Portland-Vancouver-Hillsboro, OR-WA	2019	M12	December	968.36
SMU41389003000000030	Oregon	Portland-Vancouver-Hillsboro, OR-WA	2019	M11	November	954.40
SMU41389003000000030	Oregon	Portland-Vancouver-Hillsboro, OR-WA	2019	M10	October	934.49
SMU41389003000000030	Oregon	Portland-Vancouver-Hillsboro, OR-WA	2019	M09	September	952.81
SMU41389003000000030	Oregon	Portland-Vancouver-Hillsboro, OR-WA	2019	M08	August	935.33
SMU41389003000000030	Oregon	Portland-Vancouver-Hillsboro, OR-WA	2019	M07	July	906.37
SMU41389003000000030	Oregon	Portland-Vancouver-Hillsboro, OR-WA	2019	M06	June	919.62
SMU41389003000000030	Oregon	Portland-Vancouver-Hillsboro, OR-WA	2019	M05	May	928.65
SMU41389003000000030	Oregon	Portland-Vancouver-Hillsboro, OR-WA	2019	M04	April	932.99
SMU41389003000000030	Oregon	Portland-Vancouver-Hillsboro, OR-WA	2019	M03	March	938.92
SMU41389003000000030	Oregon	Portland-Vancouver-Hillsboro, OR-WA	2019	M02	February	932.20
SMU41389003000000030	Oregon	Portland-Vancouver-Hillsboro, OR-WA	2019	M01	January	953.95
SMU41389003000000030	Oregon	Portland-Vancouver-Hillsboro, OR-WA	2018	M12	December	999.96
SMU41389003000000030	Oregon	Portland-Vancouver-Hillsboro, OR-WA	2018	M11	November	966.14
SMU41389003000000030	Oregon	Portland-Vancouver-Hillsboro, OR-WA	2018	M10	October	949.93
SMU41389003000000030	Oregon	Portland-Vancouver-Hillsboro, OR-WA	2018	M09	September	948.32
SMU41389003000000030	Oregon	Portland-Vancouver-Hillsboro, OR-WA	2018	M08	August	883.42
SMU41389003000000030	Oregon	Portland-Vancouver-Hillsboro, OR-WA	2018	M07	July	859.53
SMU41389003000000030	Oregon	Portland-Vancouver-Hillsboro, OR-WA	2018	M06	June	888.09
SMU41389003000000030	Oregon	Portland-Vancouver-Hillsboro, OR-WA	2018	M05	May	899.37
SMU41389003000000030	Oregon	Portland-Vancouver-Hillsboro, OR-WA	2018	M04	April	909.69
SMU41389003000000030	Oregon	Portland-Vancouver-Hillsboro, OR-WA	2018	M03	March	901.30
SMU41389003000000030	Oregon	Portland-Vancouver-Hillsboro, OR-WA	2018	M02	February	880.23
SMU41389003000000030	Oregon	Portland-Vancouver-Hillsboro, OR-WA	2018	M01	January	867.50
SMU41389003000000030	Oregon	Portland-Vancouver-Hillsboro, OR-WA	2017	M12	December	876.26
SMU41389003000000030	Oregon	Portland-Vancouver-Hillsboro, OR-WA	2017	M11	November	904.76
SMU41389003000000030	Oregon	Portland-Vancouver-Hillsboro, OR-WA	2017	M10	October	906.58
SMU41389003000000030	Oregon	Portland-Vancouver-Hillsboro, OR-WA	2017	M09	September	920.05
SMU41389003000000030	Oregon	Portland-Vancouver-Hillsboro, OR-WA	2017	M08	August	885.92
SMU41389003000000030	Oregon	Portland-Vancouver-Hillsboro, OR-WA	2017	M07	July	892.32
SMU41389003000000030	Oregon	Portland-Vancouver-Hillsboro, OR-WA	2017	M06	June	922.67
SMU41389003000000030	Oregon	Portland-Vancouver-Hillsboro, OR-WA	2017	M05	May	910.21
SMU41389003000000030	Oregon	Portland-Vancouver-Hillsboro, OR-WA	2017	M04	April	882.00
SMU41389003000000030	Oregon	Portland-Vancouver-Hillsboro, OR-WA	2017	M03	March	881.80
SMU41389003000000030	Oregon	Portland-Vancouver-Hillsboro, OR-WA	2017	M02	February	879.98
SMU41389003000000030	Oregon	Portland-Vancouver-Hillsboro, OR-WA	2017	M01	January	850.39
SMU41389003000000030	Oregon	Portland-Vancouver-Hillsboro, OR-WA	2016	M12	December	865.02
SMU41389003000000030	Oregon	Portland-Vancouver-Hillsboro, OR-WA	2016	M11	November	882.64
SMU41389003000000030	Oregon	Portland-Vancouver-Hillsboro, OR-WA	2016	M10	October	895.71
SMU41389003000000030	Oregon	Portland-Vancouver-Hillsboro, OR-WA	2016	M09	September	899.91
SMU41389003000000030	Oregon	Portland-Vancouver-Hillsboro, OR-WA	2016	M08	August	863.60
SMU41389003000000030	Oregon	Portland-Vancouver-Hillsboro, OR-WA	2016	M07	July	871.83
SMU41389003000000030	Oregon	Portland-Vancouver-Hillsboro, OR-WA	2016	M06	June	863.06
SMU41389003000000030	Oregon	Portland-Vancouver-Hillsboro, OR-WA	2016	M05	May	874.64
SMU41389003000000030	Oregon	Portland-Vancouver-Hillsboro, OR-WA	2016	M04	April	848.32
SMU41389003000000030	Oregon	Portland-Vancouver-Hillsboro, OR-WA	2016	M03	March	843.40
SMU41389003000000030	Oregon	Portland-Vancouver-Hillsboro, OR-WA	2016	M02	February	838.30
SMU41389003000000030	Oregon	Portland-Vancouver-Hillsboro, OR-WA	2016	M01	January	853.73
SMU41389003000000030	Oregon	Portland-Vancouver-Hillsboro, OR-WA	2015	M12	December	884.56
SMU41389003000000030	Oregon	Portland-Vancouver-Hillsboro, OR-WA	2015	M11	November	883.48
SMU41389003000000030	Oregon	Portland-Vancouver-Hillsboro, OR-WA	2015	M10	October	870.35
SMU41389003000000030	Oregon	Portland-Vancouver-Hillsboro, OR-WA	2015	M09	September	855.04
SMU41389003000000030	Oregon	Portland-Vancouver-Hillsboro, OR-WA	2015	M08	August	867.90
SMU41389003000000030	Oregon	Portland-Vancouver-Hillsboro, OR-WA	2015	M07	July	862.14
SMU41389003000000030	Oregon	Portland-Vancouver-Hillsboro, OR-WA	2015	M06	June	877.49
SMU41389003000000030	Oregon	Portland-Vancouver-Hillsboro, OR-WA	2015	M05	May	869.94
SMU41389003000000030	Oregon	Portland-Vancouver-Hillsboro, OR-WA	2015	M04	April	861.13
SMU41389003000000030	Oregon	Portland-Vancouver-Hillsboro, OR-WA	2015	M03	March	873.85
SMU41389003000000030	Oregon	Portland-Vancouver-Hillsboro, OR-WA	2015	M02	February	873.44
SMU41389003000000030	Oregon	Portland-Vancouver-Hillsboro, OR-WA	2015	M01	January	857.96
SMU41389003000000030	Oregon	Portland-Vancouver-Hillsboro, OR-WA	2014	M12	December	844.99
SMU41389003000000030	Oregon	Portland-Vancouver-Hillsboro, OR-WA	2014	M11	November	828.97
SMU41389003000000030	Oregon	Portland-Vancouver-Hillsboro, OR-WA	2014	M10	October	830.32
SMU41389003000000030	Oregon	Portland-Vancouver-Hillsboro, OR-WA	2014	M09	September	831.43
SMU41389003000000030	Oregon	Portland-Vancouver-Hillsboro, OR-WA	2014	M08	August	806.12
SMU41389003000000030	Oregon	Portland-Vancouver-Hillsboro, OR-WA	2014	M07	July	813.56
SMU41389003000000030	Oregon	Portland-Vancouver-Hillsboro, OR-WA	2014	M06	June	826.62
SMU41389003000000030	Oregon	Portland-Vancouver-Hillsboro, OR-WA	2014	M05	May	817.20
SMU41389003000000030	Oregon	Portland-Vancouver-Hillsboro, OR-WA	2014	M04	April	797.90
SMU41389003000000030	Oregon	Portland-Vancouver-Hillsboro, OR-WA	2014	M03	March	805.15
SMU41389003000000030	Oregon	Portland-Vancouver-Hillsboro, OR-WA	2014	M02	February	795.14
SMU41389003000000030	Oregon	Portland-Vancouver-Hillsboro, OR-WA	2014	M01	January	801.11
SMU41389003000000030	Oregon	Portland-Vancouver-Hillsboro, OR-WA	2013	M12	December	827.38
SMU41389003000000030	Oregon	Portland-Vancouver-Hillsboro, OR-WA	2013	M11	November	821.12
SMU41389003000000030	Oregon	Portland-Vancouver-Hillsboro, OR-WA	2013	M10	October	806.88
SMU41389003000000030	Oregon	Portland-Vancouver-Hillsboro, OR-WA	2013	M09	September	815.01
SMU41389003000000030	Oregon	Portland-Vancouver-Hillsboro, OR-WA	2013	M08	August	802.87
SMU41389003000000030	Oregon	Portland-Vancouver-Hillsboro, OR-WA	2013	M07	July	782.40
SMU41389003000000030	Oregon	Portland-Vancouver-Hillsboro, OR-WA	2013	M06	June	800.22
SMU41389003000000030	Oregon	Portland-Vancouver-Hillsboro, OR-WA	2013	M05	May	786.11
SMU41389003000000030	Oregon	Portland-Vancouver-Hillsboro, OR-WA	2013	M04	April	796.82
SMU41389003000000030	Oregon	Portland-Vancouver-Hillsboro, OR-WA	2013	M03	March	790.56
SMU41389003000000030	Oregon	Portland-Vancouver-Hillsboro, OR-WA	2013	M02	February	798.13
SMU41389003000000030	Oregon	Portland-Vancouver-Hillsboro, OR-WA	2013	M01	January	786.00
SMU41389003000000030	Oregon	Portland-Vancouver-Hillsboro, OR-WA	2012	M12	December	804.91
SMU41389003000000030	Oregon	Portland-Vancouver-Hillsboro, OR-WA	2012	M11	November	776.89
SMU41389003000000030	Oregon	Portland-Vancouver-Hillsboro, OR-WA	2012	M10	October	782.66
SMU41389003000000030	Oregon	Portland-Vancouver-Hillsboro, OR-WA	2012	M09	September	767.60
SMU41389003000000030	Oregon	Portland-Vancouver-Hillsboro, OR-WA	2012	M08	August	764.16
SMU41389003000000030	Oregon	Portland-Vancouver-Hillsboro, OR-WA	2012	M07	July	757.31
SMU41389003000000030	Oregon	Portland-Vancouver-Hillsboro, OR-WA	2012	M06	June	772.20
SMU41389003000000030	Oregon	Portland-Vancouver-Hillsboro, OR-WA	2012	M05	May	767.45
SMU41389003000000030	Oregon	Portland-Vancouver-Hillsboro, OR-WA	2012	M04	April	774.15
SMU41389003000000030	Oregon	Portland-Vancouver-Hillsboro, OR-WA	2012	M03	March	769.73
SMU41389003000000030	Oregon	Portland-Vancouver-Hillsboro, OR-WA	2012	M02	February	739.20
SMU41389003000000030	Oregon	Portland-Vancouver-Hillsboro, OR-WA	2012	M01	January	744.59
SMU41389003000000030	Oregon	Portland-Vancouver-Hillsboro, OR-WA	2011	M12	December	765.75
SMU41389003000000030	Oregon	Portland-Vancouver-Hillsboro, OR-WA	2011	M11	November	768.12
SMU41389003000000030	Oregon	Portland-Vancouver-Hillsboro, OR-WA	2011	M10	October	746.76
SMU41389003000000030	Oregon	Portland-Vancouver-Hillsboro, OR-WA	2011	M09	September	724.71
SMU41389003000000030	Oregon	Portland-Vancouver-Hillsboro, OR-WA	2011	M08	August	729.02
SMU41389003000000030	Oregon	Portland-Vancouver-Hillsboro, OR-WA	2011	M07	July	733.39
SMU41389003000000030	Oregon	Portland-Vancouver-Hillsboro, OR-WA	2011	M06	June	734.96
SMU41389003000000030	Oregon	Portland-Vancouver-Hillsboro, OR-WA	2011	M05	May	734.45
SMU41389003000000030	Oregon	Portland-Vancouver-Hillsboro, OR-WA	2011	M04	April	712.79
SMU41389003000000030	Oregon	Portland-Vancouver-Hillsboro, OR-WA	2011	M03	March	703.17
SMU41389003000000030	Oregon	Portland-Vancouver-Hillsboro, OR-WA	2011	M02	February	697.32
SMU41389003000000030	Oregon	Portland-Vancouver-Hillsboro, OR-WA	2011	M01	January	674.62
SMU41389003000000030	Oregon	Portland-Vancouver-Hillsboro, OR-WA	2010	M12	December	695.14
SMU41389003000000030	Oregon	Portland-Vancouver-Hillsboro, OR-WA	2010	M11	November	703.47
SMU41389003000000030	Oregon	Portland-Vancouver-Hillsboro, OR-WA	2010	M10	October	728.12
SMU41389003000000030	Oregon	Portland-Vancouver-Hillsboro, OR-WA	2010	M09	September	705.87
SMU41389003000000030	Oregon	Portland-Vancouver-Hillsboro, OR-WA	2010	M08	August	710.23
SMU41389003000000030	Oregon	Portland-Vancouver-Hillsboro, OR-WA	2010	M07	July	720.23
SMU41389003000000030	Oregon	Portland-Vancouver-Hillsboro, OR-WA	2010	M06	June	703.08
SMU41389003000000030	Oregon	Portland-Vancouver-Hillsboro, OR-WA	2010	M05	May	720.63
SMU41389003000000030	Oregon	Portland-Vancouver-Hillsboro, OR-WA	2010	M04	April	708.49
SMU41389003000000030	Oregon	Portland-Vancouver-Hillsboro, OR-WA	2010	M03	March	701.24
SMU41389003000000030	Oregon	Portland-Vancouver-Hillsboro, OR-WA	2010	M02	February	700.80
SMU41389003000000030	Oregon	Portland-Vancouver-Hillsboro, OR-WA	2010	M01	January	695.83
SMU41389003000000030	Oregon	Portland-Vancouver-Hillsboro, OR-WA	2009	M12	December	685.57
SMU41389003000000030	Oregon	Portland-Vancouver-Hillsboro, OR-WA	2009	M11	November	709.59
SMU41389003000000030	Oregon	Portland-Vancouver-Hillsboro, OR-WA	2009	M10	October	704.61
SMU41389003000000030	Oregon	Portland-Vancouver-Hillsboro, OR-WA	2009	M09	September	702.63
SMU41389003000000030	Oregon	Portland-Vancouver-Hillsboro, OR-WA	2009	M08	August	723.25
SMU41389003000000030	Oregon	Portland-Vancouver-Hillsboro, OR-WA	2009	M07	July	707.59
SMU41389003000000030	Oregon	Portland-Vancouver-Hillsboro, OR-WA	2009	M06	June	718.93
SMU41389003000000030	Oregon	Portland-Vancouver-Hillsboro, OR-WA	2009	M05	May	702.24
SMU41389003000000030	Oregon	Portland-Vancouver-Hillsboro, OR-WA	2009	M04	April	678.22
SMU41389003000000030	Oregon	Portland-Vancouver-Hillsboro, OR-WA	2009	M03	March	676.70
SMU41389003000000030	Oregon	Portland-Vancouver-Hillsboro, OR-WA	2009	M02	February	671.97
SMU41389003000000030	Oregon	Portland-Vancouver-Hillsboro, OR-WA	2009	M01	January	686.25
SMU41389003000000030	Oregon	Portland-Vancouver-Hillsboro, OR-WA	2008	M12	December	672.75
SMU41389003000000030	Oregon	Portland-Vancouver-Hillsboro, OR-WA	2008	M11	November	684.76
SMU41389003000000030	Oregon	Portland-Vancouver-Hillsboro, OR-WA	2008	M10	October	693.98
SMU41389003000000030	Oregon	Portland-Vancouver-Hillsboro, OR-WA	2008	M09	September	685.38
SMU41389003000000030	Oregon	Portland-Vancouver-Hillsboro, OR-WA	2008	M08	August	709.42
SMU41389003000000030	Oregon	Portland-Vancouver-Hillsboro, OR-WA	2008	M07	July	727.38
SMU41389003000000030	Oregon	Portland-Vancouver-Hillsboro, OR-WA	2008	M06	June	717.10
SMU41389003000000030	Oregon	Portland-Vancouver-Hillsboro, OR-WA	2008	M05	May	710.00
SMU41389003000000030	Oregon	Portland-Vancouver-Hillsboro, OR-WA	2008	M04	April	712.80
SMU41389003000000030	Oregon	Portland-Vancouver-Hillsboro, OR-WA	2008	M03	March	715.51
SMU41389003000000030	Oregon	Portland-Vancouver-Hillsboro, OR-WA	2008	M02	February	688.93
SMU41389003000000030	Oregon	Portland-Vancouver-Hillsboro, OR-WA	2008	M01	January	689.70
SMU41389003000000030	Oregon	Portland-Vancouver-Hillsboro, OR-WA	2007	M12	December	722.82
SMU41389003000000030	Oregon	Portland-Vancouver-Hillsboro, OR-WA	2007	M11	November	709.05
SMU41389003000000030	Oregon	Portland-Vancouver-Hillsboro, OR-WA	2007	M10	October	716.63
SMU41389003000000030	Oregon	Portland-Vancouver-Hillsboro, OR-WA	2007	M09	September	704.99
SMU41389003000000030	Oregon	Portland-Vancouver-Hillsboro, OR-WA	2007	M08	August	699.30
SMU41389003000000030	Oregon	Portland-Vancouver-Hillsboro, OR-WA	2007	M07	July	698.73
SMU41389003000000030	Oregon	Portland-Vancouver-Hillsboro, OR-WA	2007	M06	June	702.40
SMU41389003000000030	Oregon	Portland-Vancouver-Hillsboro, OR-WA	2007	M05	May	683.40
SMU41389003000000030	Oregon	Portland-Vancouver-Hillsboro, OR-WA	2007	M04	April	671.00
SMU41389003000000030	Oregon	Portland-Vancouver-Hillsboro, OR-WA	2007	M03	March	664.98
SMU41389003000000030	Oregon	Portland-Vancouver-Hillsboro, OR-WA	2007	M02	February	654.00
SMU41389003000000030	Oregon	Portland-Vancouver-Hillsboro, OR-WA	2007	M01	January	653.46
SMU39181403000000030	Ohio	Columbus, OH	2025	M12	December	809.25
SMU39181403000000030	Ohio	Columbus, OH	2025	M11	November	825.04
SMU39181403000000030	Ohio	Columbus, OH	2025	M10	October	816.87
SMU39181403000000030	Ohio	Columbus, OH	2025	M09	September	796.61
SMU39181403000000030	Ohio	Columbus, OH	2025	M08	August	754.69
SMU39181403000000030	Ohio	Columbus, OH	2025	M07	July	758.94
SMU39181403000000030	Ohio	Columbus, OH	2025	M06	June	784.92
SMU39181403000000030	Ohio	Columbus, OH	2025	M05	May	766.64
SMU39181403000000030	Ohio	Columbus, OH	2025	M04	April	725.56
SMU39181403000000030	Ohio	Columbus, OH	2025	M03	March	767.55
SMU39181403000000030	Ohio	Columbus, OH	2025	M02	February	762.41
SMU39181403000000030	Ohio	Columbus, OH	2025	M01	January	733.26
SMU39181403000000030	Ohio	Columbus, OH	2024	M12	December	688.34
SMU39181403000000030	Ohio	Columbus, OH	2024	M11	November	653.35
SMU39181403000000030	Ohio	Columbus, OH	2024	M10	October	608.33
SMU39181403000000030	Ohio	Columbus, OH	2024	M09	September	609.44
SMU39181403000000030	Ohio	Columbus, OH	2024	M08	August	583.24
SMU39181403000000030	Ohio	Columbus, OH	2024	M07	July	595.64
SMU39181403000000030	Ohio	Columbus, OH	2024	M06	June	584.96
SMU39181403000000030	Ohio	Columbus, OH	2024	M05	May	546.12
SMU39181403000000030	Ohio	Columbus, OH	2024	M04	April	509.21
SMU39181403000000030	Ohio	Columbus, OH	2024	M03	March	522.29
SMU39181403000000030	Ohio	Columbus, OH	2024	M02	February	539.81
SMU39181403000000030	Ohio	Columbus, OH	2024	M01	January	555.70
SMU39181403000000030	Ohio	Columbus, OH	2023	M12	December	571.14
SMU39181403000000030	Ohio	Columbus, OH	2023	M11	November	574.15
SMU39181403000000030	Ohio	Columbus, OH	2023	M10	October	600.64
SMU39181403000000030	Ohio	Columbus, OH	2023	M09	September	543.82
SMU39181403000000030	Ohio	Columbus, OH	2023	M08	August	512.72
SMU39181403000000030	Ohio	Columbus, OH	2023	M07	July	541.90
SMU39181403000000030	Ohio	Columbus, OH	2023	M06	June	528.00
SMU39181403000000030	Ohio	Columbus, OH	2023	M05	May	545.12
SMU39181403000000030	Ohio	Columbus, OH	2023	M04	April	529.38
SMU39181403000000030	Ohio	Columbus, OH	2023	M03	March	509.20
SMU39181403000000030	Ohio	Columbus, OH	2023	M02	February	474.05
SMU39181403000000030	Ohio	Columbus, OH	2023	M01	January	552.16
SMU39181403000000030	Ohio	Columbus, OH	2022	M12	December	628.49
SMU39181403000000030	Ohio	Columbus, OH	2022	M11	November	681.53
SMU39181403000000030	Ohio	Columbus, OH	2022	M10	October	575.13
SMU39181403000000030	Ohio	Columbus, OH	2022	M09	September	577.53
SMU39181403000000030	Ohio	Columbus, OH	2022	M08	August	578.99
SMU39181403000000030	Ohio	Columbus, OH	2022	M07	July	590.94
SMU39181403000000030	Ohio	Columbus, OH	2022	M06	June	621.43
SMU39181403000000030	Ohio	Columbus, OH	2022	M05	May	663.32
SMU39181403000000030	Ohio	Columbus, OH	2022	M04	April	661.20
SMU39181403000000030	Ohio	Columbus, OH	2022	M03	March	647.14
SMU39181403000000030	Ohio	Columbus, OH	2022	M02	February	749.88
SMU39181403000000030	Ohio	Columbus, OH	2022	M01	January	757.38
SMU39181403000000030	Ohio	Columbus, OH	2021	M12	December	793.96
SMU39181403000000030	Ohio	Columbus, OH	2021	M11	November	812.16
SMU39181403000000030	Ohio	Columbus, OH	2021	M10	October	777.00
SMU39181403000000030	Ohio	Columbus, OH	2021	M09	September	775.30
SMU39181403000000030	Ohio	Columbus, OH	2021	M08	August	775.99
SMU39181403000000030	Ohio	Columbus, OH	2021	M07	July	711.65
SMU39181403000000030	Ohio	Columbus, OH	2021	M06	June	678.11
SMU39181403000000030	Ohio	Columbus, OH	2021	M05	May	679.71
SMU39181403000000030	Ohio	Columbus, OH	2021	M04	April	658.78
SMU39181403000000030	Ohio	Columbus, OH	2021	M03	March	685.27
SMU39181403000000030	Ohio	Columbus, OH	2021	M02	February	623.69
SMU39181403000000030	Ohio	Columbus, OH	2021	M01	January	642.05
SMU39181403000000030	Ohio	Columbus, OH	2020	M12	December	778.26
SMU39181403000000030	Ohio	Columbus, OH	2020	M11	November	689.04
SMU39181403000000030	Ohio	Columbus, OH	2020	M10	October	696.26
SMU39181403000000030	Ohio	Columbus, OH	2020	M09	September	713.88
SMU39181403000000030	Ohio	Columbus, OH	2020	M08	August	707.04
SMU39181403000000030	Ohio	Columbus, OH	2020	M07	July	681.46
SMU39181403000000030	Ohio	Columbus, OH	2020	M06	June	656.43
SMU39181403000000030	Ohio	Columbus, OH	2020	M05	May	669.24
SMU39181403000000030	Ohio	Columbus, OH	2020	M04	April	658.16
SMU39181403000000030	Ohio	Columbus, OH	2020	M03	March	790.14
SMU39181403000000030	Ohio	Columbus, OH	2020	M02	February	766.75
SMU39181403000000030	Ohio	Columbus, OH	2020	M01	January	751.71
SMU39181403000000030	Ohio	Columbus, OH	2019	M12	December	797.86
SMU39181403000000030	Ohio	Columbus, OH	2019	M11	November	814.37
SMU39181403000000030	Ohio	Columbus, OH	2019	M10	October	791.50
SMU39181403000000030	Ohio	Columbus, OH	2019	M09	September	863.62
SMU39181403000000030	Ohio	Columbus, OH	2019	M08	August	845.01
SMU39181403000000030	Ohio	Columbus, OH	2019	M07	July	814.80
SMU39181403000000030	Ohio	Columbus, OH	2019	M06	June	854.03
SMU39181403000000030	Ohio	Columbus, OH	2019	M05	May	859.41
SMU39181403000000030	Ohio	Columbus, OH	2019	M04	April	844.12
SMU39181403000000030	Ohio	Columbus, OH	2019	M03	March	868.57
SMU39181403000000030	Ohio	Columbus, OH	2019	M02	February	842.90
SMU39181403000000030	Ohio	Columbus, OH	2019	M01	January	839.78
SMU39181403000000030	Ohio	Columbus, OH	2018	M12	December	883.58
SMU39181403000000030	Ohio	Columbus, OH	2018	M11	November	905.22
SMU39181403000000030	Ohio	Columbus, OH	2018	M10	October	909.90
SMU39181403000000030	Ohio	Columbus, OH	2018	M09	September	891.68
SMU39181403000000030	Ohio	Columbus, OH	2018	M08	August	867.32
SMU39181403000000030	Ohio	Columbus, OH	2018	M07	July	785.92
SMU39181403000000030	Ohio	Columbus, OH	2018	M06	June	843.67
SMU39181403000000030	Ohio	Columbus, OH	2018	M05	May	814.30
SMU39181403000000030	Ohio	Columbus, OH	2018	M04	April	843.21
SMU39181403000000030	Ohio	Columbus, OH	2018	M03	March	874.87
SMU39181403000000030	Ohio	Columbus, OH	2018	M02	February	922.32
SMU39181403000000030	Ohio	Columbus, OH	2018	M01	January	866.45
SMU39181403000000030	Ohio	Columbus, OH	2017	M12	December	957.86
SMU39181403000000030	Ohio	Columbus, OH	2017	M11	November	906.66
SMU39181403000000030	Ohio	Columbus, OH	2017	M10	October	905.95
SMU39181403000000030	Ohio	Columbus, OH	2017	M09	September	834.00
SMU39181403000000030	Ohio	Columbus, OH	2017	M08	August	842.81
SMU39181403000000030	Ohio	Columbus, OH	2017	M07	July	820.58
SMU39181403000000030	Ohio	Columbus, OH	2017	M06	June	850.75
SMU39181403000000030	Ohio	Columbus, OH	2017	M05	May	824.00
SMU39181403000000030	Ohio	Columbus, OH	2017	M04	April	878.14
SMU39181403000000030	Ohio	Columbus, OH	2017	M03	March	854.49
SMU39181403000000030	Ohio	Columbus, OH	2017	M02	February	893.71
SMU39181403000000030	Ohio	Columbus, OH	2017	M01	January	903.47
SMU39181403000000030	Ohio	Columbus, OH	2016	M12	December	891.31
SMU39181403000000030	Ohio	Columbus, OH	2016	M11	November	902.57
SMU39181403000000030	Ohio	Columbus, OH	2016	M10	October	897.41
SMU39181403000000030	Ohio	Columbus, OH	2016	M09	September	911.76
SMU39181403000000030	Ohio	Columbus, OH	2016	M08	August	906.88
SMU39181403000000030	Ohio	Columbus, OH	2016	M07	July	883.55
SMU39181403000000030	Ohio	Columbus, OH	2016	M06	June	874.15
SMU39181403000000030	Ohio	Columbus, OH	2016	M05	May	874.81
SMU39181403000000030	Ohio	Columbus, OH	2016	M04	April	858.17
SMU39181403000000030	Ohio	Columbus, OH	2016	M03	March	915.06
SMU39181403000000030	Ohio	Columbus, OH	2016	M02	February	859.07
SMU39181403000000030	Ohio	Columbus, OH	2016	M01	January	879.35
SMU39181403000000030	Ohio	Columbus, OH	2015	M12	December	872.34
SMU39181403000000030	Ohio	Columbus, OH	2015	M11	November	848.54
SMU39181403000000030	Ohio	Columbus, OH	2015	M10	October	833.51
SMU39181403000000030	Ohio	Columbus, OH	2015	M09	September	811.62
SMU39181403000000030	Ohio	Columbus, OH	2015	M08	August	834.67
SMU39181403000000030	Ohio	Columbus, OH	2015	M07	July	813.19
SMU39181403000000030	Ohio	Columbus, OH	2015	M06	June	867.34
SMU39181403000000030	Ohio	Columbus, OH	2015	M05	May	817.70
SMU39181403000000030	Ohio	Columbus, OH	2015	M04	April	817.67
SMU39181403000000030	Ohio	Columbus, OH	2015	M03	March	838.04
SMU39181403000000030	Ohio	Columbus, OH	2015	M02	February	788.00
SMU39181403000000030	Ohio	Columbus, OH	2015	M01	January	843.78
SMU39181403000000030	Ohio	Columbus, OH	2014	M12	December	844.48
SMU39181403000000030	Ohio	Columbus, OH	2014	M11	November	854.08
SMU39181403000000030	Ohio	Columbus, OH	2014	M10	October	859.46
SMU39181403000000030	Ohio	Columbus, OH	2014	M09	September	848.19
SMU39181403000000030	Ohio	Columbus, OH	2014	M08	August	830.93
SMU39181403000000030	Ohio	Columbus, OH	2014	M07	July	830.93
SMU39181403000000030	Ohio	Columbus, OH	2014	M06	June	802.18
SMU39181403000000030	Ohio	Columbus, OH	2014	M05	May	816.46
SMU39181403000000030	Ohio	Columbus, OH	2014	M04	April	817.83
SMU39181403000000030	Ohio	Columbus, OH	2014	M03	March	830.40
SMU39181403000000030	Ohio	Columbus, OH	2014	M02	February	842.14
SMU39181403000000030	Ohio	Columbus, OH	2014	M01	January	836.63
SMU39181403000000030	Ohio	Columbus, OH	2013	M12	December	873.44
SMU39181403000000030	Ohio	Columbus, OH	2013	M11	November	827.27
SMU39181403000000030	Ohio	Columbus, OH	2013	M10	October	849.44
SMU39181403000000030	Ohio	Columbus, OH	2013	M09	September	800.09
SMU39181403000000030	Ohio	Columbus, OH	2013	M08	August	851.44
SMU39181403000000030	Ohio	Columbus, OH	2013	M07	July	812.86
SMU39181403000000030	Ohio	Columbus, OH	2013	M06	June	811.31
SMU39181403000000030	Ohio	Columbus, OH	2013	M05	May	874.19
SMU39181403000000030	Ohio	Columbus, OH	2013	M04	April	832.61
SMU39181403000000030	Ohio	Columbus, OH	2013	M03	March	834.15
SMU39181403000000030	Ohio	Columbus, OH	2013	M02	February	889.01
SMU39181403000000030	Ohio	Columbus, OH	2013	M01	January	878.18
SMU39181403000000030	Ohio	Columbus, OH	2012	M12	December	890.67
SMU39181403000000030	Ohio	Columbus, OH	2012	M11	November	889.92
SMU39181403000000030	Ohio	Columbus, OH	2012	M10	October	925.45
SMU39181403000000030	Ohio	Columbus, OH	2012	M09	September	832.14
SMU39181403000000030	Ohio	Columbus, OH	2012	M08	August	811.57
SMU39181403000000030	Ohio	Columbus, OH	2012	M07	July	784.45
SMU39181403000000030	Ohio	Columbus, OH	2012	M06	June	775.20
SMU39181403000000030	Ohio	Columbus, OH	2012	M05	May	791.98
SMU39181403000000030	Ohio	Columbus, OH	2012	M04	April	799.68
SMU39181403000000030	Ohio	Columbus, OH	2012	M03	March	849.15
SMU39181403000000030	Ohio	Columbus, OH	2012	M02	February	835.92
SMU39181403000000030	Ohio	Columbus, OH	2012	M01	January	761.14
SMU39181403000000030	Ohio	Columbus, OH	2011	M12	December	732.93
SMU39181403000000030	Ohio	Columbus, OH	2011	M11	November	732.45
SMU39181403000000030	Ohio	Columbus, OH	2011	M10	October	768.80
SMU39181403000000030	Ohio	Columbus, OH	2011	M09	September	856.58
SMU39181403000000030	Ohio	Columbus, OH	2011	M08	August	840.69
SMU39181403000000030	Ohio	Columbus, OH	2011	M07	July	786.05
SMU39181403000000030	Ohio	Columbus, OH	2011	M06	June	729.12
SMU39181403000000030	Ohio	Columbus, OH	2011	M05	May	737.66
SMU39181403000000030	Ohio	Columbus, OH	2011	M04	April	698.33
SMU39181403000000030	Ohio	Columbus, OH	2011	M03	March	733.27
SMU39181403000000030	Ohio	Columbus, OH	2011	M02	February	731.54
SMU39181403000000030	Ohio	Columbus, OH	2011	M01	January	735.30
SMU39181403000000030	Ohio	Columbus, OH	2010	M12	December	714.30
SMU39181403000000030	Ohio	Columbus, OH	2010	M11	November	714.18
SMU39181403000000030	Ohio	Columbus, OH	2010	M10	October	712.32
SMU39181403000000030	Ohio	Columbus, OH	2010	M09	September	729.24
SMU39181403000000030	Ohio	Columbus, OH	2010	M08	August	733.02
SMU39181403000000030	Ohio	Columbus, OH	2010	M07	July	738.04
SMU39181403000000030	Ohio	Columbus, OH	2010	M06	June	734.14
SMU39181403000000030	Ohio	Columbus, OH	2010	M05	May	720.09
SMU39181403000000030	Ohio	Columbus, OH	2010	M04	April	720.47
SMU39181403000000030	Ohio	Columbus, OH	2010	M03	March	726.56
SMU39181403000000030	Ohio	Columbus, OH	2010	M02	February	728.47
SMU39181403000000030	Ohio	Columbus, OH	2010	M01	January	716.69
SMU39181403000000030	Ohio	Columbus, OH	2009	M12	December	729.54
SMU39181403000000030	Ohio	Columbus, OH	2009	M11	November	720.81
SMU39181403000000030	Ohio	Columbus, OH	2009	M10	October	706.50
SMU39181403000000030	Ohio	Columbus, OH	2009	M09	September	709.59
SMU39181403000000030	Ohio	Columbus, OH	2009	M08	August	714.61
SMU39181403000000030	Ohio	Columbus, OH	2009	M07	July	698.66
SMU39181403000000030	Ohio	Columbus, OH	2009	M06	June	690.87
SMU39181403000000030	Ohio	Columbus, OH	2009	M05	May	684.98
SMU39181403000000030	Ohio	Columbus, OH	2009	M04	April	687.96
SMU39181403000000030	Ohio	Columbus, OH	2009	M03	March	691.24
SMU39181403000000030	Ohio	Columbus, OH	2009	M02	February	676.31
SMU39181403000000030	Ohio	Columbus, OH	2009	M01	January	686.14
SMU39181403000000030	Ohio	Columbus, OH	2008	M12	December	678.98
SMU39181403000000030	Ohio	Columbus, OH	2008	M11	November	689.25
SMU39181403000000030	Ohio	Columbus, OH	2008	M10	October	703.18
SMU39181403000000030	Ohio	Columbus, OH	2008	M09	September	729.76
SMU39181403000000030	Ohio	Columbus, OH	2008	M08	August	744.80
SMU39181403000000030	Ohio	Columbus, OH	2008	M07	July	728.85
SMU39181403000000030	Ohio	Columbus, OH	2008	M06	June	747.34
SMU39181403000000030	Ohio	Columbus, OH	2008	M05	May	730.87
SMU39181403000000030	Ohio	Columbus, OH	2008	M04	April	742.40
SMU39181403000000030	Ohio	Columbus, OH	2008	M03	March	744.14
SMU39181403000000030	Ohio	Columbus, OH	2008	M02	February	729.60
SMU39181403000000030	Ohio	Columbus, OH	2008	M01	January	735.83
SMU39181403000000030	Ohio	Columbus, OH	2007	M12	December	699.31
SMU39181403000000030	Ohio	Columbus, OH	2007	M11	November	734.51
SMU39181403000000030	Ohio	Columbus, OH	2007	M10	October	737.33
SMU39181403000000030	Ohio	Columbus, OH	2007	M09	September	759.92
SMU39181403000000030	Ohio	Columbus, OH	2007	M08	August	778.13
SMU39181403000000030	Ohio	Columbus, OH	2007	M07	July	749.47
SMU39181403000000030	Ohio	Columbus, OH	2007	M06	June	762.79
SMU39181403000000030	Ohio	Columbus, OH	2007	M05	May	745.82
SMU39181403000000030	Ohio	Columbus, OH	2007	M04	April	755.61
SMU39181403000000030	Ohio	Columbus, OH	2007	M03	March	753.98
SMU39181403000000030	Ohio	Columbus, OH	2007	M02	February	733.06
SMU39181403000000030	Ohio	Columbus, OH	2007	M01	January	755.04
SMU48191003000000030	Texas	Dallas-Fort Worth-Arlington, TX	2025	M12	December	1608.58
SMU48191003000000030	Texas	Dallas-Fort Worth-Arlington, TX	2025	M11	November	1627.21
SMU48191003000000030	Texas	Dallas-Fort Worth-Arlington, TX	2025	M10	October	1598.35
SMU48191003000000030	Texas	Dallas-Fort Worth-Arlington, TX	2025	M09	September	1562.14
SMU48191003000000030	Texas	Dallas-Fort Worth-Arlington, TX	2025	M08	August	1516.83
SMU48191003000000030	Texas	Dallas-Fort Worth-Arlington, TX	2025	M07	July	1496.88
SMU48191003000000030	Texas	Dallas-Fort Worth-Arlington, TX	2025	M06	June	1516.32
SMU48191003000000030	Texas	Dallas-Fort Worth-Arlington, TX	2025	M05	May	1485.65
SMU48191003000000030	Texas	Dallas-Fort Worth-Arlington, TX	2025	M04	April	1568.65
SMU48191003000000030	Texas	Dallas-Fort Worth-Arlington, TX	2025	M03	March	1574.40
SMU48191003000000030	Texas	Dallas-Fort Worth-Arlington, TX	2025	M02	February	1589.54
SMU48191003000000030	Texas	Dallas-Fort Worth-Arlington, TX	2025	M01	January	1574.40
SMU48191003000000030	Texas	Dallas-Fort Worth-Arlington, TX	2024	M12	December	1573.30
SMU48191003000000030	Texas	Dallas-Fort Worth-Arlington, TX	2024	M11	November	1551.26
SMU48191003000000030	Texas	Dallas-Fort Worth-Arlington, TX	2024	M10	October	1562.98
SMU48191003000000030	Texas	Dallas-Fort Worth-Arlington, TX	2024	M09	September	1598.44
SMU48191003000000030	Texas	Dallas-Fort Worth-Arlington, TX	2024	M08	August	1568.55
SMU48191003000000030	Texas	Dallas-Fort Worth-Arlington, TX	2024	M07	July	1568.73
SMU48191003000000030	Texas	Dallas-Fort Worth-Arlington, TX	2024	M06	June	1569.52
SMU48191003000000030	Texas	Dallas-Fort Worth-Arlington, TX	2024	M05	May	1518.76
SMU48191003000000030	Texas	Dallas-Fort Worth-Arlington, TX	2024	M04	April	1519.02
SMU48191003000000030	Texas	Dallas-Fort Worth-Arlington, TX	2024	M03	March	1464.11
SMU48191003000000030	Texas	Dallas-Fort Worth-Arlington, TX	2024	M02	February	1413.30
SMU48191003000000030	Texas	Dallas-Fort Worth-Arlington, TX	2024	M01	January	1384.86
SMU48191003000000030	Texas	Dallas-Fort Worth-Arlington, TX	2023	M12	December	1414.11
SMU48191003000000030	Texas	Dallas-Fort Worth-Arlington, TX	2023	M11	November	1394.77
SMU48191003000000030	Texas	Dallas-Fort Worth-Arlington, TX	2023	M10	October	1412.40
SMU48191003000000030	Texas	Dallas-Fort Worth-Arlington, TX	2023	M09	September	1418.14
SMU48191003000000030	Texas	Dallas-Fort Worth-Arlington, TX	2023	M08	August	1405.05
SMU48191003000000030	Texas	Dallas-Fort Worth-Arlington, TX	2023	M07	July	1398.09
SMU48191003000000030	Texas	Dallas-Fort Worth-Arlington, TX	2023	M06	June	1388.94
SMU48191003000000030	Texas	Dallas-Fort Worth-Arlington, TX	2023	M05	May	1363.45
SMU48191003000000030	Texas	Dallas-Fort Worth-Arlington, TX	2023	M04	April	1367.41
SMU48191003000000030	Texas	Dallas-Fort Worth-Arlington, TX	2023	M03	March	1371.57
SMU48191003000000030	Texas	Dallas-Fort Worth-Arlington, TX	2023	M02	February	1336.15
SMU48191003000000030	Texas	Dallas-Fort Worth-Arlington, TX	2023	M01	January	1333.32
SMU48191003000000030	Texas	Dallas-Fort Worth-Arlington, TX	2022	M12	December	1346.26
SMU48191003000000030	Texas	Dallas-Fort Worth-Arlington, TX	2022	M11	November	1341.36
SMU48191003000000030	Texas	Dallas-Fort Worth-Arlington, TX	2022	M10	October	1357.73
SMU48191003000000030	Texas	Dallas-Fort Worth-Arlington, TX	2022	M09	September	1319.84
SMU48191003000000030	Texas	Dallas-Fort Worth-Arlington, TX	2022	M08	August	1326.82
SMU48191003000000030	Texas	Dallas-Fort Worth-Arlington, TX	2022	M07	July	1362.02
SMU48191003000000030	Texas	Dallas-Fort Worth-Arlington, TX	2022	M06	June	1337.36
SMU48191003000000030	Texas	Dallas-Fort Worth-Arlington, TX	2022	M05	May	1373.09
SMU48191003000000030	Texas	Dallas-Fort Worth-Arlington, TX	2022	M04	April	1350.81
SMU48191003000000030	Texas	Dallas-Fort Worth-Arlington, TX	2022	M03	March	1395.65
SMU48191003000000030	Texas	Dallas-Fort Worth-Arlington, TX	2022	M02	February	1405.30
SMU48191003000000030	Texas	Dallas-Fort Worth-Arlington, TX	2022	M01	January	1418.15
SMU48191003000000030	Texas	Dallas-Fort Worth-Arlington, TX	2021	M12	December	1431.66
SMU48191003000000030	Texas	Dallas-Fort Worth-Arlington, TX	2021	M11	November	1408.68
SMU48191003000000030	Texas	Dallas-Fort Worth-Arlington, TX	2021	M10	October	1348.90
SMU48191003000000030	Texas	Dallas-Fort Worth-Arlington, TX	2021	M09	September	1378.81
SMU48191003000000030	Texas	Dallas-Fort Worth-Arlington, TX	2021	M08	August	1369.20
SMU48191003000000030	Texas	Dallas-Fort Worth-Arlington, TX	2021	M07	July	1380.29
SMU48191003000000030	Texas	Dallas-Fort Worth-Arlington, TX	2021	M06	June	1337.42
SMU48191003000000030	Texas	Dallas-Fort Worth-Arlington, TX	2021	M05	May	1332.53
SMU48191003000000030	Texas	Dallas-Fort Worth-Arlington, TX	2021	M04	April	1354.50
SMU48191003000000030	Texas	Dallas-Fort Worth-Arlington, TX	2021	M03	March	1342.38
SMU48191003000000030	Texas	Dallas-Fort Worth-Arlington, TX	2021	M02	February	1282.26
SMU48191003000000030	Texas	Dallas-Fort Worth-Arlington, TX	2021	M01	January	1294.72
SMU48191003000000030	Texas	Dallas-Fort Worth-Arlington, TX	2020	M12	December	1323.11
SMU48191003000000030	Texas	Dallas-Fort Worth-Arlington, TX	2020	M11	November	1329.80
SMU48191003000000030	Texas	Dallas-Fort Worth-Arlington, TX	2020	M10	October	1323.03
SMU48191003000000030	Texas	Dallas-Fort Worth-Arlington, TX	2020	M09	September	1332.53
SMU48191003000000030	Texas	Dallas-Fort Worth-Arlington, TX	2020	M08	August	1334.16
SMU48191003000000030	Texas	Dallas-Fort Worth-Arlington, TX	2020	M07	July	1318.75
SMU48191003000000030	Texas	Dallas-Fort Worth-Arlington, TX	2020	M06	June	1293.37
SMU48191003000000030	Texas	Dallas-Fort Worth-Arlington, TX	2020	M05	May	1265.53
SMU48191003000000030	Texas	Dallas-Fort Worth-Arlington, TX	2020	M04	April	1230.18
SMU48191003000000030	Texas	Dallas-Fort Worth-Arlington, TX	2020	M03	March	1250.64
SMU48191003000000030	Texas	Dallas-Fort Worth-Arlington, TX	2020	M02	February	1232.56
SMU48191003000000030	Texas	Dallas-Fort Worth-Arlington, TX	2020	M01	January	1243.70
SMU48191003000000030	Texas	Dallas-Fort Worth-Arlington, TX	2019	M12	December	1260.91
SMU48191003000000030	Texas	Dallas-Fort Worth-Arlington, TX	2019	M11	November	1239.94
SMU48191003000000030	Texas	Dallas-Fort Worth-Arlington, TX	2019	M10	October	1240.64
SMU48191003000000030	Texas	Dallas-Fort Worth-Arlington, TX	2019	M09	September	1211.97
SMU48191003000000030	Texas	Dallas-Fort Worth-Arlington, TX	2019	M08	August	1230.83
SMU48191003000000030	Texas	Dallas-Fort Worth-Arlington, TX	2019	M07	July	1210.43
SMU48191003000000030	Texas	Dallas-Fort Worth-Arlington, TX	2019	M06	June	1241.86
SMU48191003000000030	Texas	Dallas-Fort Worth-Arlington, TX	2019	M05	May	1231.27
SMU48191003000000030	Texas	Dallas-Fort Worth-Arlington, TX	2019	M04	April	1258.88
SMU48191003000000030	Texas	Dallas-Fort Worth-Arlington, TX	2019	M03	March	1243.62
SMU48191003000000030	Texas	Dallas-Fort Worth-Arlington, TX	2019	M02	February	1244.67
SMU48191003000000030	Texas	Dallas-Fort Worth-Arlington, TX	2019	M01	January	1236.10
SMU48191003000000030	Texas	Dallas-Fort Worth-Arlington, TX	2018	M12	December	1246.62
SMU48191003000000030	Texas	Dallas-Fort Worth-Arlington, TX	2018	M11	November	1226.05
SMU48191003000000030	Texas	Dallas-Fort Worth-Arlington, TX	2018	M10	October	1211.20
SMU48191003000000030	Texas	Dallas-Fort Worth-Arlington, TX	2018	M09	September	1189.16
SMU48191003000000030	Texas	Dallas-Fort Worth-Arlington, TX	2018	M08	August	1207.69
SMU48191003000000030	Texas	Dallas-Fort Worth-Arlington, TX	2018	M07	July	1182.79
SMU48191003000000030	Texas	Dallas-Fort Worth-Arlington, TX	2018	M06	June	1191.89
SMU48191003000000030	Texas	Dallas-Fort Worth-Arlington, TX	2018	M05	May	1173.40
SMU48191003000000030	Texas	Dallas-Fort Worth-Arlington, TX	2018	M04	April	1184.61
SMU48191003000000030	Texas	Dallas-Fort Worth-Arlington, TX	2018	M03	March	1165.73
SMU48191003000000030	Texas	Dallas-Fort Worth-Arlington, TX	2018	M02	February	1168.87
SMU48191003000000030	Texas	Dallas-Fort Worth-Arlington, TX	2018	M01	January	1154.38
SMU48191003000000030	Texas	Dallas-Fort Worth-Arlington, TX	2017	M12	December	1186.35
SMU48191003000000030	Texas	Dallas-Fort Worth-Arlington, TX	2017	M11	November	1163.01
SMU48191003000000030	Texas	Dallas-Fort Worth-Arlington, TX	2017	M10	October	1159.48
SMU48191003000000030	Texas	Dallas-Fort Worth-Arlington, TX	2017	M09	September	1148.44
SMU48191003000000030	Texas	Dallas-Fort Worth-Arlington, TX	2017	M08	August	1137.91
SMU48191003000000030	Texas	Dallas-Fort Worth-Arlington, TX	2017	M07	July	1142.75
SMU48191003000000030	Texas	Dallas-Fort Worth-Arlington, TX	2017	M06	June	1127.71
SMU48191003000000030	Texas	Dallas-Fort Worth-Arlington, TX	2017	M05	May	1103.89
SMU48191003000000030	Texas	Dallas-Fort Worth-Arlington, TX	2017	M04	April	1075.47
SMU48191003000000030	Texas	Dallas-Fort Worth-Arlington, TX	2017	M03	March	1093.85
SMU48191003000000030	Texas	Dallas-Fort Worth-Arlington, TX	2017	M02	February	1108.06
SMU48191003000000030	Texas	Dallas-Fort Worth-Arlington, TX	2017	M01	January	1088.91
SMU48191003000000030	Texas	Dallas-Fort Worth-Arlington, TX	2016	M12	December	1154.13
SMU48191003000000030	Texas	Dallas-Fort Worth-Arlington, TX	2016	M11	November	1140.50
SMU48191003000000030	Texas	Dallas-Fort Worth-Arlington, TX	2016	M10	October	1135.71
SMU48191003000000030	Texas	Dallas-Fort Worth-Arlington, TX	2016	M09	September	1148.66
SMU48191003000000030	Texas	Dallas-Fort Worth-Arlington, TX	2016	M08	August	1149.14
SMU48191003000000030	Texas	Dallas-Fort Worth-Arlington, TX	2016	M07	July	1141.25
SMU48191003000000030	Texas	Dallas-Fort Worth-Arlington, TX	2016	M06	June	1137.17
SMU48191003000000030	Texas	Dallas-Fort Worth-Arlington, TX	2016	M05	May	1171.69
SMU48191003000000030	Texas	Dallas-Fort Worth-Arlington, TX	2016	M04	April	1140.94
SMU48191003000000030	Texas	Dallas-Fort Worth-Arlington, TX	2016	M03	March	1115.11
SMU48191003000000030	Texas	Dallas-Fort Worth-Arlington, TX	2016	M02	February	1112.62
SMU48191003000000030	Texas	Dallas-Fort Worth-Arlington, TX	2016	M01	January	1164.80
SMU48191003000000030	Texas	Dallas-Fort Worth-Arlington, TX	2015	M12	December	1203.77
SMU48191003000000030	Texas	Dallas-Fort Worth-Arlington, TX	2015	M11	November	1167.05
SMU48191003000000030	Texas	Dallas-Fort Worth-Arlington, TX	2015	M10	October	1150.37
SMU48191003000000030	Texas	Dallas-Fort Worth-Arlington, TX	2015	M09	September	1142.40
SMU48191003000000030	Texas	Dallas-Fort Worth-Arlington, TX	2015	M08	August	1151.75
SMU48191003000000030	Texas	Dallas-Fort Worth-Arlington, TX	2015	M07	July	1114.27
SMU48191003000000030	Texas	Dallas-Fort Worth-Arlington, TX	2015	M06	June	1106.86
SMU48191003000000030	Texas	Dallas-Fort Worth-Arlington, TX	2015	M05	May	1103.52
SMU48191003000000030	Texas	Dallas-Fort Worth-Arlington, TX	2015	M04	April	1119.59
SMU48191003000000030	Texas	Dallas-Fort Worth-Arlington, TX	2015	M03	March	1098.67
SMU48191003000000030	Texas	Dallas-Fort Worth-Arlington, TX	2015	M02	February	1070.60
SMU48191003000000030	Texas	Dallas-Fort Worth-Arlington, TX	2015	M01	January	1043.28
SMU48191003000000030	Texas	Dallas-Fort Worth-Arlington, TX	2014	M12	December	1070.92
SMU48191003000000030	Texas	Dallas-Fort Worth-Arlington, TX	2014	M11	November	1065.00
SMU48191003000000030	Texas	Dallas-Fort Worth-Arlington, TX	2014	M10	October	1050.02
SMU48191003000000030	Texas	Dallas-Fort Worth-Arlington, TX	2014	M09	September	1064.29
SMU48191003000000030	Texas	Dallas-Fort Worth-Arlington, TX	2014	M08	August	1049.15
SMU48191003000000030	Texas	Dallas-Fort Worth-Arlington, TX	2014	M07	July	1043.73
SMU48191003000000030	Texas	Dallas-Fort Worth-Arlington, TX	2014	M06	June	1062.97
SMU48191003000000030	Texas	Dallas-Fort Worth-Arlington, TX	2014	M05	May	1048.05
SMU48191003000000030	Texas	Dallas-Fort Worth-Arlington, TX	2014	M04	April	1046.35
SMU48191003000000030	Texas	Dallas-Fort Worth-Arlington, TX	2014	M03	March	1049.99
SMU48191003000000030	Texas	Dallas-Fort Worth-Arlington, TX	2014	M02	February	1022.85
SMU48191003000000030	Texas	Dallas-Fort Worth-Arlington, TX	2014	M01	January	1009.01
SMU48191003000000030	Texas	Dallas-Fort Worth-Arlington, TX	2013	M12	December	1012.70
SMU48191003000000030	Texas	Dallas-Fort Worth-Arlington, TX	2013	M11	November	1013.52
SMU48191003000000030	Texas	Dallas-Fort Worth-Arlington, TX	2013	M10	October	1008.92
SMU48191003000000030	Texas	Dallas-Fort Worth-Arlington, TX	2013	M09	September	1006.72
SMU48191003000000030	Texas	Dallas-Fort Worth-Arlington, TX	2013	M08	August	998.98
SMU48191003000000030	Texas	Dallas-Fort Worth-Arlington, TX	2013	M07	July	1042.88
SMU48191003000000030	Texas	Dallas-Fort Worth-Arlington, TX	2013	M06	June	1030.32
SMU48191003000000030	Texas	Dallas-Fort Worth-Arlington, TX	2013	M05	May	1012.65
SMU48191003000000030	Texas	Dallas-Fort Worth-Arlington, TX	2013	M04	April	1046.40
SMU48191003000000030	Texas	Dallas-Fort Worth-Arlington, TX	2013	M03	March	1015.87
SMU48191003000000030	Texas	Dallas-Fort Worth-Arlington, TX	2013	M02	February	1004.54
SMU48191003000000030	Texas	Dallas-Fort Worth-Arlington, TX	2013	M01	January	983.68
SMU48191003000000030	Texas	Dallas-Fort Worth-Arlington, TX	2012	M12	December	1014.77
SMU48191003000000030	Texas	Dallas-Fort Worth-Arlington, TX	2012	M11	November	998.76
SMU48191003000000030	Texas	Dallas-Fort Worth-Arlington, TX	2012	M10	October	947.61
SMU48191003000000030	Texas	Dallas-Fort Worth-Arlington, TX	2012	M09	September	950.30
SMU48191003000000030	Texas	Dallas-Fort Worth-Arlington, TX	2012	M08	August	929.60
SMU48191003000000030	Texas	Dallas-Fort Worth-Arlington, TX	2012	M07	July	916.57
SMU48191003000000030	Texas	Dallas-Fort Worth-Arlington, TX	2012	M06	June	959.79
SMU48191003000000030	Texas	Dallas-Fort Worth-Arlington, TX	2012	M05	May	913.95
SMU48191003000000030	Texas	Dallas-Fort Worth-Arlington, TX	2012	M04	April	908.46
SMU48191003000000030	Texas	Dallas-Fort Worth-Arlington, TX	2012	M03	March	932.88
SMU48191003000000030	Texas	Dallas-Fort Worth-Arlington, TX	2012	M02	February	931.18
SMU48191003000000030	Texas	Dallas-Fort Worth-Arlington, TX	2012	M01	January	932.03
SMU48191003000000030	Texas	Dallas-Fort Worth-Arlington, TX	2011	M12	December	955.89
SMU48191003000000030	Texas	Dallas-Fort Worth-Arlington, TX	2011	M11	November	912.91
SMU48191003000000030	Texas	Dallas-Fort Worth-Arlington, TX	2011	M10	October	875.28
SMU48191003000000030	Texas	Dallas-Fort Worth-Arlington, TX	2011	M09	September	840.79
SMU48191003000000030	Texas	Dallas-Fort Worth-Arlington, TX	2011	M08	August	818.64
SMU48191003000000030	Texas	Dallas-Fort Worth-Arlington, TX	2011	M07	July	785.45
SMU48191003000000030	Texas	Dallas-Fort Worth-Arlington, TX	2011	M06	June	791.20
SMU48191003000000030	Texas	Dallas-Fort Worth-Arlington, TX	2011	M05	May	787.46
SMU48191003000000030	Texas	Dallas-Fort Worth-Arlington, TX	2011	M04	April	784.45
SMU48191003000000030	Texas	Dallas-Fort Worth-Arlington, TX	2011	M03	March	759.10
SMU48191003000000030	Texas	Dallas-Fort Worth-Arlington, TX	2011	M02	February	721.11
SMU48191003000000030	Texas	Dallas-Fort Worth-Arlington, TX	2011	M01	January	697.19
SMU48191003000000030	Texas	Dallas-Fort Worth-Arlington, TX	2010	M12	December	696.14
SMU48191003000000030	Texas	Dallas-Fort Worth-Arlington, TX	2010	M11	November	703.04
SMU48191003000000030	Texas	Dallas-Fort Worth-Arlington, TX	2010	M10	October	693.33
SMU48191003000000030	Texas	Dallas-Fort Worth-Arlington, TX	2010	M09	September	695.88
SMU48191003000000030	Texas	Dallas-Fort Worth-Arlington, TX	2010	M08	August	709.05
SMU48191003000000030	Texas	Dallas-Fort Worth-Arlington, TX	2010	M07	July	706.17
SMU48191003000000030	Texas	Dallas-Fort Worth-Arlington, TX	2010	M06	June	704.17
SMU48191003000000030	Texas	Dallas-Fort Worth-Arlington, TX	2010	M05	May	698.80
SMU48191003000000030	Texas	Dallas-Fort Worth-Arlington, TX	2010	M04	April	699.03
SMU48191003000000030	Texas	Dallas-Fort Worth-Arlington, TX	2010	M03	March	696.14
SMU48191003000000030	Texas	Dallas-Fort Worth-Arlington, TX	2010	M02	February	682.11
SMU48191003000000030	Texas	Dallas-Fort Worth-Arlington, TX	2010	M01	January	684.56
SMU48191003000000030	Texas	Dallas-Fort Worth-Arlington, TX	2009	M12	December	676.89
SMU48191003000000030	Texas	Dallas-Fort Worth-Arlington, TX	2009	M11	November	665.47
SMU48191003000000030	Texas	Dallas-Fort Worth-Arlington, TX	2009	M10	October	672.29
SMU48191003000000030	Texas	Dallas-Fort Worth-Arlington, TX	2009	M09	September	653.00
SMU48191003000000030	Texas	Dallas-Fort Worth-Arlington, TX	2009	M08	August	657.83
SMU48191003000000030	Texas	Dallas-Fort Worth-Arlington, TX	2009	M07	July	658.50
SMU48191003000000030	Texas	Dallas-Fort Worth-Arlington, TX	2009	M06	June	658.77
SMU48191003000000030	Texas	Dallas-Fort Worth-Arlington, TX	2009	M05	May	649.38
SMU48191003000000030	Texas	Dallas-Fort Worth-Arlington, TX	2009	M04	April	651.90
SMU48191003000000030	Texas	Dallas-Fort Worth-Arlington, TX	2009	M03	March	638.94
SMU48191003000000030	Texas	Dallas-Fort Worth-Arlington, TX	2009	M02	February	644.23
SMU48191003000000030	Texas	Dallas-Fort Worth-Arlington, TX	2009	M01	January	623.04
SMU48191003000000030	Texas	Dallas-Fort Worth-Arlington, TX	2008	M12	December	632.19
SMU48191003000000030	Texas	Dallas-Fort Worth-Arlington, TX	2008	M11	November	632.90
SMU48191003000000030	Texas	Dallas-Fort Worth-Arlington, TX	2008	M10	October	654.03
SMU48191003000000030	Texas	Dallas-Fort Worth-Arlington, TX	2008	M09	September	659.56
SMU48191003000000030	Texas	Dallas-Fort Worth-Arlington, TX	2008	M08	August	650.72
SMU48191003000000030	Texas	Dallas-Fort Worth-Arlington, TX	2008	M07	July	647.79
SMU48191003000000030	Texas	Dallas-Fort Worth-Arlington, TX	2008	M06	June	647.69
SMU48191003000000030	Texas	Dallas-Fort Worth-Arlington, TX	2008	M05	May	647.89
SMU48191003000000030	Texas	Dallas-Fort Worth-Arlington, TX	2008	M04	April	642.56
SMU48191003000000030	Texas	Dallas-Fort Worth-Arlington, TX	2008	M03	March	638.35
SMU48191003000000030	Texas	Dallas-Fort Worth-Arlington, TX	2008	M02	February	638.94
SMU48191003000000030	Texas	Dallas-Fort Worth-Arlington, TX	2008	M01	January	617.40
SMU48191003000000030	Texas	Dallas-Fort Worth-Arlington, TX	2007	M12	December	616.88
SMU48191003000000030	Texas	Dallas-Fort Worth-Arlington, TX	2007	M11	November	613.43
SMU48191003000000030	Texas	Dallas-Fort Worth-Arlington, TX	2007	M10	October	622.44
SMU48191003000000030	Texas	Dallas-Fort Worth-Arlington, TX	2007	M09	September	629.24
SMU48191003000000030	Texas	Dallas-Fort Worth-Arlington, TX	2007	M08	August	640.98
SMU48191003000000030	Texas	Dallas-Fort Worth-Arlington, TX	2007	M07	July	621.23
SMU48191003000000030	Texas	Dallas-Fort Worth-Arlington, TX	2007	M06	June	634.53
SMU48191003000000030	Texas	Dallas-Fort Worth-Arlington, TX	2007	M05	May	634.70
SMU48191003000000030	Texas	Dallas-Fort Worth-Arlington, TX	2007	M04	April	630.43
SMU48191003000000030	Texas	Dallas-Fort Worth-Arlington, TX	2007	M03	March	624.39
SMU48191003000000030	Texas	Dallas-Fort Worth-Arlington, TX	2007	M02	February	617.21
SMU48191003000000030	Texas	Dallas-Fort Worth-Arlington, TX	2007	M01	January	597.17
SMU39174103000000030	Ohio	Cleveland, OH	2025	M12	December	1182.27
SMU39174103000000030	Ohio	Cleveland, OH	2025	M11	November	1195.10
SMU39174103000000030	Ohio	Cleveland, OH	2025	M10	October	1141.23
SMU39174103000000030	Ohio	Cleveland, OH	2025	M09	September	1196.00
SMU39174103000000030	Ohio	Cleveland, OH	2025	M08	August	1174.04
SMU39174103000000030	Ohio	Cleveland, OH	2025	M07	July	1191.09
SMU39174103000000030	Ohio	Cleveland, OH	2025	M06	June	1184.02
SMU39174103000000030	Ohio	Cleveland, OH	2025	M05	May	1196.67
SMU39174103000000030	Ohio	Cleveland, OH	2025	M04	April	1219.73
SMU39174103000000030	Ohio	Cleveland, OH	2025	M03	March	1227.37
SMU39174103000000030	Ohio	Cleveland, OH	2025	M02	February	1232.09
SMU39174103000000030	Ohio	Cleveland, OH	2025	M01	January	1166.42
SMU39174103000000030	Ohio	Cleveland, OH	2024	M12	December	1196.58
SMU39174103000000030	Ohio	Cleveland, OH	2024	M11	November	1191.54
SMU39174103000000030	Ohio	Cleveland, OH	2024	M10	October	1157.09
SMU39174103000000030	Ohio	Cleveland, OH	2024	M09	September	1153.04
SMU39174103000000030	Ohio	Cleveland, OH	2024	M08	August	1154.19
SMU39174103000000030	Ohio	Cleveland, OH	2024	M07	July	1137.80
SMU39174103000000030	Ohio	Cleveland, OH	2024	M06	June	1138.87
SMU39174103000000030	Ohio	Cleveland, OH	2024	M05	May	1155.86
SMU39174103000000030	Ohio	Cleveland, OH	2024	M04	April	1117.56
SMU39174103000000030	Ohio	Cleveland, OH	2024	M03	March	1136.12
SMU39174103000000030	Ohio	Cleveland, OH	2024	M02	February	1108.79
SMU39174103000000030	Ohio	Cleveland, OH	2024	M01	January	1117.98
SMU39174103000000030	Ohio	Cleveland, OH	2023	M12	December	1118.21
SMU39174103000000030	Ohio	Cleveland, OH	2023	M11	November	1071.23
SMU39174103000000030	Ohio	Cleveland, OH	2023	M10	October	1089.50
SMU39174103000000030	Ohio	Cleveland, OH	2023	M09	September	1072.15
SMU39174103000000030	Ohio	Cleveland, OH	2023	M08	August	1067.71
SMU39174103000000030	Ohio	Cleveland, OH	2023	M07	July	1036.32
SMU39174103000000030	Ohio	Cleveland, OH	2023	M06	June	1064.30
SMU39174103000000030	Ohio	Cleveland, OH	2023	M05	May	1023.33
SMU39174103000000030	Ohio	Cleveland, OH	2023	M04	April	1018.17
SMU39174103000000030	Ohio	Cleveland, OH	2023	M03	March	987.39
SMU39174103000000030	Ohio	Cleveland, OH	2023	M02	February	1003.95
SMU39174103000000030	Ohio	Cleveland, OH	2023	M01	January	1055.34
SMU39174103000000030	Ohio	Cleveland, OH	2022	M12	December	1045.80
SMU39174103000000030	Ohio	Cleveland, OH	2022	M11	November	1050.78
SMU39174103000000030	Ohio	Cleveland, OH	2022	M10	October	1054.16
SMU39174103000000030	Ohio	Cleveland, OH	2022	M09	September	1035.08
SMU39174103000000030	Ohio	Cleveland, OH	2022	M08	August	1005.71
SMU39174103000000030	Ohio	Cleveland, OH	2022	M07	July	999.86
SMU39174103000000030	Ohio	Cleveland, OH	2022	M06	June	1002.12
SMU39174103000000030	Ohio	Cleveland, OH	2022	M05	May	967.37
SMU39174103000000030	Ohio	Cleveland, OH	2022	M04	April	934.61
SMU39174103000000030	Ohio	Cleveland, OH	2022	M03	March	944.32
SMU39174103000000030	Ohio	Cleveland, OH	2022	M02	February	934.42
SMU39174103000000030	Ohio	Cleveland, OH	2022	M01	January	975.89
SMU39174103000000030	Ohio	Cleveland, OH	2021	M12	December	1016.16
SMU39174103000000030	Ohio	Cleveland, OH	2021	M11	November	986.38
SMU39174103000000030	Ohio	Cleveland, OH	2021	M10	October	965.27
SMU39174103000000030	Ohio	Cleveland, OH	2021	M09	September	941.60
SMU39174103000000030	Ohio	Cleveland, OH	2021	M08	August	934.31
SMU39174103000000030	Ohio	Cleveland, OH	2021	M07	July	900.32
SMU39174103000000030	Ohio	Cleveland, OH	2021	M06	June	894.15
SMU39174103000000030	Ohio	Cleveland, OH	2021	M05	May	892.11
SMU39174103000000030	Ohio	Cleveland, OH	2021	M04	April	870.26
SMU39174103000000030	Ohio	Cleveland, OH	2021	M03	March	888.52
SMU39174103000000030	Ohio	Cleveland, OH	2021	M02	February	872.24
SMU39174103000000030	Ohio	Cleveland, OH	2021	M01	January	850.63
SMU39174103000000030	Ohio	Cleveland, OH	2020	M12	December	884.82
SMU39174103000000030	Ohio	Cleveland, OH	2020	M11	November	856.66
SMU39174103000000030	Ohio	Cleveland, OH	2020	M10	October	821.88
SMU39174103000000030	Ohio	Cleveland, OH	2020	M09	September	791.91
SMU39174103000000030	Ohio	Cleveland, OH	2020	M08	August	795.55
SMU39174103000000030	Ohio	Cleveland, OH	2020	M07	July	796.86
SMU39174103000000030	Ohio	Cleveland, OH	2020	M06	June	811.39
SMU39174103000000030	Ohio	Cleveland, OH	2020	M05	May	817.71
SMU39174103000000030	Ohio	Cleveland, OH	2020	M04	April	794.59
SMU39174103000000030	Ohio	Cleveland, OH	2020	M03	March	898.52
SMU39174103000000030	Ohio	Cleveland, OH	2020	M02	February	901.79
SMU39174103000000030	Ohio	Cleveland, OH	2020	M01	January	937.86
SMU39174103000000030	Ohio	Cleveland, OH	2019	M12	December	961.05
SMU39174103000000030	Ohio	Cleveland, OH	2019	M11	November	971.66
SMU39174103000000030	Ohio	Cleveland, OH	2019	M10	October	959.79
SMU39174103000000030	Ohio	Cleveland, OH	2019	M09	September	967.71
SMU39174103000000030	Ohio	Cleveland, OH	2019	M08	August	947.42
SMU39174103000000030	Ohio	Cleveland, OH	2019	M07	July	897.67
SMU39174103000000030	Ohio	Cleveland, OH	2019	M06	June	932.34
SMU39174103000000030	Ohio	Cleveland, OH	2019	M05	May	925.37
SMU39174103000000030	Ohio	Cleveland, OH	2019	M04	April	926.90
SMU39174103000000030	Ohio	Cleveland, OH	2019	M03	March	924.35
SMU39174103000000030	Ohio	Cleveland, OH	2019	M02	February	944.07
SMU39174103000000030	Ohio	Cleveland, OH	2019	M01	January	916.78
SMU39174103000000030	Ohio	Cleveland, OH	2018	M12	December	957.86
SMU39174103000000030	Ohio	Cleveland, OH	2018	M11	November	962.99
SMU39174103000000030	Ohio	Cleveland, OH	2018	M10	October	933.73
SMU39174103000000030	Ohio	Cleveland, OH	2018	M09	September	961.72
SMU39174103000000030	Ohio	Cleveland, OH	2018	M08	August	952.20
SMU39174103000000030	Ohio	Cleveland, OH	2018	M07	July	914.20
SMU39174103000000030	Ohio	Cleveland, OH	2018	M06	June	942.21
SMU39174103000000030	Ohio	Cleveland, OH	2018	M05	May	922.32
SMU39174103000000030	Ohio	Cleveland, OH	2018	M04	April	957.85
SMU39174103000000030	Ohio	Cleveland, OH	2018	M03	March	944.39
SMU39174103000000030	Ohio	Cleveland, OH	2018	M02	February	953.71
SMU39174103000000030	Ohio	Cleveland, OH	2018	M01	January	935.62
SMU39174103000000030	Ohio	Cleveland, OH	2017	M12	December	930.09
SMU39174103000000030	Ohio	Cleveland, OH	2017	M11	November	937.32
SMU39174103000000030	Ohio	Cleveland, OH	2017	M10	October	921.99
SMU39174103000000030	Ohio	Cleveland, OH	2017	M09	September	914.76
SMU39174103000000030	Ohio	Cleveland, OH	2017	M08	August	874.93
SMU39174103000000030	Ohio	Cleveland, OH	2017	M07	July	884.08
SMU39174103000000030	Ohio	Cleveland, OH	2017	M06	June	886.24
SMU39174103000000030	Ohio	Cleveland, OH	2017	M05	May	910.20
SMU39174103000000030	Ohio	Cleveland, OH	2017	M04	April	896.64
SMU39174103000000030	Ohio	Cleveland, OH	2017	M03	March	906.82
SMU39174103000000030	Ohio	Cleveland, OH	2017	M02	February	886.89
SMU39174103000000030	Ohio	Cleveland, OH	2017	M01	January	859.79
SMU39174103000000030	Ohio	Cleveland, OH	2016	M12	December	851.01
SMU39174103000000030	Ohio	Cleveland, OH	2016	M11	November	869.57
SMU39174103000000030	Ohio	Cleveland, OH	2016	M10	October	879.14
SMU39174103000000030	Ohio	Cleveland, OH	2016	M09	September	871.84
SMU39174103000000030	Ohio	Cleveland, OH	2016	M08	August	846.21
SMU39174103000000030	Ohio	Cleveland, OH	2016	M07	July	830.27
SMU39174103000000030	Ohio	Cleveland, OH	2016	M06	June	825.59
SMU39174103000000030	Ohio	Cleveland, OH	2016	M05	May	821.46
SMU39174103000000030	Ohio	Cleveland, OH	2016	M04	April	823.03
SMU39174103000000030	Ohio	Cleveland, OH	2016	M03	March	832.20
SMU39174103000000030	Ohio	Cleveland, OH	2016	M02	February	817.74
SMU39174103000000030	Ohio	Cleveland, OH	2016	M01	January	841.50
SMU39174103000000030	Ohio	Cleveland, OH	2015	M12	December	847.34
SMU39174103000000030	Ohio	Cleveland, OH	2015	M11	November	839.68
SMU39174103000000030	Ohio	Cleveland, OH	2015	M10	October	837.37
SMU39174103000000030	Ohio	Cleveland, OH	2015	M09	September	841.15
SMU39174103000000030	Ohio	Cleveland, OH	2015	M08	August	831.37
SMU39174103000000030	Ohio	Cleveland, OH	2015	M07	July	798.86
SMU39174103000000030	Ohio	Cleveland, OH	2015	M06	June	834.26
SMU39174103000000030	Ohio	Cleveland, OH	2015	M05	May	816.89
SMU39174103000000030	Ohio	Cleveland, OH	2015	M04	April	827.02
SMU39174103000000030	Ohio	Cleveland, OH	2015	M03	March	821.33
SMU39174103000000030	Ohio	Cleveland, OH	2015	M02	February	826.96
SMU39174103000000030	Ohio	Cleveland, OH	2015	M01	January	835.58
SMU39174103000000030	Ohio	Cleveland, OH	2014	M12	December	888.53
SMU39174103000000030	Ohio	Cleveland, OH	2014	M11	November	881.96
SMU39174103000000030	Ohio	Cleveland, OH	2014	M10	October	874.87
SMU39174103000000030	Ohio	Cleveland, OH	2014	M09	September	870.69
SMU39174103000000030	Ohio	Cleveland, OH	2014	M08	August	847.88
SMU39174103000000030	Ohio	Cleveland, OH	2014	M07	July	836.36
SMU39174103000000030	Ohio	Cleveland, OH	2014	M06	June	886.14
SMU39174103000000030	Ohio	Cleveland, OH	2014	M05	May	863.52
SMU39174103000000030	Ohio	Cleveland, OH	2014	M04	April	837.63
SMU39174103000000030	Ohio	Cleveland, OH	2014	M03	March	840.01
SMU39174103000000030	Ohio	Cleveland, OH	2014	M02	February	845.80
SMU39174103000000030	Ohio	Cleveland, OH	2014	M01	January	801.19
SMU39174103000000030	Ohio	Cleveland, OH	2013	M12	December	840.04
SMU39174103000000030	Ohio	Cleveland, OH	2013	M11	November	841.77
SMU39174103000000030	Ohio	Cleveland, OH	2013	M10	October	805.76
SMU39174103000000030	Ohio	Cleveland, OH	2013	M09	September	839.13
SMU39174103000000030	Ohio	Cleveland, OH	2013	M08	August	845.00
SMU39174103000000030	Ohio	Cleveland, OH	2013	M07	July	797.20
SMU39174103000000030	Ohio	Cleveland, OH	2013	M06	June	829.43
SMU39174103000000030	Ohio	Cleveland, OH	2013	M05	May	856.38
SMU39174103000000030	Ohio	Cleveland, OH	2013	M04	April	843.23
SMU39174103000000030	Ohio	Cleveland, OH	2013	M03	March	806.21
SMU39174103000000030	Ohio	Cleveland, OH	2013	M02	February	799.35
SMU39174103000000030	Ohio	Cleveland, OH	2013	M01	January	776.93
SMU39174103000000030	Ohio	Cleveland, OH	2012	M12	December	806.36
SMU39174103000000030	Ohio	Cleveland, OH	2012	M11	November	805.55
SMU39174103000000030	Ohio	Cleveland, OH	2012	M10	October	792.02
SMU39174103000000030	Ohio	Cleveland, OH	2012	M09	September	805.34
SMU39174103000000030	Ohio	Cleveland, OH	2012	M08	August	778.72
SMU39174103000000030	Ohio	Cleveland, OH	2012	M07	July	770.46
SMU39174103000000030	Ohio	Cleveland, OH	2012	M06	June	806.38
SMU39174103000000030	Ohio	Cleveland, OH	2012	M05	May	794.79
SMU39174103000000030	Ohio	Cleveland, OH	2012	M04	April	824.54
SMU39174103000000030	Ohio	Cleveland, OH	2012	M03	March	792.68
SMU39174103000000030	Ohio	Cleveland, OH	2012	M02	February	759.14
SMU39174103000000030	Ohio	Cleveland, OH	2012	M01	January	733.50
SMU39174103000000030	Ohio	Cleveland, OH	2011	M12	December	768.32
SMU39174103000000030	Ohio	Cleveland, OH	2011	M11	November	760.50
SMU39174103000000030	Ohio	Cleveland, OH	2011	M10	October	729.98
SMU39174103000000030	Ohio	Cleveland, OH	2011	M09	September	736.47
SMU39174103000000030	Ohio	Cleveland, OH	2011	M08	August	743.60
SMU39174103000000030	Ohio	Cleveland, OH	2011	M07	July	691.88
SMU39174103000000030	Ohio	Cleveland, OH	2011	M06	June	708.01
SMU39174103000000030	Ohio	Cleveland, OH	2011	M05	May	725.04
SMU39174103000000030	Ohio	Cleveland, OH	2011	M04	April	719.58
SMU39174103000000030	Ohio	Cleveland, OH	2011	M03	March	736.51
SMU39174103000000030	Ohio	Cleveland, OH	2011	M02	February	724.91
SMU39174103000000030	Ohio	Cleveland, OH	2011	M01	January	713.19
SMU39174103000000030	Ohio	Cleveland, OH	2010	M12	December	710.52
SMU39174103000000030	Ohio	Cleveland, OH	2010	M11	November	689.40
SMU39174103000000030	Ohio	Cleveland, OH	2010	M10	October	689.40
SMU39174103000000030	Ohio	Cleveland, OH	2010	M09	September	689.40
SMU39174103000000030	Ohio	Cleveland, OH	2010	M08	August	685.54
SMU39174103000000030	Ohio	Cleveland, OH	2010	M07	July	675.76
SMU39174103000000030	Ohio	Cleveland, OH	2010	M06	June	692.10
SMU39174103000000030	Ohio	Cleveland, OH	2010	M05	May	698.15
SMU39174103000000030	Ohio	Cleveland, OH	2010	M04	April	695.41
SMU39174103000000030	Ohio	Cleveland, OH	2010	M03	March	694.52
SMU39174103000000030	Ohio	Cleveland, OH	2010	M02	February	690.86
SMU39174103000000030	Ohio	Cleveland, OH	2010	M01	January	694.42
SMU39174103000000030	Ohio	Cleveland, OH	2009	M12	December	699.27
SMU39174103000000030	Ohio	Cleveland, OH	2009	M11	November	687.85
SMU39174103000000030	Ohio	Cleveland, OH	2009	M10	October	683.13
SMU39174103000000030	Ohio	Cleveland, OH	2009	M09	September	678.30
SMU39174103000000030	Ohio	Cleveland, OH	2009	M08	August	695.96
SMU39174103000000030	Ohio	Cleveland, OH	2009	M07	July	682.86
SMU39174103000000030	Ohio	Cleveland, OH	2009	M06	June	678.41
SMU39174103000000030	Ohio	Cleveland, OH	2009	M05	May	681.06
SMU39174103000000030	Ohio	Cleveland, OH	2009	M04	April	690.46
SMU39174103000000030	Ohio	Cleveland, OH	2009	M03	March	704.73
SMU39174103000000030	Ohio	Cleveland, OH	2009	M02	February	697.54
SMU39174103000000030	Ohio	Cleveland, OH	2009	M01	January	689.91
SMU39174103000000030	Ohio	Cleveland, OH	2008	M12	December	710.97
SMU39174103000000030	Ohio	Cleveland, OH	2008	M11	November	723.20
SMU39174103000000030	Ohio	Cleveland, OH	2008	M10	October	725.00
SMU39174103000000030	Ohio	Cleveland, OH	2008	M09	September	740.75
SMU39174103000000030	Ohio	Cleveland, OH	2008	M08	August	752.97
SMU39174103000000030	Ohio	Cleveland, OH	2008	M07	July	751.74
SMU39174103000000030	Ohio	Cleveland, OH	2008	M06	June	764.02
SMU39174103000000030	Ohio	Cleveland, OH	2008	M05	May	766.12
SMU39174103000000030	Ohio	Cleveland, OH	2008	M04	April	765.41
SMU39174103000000030	Ohio	Cleveland, OH	2008	M03	March	767.75
SMU39174103000000030	Ohio	Cleveland, OH	2008	M02	February	764.26
SMU39174103000000030	Ohio	Cleveland, OH	2008	M01	January	780.82
SMU39174103000000030	Ohio	Cleveland, OH	2007	M12	December	811.30
SMU39174103000000030	Ohio	Cleveland, OH	2007	M11	November	813.20
SMU39174103000000030	Ohio	Cleveland, OH	2007	M10	October	812.53
SMU39174103000000030	Ohio	Cleveland, OH	2007	M09	September	821.96
SMU39174103000000030	Ohio	Cleveland, OH	2007	M08	August	826.66
SMU39174103000000030	Ohio	Cleveland, OH	2007	M07	July	814.06
SMU39174103000000030	Ohio	Cleveland, OH	2007	M06	June	817.61
SMU39174103000000030	Ohio	Cleveland, OH	2007	M05	May	819.62
SMU39174103000000030	Ohio	Cleveland, OH	2007	M04	April	810.18
SMU39174103000000030	Ohio	Cleveland, OH	2007	M03	March	810.85
SMU39174103000000030	Ohio	Cleveland, OH	2007	M02	February	788.22
SMU39174103000000030	Ohio	Cleveland, OH	2007	M01	January	797.37
SMU48191243000000030	Texas	Dallas-Plano-Irving, TX Metropolitan Division	2025	M12	December	1435.41
SMU48191243000000030	Texas	Dallas-Plano-Irving, TX Metropolitan Division	2025	M11	November	1456.05
SMU48191243000000030	Texas	Dallas-Plano-Irving, TX Metropolitan Division	2025	M10	October	1411.00
SMU48191243000000030	Texas	Dallas-Plano-Irving, TX Metropolitan Division	2025	M09	September	1375.31
SMU48191243000000030	Texas	Dallas-Plano-Irving, TX Metropolitan Division	2025	M08	August	1342.60
SMU48191243000000030	Texas	Dallas-Plano-Irving, TX Metropolitan Division	2025	M07	July	1332.03
SMU48191243000000030	Texas	Dallas-Plano-Irving, TX Metropolitan Division	2025	M06	June	1346.62
SMU48191243000000030	Texas	Dallas-Plano-Irving, TX Metropolitan Division	2025	M05	May	1333.23
SMU48191243000000030	Texas	Dallas-Plano-Irving, TX Metropolitan Division	2025	M04	April	1400.00
SMU48191243000000030	Texas	Dallas-Plano-Irving, TX Metropolitan Division	2025	M03	March	1404.08
SMU48191243000000030	Texas	Dallas-Plano-Irving, TX Metropolitan Division	2025	M02	February	1409.18
SMU48191243000000030	Texas	Dallas-Plano-Irving, TX Metropolitan Division	2025	M01	January	1370.63
SMU48191243000000030	Texas	Dallas-Plano-Irving, TX Metropolitan Division	2024	M12	December	1353.92
SMU48191243000000030	Texas	Dallas-Plano-Irving, TX Metropolitan Division	2024	M11	November	1303.93
SMU48191243000000030	Texas	Dallas-Plano-Irving, TX Metropolitan Division	2024	M10	October	1304.79
SMU48191243000000030	Texas	Dallas-Plano-Irving, TX Metropolitan Division	2024	M09	September	1326.75
SMU48191243000000030	Texas	Dallas-Plano-Irving, TX Metropolitan Division	2024	M08	August	1313.03
SMU48191243000000030	Texas	Dallas-Plano-Irving, TX Metropolitan Division	2024	M07	July	1306.34
SMU48191243000000030	Texas	Dallas-Plano-Irving, TX Metropolitan Division	2024	M06	June	1311.55
SMU48191243000000030	Texas	Dallas-Plano-Irving, TX Metropolitan Division	2024	M05	May	1245.09
SMU48191243000000030	Texas	Dallas-Plano-Irving, TX Metropolitan Division	2024	M04	April	1243.85
SMU48191243000000030	Texas	Dallas-Plano-Irving, TX Metropolitan Division	2024	M03	March	1218.79
SMU48191243000000030	Texas	Dallas-Plano-Irving, TX Metropolitan Division	2024	M02	February	1162.76
SMU48191243000000030	Texas	Dallas-Plano-Irving, TX Metropolitan Division	2024	M01	January	1139.88
SMU48191243000000030	Texas	Dallas-Plano-Irving, TX Metropolitan Division	2023	M12	December	1156.07
SMU48191243000000030	Texas	Dallas-Plano-Irving, TX Metropolitan Division	2023	M11	November	1126.55
SMU48191243000000030	Texas	Dallas-Plano-Irving, TX Metropolitan Division	2023	M10	October	1129.65
SMU48191243000000030	Texas	Dallas-Plano-Irving, TX Metropolitan Division	2023	M09	September	1137.59
SMU48191243000000030	Texas	Dallas-Plano-Irving, TX Metropolitan Division	2023	M08	August	1124.18
SMU48191243000000030	Texas	Dallas-Plano-Irving, TX Metropolitan Division	2023	M07	July	1127.53
SMU48191243000000030	Texas	Dallas-Plano-Irving, TX Metropolitan Division	2023	M06	June	1125.75
SMU48191243000000030	Texas	Dallas-Plano-Irving, TX Metropolitan Division	2023	M05	May	1087.02
SMU48191243000000030	Texas	Dallas-Plano-Irving, TX Metropolitan Division	2023	M04	April	1073.88
SMU48191243000000030	Texas	Dallas-Plano-Irving, TX Metropolitan Division	2023	M03	March	1069.60
SMU48191243000000030	Texas	Dallas-Plano-Irving, TX Metropolitan Division	2023	M02	February	1057.47
SMU48191243000000030	Texas	Dallas-Plano-Irving, TX Metropolitan Division	2023	M01	January	1075.18
SMU48191243000000030	Texas	Dallas-Plano-Irving, TX Metropolitan Division	2022	M12	December	1076.69
SMU48191243000000030	Texas	Dallas-Plano-Irving, TX Metropolitan Division	2022	M11	November	1087.47
SMU48191243000000030	Texas	Dallas-Plano-Irving, TX Metropolitan Division	2022	M10	October	1123.53
SMU48191243000000030	Texas	Dallas-Plano-Irving, TX Metropolitan Division	2022	M09	September	1077.25
SMU48191243000000030	Texas	Dallas-Plano-Irving, TX Metropolitan Division	2022	M08	August	1092.07
SMU48191243000000030	Texas	Dallas-Plano-Irving, TX Metropolitan Division	2022	M07	July	1113.03
SMU48191243000000030	Texas	Dallas-Plano-Irving, TX Metropolitan Division	2022	M06	June	1113.86
SMU48191243000000030	Texas	Dallas-Plano-Irving, TX Metropolitan Division	2022	M05	May	1164.52
SMU48191243000000030	Texas	Dallas-Plano-Irving, TX Metropolitan Division	2022	M04	April	1132.74
SMU48191243000000030	Texas	Dallas-Plano-Irving, TX Metropolitan Division	2022	M03	March	1170.27
SMU48191243000000030	Texas	Dallas-Plano-Irving, TX Metropolitan Division	2022	M02	February	1178.22
SMU48191243000000030	Texas	Dallas-Plano-Irving, TX Metropolitan Division	2022	M01	January	1227.22
SMU48191243000000030	Texas	Dallas-Plano-Irving, TX Metropolitan Division	2021	M12	December	1204.50
SMU48191243000000030	Texas	Dallas-Plano-Irving, TX Metropolitan Division	2021	M11	November	1201.98
SMU48191243000000030	Texas	Dallas-Plano-Irving, TX Metropolitan Division	2021	M10	October	1151.90
SMU48191243000000030	Texas	Dallas-Plano-Irving, TX Metropolitan Division	2021	M09	September	1189.74
SMU48191243000000030	Texas	Dallas-Plano-Irving, TX Metropolitan Division	2021	M08	August	1166.07
SMU48191243000000030	Texas	Dallas-Plano-Irving, TX Metropolitan Division	2021	M07	July	1161.10
SMU48191243000000030	Texas	Dallas-Plano-Irving, TX Metropolitan Division	2021	M06	June	1116.77
SMU48191243000000030	Texas	Dallas-Plano-Irving, TX Metropolitan Division	2021	M05	May	1097.16
SMU48191243000000030	Texas	Dallas-Plano-Irving, TX Metropolitan Division	2021	M04	April	1085.76
SMU48191243000000030	Texas	Dallas-Plano-Irving, TX Metropolitan Division	2021	M03	March	1085.00
SMU48191243000000030	Texas	Dallas-Plano-Irving, TX Metropolitan Division	2021	M02	February	1059.46
SMU48191243000000030	Texas	Dallas-Plano-Irving, TX Metropolitan Division	2021	M01	January	1048.81
SMU48191243000000030	Texas	Dallas-Plano-Irving, TX Metropolitan Division	2020	M12	December	1023.03
SMU48191243000000030	Texas	Dallas-Plano-Irving, TX Metropolitan Division	2020	M11	November	995.89
SMU48191243000000030	Texas	Dallas-Plano-Irving, TX Metropolitan Division	2020	M10	October	1022.16
SMU48191243000000030	Texas	Dallas-Plano-Irving, TX Metropolitan Division	2020	M09	September	1001.60
SMU48191243000000030	Texas	Dallas-Plano-Irving, TX Metropolitan Division	2020	M08	August	1021.12
SMU48191243000000030	Texas	Dallas-Plano-Irving, TX Metropolitan Division	2020	M07	July	1002.35
SMU48191243000000030	Texas	Dallas-Plano-Irving, TX Metropolitan Division	2020	M06	June	974.42
SMU48191243000000030	Texas	Dallas-Plano-Irving, TX Metropolitan Division	2020	M05	May	961.56
SMU48191243000000030	Texas	Dallas-Plano-Irving, TX Metropolitan Division	2020	M04	April	950.73
SMU48191243000000030	Texas	Dallas-Plano-Irving, TX Metropolitan Division	2020	M03	March	1015.75
SMU48191243000000030	Texas	Dallas-Plano-Irving, TX Metropolitan Division	2020	M02	February	1010.71
SMU48191243000000030	Texas	Dallas-Plano-Irving, TX Metropolitan Division	2020	M01	January	1034.15
SMU48191243000000030	Texas	Dallas-Plano-Irving, TX Metropolitan Division	2019	M12	December	1046.90
SMU48191243000000030	Texas	Dallas-Plano-Irving, TX Metropolitan Division	2019	M11	November	1022.97
SMU48191243000000030	Texas	Dallas-Plano-Irving, TX Metropolitan Division	2019	M10	October	1024.77
SMU48191243000000030	Texas	Dallas-Plano-Irving, TX Metropolitan Division	2019	M09	September	973.13
SMU48191243000000030	Texas	Dallas-Plano-Irving, TX Metropolitan Division	2019	M08	August	1001.29
SMU48191243000000030	Texas	Dallas-Plano-Irving, TX Metropolitan Division	2019	M07	July	980.55
SMU48191243000000030	Texas	Dallas-Plano-Irving, TX Metropolitan Division	2019	M06	June	1000.37
SMU48191243000000030	Texas	Dallas-Plano-Irving, TX Metropolitan Division	2019	M05	May	1002.76
SMU48191243000000030	Texas	Dallas-Plano-Irving, TX Metropolitan Division	2019	M04	April	1014.24
SMU48191243000000030	Texas	Dallas-Plano-Irving, TX Metropolitan Division	2019	M03	March	990.38
SMU48191243000000030	Texas	Dallas-Plano-Irving, TX Metropolitan Division	2019	M02	February	1018.78
SMU48191243000000030	Texas	Dallas-Plano-Irving, TX Metropolitan Division	2019	M01	January	1013.35
SMU48191243000000030	Texas	Dallas-Plano-Irving, TX Metropolitan Division	2018	M12	December	1012.93
SMU48191243000000030	Texas	Dallas-Plano-Irving, TX Metropolitan Division	2018	M11	November	993.57
SMU48191243000000030	Texas	Dallas-Plano-Irving, TX Metropolitan Division	2018	M10	October	990.14
SMU48191243000000030	Texas	Dallas-Plano-Irving, TX Metropolitan Division	2018	M09	September	976.65
SMU48191243000000030	Texas	Dallas-Plano-Irving, TX Metropolitan Division	2018	M08	August	988.14
SMU48191243000000030	Texas	Dallas-Plano-Irving, TX Metropolitan Division	2018	M07	July	981.36
SMU48191243000000030	Texas	Dallas-Plano-Irving, TX Metropolitan Division	2018	M06	June	1003.23
SMU48191243000000030	Texas	Dallas-Plano-Irving, TX Metropolitan Division	2018	M05	May	992.58
SMU48191243000000030	Texas	Dallas-Plano-Irving, TX Metropolitan Division	2018	M04	April	1004.43
SMU48191243000000030	Texas	Dallas-Plano-Irving, TX Metropolitan Division	2018	M03	March	974.69
SMU48191243000000030	Texas	Dallas-Plano-Irving, TX Metropolitan Division	2018	M02	February	979.86
SMU48191243000000030	Texas	Dallas-Plano-Irving, TX Metropolitan Division	2018	M01	January	962.22
SMU48191243000000030	Texas	Dallas-Plano-Irving, TX Metropolitan Division	2017	M12	December	978.02
SMU48191243000000030	Texas	Dallas-Plano-Irving, TX Metropolitan Division	2017	M11	November	967.78
SMU48191243000000030	Texas	Dallas-Plano-Irving, TX Metropolitan Division	2017	M10	October	956.80
SMU48191243000000030	Texas	Dallas-Plano-Irving, TX Metropolitan Division	2017	M09	September	953.90
SMU48191243000000030	Texas	Dallas-Plano-Irving, TX Metropolitan Division	2017	M08	August	934.14
SMU48191243000000030	Texas	Dallas-Plano-Irving, TX Metropolitan Division	2017	M07	July	947.92
SMU48191243000000030	Texas	Dallas-Plano-Irving, TX Metropolitan Division	2017	M06	June	940.20
SMU48191243000000030	Texas	Dallas-Plano-Irving, TX Metropolitan Division	2017	M05	May	922.49
SMU48191243000000030	Texas	Dallas-Plano-Irving, TX Metropolitan Division	2017	M04	April	899.71
SMU48191243000000030	Texas	Dallas-Plano-Irving, TX Metropolitan Division	2017	M03	March	909.23
SMU48191243000000030	Texas	Dallas-Plano-Irving, TX Metropolitan Division	2017	M02	February	940.08
SMU48191243000000030	Texas	Dallas-Plano-Irving, TX Metropolitan Division	2017	M01	January	923.29
SMU48191243000000030	Texas	Dallas-Plano-Irving, TX Metropolitan Division	2016	M12	December	979.69
SMU48191243000000030	Texas	Dallas-Plano-Irving, TX Metropolitan Division	2016	M11	November	964.09
SMU48191243000000030	Texas	Dallas-Plano-Irving, TX Metropolitan Division	2016	M10	October	958.47
SMU48191243000000030	Texas	Dallas-Plano-Irving, TX Metropolitan Division	2016	M09	September	967.86
SMU48191243000000030	Texas	Dallas-Plano-Irving, TX Metropolitan Division	2016	M08	August	956.92
SMU48191243000000030	Texas	Dallas-Plano-Irving, TX Metropolitan Division	2016	M07	July	968.30
SMU48191243000000030	Texas	Dallas-Plano-Irving, TX Metropolitan Division	2016	M06	June	953.88
SMU48191243000000030	Texas	Dallas-Plano-Irving, TX Metropolitan Division	2016	M05	May	967.82
SMU48191243000000030	Texas	Dallas-Plano-Irving, TX Metropolitan Division	2016	M04	April	964.82
SMU48191243000000030	Texas	Dallas-Plano-Irving, TX Metropolitan Division	2016	M03	March	931.73
SMU48191243000000030	Texas	Dallas-Plano-Irving, TX Metropolitan Division	2016	M02	February	947.65
SMU48191243000000030	Texas	Dallas-Plano-Irving, TX Metropolitan Division	2016	M01	January	995.44
SMU48191243000000030	Texas	Dallas-Plano-Irving, TX Metropolitan Division	2015	M12	December	1041.61
SMU48191243000000030	Texas	Dallas-Plano-Irving, TX Metropolitan Division	2015	M11	November	995.50
SMU48191243000000030	Texas	Dallas-Plano-Irving, TX Metropolitan Division	2015	M10	October	990.01
SMU48191243000000030	Texas	Dallas-Plano-Irving, TX Metropolitan Division	2015	M09	September	972.72
SMU48191243000000030	Texas	Dallas-Plano-Irving, TX Metropolitan Division	2015	M08	August	990.01
SMU48191243000000030	Texas	Dallas-Plano-Irving, TX Metropolitan Division	2015	M07	July	925.27
SMU48191243000000030	Texas	Dallas-Plano-Irving, TX Metropolitan Division	2015	M06	June	946.35
SMU48191243000000030	Texas	Dallas-Plano-Irving, TX Metropolitan Division	2015	M05	May	935.83
SMU48191243000000030	Texas	Dallas-Plano-Irving, TX Metropolitan Division	2015	M04	April	955.09
SMU48191243000000030	Texas	Dallas-Plano-Irving, TX Metropolitan Division	2015	M03	March	947.40
SMU48191243000000030	Texas	Dallas-Plano-Irving, TX Metropolitan Division	2015	M02	February	916.35
SMU48191243000000030	Texas	Dallas-Plano-Irving, TX Metropolitan Division	2015	M01	January	903.97
SMU48191243000000030	Texas	Dallas-Plano-Irving, TX Metropolitan Division	2014	M12	December	909.08
SMU48191243000000030	Texas	Dallas-Plano-Irving, TX Metropolitan Division	2014	M11	November	903.92
SMU48191243000000030	Texas	Dallas-Plano-Irving, TX Metropolitan Division	2014	M10	October	881.40
SMU48191243000000030	Texas	Dallas-Plano-Irving, TX Metropolitan Division	2014	M09	September	896.62
SMU48191243000000030	Texas	Dallas-Plano-Irving, TX Metropolitan Division	2014	M08	August	890.64
SMU48191243000000030	Texas	Dallas-Plano-Irving, TX Metropolitan Division	2014	M07	July	889.70
SMU48191243000000030	Texas	Dallas-Plano-Irving, TX Metropolitan Division	2014	M06	June	909.15
SMU48191243000000030	Texas	Dallas-Plano-Irving, TX Metropolitan Division	2014	M05	May	869.78
SMU48191243000000030	Texas	Dallas-Plano-Irving, TX Metropolitan Division	2014	M04	April	896.73
SMU48191243000000030	Texas	Dallas-Plano-Irving, TX Metropolitan Division	2014	M03	March	889.09
SMU48191243000000030	Texas	Dallas-Plano-Irving, TX Metropolitan Division	2014	M02	February	881.46
SMU48191243000000030	Texas	Dallas-Plano-Irving, TX Metropolitan Division	2014	M01	January	843.20
SMU48191243000000030	Texas	Dallas-Plano-Irving, TX Metropolitan Division	2013	M12	December	858.54
SMU48191243000000030	Texas	Dallas-Plano-Irving, TX Metropolitan Division	2013	M11	November	845.57
SMU48191243000000030	Texas	Dallas-Plano-Irving, TX Metropolitan Division	2013	M10	October	839.16
SMU48191243000000030	Texas	Dallas-Plano-Irving, TX Metropolitan Division	2013	M09	September	852.41
SMU48191243000000030	Texas	Dallas-Plano-Irving, TX Metropolitan Division	2013	M08	August	847.78
SMU48191243000000030	Texas	Dallas-Plano-Irving, TX Metropolitan Division	2013	M07	July	890.19
SMU48191243000000030	Texas	Dallas-Plano-Irving, TX Metropolitan Division	2013	M06	June	868.90
SMU48191243000000030	Texas	Dallas-Plano-Irving, TX Metropolitan Division	2013	M05	May	858.00
SMU48191243000000030	Texas	Dallas-Plano-Irving, TX Metropolitan Division	2013	M04	April	881.02
SMU48191243000000030	Texas	Dallas-Plano-Irving, TX Metropolitan Division	2013	M03	March	861.48
SMU48191243000000030	Texas	Dallas-Plano-Irving, TX Metropolitan Division	2013	M02	February	861.30
SMU48191243000000030	Texas	Dallas-Plano-Irving, TX Metropolitan Division	2013	M01	January	837.75
SMU48191243000000030	Texas	Dallas-Plano-Irving, TX Metropolitan Division	2012	M12	December	875.78
SMU48191243000000030	Texas	Dallas-Plano-Irving, TX Metropolitan Division	2012	M11	November	840.65
SMU48191243000000030	Texas	Dallas-Plano-Irving, TX Metropolitan Division	2012	M10	October	796.81
SMU48191243000000030	Texas	Dallas-Plano-Irving, TX Metropolitan Division	2012	M09	September	797.58
SMU48191243000000030	Texas	Dallas-Plano-Irving, TX Metropolitan Division	2012	M08	August	761.94
SMU48191243000000030	Texas	Dallas-Plano-Irving, TX Metropolitan Division	2012	M07	July	748.99
SMU48191243000000030	Texas	Dallas-Plano-Irving, TX Metropolitan Division	2012	M06	June	780.80
SMU48191243000000030	Texas	Dallas-Plano-Irving, TX Metropolitan Division	2012	M05	May	765.20
SMU48191243000000030	Texas	Dallas-Plano-Irving, TX Metropolitan Division	2012	M04	April	774.59
SMU48191243000000030	Texas	Dallas-Plano-Irving, TX Metropolitan Division	2012	M03	March	778.27
SMU48191243000000030	Texas	Dallas-Plano-Irving, TX Metropolitan Division	2012	M02	February	794.20
SMU48191243000000030	Texas	Dallas-Plano-Irving, TX Metropolitan Division	2012	M01	January	814.40
SMU48191243000000030	Texas	Dallas-Plano-Irving, TX Metropolitan Division	2011	M12	December	799.02
SMU48191243000000030	Texas	Dallas-Plano-Irving, TX Metropolitan Division	2011	M11	November	766.77
SMU48191243000000030	Texas	Dallas-Plano-Irving, TX Metropolitan Division	2011	M10	October	737.02
SMU48191243000000030	Texas	Dallas-Plano-Irving, TX Metropolitan Division	2011	M09	September	707.67
SMU48191243000000030	Texas	Dallas-Plano-Irving, TX Metropolitan Division	2011	M08	August	691.97
SMU48191243000000030	Texas	Dallas-Plano-Irving, TX Metropolitan Division	2011	M07	July	665.03
SMU48191243000000030	Texas	Dallas-Plano-Irving, TX Metropolitan Division	2011	M06	June	671.23
SMU48191243000000030	Texas	Dallas-Plano-Irving, TX Metropolitan Division	2011	M05	May	697.36
SMU48191243000000030	Texas	Dallas-Plano-Irving, TX Metropolitan Division	2011	M04	April	691.04
SMU48191243000000030	Texas	Dallas-Plano-Irving, TX Metropolitan Division	2011	M03	March	678.40
SMU48191243000000030	Texas	Dallas-Plano-Irving, TX Metropolitan Division	2011	M02	February	659.91
SMU48191243000000030	Texas	Dallas-Plano-Irving, TX Metropolitan Division	2011	M01	January	656.89
SMU48191243000000030	Texas	Dallas-Plano-Irving, TX Metropolitan Division	2010	M12	December	639.86
SMU48191243000000030	Texas	Dallas-Plano-Irving, TX Metropolitan Division	2010	M11	November	643.50
SMU48191243000000030	Texas	Dallas-Plano-Irving, TX Metropolitan Division	2010	M10	October	624.48
SMU48191243000000030	Texas	Dallas-Plano-Irving, TX Metropolitan Division	2010	M09	September	631.98
SMU48191243000000030	Texas	Dallas-Plano-Irving, TX Metropolitan Division	2010	M08	August	645.34
SMU48191243000000030	Texas	Dallas-Plano-Irving, TX Metropolitan Division	2010	M07	July	644.45
SMU48191243000000030	Texas	Dallas-Plano-Irving, TX Metropolitan Division	2010	M06	June	636.41
SMU48191243000000030	Texas	Dallas-Plano-Irving, TX Metropolitan Division	2010	M05	May	640.78
SMU48191243000000030	Texas	Dallas-Plano-Irving, TX Metropolitan Division	2010	M04	April	644.00
SMU48191243000000030	Texas	Dallas-Plano-Irving, TX Metropolitan Division	2010	M03	March	632.37
SMU48191243000000030	Texas	Dallas-Plano-Irving, TX Metropolitan Division	2010	M02	February	616.84
SMU48191243000000030	Texas	Dallas-Plano-Irving, TX Metropolitan Division	2010	M01	January	629.94
SMU48191243000000030	Texas	Dallas-Plano-Irving, TX Metropolitan Division	2009	M12	December	615.37
SMU48191243000000030	Texas	Dallas-Plano-Irving, TX Metropolitan Division	2009	M11	November	593.27
SMU48191243000000030	Texas	Dallas-Plano-Irving, TX Metropolitan Division	2009	M10	October	595.58
SMU48191243000000030	Texas	Dallas-Plano-Irving, TX Metropolitan Division	2009	M09	September	568.00
SMU48191243000000030	Texas	Dallas-Plano-Irving, TX Metropolitan Division	2009	M08	August	580.78
SMU48191243000000030	Texas	Dallas-Plano-Irving, TX Metropolitan Division	2009	M07	July	588.53
SMU48191243000000030	Texas	Dallas-Plano-Irving, TX Metropolitan Division	2009	M06	June	584.83
SMU48191243000000030	Texas	Dallas-Plano-Irving, TX Metropolitan Division	2009	M05	May	579.81
SMU48191243000000030	Texas	Dallas-Plano-Irving, TX Metropolitan Division	2009	M04	April	587.88
SMU48191243000000030	Texas	Dallas-Plano-Irving, TX Metropolitan Division	2009	M03	March	562.09
SMU48191243000000030	Texas	Dallas-Plano-Irving, TX Metropolitan Division	2009	M02	February	571.02
SMU48191243000000030	Texas	Dallas-Plano-Irving, TX Metropolitan Division	2009	M01	January	549.33
SMU48191243000000030	Texas	Dallas-Plano-Irving, TX Metropolitan Division	2008	M12	December	556.88
SMU48191243000000030	Texas	Dallas-Plano-Irving, TX Metropolitan Division	2008	M11	November	554.64
SMU48191243000000030	Texas	Dallas-Plano-Irving, TX Metropolitan Division	2008	M10	October	575.25
SMU48191243000000030	Texas	Dallas-Plano-Irving, TX Metropolitan Division	2008	M09	September	588.24
SMU48191243000000030	Texas	Dallas-Plano-Irving, TX Metropolitan Division	2008	M08	August	568.89
SMU48191243000000030	Texas	Dallas-Plano-Irving, TX Metropolitan Division	2008	M07	July	565.13
SMU48191243000000030	Texas	Dallas-Plano-Irving, TX Metropolitan Division	2008	M06	June	565.86
SMU48191243000000030	Texas	Dallas-Plano-Irving, TX Metropolitan Division	2008	M05	May	582.16
SMU48191243000000030	Texas	Dallas-Plano-Irving, TX Metropolitan Division	2008	M04	April	576.73
SMU48191243000000030	Texas	Dallas-Plano-Irving, TX Metropolitan Division	2008	M03	March	561.75
SMU48191243000000030	Texas	Dallas-Plano-Irving, TX Metropolitan Division	2008	M02	February	567.38
SMU48191243000000030	Texas	Dallas-Plano-Irving, TX Metropolitan Division	2008	M01	January	544.27
SMU48191243000000030	Texas	Dallas-Plano-Irving, TX Metropolitan Division	2007	M12	December	544.77
SMU48191243000000030	Texas	Dallas-Plano-Irving, TX Metropolitan Division	2007	M11	November	533.74
SMU48191243000000030	Texas	Dallas-Plano-Irving, TX Metropolitan Division	2007	M10	October	533.90
SMU48191243000000030	Texas	Dallas-Plano-Irving, TX Metropolitan Division	2007	M09	September	541.56
SMU48191243000000030	Texas	Dallas-Plano-Irving, TX Metropolitan Division	2007	M08	August	532.51
SMU48191243000000030	Texas	Dallas-Plano-Irving, TX Metropolitan Division	2007	M07	July	522.52
SMU48191243000000030	Texas	Dallas-Plano-Irving, TX Metropolitan Division	2007	M06	June	533.54
SMU48191243000000030	Texas	Dallas-Plano-Irving, TX Metropolitan Division	2007	M05	May	544.63
SMU48191243000000030	Texas	Dallas-Plano-Irving, TX Metropolitan Division	2007	M04	April	550.68
SMU48191243000000030	Texas	Dallas-Plano-Irving, TX Metropolitan Division	2007	M03	March	536.56
SMU48191243000000030	Texas	Dallas-Plano-Irving, TX Metropolitan Division	2007	M02	February	535.53
SMU48191243000000030	Texas	Dallas-Plano-Irving, TX Metropolitan Division	2007	M01	January	523.34
SMU49416203000000030	Utah	Salt Lake City-Murray, UT	2025	M12	December	1037.23
SMU49416203000000030	Utah	Salt Lake City-Murray, UT	2025	M11	November	1026.80
SMU49416203000000030	Utah	Salt Lake City-Murray, UT	2025	M10	October	1057.81
SMU49416203000000030	Utah	Salt Lake City-Murray, UT	2025	M09	September	1054.09
SMU49416203000000030	Utah	Salt Lake City-Murray, UT	2025	M08	August	1049.35
SMU49416203000000030	Utah	Salt Lake City-Murray, UT	2025	M07	July	1064.20
SMU49416203000000030	Utah	Salt Lake City-Murray, UT	2025	M06	June	1052.71
SMU49416203000000030	Utah	Salt Lake City-Murray, UT	2025	M05	May	1019.18
SMU49416203000000030	Utah	Salt Lake City-Murray, UT	2025	M04	April	1009.86
SMU49416203000000030	Utah	Salt Lake City-Murray, UT	2025	M03	March	959.04
SMU49416203000000030	Utah	Salt Lake City-Murray, UT	2025	M02	February	961.70
SMU49416203000000030	Utah	Salt Lake City-Murray, UT	2025	M01	January	956.30
SMU49416203000000030	Utah	Salt Lake City-Murray, UT	2024	M12	December	1005.00
SMU49416203000000030	Utah	Salt Lake City-Murray, UT	2024	M11	November	1083.68
SMU49416203000000030	Utah	Salt Lake City-Murray, UT	2024	M10	October	1029.48
SMU49416203000000030	Utah	Salt Lake City-Murray, UT	2024	M09	September	1021.64
SMU49416203000000030	Utah	Salt Lake City-Murray, UT	2024	M08	August	1026.57
SMU49416203000000030	Utah	Salt Lake City-Murray, UT	2024	M07	July	921.13
SMU49416203000000030	Utah	Salt Lake City-Murray, UT	2024	M06	June	973.46
SMU49416203000000030	Utah	Salt Lake City-Murray, UT	2024	M05	May	1019.66
SMU49416203000000030	Utah	Salt Lake City-Murray, UT	2024	M04	April	992.36
SMU49416203000000030	Utah	Salt Lake City-Murray, UT	2024	M03	March	971.65
SMU49416203000000030	Utah	Salt Lake City-Murray, UT	2024	M02	February	1024.51
SMU49416203000000030	Utah	Salt Lake City-Murray, UT	2024	M01	January	984.66
SMU49416203000000030	Utah	Salt Lake City-Murray, UT	2023	M12	December	1051.73
SMU49416203000000030	Utah	Salt Lake City-Murray, UT	2023	M11	November	1075.15
SMU49416203000000030	Utah	Salt Lake City-Murray, UT	2023	M10	October	996.91
SMU49416203000000030	Utah	Salt Lake City-Murray, UT	2023	M09	September	1021.97
SMU49416203000000030	Utah	Salt Lake City-Murray, UT	2023	M08	August	1007.74
SMU49416203000000030	Utah	Salt Lake City-Murray, UT	2023	M07	July	973.06
SMU49416203000000030	Utah	Salt Lake City-Murray, UT	2023	M06	June	978.12
SMU49416203000000030	Utah	Salt Lake City-Murray, UT	2023	M05	May	971.02
SMU49416203000000030	Utah	Salt Lake City-Murray, UT	2023	M04	April	997.92
SMU49416203000000030	Utah	Salt Lake City-Murray, UT	2023	M03	March	986.61
SMU49416203000000030	Utah	Salt Lake City-Murray, UT	2023	M02	February	992.89
SMU49416203000000030	Utah	Salt Lake City-Murray, UT	2023	M01	January	1056.00
SMU49416203000000030	Utah	Salt Lake City-Murray, UT	2022	M12	December	1063.76
SMU49416203000000030	Utah	Salt Lake City-Murray, UT	2022	M11	November	1054.58
SMU49416203000000030	Utah	Salt Lake City-Murray, UT	2022	M10	October	1054.58
SMU49416203000000030	Utah	Salt Lake City-Murray, UT	2022	M09	September	1044.25
SMU49416203000000030	Utah	Salt Lake City-Murray, UT	2022	M08	August	985.14
SMU49416203000000030	Utah	Salt Lake City-Murray, UT	2022	M07	July	1016.00
SMU49416203000000030	Utah	Salt Lake City-Murray, UT	2022	M06	June	1050.11
SMU49416203000000030	Utah	Salt Lake City-Murray, UT	2022	M05	May	1086.89
SMU49416203000000030	Utah	Salt Lake City-Murray, UT	2022	M04	April	1051.20
SMU49416203000000030	Utah	Salt Lake City-Murray, UT	2022	M03	March	974.43
SMU49416203000000030	Utah	Salt Lake City-Murray, UT	2022	M02	February	1016.99
SMU49416203000000030	Utah	Salt Lake City-Murray, UT	2022	M01	January	1004.28
SMU49416203000000030	Utah	Salt Lake City-Murray, UT	2021	M12	December	989.42
SMU49416203000000030	Utah	Salt Lake City-Murray, UT	2021	M11	November	986.33
SMU49416203000000030	Utah	Salt Lake City-Murray, UT	2021	M10	October	969.98
SMU49416203000000030	Utah	Salt Lake City-Murray, UT	2021	M09	September	974.40
SMU49416203000000030	Utah	Salt Lake City-Murray, UT	2021	M08	August	983.55
SMU49416203000000030	Utah	Salt Lake City-Murray, UT	2021	M07	July	942.75
SMU49416203000000030	Utah	Salt Lake City-Murray, UT	2021	M06	June	959.48
SMU49416203000000030	Utah	Salt Lake City-Murray, UT	2021	M05	May	953.21
SMU49416203000000030	Utah	Salt Lake City-Murray, UT	2021	M04	April	910.22
SMU49416203000000030	Utah	Salt Lake City-Murray, UT	2021	M03	March	916.89
SMU49416203000000030	Utah	Salt Lake City-Murray, UT	2021	M02	February	890.07
SMU49416203000000030	Utah	Salt Lake City-Murray, UT	2021	M01	January	911.41
SMU49416203000000030	Utah	Salt Lake City-Murray, UT	2020	M12	December	896.71
SMU49416203000000030	Utah	Salt Lake City-Murray, UT	2020	M11	November	887.04
SMU49416203000000030	Utah	Salt Lake City-Murray, UT	2020	M10	October	855.00
SMU49416203000000030	Utah	Salt Lake City-Murray, UT	2020	M09	September	778.47
SMU49416203000000030	Utah	Salt Lake City-Murray, UT	2020	M08	August	835.10
SMU49416203000000030	Utah	Salt Lake City-Murray, UT	2020	M07	July	829.14
SMU49416203000000030	Utah	Salt Lake City-Murray, UT	2020	M06	June	843.63
SMU49416203000000030	Utah	Salt Lake City-Murray, UT	2020	M05	May	858.60
SMU49416203000000030	Utah	Salt Lake City-Murray, UT	2020	M04	April	852.76
SMU49416203000000030	Utah	Salt Lake City-Murray, UT	2020	M03	March	840.26
SMU49416203000000030	Utah	Salt Lake City-Murray, UT	2020	M02	February	854.46
SMU49416203000000030	Utah	Salt Lake City-Murray, UT	2020	M01	January	852.82
SMU49416203000000030	Utah	Salt Lake City-Murray, UT	2019	M12	December	863.20
SMU49416203000000030	Utah	Salt Lake City-Murray, UT	2019	M11	November	882.64
SMU49416203000000030	Utah	Salt Lake City-Murray, UT	2019	M10	October	884.18
SMU49416203000000030	Utah	Salt Lake City-Murray, UT	2019	M09	September	840.95
SMU49416203000000030	Utah	Salt Lake City-Murray, UT	2019	M08	August	871.62
SMU49416203000000030	Utah	Salt Lake City-Murray, UT	2019	M07	July	873.01
SMU49416203000000030	Utah	Salt Lake City-Murray, UT	2019	M06	June	870.40
SMU49416203000000030	Utah	Salt Lake City-Murray, UT	2019	M05	May	806.12
SMU49416203000000030	Utah	Salt Lake City-Murray, UT	2019	M04	April	804.78
SMU49416203000000030	Utah	Salt Lake City-Murray, UT	2019	M03	March	785.67
SMU49416203000000030	Utah	Salt Lake City-Murray, UT	2019	M02	February	787.36
SMU49416203000000030	Utah	Salt Lake City-Murray, UT	2019	M01	January	758.22
SMU49416203000000030	Utah	Salt Lake City-Murray, UT	2018	M12	December	781.94
SMU49416203000000030	Utah	Salt Lake City-Murray, UT	2018	M11	November	815.44
SMU49416203000000030	Utah	Salt Lake City-Murray, UT	2018	M10	October	796.45
SMU49416203000000030	Utah	Salt Lake City-Murray, UT	2018	M09	September	782.72
SMU49416203000000030	Utah	Salt Lake City-Murray, UT	2018	M08	August	797.46
SMU49416203000000030	Utah	Salt Lake City-Murray, UT	2018	M07	July	770.64
SMU49416203000000030	Utah	Salt Lake City-Murray, UT	2018	M06	June	757.30
SMU49416203000000030	Utah	Salt Lake City-Murray, UT	2018	M05	May	791.90
SMU49416203000000030	Utah	Salt Lake City-Murray, UT	2018	M04	April	785.51
SMU49416203000000030	Utah	Salt Lake City-Murray, UT	2018	M03	March	767.82
SMU49416203000000030	Utah	Salt Lake City-Murray, UT	2018	M02	February	756.26
SMU49416203000000030	Utah	Salt Lake City-Murray, UT	2018	M01	January	740.97
SMU49416203000000030	Utah	Salt Lake City-Murray, UT	2017	M12	December	743.02
SMU49416203000000030	Utah	Salt Lake City-Murray, UT	2017	M11	November	790.72
SMU49416203000000030	Utah	Salt Lake City-Murray, UT	2017	M10	October	826.99
SMU49416203000000030	Utah	Salt Lake City-Murray, UT	2017	M09	September	812.85
SMU49416203000000030	Utah	Salt Lake City-Murray, UT	2017	M08	August	835.40
SMU49416203000000030	Utah	Salt Lake City-Murray, UT	2017	M07	July	823.77
SMU49416203000000030	Utah	Salt Lake City-Murray, UT	2017	M06	June	831.89
SMU49416203000000030	Utah	Salt Lake City-Murray, UT	2017	M05	May	812.45
SMU49416203000000030	Utah	Salt Lake City-Murray, UT	2017	M04	April	819.64
SMU49416203000000030	Utah	Salt Lake City-Murray, UT	2017	M03	March	819.32
SMU49416203000000030	Utah	Salt Lake City-Murray, UT	2017	M02	February	824.97
SMU49416203000000030	Utah	Salt Lake City-Murray, UT	2017	M01	January	839.92
SMU49416203000000030	Utah	Salt Lake City-Murray, UT	2016	M12	December	901.81
SMU49416203000000030	Utah	Salt Lake City-Murray, UT	2016	M11	November	864.55
SMU49416203000000030	Utah	Salt Lake City-Murray, UT	2016	M10	October	873.59
SMU49416203000000030	Utah	Salt Lake City-Murray, UT	2016	M09	September	855.46
SMU49416203000000030	Utah	Salt Lake City-Murray, UT	2016	M08	August	849.29
SMU49416203000000030	Utah	Salt Lake City-Murray, UT	2016	M07	July	878.45
SMU49416203000000030	Utah	Salt Lake City-Murray, UT	2016	M06	June	853.54
SMU49416203000000030	Utah	Salt Lake City-Murray, UT	2016	M05	May	853.86
SMU49416203000000030	Utah	Salt Lake City-Murray, UT	2016	M04	April	833.58
SMU49416203000000030	Utah	Salt Lake City-Murray, UT	2016	M03	March	846.55
SMU49416203000000030	Utah	Salt Lake City-Murray, UT	2016	M02	February	803.29
SMU49416203000000030	Utah	Salt Lake City-Murray, UT	2016	M01	January	786.86
SMU49416203000000030	Utah	Salt Lake City-Murray, UT	2015	M12	December	766.19
SMU49416203000000030	Utah	Salt Lake City-Murray, UT	2015	M11	November	735.59
SMU49416203000000030	Utah	Salt Lake City-Murray, UT	2015	M10	October	743.05
SMU49416203000000030	Utah	Salt Lake City-Murray, UT	2015	M09	September	725.79
SMU49416203000000030	Utah	Salt Lake City-Murray, UT	2015	M08	August	757.66
SMU49416203000000030	Utah	Salt Lake City-Murray, UT	2015	M07	July	741.43
SMU49416203000000030	Utah	Salt Lake City-Murray, UT	2015	M06	June	759.20
SMU49416203000000030	Utah	Salt Lake City-Murray, UT	2015	M05	May	758.90
SMU49416203000000030	Utah	Salt Lake City-Murray, UT	2015	M04	April	781.64
SMU49416203000000030	Utah	Salt Lake City-Murray, UT	2015	M03	March	764.23
SMU49416203000000030	Utah	Salt Lake City-Murray, UT	2015	M02	February	756.03
SMU49416203000000030	Utah	Salt Lake City-Murray, UT	2015	M01	January	722.99
SMU49416203000000030	Utah	Salt Lake City-Murray, UT	2014	M12	December	761.81
SMU49416203000000030	Utah	Salt Lake City-Murray, UT	2014	M11	November	752.12
SMU49416203000000030	Utah	Salt Lake City-Murray, UT	2014	M10	October	773.05
SMU49416203000000030	Utah	Salt Lake City-Murray, UT	2014	M09	September	743.62
SMU49416203000000030	Utah	Salt Lake City-Murray, UT	2014	M08	August	747.15
SMU49416203000000030	Utah	Salt Lake City-Murray, UT	2014	M07	July	750.13
SMU49416203000000030	Utah	Salt Lake City-Murray, UT	2014	M06	June	761.20
SMU49416203000000030	Utah	Salt Lake City-Murray, UT	2014	M05	May	761.26
SMU49416203000000030	Utah	Salt Lake City-Murray, UT	2014	M04	April	761.24
SMU49416203000000030	Utah	Salt Lake City-Murray, UT	2014	M03	March	735.21
SMU49416203000000030	Utah	Salt Lake City-Murray, UT	2014	M02	February	726.91
SMU49416203000000030	Utah	Salt Lake City-Murray, UT	2014	M01	January	725.04
SMU49416203000000030	Utah	Salt Lake City-Murray, UT	2013	M12	December	760.76
SMU49416203000000030	Utah	Salt Lake City-Murray, UT	2013	M11	November	749.02
SMU49416203000000030	Utah	Salt Lake City-Murray, UT	2013	M10	October	750.42
SMU49416203000000030	Utah	Salt Lake City-Murray, UT	2013	M09	September	758.71
SMU49416203000000030	Utah	Salt Lake City-Murray, UT	2013	M08	August	737.10
SMU49416203000000030	Utah	Salt Lake City-Murray, UT	2013	M07	July	732.05
SMU49416203000000030	Utah	Salt Lake City-Murray, UT	2013	M06	June	745.31
SMU49416203000000030	Utah	Salt Lake City-Murray, UT	2013	M05	May	741.42
SMU49416203000000030	Utah	Salt Lake City-Murray, UT	2013	M04	April	742.95
SMU49416203000000030	Utah	Salt Lake City-Murray, UT	2013	M03	March	713.02
SMU49416203000000030	Utah	Salt Lake City-Murray, UT	2013	M02	February	717.02
SMU49416203000000030	Utah	Salt Lake City-Murray, UT	2013	M01	January	711.14
SMU49416203000000030	Utah	Salt Lake City-Murray, UT	2012	M12	December	767.05
SMU49416203000000030	Utah	Salt Lake City-Murray, UT	2012	M11	November	724.66
SMU49416203000000030	Utah	Salt Lake City-Murray, UT	2012	M10	October	747.81
SMU49416203000000030	Utah	Salt Lake City-Murray, UT	2012	M09	September	760.89
SMU49416203000000030	Utah	Salt Lake City-Murray, UT	2012	M08	August	722.70
SMU49416203000000030	Utah	Salt Lake City-Murray, UT	2012	M07	July	750.24
SMU49416203000000030	Utah	Salt Lake City-Murray, UT	2012	M06	June	698.39
SMU49416203000000030	Utah	Salt Lake City-Murray, UT	2012	M05	May	713.41
SMU49416203000000030	Utah	Salt Lake City-Murray, UT	2012	M04	April	684.29
SMU49416203000000030	Utah	Salt Lake City-Murray, UT	2012	M03	March	697.30
SMU49416203000000030	Utah	Salt Lake City-Murray, UT	2012	M02	February	695.02
SMU49416203000000030	Utah	Salt Lake City-Murray, UT	2012	M01	January	683.86
SMU49416203000000030	Utah	Salt Lake City-Murray, UT	2011	M12	December	675.71
SMU49416203000000030	Utah	Salt Lake City-Murray, UT	2011	M11	November	637.10
SMU49416203000000030	Utah	Salt Lake City-Murray, UT	2011	M10	October	651.26
SMU49416203000000030	Utah	Salt Lake City-Murray, UT	2011	M09	September	640.21
SMU49416203000000030	Utah	Salt Lake City-Murray, UT	2011	M08	August	619.78
SMU49416203000000030	Utah	Salt Lake City-Murray, UT	2011	M07	July	635.90
SMU49416203000000030	Utah	Salt Lake City-Murray, UT	2011	M06	June	616.63
SMU49416203000000030	Utah	Salt Lake City-Murray, UT	2011	M05	May	629.12
SMU49416203000000030	Utah	Salt Lake City-Murray, UT	2011	M04	April	626.30
SMU49416203000000030	Utah	Salt Lake City-Murray, UT	2011	M03	March	627.12
SMU49416203000000030	Utah	Salt Lake City-Murray, UT	2011	M02	February	649.17
SMU49416203000000030	Utah	Salt Lake City-Murray, UT	2011	M01	January	656.00
SMU49416203000000030	Utah	Salt Lake City-Murray, UT	2010	M12	December	676.92
SMU49416203000000030	Utah	Salt Lake City-Murray, UT	2010	M11	November	700.40
SMU49416203000000030	Utah	Salt Lake City-Murray, UT	2010	M10	October	703.10
SMU49416203000000030	Utah	Salt Lake City-Murray, UT	2010	M09	September	703.24
SMU49416203000000030	Utah	Salt Lake City-Murray, UT	2010	M08	August	728.18
SMU49416203000000030	Utah	Salt Lake City-Murray, UT	2010	M07	July	731.54
SMU49416203000000030	Utah	Salt Lake City-Murray, UT	2010	M06	June	739.93
SMU49416203000000030	Utah	Salt Lake City-Murray, UT	2010	M05	May	738.72
SMU49416203000000030	Utah	Salt Lake City-Murray, UT	2010	M04	April	729.77
SMU49416203000000030	Utah	Salt Lake City-Murray, UT	2010	M03	March	745.85
SMU49416203000000030	Utah	Salt Lake City-Murray, UT	2010	M02	February	786.19
SMU49416203000000030	Utah	Salt Lake City-Murray, UT	2010	M01	January	842.01
SMU49416203000000030	Utah	Salt Lake City-Murray, UT	2009	M12	December	845.62
SMU49416203000000030	Utah	Salt Lake City-Murray, UT	2009	M11	November	796.88
SMU49416203000000030	Utah	Salt Lake City-Murray, UT	2009	M10	October	776.28
SMU49416203000000030	Utah	Salt Lake City-Murray, UT	2009	M09	September	775.20
SMU49416203000000030	Utah	Salt Lake City-Murray, UT	2009	M08	August	775.80
SMU49416203000000030	Utah	Salt Lake City-Murray, UT	2009	M07	July	741.38
SMU49416203000000030	Utah	Salt Lake City-Murray, UT	2009	M06	June	733.36
SMU49416203000000030	Utah	Salt Lake City-Murray, UT	2009	M05	May	727.71
SMU49416203000000030	Utah	Salt Lake City-Murray, UT	2009	M04	April	723.58
SMU49416203000000030	Utah	Salt Lake City-Murray, UT	2009	M03	March	758.52
SMU49416203000000030	Utah	Salt Lake City-Murray, UT	2009	M02	February	714.10
SMU49416203000000030	Utah	Salt Lake City-Murray, UT	2009	M01	January	701.89
SMU49416203000000030	Utah	Salt Lake City-Murray, UT	2008	M12	December	831.72
SMU49416203000000030	Utah	Salt Lake City-Murray, UT	2008	M11	November	821.49
SMU49416203000000030	Utah	Salt Lake City-Murray, UT	2008	M10	October	836.31
SMU49416203000000030	Utah	Salt Lake City-Murray, UT	2008	M09	September	807.50
SMU49416203000000030	Utah	Salt Lake City-Murray, UT	2008	M08	August	800.52
SMU49416203000000030	Utah	Salt Lake City-Murray, UT	2008	M07	July	786.26
SMU49416203000000030	Utah	Salt Lake City-Murray, UT	2008	M06	June	775.32
SMU49416203000000030	Utah	Salt Lake City-Murray, UT	2008	M05	May	796.49
SMU49416203000000030	Utah	Salt Lake City-Murray, UT	2008	M04	April	730.38
SMU49416203000000030	Utah	Salt Lake City-Murray, UT	2008	M03	March	767.83
SMU49416203000000030	Utah	Salt Lake City-Murray, UT	2008	M02	February	724.17
SMU49416203000000030	Utah	Salt Lake City-Murray, UT	2008	M01	January	709.42
SMU49416203000000030	Utah	Salt Lake City-Murray, UT	2007	M12	December	809.32
SMU49416203000000030	Utah	Salt Lake City-Murray, UT	2007	M11	November	791.90
SMU49416203000000030	Utah	Salt Lake City-Murray, UT	2007	M10	October	797.08
SMU49416203000000030	Utah	Salt Lake City-Murray, UT	2007	M09	September	779.88
SMU49416203000000030	Utah	Salt Lake City-Murray, UT	2007	M08	August	773.38
SMU49416203000000030	Utah	Salt Lake City-Murray, UT	2007	M07	July	773.24
SMU49416203000000030	Utah	Salt Lake City-Murray, UT	2007	M06	June	749.56
SMU49416203000000030	Utah	Salt Lake City-Murray, UT	2007	M05	May	764.16
SMU49416203000000030	Utah	Salt Lake City-Murray, UT	2007	M04	April	717.29
SMU49416203000000030	Utah	Salt Lake City-Murray, UT	2007	M03	March	734.22
SMU49416203000000030	Utah	Salt Lake City-Murray, UT	2007	M02	February	693.83
SMU49416203000000030	Utah	Salt Lake City-Murray, UT	2007	M01	January	679.73
SMU10488643000000030	Delaware	Wilmington, DE-MD-NJ Metropolitan Division	2025	M12	December	1312.42
SMU10488643000000030	Delaware	Wilmington, DE-MD-NJ Metropolitan Division	2025	M11	November	1314.15
SMU10488643000000030	Delaware	Wilmington, DE-MD-NJ Metropolitan Division	2025	M10	October	1298.55
SMU10488643000000030	Delaware	Wilmington, DE-MD-NJ Metropolitan Division	2025	M09	September	1318.90
SMU10488643000000030	Delaware	Wilmington, DE-MD-NJ Metropolitan Division	2025	M08	August	1341.05
SMU10488643000000030	Delaware	Wilmington, DE-MD-NJ Metropolitan Division	2025	M07	July	1322.05
SMU10488643000000030	Delaware	Wilmington, DE-MD-NJ Metropolitan Division	2025	M06	June	1352.11
SMU10488643000000030	Delaware	Wilmington, DE-MD-NJ Metropolitan Division	2025	M05	May	1309.45
SMU10488643000000030	Delaware	Wilmington, DE-MD-NJ Metropolitan Division	2025	M04	April	1275.65
SMU10488643000000030	Delaware	Wilmington, DE-MD-NJ Metropolitan Division	2025	M03	March	1250.64
SMU10488643000000030	Delaware	Wilmington, DE-MD-NJ Metropolitan Division	2025	M02	February	1197.40
SMU10488643000000030	Delaware	Wilmington, DE-MD-NJ Metropolitan Division	2025	M01	January	1170.39
SMU10488643000000030	Delaware	Wilmington, DE-MD-NJ Metropolitan Division	2024	M12	December	1246.71
SMU10488643000000030	Delaware	Wilmington, DE-MD-NJ Metropolitan Division	2024	M11	November	1239.10
SMU10488643000000030	Delaware	Wilmington, DE-MD-NJ Metropolitan Division	2024	M10	October	1217.47
SMU10488643000000030	Delaware	Wilmington, DE-MD-NJ Metropolitan Division	2024	M09	September	1232.93
SMU10488643000000030	Delaware	Wilmington, DE-MD-NJ Metropolitan Division	2024	M08	August	1255.19
SMU10488643000000030	Delaware	Wilmington, DE-MD-NJ Metropolitan Division	2024	M07	July	1276.56
SMU10488643000000030	Delaware	Wilmington, DE-MD-NJ Metropolitan Division	2024	M06	June	1276.35
SMU10488643000000030	Delaware	Wilmington, DE-MD-NJ Metropolitan Division	2024	M05	May	1237.86
SMU10488643000000030	Delaware	Wilmington, DE-MD-NJ Metropolitan Division	2024	M04	April	1206.99
SMU10488643000000030	Delaware	Wilmington, DE-MD-NJ Metropolitan Division	2024	M03	March	1114.00
SMU10488643000000030	Delaware	Wilmington, DE-MD-NJ Metropolitan Division	2024	M02	February	1079.42
SMU10488643000000030	Delaware	Wilmington, DE-MD-NJ Metropolitan Division	2024	M01	January	1065.36
SMU10488643000000030	Delaware	Wilmington, DE-MD-NJ Metropolitan Division	2023	M12	December	1064.83
SMU10488643000000030	Delaware	Wilmington, DE-MD-NJ Metropolitan Division	2023	M11	November	1016.04
SMU10488643000000030	Delaware	Wilmington, DE-MD-NJ Metropolitan Division	2023	M10	October	1014.92
SMU10488643000000030	Delaware	Wilmington, DE-MD-NJ Metropolitan Division	2023	M09	September	1035.45
SMU10488643000000030	Delaware	Wilmington, DE-MD-NJ Metropolitan Division	2023	M08	August	1021.01
SMU10488643000000030	Delaware	Wilmington, DE-MD-NJ Metropolitan Division	2023	M07	July	1024.20
SMU10488643000000030	Delaware	Wilmington, DE-MD-NJ Metropolitan Division	2023	M06	June	1018.87
SMU10488643000000030	Delaware	Wilmington, DE-MD-NJ Metropolitan Division	2023	M05	May	1008.72
SMU10488643000000030	Delaware	Wilmington, DE-MD-NJ Metropolitan Division	2023	M04	April	1007.47
SMU10488643000000030	Delaware	Wilmington, DE-MD-NJ Metropolitan Division	2023	M03	March	942.82
SMU10488643000000030	Delaware	Wilmington, DE-MD-NJ Metropolitan Division	2023	M02	February	948.70
SMU10488643000000030	Delaware	Wilmington, DE-MD-NJ Metropolitan Division	2023	M01	January	957.96
SMU10488643000000030	Delaware	Wilmington, DE-MD-NJ Metropolitan Division	2022	M12	December	991.29
SMU10488643000000030	Delaware	Wilmington, DE-MD-NJ Metropolitan Division	2022	M11	November	950.50
SMU10488643000000030	Delaware	Wilmington, DE-MD-NJ Metropolitan Division	2022	M10	October	983.14
SMU10488643000000030	Delaware	Wilmington, DE-MD-NJ Metropolitan Division	2022	M09	September	1000.97
SMU10488643000000030	Delaware	Wilmington, DE-MD-NJ Metropolitan Division	2022	M08	August	1016.32
SMU10488643000000030	Delaware	Wilmington, DE-MD-NJ Metropolitan Division	2022	M07	July	1008.23
SMU10488643000000030	Delaware	Wilmington, DE-MD-NJ Metropolitan Division	2022	M06	June	1024.78
SMU10488643000000030	Delaware	Wilmington, DE-MD-NJ Metropolitan Division	2022	M05	May	1067.31
SMU10488643000000030	Delaware	Wilmington, DE-MD-NJ Metropolitan Division	2022	M04	April	1072.68
SMU10488643000000030	Delaware	Wilmington, DE-MD-NJ Metropolitan Division	2022	M03	March	1071.84
SMU10488643000000030	Delaware	Wilmington, DE-MD-NJ Metropolitan Division	2022	M02	February	1067.37
SMU10488643000000030	Delaware	Wilmington, DE-MD-NJ Metropolitan Division	2022	M01	January	1086.86
SMU10488643000000030	Delaware	Wilmington, DE-MD-NJ Metropolitan Division	2021	M12	December	1108.69
SMU10488643000000030	Delaware	Wilmington, DE-MD-NJ Metropolitan Division	2021	M11	November	1030.57
SMU10488643000000030	Delaware	Wilmington, DE-MD-NJ Metropolitan Division	2021	M10	October	996.07
SMU10488643000000030	Delaware	Wilmington, DE-MD-NJ Metropolitan Division	2021	M09	September	1000.18
SMU10488643000000030	Delaware	Wilmington, DE-MD-NJ Metropolitan Division	2021	M08	August	1014.24
SMU10488643000000030	Delaware	Wilmington, DE-MD-NJ Metropolitan Division	2021	M07	July	1044.35
SMU10488643000000030	Delaware	Wilmington, DE-MD-NJ Metropolitan Division	2021	M06	June	1066.97
SMU10488643000000030	Delaware	Wilmington, DE-MD-NJ Metropolitan Division	2021	M05	May	1140.62
SMU10488643000000030	Delaware	Wilmington, DE-MD-NJ Metropolitan Division	2021	M04	April	1150.25
SMU10488643000000030	Delaware	Wilmington, DE-MD-NJ Metropolitan Division	2021	M03	March	1148.76
SMU10488643000000030	Delaware	Wilmington, DE-MD-NJ Metropolitan Division	2021	M02	February	1172.45
SMU10488643000000030	Delaware	Wilmington, DE-MD-NJ Metropolitan Division	2021	M01	January	1134.01
SMU10488643000000030	Delaware	Wilmington, DE-MD-NJ Metropolitan Division	2020	M12	December	1155.86
SMU10488643000000030	Delaware	Wilmington, DE-MD-NJ Metropolitan Division	2020	M11	November	1073.53
SMU10488643000000030	Delaware	Wilmington, DE-MD-NJ Metropolitan Division	2020	M10	October	1140.14
SMU10488643000000030	Delaware	Wilmington, DE-MD-NJ Metropolitan Division	2020	M09	September	1079.30
SMU10488643000000030	Delaware	Wilmington, DE-MD-NJ Metropolitan Division	2020	M08	August	1063.34
SMU10488643000000030	Delaware	Wilmington, DE-MD-NJ Metropolitan Division	2020	M07	July	1103.10
SMU10488643000000030	Delaware	Wilmington, DE-MD-NJ Metropolitan Division	2020	M06	June	1068.80
SMU10488643000000030	Delaware	Wilmington, DE-MD-NJ Metropolitan Division	2020	M05	May	1154.75
SMU10488643000000030	Delaware	Wilmington, DE-MD-NJ Metropolitan Division	2020	M04	April	1110.52
SMU10488643000000030	Delaware	Wilmington, DE-MD-NJ Metropolitan Division	2020	M03	March	1179.22
SMU10488643000000030	Delaware	Wilmington, DE-MD-NJ Metropolitan Division	2020	M02	February	1166.30
SMU10488643000000030	Delaware	Wilmington, DE-MD-NJ Metropolitan Division	2020	M01	January	1138.75
SMU10488643000000030	Delaware	Wilmington, DE-MD-NJ Metropolitan Division	2019	M12	December	1214.25
SMU10488643000000030	Delaware	Wilmington, DE-MD-NJ Metropolitan Division	2019	M11	November	1171.70
SMU10488643000000030	Delaware	Wilmington, DE-MD-NJ Metropolitan Division	2019	M10	October	1133.98
SMU10488643000000030	Delaware	Wilmington, DE-MD-NJ Metropolitan Division	2019	M09	September	1205.52
SMU10488643000000030	Delaware	Wilmington, DE-MD-NJ Metropolitan Division	2019	M08	August	1189.32
SMU10488643000000030	Delaware	Wilmington, DE-MD-NJ Metropolitan Division	2019	M07	July	1217.08
SMU10488643000000030	Delaware	Wilmington, DE-MD-NJ Metropolitan Division	2019	M06	June	1177.88
SMU10488643000000030	Delaware	Wilmington, DE-MD-NJ Metropolitan Division	2019	M05	May	1185.00
SMU10488643000000030	Delaware	Wilmington, DE-MD-NJ Metropolitan Division	2019	M04	April	1208.60
SMU10488643000000030	Delaware	Wilmington, DE-MD-NJ Metropolitan Division	2019	M03	March	1217.52
SMU10488643000000030	Delaware	Wilmington, DE-MD-NJ Metropolitan Division	2019	M02	February	1138.05
SMU10488643000000030	Delaware	Wilmington, DE-MD-NJ Metropolitan Division	2019	M01	January	1102.07
SMU10488643000000030	Delaware	Wilmington, DE-MD-NJ Metropolitan Division	2018	M12	December	1181.29
SMU10488643000000030	Delaware	Wilmington, DE-MD-NJ Metropolitan Division	2018	M11	November	1139.29
SMU10488643000000030	Delaware	Wilmington, DE-MD-NJ Metropolitan Division	2018	M10	October	1064.75
SMU10488643000000030	Delaware	Wilmington, DE-MD-NJ Metropolitan Division	2018	M09	September	1128.32
SMU10488643000000030	Delaware	Wilmington, DE-MD-NJ Metropolitan Division	2018	M08	August	1096.91
SMU10488643000000030	Delaware	Wilmington, DE-MD-NJ Metropolitan Division	2018	M07	July	1123.81
SMU10488643000000030	Delaware	Wilmington, DE-MD-NJ Metropolitan Division	2018	M06	June	1079.10
SMU10488643000000030	Delaware	Wilmington, DE-MD-NJ Metropolitan Division	2018	M05	May	1063.68
SMU10488643000000030	Delaware	Wilmington, DE-MD-NJ Metropolitan Division	2018	M04	April	1070.68
SMU10488643000000030	Delaware	Wilmington, DE-MD-NJ Metropolitan Division	2018	M03	March	1116.50
SMU10488643000000030	Delaware	Wilmington, DE-MD-NJ Metropolitan Division	2018	M02	February	1091.48
SMU10488643000000030	Delaware	Wilmington, DE-MD-NJ Metropolitan Division	2018	M01	January	1072.78
SMU10488643000000030	Delaware	Wilmington, DE-MD-NJ Metropolitan Division	2017	M12	December	1061.96
SMU10488643000000030	Delaware	Wilmington, DE-MD-NJ Metropolitan Division	2017	M11	November	1091.72
SMU10488643000000030	Delaware	Wilmington, DE-MD-NJ Metropolitan Division	2017	M10	October	1042.20
SMU10488643000000030	Delaware	Wilmington, DE-MD-NJ Metropolitan Division	2017	M09	September	1121.45
SMU10488643000000030	Delaware	Wilmington, DE-MD-NJ Metropolitan Division	2017	M08	August	1043.19
SMU10488643000000030	Delaware	Wilmington, DE-MD-NJ Metropolitan Division	2017	M07	July	1123.88
SMU10488643000000030	Delaware	Wilmington, DE-MD-NJ Metropolitan Division	2017	M06	June	1071.68
SMU10488643000000030	Delaware	Wilmington, DE-MD-NJ Metropolitan Division	2017	M05	May	1137.16
SMU10488643000000030	Delaware	Wilmington, DE-MD-NJ Metropolitan Division	2017	M04	April	1252.86
SMU10488643000000030	Delaware	Wilmington, DE-MD-NJ Metropolitan Division	2017	M03	March	1108.03
SMU10488643000000030	Delaware	Wilmington, DE-MD-NJ Metropolitan Division	2017	M02	February	1027.99
SMU10488643000000030	Delaware	Wilmington, DE-MD-NJ Metropolitan Division	2017	M01	January	1051.94
SMU10488643000000030	Delaware	Wilmington, DE-MD-NJ Metropolitan Division	2016	M12	December	1052.68
SMU10488643000000030	Delaware	Wilmington, DE-MD-NJ Metropolitan Division	2016	M11	November	1067.35
SMU10488643000000030	Delaware	Wilmington, DE-MD-NJ Metropolitan Division	2016	M10	October	1005.84
SMU10488643000000030	Delaware	Wilmington, DE-MD-NJ Metropolitan Division	2016	M09	September	1018.31
SMU10488643000000030	Delaware	Wilmington, DE-MD-NJ Metropolitan Division	2016	M08	August	1076.71
SMU10488643000000030	Delaware	Wilmington, DE-MD-NJ Metropolitan Division	2016	M07	July	1099.17
SMU10488643000000030	Delaware	Wilmington, DE-MD-NJ Metropolitan Division	2016	M06	June	1024.45
SMU10488643000000030	Delaware	Wilmington, DE-MD-NJ Metropolitan Division	2016	M05	May	1007.19
SMU10488643000000030	Delaware	Wilmington, DE-MD-NJ Metropolitan Division	2016	M04	April	1037.20
SMU10488643000000030	Delaware	Wilmington, DE-MD-NJ Metropolitan Division	2016	M03	March	1098.81
SMU10488643000000030	Delaware	Wilmington, DE-MD-NJ Metropolitan Division	2016	M02	February	1054.04
SMU10488643000000030	Delaware	Wilmington, DE-MD-NJ Metropolitan Division	2016	M01	January	1014.62
SMU10488643000000030	Delaware	Wilmington, DE-MD-NJ Metropolitan Division	2015	M12	December	1035.01
SMU10488643000000030	Delaware	Wilmington, DE-MD-NJ Metropolitan Division	2015	M11	November	1057.13
SMU10488643000000030	Delaware	Wilmington, DE-MD-NJ Metropolitan Division	2015	M10	October	1017.63
SMU10488643000000030	Delaware	Wilmington, DE-MD-NJ Metropolitan Division	2015	M09	September	1109.73
SMU10488643000000030	Delaware	Wilmington, DE-MD-NJ Metropolitan Division	2015	M08	August	999.57
SMU10488643000000030	Delaware	Wilmington, DE-MD-NJ Metropolitan Division	2015	M07	July	993.05
SMU10488643000000030	Delaware	Wilmington, DE-MD-NJ Metropolitan Division	2015	M06	June	979.24
SMU10488643000000030	Delaware	Wilmington, DE-MD-NJ Metropolitan Division	2015	M05	May	941.24
SMU10488643000000030	Delaware	Wilmington, DE-MD-NJ Metropolitan Division	2015	M04	April	965.55
SMU10488643000000030	Delaware	Wilmington, DE-MD-NJ Metropolitan Division	2015	M03	March	919.91
SMU10488643000000030	Delaware	Wilmington, DE-MD-NJ Metropolitan Division	2015	M02	February	943.66
SMU10488643000000030	Delaware	Wilmington, DE-MD-NJ Metropolitan Division	2015	M01	January	916.76
SMU10488643000000030	Delaware	Wilmington, DE-MD-NJ Metropolitan Division	2014	M12	December	925.76
SMU10488643000000030	Delaware	Wilmington, DE-MD-NJ Metropolitan Division	2014	M11	November	917.80
SMU10488643000000030	Delaware	Wilmington, DE-MD-NJ Metropolitan Division	2014	M10	October	943.83
SMU10488643000000030	Delaware	Wilmington, DE-MD-NJ Metropolitan Division	2014	M09	September	989.62
SMU10488643000000030	Delaware	Wilmington, DE-MD-NJ Metropolitan Division	2014	M08	August	925.78
SMU10488643000000030	Delaware	Wilmington, DE-MD-NJ Metropolitan Division	2014	M07	July	922.88
SMU10488643000000030	Delaware	Wilmington, DE-MD-NJ Metropolitan Division	2014	M06	June	947.25
SMU10488643000000030	Delaware	Wilmington, DE-MD-NJ Metropolitan Division	2014	M05	May	886.91
SMU10488643000000030	Delaware	Wilmington, DE-MD-NJ Metropolitan Division	2014	M04	April	878.51
SMU10488643000000030	Delaware	Wilmington, DE-MD-NJ Metropolitan Division	2014	M03	March	913.72
SMU10488643000000030	Delaware	Wilmington, DE-MD-NJ Metropolitan Division	2014	M02	February	869.65
SMU10488643000000030	Delaware	Wilmington, DE-MD-NJ Metropolitan Division	2014	M01	January	792.62
SMU10488643000000030	Delaware	Wilmington, DE-MD-NJ Metropolitan Division	2013	M12	December	851.41
SMU10488643000000030	Delaware	Wilmington, DE-MD-NJ Metropolitan Division	2013	M11	November	825.34
SMU10488643000000030	Delaware	Wilmington, DE-MD-NJ Metropolitan Division	2013	M10	October	825.17
SMU10488643000000030	Delaware	Wilmington, DE-MD-NJ Metropolitan Division	2013	M09	September	803.76
SMU10488643000000030	Delaware	Wilmington, DE-MD-NJ Metropolitan Division	2013	M08	August	769.88
SMU10488643000000030	Delaware	Wilmington, DE-MD-NJ Metropolitan Division	2013	M07	July	754.90
SMU10488643000000030	Delaware	Wilmington, DE-MD-NJ Metropolitan Division	2013	M06	June	762.60
SMU10488643000000030	Delaware	Wilmington, DE-MD-NJ Metropolitan Division	2013	M05	May	723.33
SMU10488643000000030	Delaware	Wilmington, DE-MD-NJ Metropolitan Division	2013	M04	April	714.52
SMU10488643000000030	Delaware	Wilmington, DE-MD-NJ Metropolitan Division	2013	M03	March	685.23
SMU10488643000000030	Delaware	Wilmington, DE-MD-NJ Metropolitan Division	2013	M02	February	679.32
SMU10488643000000030	Delaware	Wilmington, DE-MD-NJ Metropolitan Division	2013	M01	January	662.89
SMU10488643000000030	Delaware	Wilmington, DE-MD-NJ Metropolitan Division	2012	M12	December	655.66
SMU10488643000000030	Delaware	Wilmington, DE-MD-NJ Metropolitan Division	2012	M11	November	679.00
SMU10488643000000030	Delaware	Wilmington, DE-MD-NJ Metropolitan Division	2012	M10	October	680.21
SMU10488643000000030	Delaware	Wilmington, DE-MD-NJ Metropolitan Division	2012	M09	September	667.89
SMU10488643000000030	Delaware	Wilmington, DE-MD-NJ Metropolitan Division	2012	M08	August	679.40
SMU10488643000000030	Delaware	Wilmington, DE-MD-NJ Metropolitan Division	2012	M07	July	674.92
SMU10488643000000030	Delaware	Wilmington, DE-MD-NJ Metropolitan Division	2012	M06	June	654.12
SMU10488643000000030	Delaware	Wilmington, DE-MD-NJ Metropolitan Division	2012	M05	May	645.59
SMU10488643000000030	Delaware	Wilmington, DE-MD-NJ Metropolitan Division	2012	M04	April	646.38
SMU10488643000000030	Delaware	Wilmington, DE-MD-NJ Metropolitan Division	2012	M03	March	672.72
SMU10488643000000030	Delaware	Wilmington, DE-MD-NJ Metropolitan Division	2012	M02	February	656.06
SMU10488643000000030	Delaware	Wilmington, DE-MD-NJ Metropolitan Division	2012	M01	January	655.26
SMU10488643000000030	Delaware	Wilmington, DE-MD-NJ Metropolitan Division	2011	M12	December	701.79
SMU10488643000000030	Delaware	Wilmington, DE-MD-NJ Metropolitan Division	2011	M11	November	668.68
SMU10488643000000030	Delaware	Wilmington, DE-MD-NJ Metropolitan Division	2011	M10	October	660.55
SMU10488643000000030	Delaware	Wilmington, DE-MD-NJ Metropolitan Division	2011	M09	September	645.61
SMU10488643000000030	Delaware	Wilmington, DE-MD-NJ Metropolitan Division	2011	M08	August	649.49
SMU10488643000000030	Delaware	Wilmington, DE-MD-NJ Metropolitan Division	2011	M07	July	680.88
SMU10488643000000030	Delaware	Wilmington, DE-MD-NJ Metropolitan Division	2011	M06	June	680.88
SMU10488643000000030	Delaware	Wilmington, DE-MD-NJ Metropolitan Division	2011	M05	May	661.44
SMU10488643000000030	Delaware	Wilmington, DE-MD-NJ Metropolitan Division	2011	M04	April	649.54
SMU10488643000000030	Delaware	Wilmington, DE-MD-NJ Metropolitan Division	2011	M03	March	648.76
SMU10488643000000030	Delaware	Wilmington, DE-MD-NJ Metropolitan Division	2011	M02	February	638.58
SMU10488643000000030	Delaware	Wilmington, DE-MD-NJ Metropolitan Division	2011	M01	January	627.75
SMU10488643000000030	Delaware	Wilmington, DE-MD-NJ Metropolitan Division	2010	M12	December	648.62
SMU10488643000000030	Delaware	Wilmington, DE-MD-NJ Metropolitan Division	2010	M11	November	631.18
SMU10488643000000030	Delaware	Wilmington, DE-MD-NJ Metropolitan Division	2010	M10	October	643.67
SMU10488643000000030	Delaware	Wilmington, DE-MD-NJ Metropolitan Division	2010	M09	September	622.71
SMU10488643000000030	Delaware	Wilmington, DE-MD-NJ Metropolitan Division	2010	M08	August	615.26
SMU10488643000000030	Delaware	Wilmington, DE-MD-NJ Metropolitan Division	2010	M07	July	632.43
SMU10488643000000030	Delaware	Wilmington, DE-MD-NJ Metropolitan Division	2010	M06	June	616.23
SMU10488643000000030	Delaware	Wilmington, DE-MD-NJ Metropolitan Division	2010	M05	May	597.60
SMU10488643000000030	Delaware	Wilmington, DE-MD-NJ Metropolitan Division	2010	M04	April	602.86
SMU10488643000000030	Delaware	Wilmington, DE-MD-NJ Metropolitan Division	2010	M03	March	580.06
SMU10488643000000030	Delaware	Wilmington, DE-MD-NJ Metropolitan Division	2010	M02	February	577.54
SMU10488643000000030	Delaware	Wilmington, DE-MD-NJ Metropolitan Division	2010	M01	January	571.93
SMU10488643000000030	Delaware	Wilmington, DE-MD-NJ Metropolitan Division	2009	M12	December	601.60
SMU10488643000000030	Delaware	Wilmington, DE-MD-NJ Metropolitan Division	2009	M11	November	562.11
SMU10488643000000030	Delaware	Wilmington, DE-MD-NJ Metropolitan Division	2009	M10	October	604.24
SMU10488643000000030	Delaware	Wilmington, DE-MD-NJ Metropolitan Division	2009	M09	September	600.06
SMU10488643000000030	Delaware	Wilmington, DE-MD-NJ Metropolitan Division	2009	M08	August	580.58
SMU10488643000000030	Delaware	Wilmington, DE-MD-NJ Metropolitan Division	2009	M07	July	575.91
SMU10488643000000030	Delaware	Wilmington, DE-MD-NJ Metropolitan Division	2009	M06	June	576.58
SMU10488643000000030	Delaware	Wilmington, DE-MD-NJ Metropolitan Division	2009	M05	May	649.84
SMU10488643000000030	Delaware	Wilmington, DE-MD-NJ Metropolitan Division	2009	M04	April	657.02
SMU10488643000000030	Delaware	Wilmington, DE-MD-NJ Metropolitan Division	2009	M03	March	650.72
SMU10488643000000030	Delaware	Wilmington, DE-MD-NJ Metropolitan Division	2009	M02	February	654.18
SMU10488643000000030	Delaware	Wilmington, DE-MD-NJ Metropolitan Division	2009	M01	January	659.51
SMU10488643000000030	Delaware	Wilmington, DE-MD-NJ Metropolitan Division	2008	M12	December	691.68
SMU10488643000000030	Delaware	Wilmington, DE-MD-NJ Metropolitan Division	2008	M11	November	712.35
SMU10488643000000030	Delaware	Wilmington, DE-MD-NJ Metropolitan Division	2008	M10	October	745.06
SMU10488643000000030	Delaware	Wilmington, DE-MD-NJ Metropolitan Division	2008	M09	September	761.45
SMU10488643000000030	Delaware	Wilmington, DE-MD-NJ Metropolitan Division	2008	M08	August	772.21
SMU10488643000000030	Delaware	Wilmington, DE-MD-NJ Metropolitan Division	2008	M07	July	748.13
SMU10488643000000030	Delaware	Wilmington, DE-MD-NJ Metropolitan Division	2008	M06	June	799.19
SMU10488643000000030	Delaware	Wilmington, DE-MD-NJ Metropolitan Division	2008	M05	May	784.35
SMU10488643000000030	Delaware	Wilmington, DE-MD-NJ Metropolitan Division	2008	M04	April	797.16
SMU10488643000000030	Delaware	Wilmington, DE-MD-NJ Metropolitan Division	2008	M03	March	790.45
SMU10488643000000030	Delaware	Wilmington, DE-MD-NJ Metropolitan Division	2008	M02	February	792.96
SMU10488643000000030	Delaware	Wilmington, DE-MD-NJ Metropolitan Division	2008	M01	January	798.38
SMU10488643000000030	Delaware	Wilmington, DE-MD-NJ Metropolitan Division	2007	M12	December	832.92
SMU10488643000000030	Delaware	Wilmington, DE-MD-NJ Metropolitan Division	2007	M11	November	848.80
SMU10488643000000030	Delaware	Wilmington, DE-MD-NJ Metropolitan Division	2007	M10	October	883.55
SMU10488643000000030	Delaware	Wilmington, DE-MD-NJ Metropolitan Division	2007	M09	September	885.81
SMU10488643000000030	Delaware	Wilmington, DE-MD-NJ Metropolitan Division	2007	M08	August	877.97
SMU10488643000000030	Delaware	Wilmington, DE-MD-NJ Metropolitan Division	2007	M07	July	833.30
SMU10488643000000030	Delaware	Wilmington, DE-MD-NJ Metropolitan Division	2007	M06	June	896.68
SMU10488643000000030	Delaware	Wilmington, DE-MD-NJ Metropolitan Division	2007	M05	May	844.18
SMU10488643000000030	Delaware	Wilmington, DE-MD-NJ Metropolitan Division	2007	M04	April	844.29
SMU10488643000000030	Delaware	Wilmington, DE-MD-NJ Metropolitan Division	2007	M03	March	824.31
SMU10488643000000030	Delaware	Wilmington, DE-MD-NJ Metropolitan Division	2007	M02	February	802.58
SMU10488643000000030	Delaware	Wilmington, DE-MD-NJ Metropolitan Division	2007	M01	January	794.18
SMU26198043000000030	Michigan	Detroit-Dearborn-Livonia, MI Metropolitan Division	2025	M12	December	1512.93
SMU26198043000000030	Michigan	Detroit-Dearborn-Livonia, MI Metropolitan Division	2025	M11	November	1489.30
SMU26198043000000030	Michigan	Detroit-Dearborn-Livonia, MI Metropolitan Division	2025	M10	October	1477.60
SMU26198043000000030	Michigan	Detroit-Dearborn-Livonia, MI Metropolitan Division	2025	M09	September	1493.37
SMU26198043000000030	Michigan	Detroit-Dearborn-Livonia, MI Metropolitan Division	2025	M08	August	1475.63
SMU26198043000000030	Michigan	Detroit-Dearborn-Livonia, MI Metropolitan Division	2025	M07	July	1455.55
SMU26198043000000030	Michigan	Detroit-Dearborn-Livonia, MI Metropolitan Division	2025	M06	June	1486.13
SMU26198043000000030	Michigan	Detroit-Dearborn-Livonia, MI Metropolitan Division	2025	M05	May	1480.92
SMU26198043000000030	Michigan	Detroit-Dearborn-Livonia, MI Metropolitan Division	2025	M04	April	1561.06
SMU26198043000000030	Michigan	Detroit-Dearborn-Livonia, MI Metropolitan Division	2025	M03	March	1560.35
SMU26198043000000030	Michigan	Detroit-Dearborn-Livonia, MI Metropolitan Division	2025	M02	February	1451.26
SMU26198043000000030	Michigan	Detroit-Dearborn-Livonia, MI Metropolitan Division	2025	M01	January	1470.43
SMU26198043000000030	Michigan	Detroit-Dearborn-Livonia, MI Metropolitan Division	2024	M12	December	1466.86
SMU26198043000000030	Michigan	Detroit-Dearborn-Livonia, MI Metropolitan Division	2024	M11	November	1518.94
SMU26198043000000030	Michigan	Detroit-Dearborn-Livonia, MI Metropolitan Division	2024	M10	October	1444.35
SMU26198043000000030	Michigan	Detroit-Dearborn-Livonia, MI Metropolitan Division	2024	M09	September	1521.31
SMU26198043000000030	Michigan	Detroit-Dearborn-Livonia, MI Metropolitan Division	2024	M08	August	1465.18
SMU26198043000000030	Michigan	Detroit-Dearborn-Livonia, MI Metropolitan Division	2024	M07	July	1470.81
SMU26198043000000030	Michigan	Detroit-Dearborn-Livonia, MI Metropolitan Division	2024	M06	June	1413.85
SMU26198043000000030	Michigan	Detroit-Dearborn-Livonia, MI Metropolitan Division	2024	M05	May	1392.83
SMU26198043000000030	Michigan	Detroit-Dearborn-Livonia, MI Metropolitan Division	2024	M04	April	1378.08
SMU26198043000000030	Michigan	Detroit-Dearborn-Livonia, MI Metropolitan Division	2024	M03	March	1395.36
SMU26198043000000030	Michigan	Detroit-Dearborn-Livonia, MI Metropolitan Division	2024	M02	February	1273.50
SMU26198043000000030	Michigan	Detroit-Dearborn-Livonia, MI Metropolitan Division	2024	M01	January	1238.58
SMU26198043000000030	Michigan	Detroit-Dearborn-Livonia, MI Metropolitan Division	2023	M12	December	1366.01
SMU26198043000000030	Michigan	Detroit-Dearborn-Livonia, MI Metropolitan Division	2023	M11	November	1303.52
SMU26198043000000030	Michigan	Detroit-Dearborn-Livonia, MI Metropolitan Division	2023	M10	October	1228.64
SMU26198043000000030	Michigan	Detroit-Dearborn-Livonia, MI Metropolitan Division	2023	M09	September	1218.89
SMU26198043000000030	Michigan	Detroit-Dearborn-Livonia, MI Metropolitan Division	2023	M08	August	1191.67
SMU26198043000000030	Michigan	Detroit-Dearborn-Livonia, MI Metropolitan Division	2023	M07	July	1255.42
SMU26198043000000030	Michigan	Detroit-Dearborn-Livonia, MI Metropolitan Division	2023	M06	June	1342.96
SMU26198043000000030	Michigan	Detroit-Dearborn-Livonia, MI Metropolitan Division	2023	M05	May	1275.86
SMU26198043000000030	Michigan	Detroit-Dearborn-Livonia, MI Metropolitan Division	2023	M04	April	1235.79
SMU26198043000000030	Michigan	Detroit-Dearborn-Livonia, MI Metropolitan Division	2023	M03	March	1253.09
SMU26198043000000030	Michigan	Detroit-Dearborn-Livonia, MI Metropolitan Division	2023	M02	February	1212.22
SMU26198043000000030	Michigan	Detroit-Dearborn-Livonia, MI Metropolitan Division	2023	M01	January	1190.40
SMU26198043000000030	Michigan	Detroit-Dearborn-Livonia, MI Metropolitan Division	2022	M12	December	1412.98
SMU26198043000000030	Michigan	Detroit-Dearborn-Livonia, MI Metropolitan Division	2022	M11	November	1459.74
SMU26198043000000030	Michigan	Detroit-Dearborn-Livonia, MI Metropolitan Division	2022	M10	October	1400.38
SMU26198043000000030	Michigan	Detroit-Dearborn-Livonia, MI Metropolitan Division	2022	M09	September	1293.76
SMU26198043000000030	Michigan	Detroit-Dearborn-Livonia, MI Metropolitan Division	2022	M08	August	1310.97
SMU26198043000000030	Michigan	Detroit-Dearborn-Livonia, MI Metropolitan Division	2022	M07	July	1333.24
SMU26198043000000030	Michigan	Detroit-Dearborn-Livonia, MI Metropolitan Division	2022	M06	June	1232.28
SMU26198043000000030	Michigan	Detroit-Dearborn-Livonia, MI Metropolitan Division	2022	M05	May	1190.12
SMU26198043000000030	Michigan	Detroit-Dearborn-Livonia, MI Metropolitan Division	2022	M04	April	1202.28
SMU26198043000000030	Michigan	Detroit-Dearborn-Livonia, MI Metropolitan Division	2022	M03	March	1280.40
SMU26198043000000030	Michigan	Detroit-Dearborn-Livonia, MI Metropolitan Division	2022	M02	February	1217.73
SMU26198043000000030	Michigan	Detroit-Dearborn-Livonia, MI Metropolitan Division	2022	M01	January	1387.39
SMU26198043000000030	Michigan	Detroit-Dearborn-Livonia, MI Metropolitan Division	2021	M12	December	1404.58
SMU26198043000000030	Michigan	Detroit-Dearborn-Livonia, MI Metropolitan Division	2021	M11	November	1398.30
SMU26198043000000030	Michigan	Detroit-Dearborn-Livonia, MI Metropolitan Division	2021	M10	October	1318.59
SMU26198043000000030	Michigan	Detroit-Dearborn-Livonia, MI Metropolitan Division	2021	M09	September	1251.66
SMU26198043000000030	Michigan	Detroit-Dearborn-Livonia, MI Metropolitan Division	2021	M08	August	1274.53
SMU26198043000000030	Michigan	Detroit-Dearborn-Livonia, MI Metropolitan Division	2021	M07	July	1245.44
SMU26198043000000030	Michigan	Detroit-Dearborn-Livonia, MI Metropolitan Division	2021	M06	June	1206.24
SMU26198043000000030	Michigan	Detroit-Dearborn-Livonia, MI Metropolitan Division	2021	M05	May	1173.16
SMU26198043000000030	Michigan	Detroit-Dearborn-Livonia, MI Metropolitan Division	2021	M04	April	1150.87
SMU26198043000000030	Michigan	Detroit-Dearborn-Livonia, MI Metropolitan Division	2021	M03	March	1240.21
SMU26198043000000030	Michigan	Detroit-Dearborn-Livonia, MI Metropolitan Division	2021	M02	February	1192.27
SMU26198043000000030	Michigan	Detroit-Dearborn-Livonia, MI Metropolitan Division	2021	M01	January	1228.04
SMU26198043000000030	Michigan	Detroit-Dearborn-Livonia, MI Metropolitan Division	2020	M12	December	1290.31
SMU26198043000000030	Michigan	Detroit-Dearborn-Livonia, MI Metropolitan Division	2020	M11	November	1272.61
SMU26198043000000030	Michigan	Detroit-Dearborn-Livonia, MI Metropolitan Division	2020	M10	October	1212.56
SMU26198043000000030	Michigan	Detroit-Dearborn-Livonia, MI Metropolitan Division	2020	M09	September	1268.66
SMU26198043000000030	Michigan	Detroit-Dearborn-Livonia, MI Metropolitan Division	2020	M08	August	1257.66
SMU26198043000000030	Michigan	Detroit-Dearborn-Livonia, MI Metropolitan Division	2020	M07	July	1265.27
SMU26198043000000030	Michigan	Detroit-Dearborn-Livonia, MI Metropolitan Division	2020	M06	June	1196.09
SMU26198043000000030	Michigan	Detroit-Dearborn-Livonia, MI Metropolitan Division	2020	M05	May	1323.20
SMU26198043000000030	Michigan	Detroit-Dearborn-Livonia, MI Metropolitan Division	2020	M04	April	1300.53
SMU26198043000000030	Michigan	Detroit-Dearborn-Livonia, MI Metropolitan Division	2020	M03	March	1229.89
SMU26198043000000030	Michigan	Detroit-Dearborn-Livonia, MI Metropolitan Division	2020	M02	February	1149.30
SMU26198043000000030	Michigan	Detroit-Dearborn-Livonia, MI Metropolitan Division	2020	M01	January	1134.72
SMU26198043000000030	Michigan	Detroit-Dearborn-Livonia, MI Metropolitan Division	2019	M12	December	1179.53
SMU26198043000000030	Michigan	Detroit-Dearborn-Livonia, MI Metropolitan Division	2019	M11	November	1176.37
SMU26198043000000030	Michigan	Detroit-Dearborn-Livonia, MI Metropolitan Division	2019	M10	October	1167.48
SMU26198043000000030	Michigan	Detroit-Dearborn-Livonia, MI Metropolitan Division	2019	M09	September	1182.03
SMU26198043000000030	Michigan	Detroit-Dearborn-Livonia, MI Metropolitan Division	2019	M08	August	1138.79
SMU26198043000000030	Michigan	Detroit-Dearborn-Livonia, MI Metropolitan Division	2019	M07	July	1106.77
SMU26198043000000030	Michigan	Detroit-Dearborn-Livonia, MI Metropolitan Division	2019	M06	June	1166.05
SMU26198043000000030	Michigan	Detroit-Dearborn-Livonia, MI Metropolitan Division	2019	M05	May	1151.40
SMU26198043000000030	Michigan	Detroit-Dearborn-Livonia, MI Metropolitan Division	2019	M04	April	1144.46
SMU26198043000000030	Michigan	Detroit-Dearborn-Livonia, MI Metropolitan Division	2019	M03	March	1116.91
SMU26198043000000030	Michigan	Detroit-Dearborn-Livonia, MI Metropolitan Division	2019	M02	February	1133.41
SMU26198043000000030	Michigan	Detroit-Dearborn-Livonia, MI Metropolitan Division	2019	M01	January	1183.91
SMU26198043000000030	Michigan	Detroit-Dearborn-Livonia, MI Metropolitan Division	2018	M12	December	1138.08
SMU26198043000000030	Michigan	Detroit-Dearborn-Livonia, MI Metropolitan Division	2018	M11	November	1119.26
SMU26198043000000030	Michigan	Detroit-Dearborn-Livonia, MI Metropolitan Division	2018	M10	October	1095.43
SMU26198043000000030	Michigan	Detroit-Dearborn-Livonia, MI Metropolitan Division	2018	M09	September	1124.78
SMU26198043000000030	Michigan	Detroit-Dearborn-Livonia, MI Metropolitan Division	2018	M08	August	1080.16
SMU26198043000000030	Michigan	Detroit-Dearborn-Livonia, MI Metropolitan Division	2018	M07	July	1062.94
SMU26198043000000030	Michigan	Detroit-Dearborn-Livonia, MI Metropolitan Division	2018	M06	June	1101.12
SMU26198043000000030	Michigan	Detroit-Dearborn-Livonia, MI Metropolitan Division	2018	M05	May	1090.37
SMU26198043000000030	Michigan	Detroit-Dearborn-Livonia, MI Metropolitan Division	2018	M04	April	1167.60
SMU26198043000000030	Michigan	Detroit-Dearborn-Livonia, MI Metropolitan Division	2018	M03	March	1143.07
SMU26198043000000030	Michigan	Detroit-Dearborn-Livonia, MI Metropolitan Division	2018	M02	February	1103.22
SMU26198043000000030	Michigan	Detroit-Dearborn-Livonia, MI Metropolitan Division	2018	M01	January	1089.03
SMU26198043000000030	Michigan	Detroit-Dearborn-Livonia, MI Metropolitan Division	2017	M12	December	1148.63
SMU26198043000000030	Michigan	Detroit-Dearborn-Livonia, MI Metropolitan Division	2017	M11	November	1158.11
SMU26198043000000030	Michigan	Detroit-Dearborn-Livonia, MI Metropolitan Division	2017	M10	October	1126.48
SMU26198043000000030	Michigan	Detroit-Dearborn-Livonia, MI Metropolitan Division	2017	M09	September	1134.04
SMU26198043000000030	Michigan	Detroit-Dearborn-Livonia, MI Metropolitan Division	2017	M08	August	1104.10
SMU26198043000000030	Michigan	Detroit-Dearborn-Livonia, MI Metropolitan Division	2017	M07	July	1102.55
SMU26198043000000030	Michigan	Detroit-Dearborn-Livonia, MI Metropolitan Division	2017	M06	June	1069.38
SMU26198043000000030	Michigan	Detroit-Dearborn-Livonia, MI Metropolitan Division	2017	M05	May	1085.76
SMU26198043000000030	Michigan	Detroit-Dearborn-Livonia, MI Metropolitan Division	2017	M04	April	1055.18
SMU26198043000000030	Michigan	Detroit-Dearborn-Livonia, MI Metropolitan Division	2017	M03	March	1126.63
SMU26198043000000030	Michigan	Detroit-Dearborn-Livonia, MI Metropolitan Division	2017	M02	February	1089.40
SMU26198043000000030	Michigan	Detroit-Dearborn-Livonia, MI Metropolitan Division	2017	M01	January	1096.52
SMU26198043000000030	Michigan	Detroit-Dearborn-Livonia, MI Metropolitan Division	2016	M12	December	1057.37
SMU26198043000000030	Michigan	Detroit-Dearborn-Livonia, MI Metropolitan Division	2016	M11	November	1073.50
SMU26198043000000030	Michigan	Detroit-Dearborn-Livonia, MI Metropolitan Division	2016	M10	October	1138.98
SMU26198043000000030	Michigan	Detroit-Dearborn-Livonia, MI Metropolitan Division	2016	M09	September	1110.15
SMU26198043000000030	Michigan	Detroit-Dearborn-Livonia, MI Metropolitan Division	2016	M08	August	1058.13
SMU26198043000000030	Michigan	Detroit-Dearborn-Livonia, MI Metropolitan Division	2016	M07	July	1046.99
SMU26198043000000030	Michigan	Detroit-Dearborn-Livonia, MI Metropolitan Division	2016	M06	June	1146.83
SMU26198043000000030	Michigan	Detroit-Dearborn-Livonia, MI Metropolitan Division	2016	M05	May	1094.45
SMU26198043000000030	Michigan	Detroit-Dearborn-Livonia, MI Metropolitan Division	2016	M04	April	1093.82
SMU26198043000000030	Michigan	Detroit-Dearborn-Livonia, MI Metropolitan Division	2016	M03	March	1124.51
SMU26198043000000030	Michigan	Detroit-Dearborn-Livonia, MI Metropolitan Division	2016	M02	February	1133.57
SMU26198043000000030	Michigan	Detroit-Dearborn-Livonia, MI Metropolitan Division	2016	M01	January	1153.93
SMU26198043000000030	Michigan	Detroit-Dearborn-Livonia, MI Metropolitan Division	2015	M12	December	1200.64
SMU26198043000000030	Michigan	Detroit-Dearborn-Livonia, MI Metropolitan Division	2015	M11	November	1214.28
SMU26198043000000030	Michigan	Detroit-Dearborn-Livonia, MI Metropolitan Division	2015	M10	October	1248.42
SMU26198043000000030	Michigan	Detroit-Dearborn-Livonia, MI Metropolitan Division	2015	M09	September	1282.29
SMU26198043000000030	Michigan	Detroit-Dearborn-Livonia, MI Metropolitan Division	2015	M08	August	1242.94
SMU26198043000000030	Michigan	Detroit-Dearborn-Livonia, MI Metropolitan Division	2015	M07	July	1215.36
SMU26198043000000030	Michigan	Detroit-Dearborn-Livonia, MI Metropolitan Division	2015	M06	June	1280.68
SMU26198043000000030	Michigan	Detroit-Dearborn-Livonia, MI Metropolitan Division	2015	M05	May	1251.99
SMU26198043000000030	Michigan	Detroit-Dearborn-Livonia, MI Metropolitan Division	2015	M04	April	1279.63
SMU26198043000000030	Michigan	Detroit-Dearborn-Livonia, MI Metropolitan Division	2015	M03	March	1286.67
SMU26198043000000030	Michigan	Detroit-Dearborn-Livonia, MI Metropolitan Division	2015	M02	February	1332.31
SMU26198043000000030	Michigan	Detroit-Dearborn-Livonia, MI Metropolitan Division	2015	M01	January	1354.75
SMU26198043000000030	Michigan	Detroit-Dearborn-Livonia, MI Metropolitan Division	2014	M12	December	1362.40
SMU26198043000000030	Michigan	Detroit-Dearborn-Livonia, MI Metropolitan Division	2014	M11	November	1429.75
SMU26198043000000030	Michigan	Detroit-Dearborn-Livonia, MI Metropolitan Division	2014	M10	October	1356.45
SMU26198043000000030	Michigan	Detroit-Dearborn-Livonia, MI Metropolitan Division	2014	M09	September	1315.60
SMU26198043000000030	Michigan	Detroit-Dearborn-Livonia, MI Metropolitan Division	2014	M08	August	1323.49
SMU26198043000000030	Michigan	Detroit-Dearborn-Livonia, MI Metropolitan Division	2014	M07	July	1288.42
SMU26198043000000030	Michigan	Detroit-Dearborn-Livonia, MI Metropolitan Division	2014	M06	June	1272.24
SMU26198043000000030	Michigan	Detroit-Dearborn-Livonia, MI Metropolitan Division	2014	M05	May	1280.16
SMU26198043000000030	Michigan	Detroit-Dearborn-Livonia, MI Metropolitan Division	2014	M04	April	1220.10
SMU26198043000000030	Michigan	Detroit-Dearborn-Livonia, MI Metropolitan Division	2014	M03	March	1249.82
SMU26198043000000030	Michigan	Detroit-Dearborn-Livonia, MI Metropolitan Division	2014	M02	February	1282.55
SMU26198043000000030	Michigan	Detroit-Dearborn-Livonia, MI Metropolitan Division	2014	M01	January	1209.80
SMU26198043000000030	Michigan	Detroit-Dearborn-Livonia, MI Metropolitan Division	2013	M12	December	1289.60
SMU26198043000000030	Michigan	Detroit-Dearborn-Livonia, MI Metropolitan Division	2013	M11	November	1330.97
SMU26198043000000030	Michigan	Detroit-Dearborn-Livonia, MI Metropolitan Division	2013	M10	October	1211.66
SMU26198043000000030	Michigan	Detroit-Dearborn-Livonia, MI Metropolitan Division	2013	M09	September	1252.27
SMU26198043000000030	Michigan	Detroit-Dearborn-Livonia, MI Metropolitan Division	2013	M08	August	1272.04
SMU26198043000000030	Michigan	Detroit-Dearborn-Livonia, MI Metropolitan Division	2013	M07	July	1239.75
SMU26198043000000030	Michigan	Detroit-Dearborn-Livonia, MI Metropolitan Division	2013	M06	June	1250.82
SMU26198043000000030	Michigan	Detroit-Dearborn-Livonia, MI Metropolitan Division	2013	M05	May	1223.85
SMU26198043000000030	Michigan	Detroit-Dearborn-Livonia, MI Metropolitan Division	2013	M04	April	1273.02
SMU26198043000000030	Michigan	Detroit-Dearborn-Livonia, MI Metropolitan Division	2013	M03	March	1282.66
SMU26198043000000030	Michigan	Detroit-Dearborn-Livonia, MI Metropolitan Division	2013	M02	February	1276.61
SMU26198043000000030	Michigan	Detroit-Dearborn-Livonia, MI Metropolitan Division	2013	M01	January	1251.75
SMU26198043000000030	Michigan	Detroit-Dearborn-Livonia, MI Metropolitan Division	2012	M12	December	1289.34
SMU26198043000000030	Michigan	Detroit-Dearborn-Livonia, MI Metropolitan Division	2012	M11	November	1336.03
SMU26198043000000030	Michigan	Detroit-Dearborn-Livonia, MI Metropolitan Division	2012	M10	October	1273.68
SMU26198043000000030	Michigan	Detroit-Dearborn-Livonia, MI Metropolitan Division	2012	M09	September	1319.87
SMU26198043000000030	Michigan	Detroit-Dearborn-Livonia, MI Metropolitan Division	2012	M08	August	1287.00
SMU26198043000000030	Michigan	Detroit-Dearborn-Livonia, MI Metropolitan Division	2012	M07	July	1265.23
SMU26198043000000030	Michigan	Detroit-Dearborn-Livonia, MI Metropolitan Division	2012	M06	June	1318.78
SMU26198043000000030	Michigan	Detroit-Dearborn-Livonia, MI Metropolitan Division	2012	M05	May	1180.47
SMU26198043000000030	Michigan	Detroit-Dearborn-Livonia, MI Metropolitan Division	2012	M04	April	1217.74
SMU26198043000000030	Michigan	Detroit-Dearborn-Livonia, MI Metropolitan Division	2012	M03	March	1186.10
SMU26198043000000030	Michigan	Detroit-Dearborn-Livonia, MI Metropolitan Division	2012	M02	February	1207.93
SMU26198043000000030	Michigan	Detroit-Dearborn-Livonia, MI Metropolitan Division	2012	M01	January	1158.03
SMU26198043000000030	Michigan	Detroit-Dearborn-Livonia, MI Metropolitan Division	2011	M12	December	1248.49
SMU26198043000000030	Michigan	Detroit-Dearborn-Livonia, MI Metropolitan Division	2011	M11	November	1250.48
SMU26198043000000030	Michigan	Detroit-Dearborn-Livonia, MI Metropolitan Division	2011	M10	October	1250.25
SMU26198043000000030	Michigan	Detroit-Dearborn-Livonia, MI Metropolitan Division	2011	M09	September	1289.00
SMU26198043000000030	Michigan	Detroit-Dearborn-Livonia, MI Metropolitan Division	2011	M08	August	1260.83
SMU26198043000000030	Michigan	Detroit-Dearborn-Livonia, MI Metropolitan Division	2011	M07	July	1245.86
SMU26198043000000030	Michigan	Detroit-Dearborn-Livonia, MI Metropolitan Division	2011	M06	June	1273.18
SMU26198043000000030	Michigan	Detroit-Dearborn-Livonia, MI Metropolitan Division	2011	M05	May	1300.29
SMU26198043000000030	Michigan	Detroit-Dearborn-Livonia, MI Metropolitan Division	2011	M04	April	1255.04
SMU26198043000000030	Michigan	Detroit-Dearborn-Livonia, MI Metropolitan Division	2011	M03	March	1272.79
SMU26198043000000030	Michigan	Detroit-Dearborn-Livonia, MI Metropolitan Division	2011	M02	February	1257.58
SMU26198043000000030	Michigan	Detroit-Dearborn-Livonia, MI Metropolitan Division	2011	M01	January	1252.49
SMU26198043000000030	Michigan	Detroit-Dearborn-Livonia, MI Metropolitan Division	2010	M12	December	1285.24
SMU26198043000000030	Michigan	Detroit-Dearborn-Livonia, MI Metropolitan Division	2010	M11	November	1256.67
SMU26198043000000030	Michigan	Detroit-Dearborn-Livonia, MI Metropolitan Division	2010	M10	October	1279.47
SMU26198043000000030	Michigan	Detroit-Dearborn-Livonia, MI Metropolitan Division	2010	M09	September	1289.92
SMU26198043000000030	Michigan	Detroit-Dearborn-Livonia, MI Metropolitan Division	2010	M08	August	1274.67
SMU26198043000000030	Michigan	Detroit-Dearborn-Livonia, MI Metropolitan Division	2010	M07	July	1206.88
SMU26198043000000030	Michigan	Detroit-Dearborn-Livonia, MI Metropolitan Division	2010	M06	June	1210.87
SMU26198043000000030	Michigan	Detroit-Dearborn-Livonia, MI Metropolitan Division	2010	M05	May	1197.51
SMU26198043000000030	Michigan	Detroit-Dearborn-Livonia, MI Metropolitan Division	2010	M04	April	1172.67
SMU26198043000000030	Michigan	Detroit-Dearborn-Livonia, MI Metropolitan Division	2010	M03	March	1118.74
SMU26198043000000030	Michigan	Detroit-Dearborn-Livonia, MI Metropolitan Division	2010	M02	February	1116.18
SMU26198043000000030	Michigan	Detroit-Dearborn-Livonia, MI Metropolitan Division	2010	M01	January	1114.04
SMU26198043000000030	Michigan	Detroit-Dearborn-Livonia, MI Metropolitan Division	2009	M12	December	1248.47
SMU26198043000000030	Michigan	Detroit-Dearborn-Livonia, MI Metropolitan Division	2009	M11	November	1253.94
SMU26198043000000030	Michigan	Detroit-Dearborn-Livonia, MI Metropolitan Division	2009	M10	October	1258.31
SMU26198043000000030	Michigan	Detroit-Dearborn-Livonia, MI Metropolitan Division	2009	M09	September	1198.20
SMU26198043000000030	Michigan	Detroit-Dearborn-Livonia, MI Metropolitan Division	2009	M08	August	1207.39
SMU26198043000000030	Michigan	Detroit-Dearborn-Livonia, MI Metropolitan Division	2009	M07	July	1139.40
SMU26198043000000030	Michigan	Detroit-Dearborn-Livonia, MI Metropolitan Division	2009	M06	June	1134.66
SMU26198043000000030	Michigan	Detroit-Dearborn-Livonia, MI Metropolitan Division	2009	M05	May	1133.15
SMU26198043000000030	Michigan	Detroit-Dearborn-Livonia, MI Metropolitan Division	2009	M04	April	1138.47
SMU26198043000000030	Michigan	Detroit-Dearborn-Livonia, MI Metropolitan Division	2009	M03	March	1152.15
SMU26198043000000030	Michigan	Detroit-Dearborn-Livonia, MI Metropolitan Division	2009	M02	February	1148.82
SMU26198043000000030	Michigan	Detroit-Dearborn-Livonia, MI Metropolitan Division	2009	M01	January	1111.20
SMU26198043000000030	Michigan	Detroit-Dearborn-Livonia, MI Metropolitan Division	2008	M12	December	1195.10
SMU26198043000000030	Michigan	Detroit-Dearborn-Livonia, MI Metropolitan Division	2008	M11	November	1173.20
SMU26198043000000030	Michigan	Detroit-Dearborn-Livonia, MI Metropolitan Division	2008	M10	October	1148.70
SMU26198043000000030	Michigan	Detroit-Dearborn-Livonia, MI Metropolitan Division	2008	M09	September	1151.41
SMU26198043000000030	Michigan	Detroit-Dearborn-Livonia, MI Metropolitan Division	2008	M08	August	1143.79
SMU26198043000000030	Michigan	Detroit-Dearborn-Livonia, MI Metropolitan Division	2008	M07	July	1078.76
SMU26198043000000030	Michigan	Detroit-Dearborn-Livonia, MI Metropolitan Division	2008	M06	June	1133.69
SMU26198043000000030	Michigan	Detroit-Dearborn-Livonia, MI Metropolitan Division	2008	M05	May	1113.08
SMU26198043000000030	Michigan	Detroit-Dearborn-Livonia, MI Metropolitan Division	2008	M04	April	1105.37
SMU26198043000000030	Michigan	Detroit-Dearborn-Livonia, MI Metropolitan Division	2008	M03	March	1117.97
SMU26198043000000030	Michigan	Detroit-Dearborn-Livonia, MI Metropolitan Division	2008	M02	February	1114.13
SMU26198043000000030	Michigan	Detroit-Dearborn-Livonia, MI Metropolitan Division	2008	M01	January	1078.78
SMU26198043000000030	Michigan	Detroit-Dearborn-Livonia, MI Metropolitan Division	2007	M12	December	1251.25
SMU26198043000000030	Michigan	Detroit-Dearborn-Livonia, MI Metropolitan Division	2007	M11	November	1192.83
SMU26198043000000030	Michigan	Detroit-Dearborn-Livonia, MI Metropolitan Division	2007	M10	October	1157.45
SMU26198043000000030	Michigan	Detroit-Dearborn-Livonia, MI Metropolitan Division	2007	M09	September	1182.43
SMU26198043000000030	Michigan	Detroit-Dearborn-Livonia, MI Metropolitan Division	2007	M08	August	1157.06
SMU26198043000000030	Michigan	Detroit-Dearborn-Livonia, MI Metropolitan Division	2007	M07	July	1080.22
SMU26198043000000030	Michigan	Detroit-Dearborn-Livonia, MI Metropolitan Division	2007	M06	June	1149.59
SMU26198043000000030	Michigan	Detroit-Dearborn-Livonia, MI Metropolitan Division	2007	M05	May	1127.41
SMU26198043000000030	Michigan	Detroit-Dearborn-Livonia, MI Metropolitan Division	2007	M04	April	1135.78
SMU26198043000000030	Michigan	Detroit-Dearborn-Livonia, MI Metropolitan Division	2007	M03	March	1127.90
SMU26198043000000030	Michigan	Detroit-Dearborn-Livonia, MI Metropolitan Division	2007	M02	February	1123.61
SMU26198043000000030	Michigan	Detroit-Dearborn-Livonia, MI Metropolitan Division	2007	M01	January	1043.39
SMU18269003000000030	Indiana	Indianapolis-Carmel-Greenwood, IN	2025	M12	December	962.41
SMU18269003000000030	Indiana	Indianapolis-Carmel-Greenwood, IN	2025	M11	November	1068.02
SMU18269003000000030	Indiana	Indianapolis-Carmel-Greenwood, IN	2025	M10	October	1031.39
SMU18269003000000030	Indiana	Indianapolis-Carmel-Greenwood, IN	2025	M09	September	1056.34
SMU18269003000000030	Indiana	Indianapolis-Carmel-Greenwood, IN	2025	M08	August	1013.13
SMU18269003000000030	Indiana	Indianapolis-Carmel-Greenwood, IN	2025	M07	July	1000.64
SMU18269003000000030	Indiana	Indianapolis-Carmel-Greenwood, IN	2025	M06	June	1061.25
SMU18269003000000030	Indiana	Indianapolis-Carmel-Greenwood, IN	2025	M05	May	990.44
SMU18269003000000030	Indiana	Indianapolis-Carmel-Greenwood, IN	2025	M04	April	996.79
SMU18269003000000030	Indiana	Indianapolis-Carmel-Greenwood, IN	2025	M03	March	1056.86
SMU18269003000000030	Indiana	Indianapolis-Carmel-Greenwood, IN	2025	M02	February	1021.75
SMU18269003000000030	Indiana	Indianapolis-Carmel-Greenwood, IN	2025	M01	January	944.81
SMU18269003000000030	Indiana	Indianapolis-Carmel-Greenwood, IN	2024	M12	December	998.32
SMU18269003000000030	Indiana	Indianapolis-Carmel-Greenwood, IN	2024	M11	November	1030.86
SMU18269003000000030	Indiana	Indianapolis-Carmel-Greenwood, IN	2024	M10	October	979.60
SMU18269003000000030	Indiana	Indianapolis-Carmel-Greenwood, IN	2024	M09	September	1014.34
SMU18269003000000030	Indiana	Indianapolis-Carmel-Greenwood, IN	2024	M08	August	992.71
SMU18269003000000030	Indiana	Indianapolis-Carmel-Greenwood, IN	2024	M07	July	1017.72
SMU18269003000000030	Indiana	Indianapolis-Carmel-Greenwood, IN	2024	M06	June	1034.10
SMU18269003000000030	Indiana	Indianapolis-Carmel-Greenwood, IN	2024	M05	May	988.94
SMU18269003000000030	Indiana	Indianapolis-Carmel-Greenwood, IN	2024	M04	April	966.92
SMU18269003000000030	Indiana	Indianapolis-Carmel-Greenwood, IN	2024	M03	March	962.86
SMU18269003000000030	Indiana	Indianapolis-Carmel-Greenwood, IN	2024	M02	February	963.30
SMU18269003000000030	Indiana	Indianapolis-Carmel-Greenwood, IN	2024	M01	January	948.10
SMU18269003000000030	Indiana	Indianapolis-Carmel-Greenwood, IN	2023	M12	December	978.30
SMU18269003000000030	Indiana	Indianapolis-Carmel-Greenwood, IN	2023	M11	November	1018.89
SMU18269003000000030	Indiana	Indianapolis-Carmel-Greenwood, IN	2023	M10	October	939.11
SMU18269003000000030	Indiana	Indianapolis-Carmel-Greenwood, IN	2023	M09	September	991.45
SMU18269003000000030	Indiana	Indianapolis-Carmel-Greenwood, IN	2023	M08	August	982.35
SMU18269003000000030	Indiana	Indianapolis-Carmel-Greenwood, IN	2023	M07	July	1071.04
SMU18269003000000030	Indiana	Indianapolis-Carmel-Greenwood, IN	2023	M06	June	1020.51
SMU18269003000000030	Indiana	Indianapolis-Carmel-Greenwood, IN	2023	M05	May	1023.80
SMU18269003000000030	Indiana	Indianapolis-Carmel-Greenwood, IN	2023	M04	April	1001.20
SMU18269003000000030	Indiana	Indianapolis-Carmel-Greenwood, IN	2023	M03	March	1041.98
SMU18269003000000030	Indiana	Indianapolis-Carmel-Greenwood, IN	2023	M02	February	1036.64
SMU18269003000000030	Indiana	Indianapolis-Carmel-Greenwood, IN	2023	M01	January	1004.48
SMU18269003000000030	Indiana	Indianapolis-Carmel-Greenwood, IN	2022	M12	December	997.15
SMU18269003000000030	Indiana	Indianapolis-Carmel-Greenwood, IN	2022	M11	November	1033.39
SMU18269003000000030	Indiana	Indianapolis-Carmel-Greenwood, IN	2022	M10	October	1037.31
SMU18269003000000030	Indiana	Indianapolis-Carmel-Greenwood, IN	2022	M09	September	1013.22
SMU18269003000000030	Indiana	Indianapolis-Carmel-Greenwood, IN	2022	M08	August	984.72
SMU18269003000000030	Indiana	Indianapolis-Carmel-Greenwood, IN	2022	M07	July	975.80
SMU18269003000000030	Indiana	Indianapolis-Carmel-Greenwood, IN	2022	M06	June	938.99
SMU18269003000000030	Indiana	Indianapolis-Carmel-Greenwood, IN	2022	M05	May	913.38
SMU18269003000000030	Indiana	Indianapolis-Carmel-Greenwood, IN	2022	M04	April	945.95
SMU18269003000000030	Indiana	Indianapolis-Carmel-Greenwood, IN	2022	M03	March	991.61
SMU18269003000000030	Indiana	Indianapolis-Carmel-Greenwood, IN	2022	M02	February	956.39
SMU18269003000000030	Indiana	Indianapolis-Carmel-Greenwood, IN	2022	M01	January	938.25
SMU18269003000000030	Indiana	Indianapolis-Carmel-Greenwood, IN	2021	M12	December	914.52
SMU18269003000000030	Indiana	Indianapolis-Carmel-Greenwood, IN	2021	M11	November	910.96
SMU18269003000000030	Indiana	Indianapolis-Carmel-Greenwood, IN	2021	M10	October	936.64
SMU18269003000000030	Indiana	Indianapolis-Carmel-Greenwood, IN	2021	M09	September	910.87
SMU18269003000000030	Indiana	Indianapolis-Carmel-Greenwood, IN	2021	M08	August	921.68
SMU18269003000000030	Indiana	Indianapolis-Carmel-Greenwood, IN	2021	M07	July	886.14
SMU18269003000000030	Indiana	Indianapolis-Carmel-Greenwood, IN	2021	M06	June	924.40
SMU18269003000000030	Indiana	Indianapolis-Carmel-Greenwood, IN	2021	M05	May	929.84
SMU18269003000000030	Indiana	Indianapolis-Carmel-Greenwood, IN	2021	M04	April	917.49
SMU18269003000000030	Indiana	Indianapolis-Carmel-Greenwood, IN	2021	M03	March	926.81
SMU18269003000000030	Indiana	Indianapolis-Carmel-Greenwood, IN	2021	M02	February	902.54
SMU18269003000000030	Indiana	Indianapolis-Carmel-Greenwood, IN	2021	M01	January	877.30
SMU18269003000000030	Indiana	Indianapolis-Carmel-Greenwood, IN	2020	M12	December	871.85
SMU18269003000000030	Indiana	Indianapolis-Carmel-Greenwood, IN	2020	M11	November	854.91
SMU18269003000000030	Indiana	Indianapolis-Carmel-Greenwood, IN	2020	M10	October	832.65
SMU18269003000000030	Indiana	Indianapolis-Carmel-Greenwood, IN	2020	M09	September	807.22
SMU18269003000000030	Indiana	Indianapolis-Carmel-Greenwood, IN	2020	M08	August	784.16
SMU18269003000000030	Indiana	Indianapolis-Carmel-Greenwood, IN	2020	M07	July	787.03
SMU18269003000000030	Indiana	Indianapolis-Carmel-Greenwood, IN	2020	M06	June	811.10
SMU18269003000000030	Indiana	Indianapolis-Carmel-Greenwood, IN	2020	M05	May	795.37
SMU18269003000000030	Indiana	Indianapolis-Carmel-Greenwood, IN	2020	M04	April	794.50
SMU18269003000000030	Indiana	Indianapolis-Carmel-Greenwood, IN	2020	M03	March	807.21
SMU18269003000000030	Indiana	Indianapolis-Carmel-Greenwood, IN	2020	M02	February	781.24
SMU18269003000000030	Indiana	Indianapolis-Carmel-Greenwood, IN	2020	M01	January	815.42
SMU18269003000000030	Indiana	Indianapolis-Carmel-Greenwood, IN	2019	M12	December	805.90
SMU18269003000000030	Indiana	Indianapolis-Carmel-Greenwood, IN	2019	M11	November	821.29
SMU18269003000000030	Indiana	Indianapolis-Carmel-Greenwood, IN	2019	M10	October	804.53
SMU18269003000000030	Indiana	Indianapolis-Carmel-Greenwood, IN	2019	M09	September	810.89
SMU18269003000000030	Indiana	Indianapolis-Carmel-Greenwood, IN	2019	M08	August	793.21
SMU18269003000000030	Indiana	Indianapolis-Carmel-Greenwood, IN	2019	M07	July	760.99
SMU18269003000000030	Indiana	Indianapolis-Carmel-Greenwood, IN	2019	M06	June	815.49
SMU18269003000000030	Indiana	Indianapolis-Carmel-Greenwood, IN	2019	M05	May	797.94
SMU18269003000000030	Indiana	Indianapolis-Carmel-Greenwood, IN	2019	M04	April	776.90
SMU18269003000000030	Indiana	Indianapolis-Carmel-Greenwood, IN	2019	M03	March	742.37
SMU18269003000000030	Indiana	Indianapolis-Carmel-Greenwood, IN	2019	M02	February	738.32
SMU18269003000000030	Indiana	Indianapolis-Carmel-Greenwood, IN	2019	M01	January	728.73
SMU18269003000000030	Indiana	Indianapolis-Carmel-Greenwood, IN	2018	M12	December	796.22
SMU18269003000000030	Indiana	Indianapolis-Carmel-Greenwood, IN	2018	M11	November	802.05
SMU18269003000000030	Indiana	Indianapolis-Carmel-Greenwood, IN	2018	M10	October	802.14
SMU18269003000000030	Indiana	Indianapolis-Carmel-Greenwood, IN	2018	M09	September	850.54
SMU18269003000000030	Indiana	Indianapolis-Carmel-Greenwood, IN	2018	M08	August	832.44
SMU18269003000000030	Indiana	Indianapolis-Carmel-Greenwood, IN	2018	M07	July	775.01
SMU18269003000000030	Indiana	Indianapolis-Carmel-Greenwood, IN	2018	M06	June	770.96
SMU18269003000000030	Indiana	Indianapolis-Carmel-Greenwood, IN	2018	M05	May	791.93
SMU18269003000000030	Indiana	Indianapolis-Carmel-Greenwood, IN	2018	M04	April	806.74
SMU18269003000000030	Indiana	Indianapolis-Carmel-Greenwood, IN	2018	M03	March	815.97
SMU18269003000000030	Indiana	Indianapolis-Carmel-Greenwood, IN	2018	M02	February	811.48
SMU18269003000000030	Indiana	Indianapolis-Carmel-Greenwood, IN	2018	M01	January	755.42
SMU18269003000000030	Indiana	Indianapolis-Carmel-Greenwood, IN	2017	M12	December	797.23
SMU18269003000000030	Indiana	Indianapolis-Carmel-Greenwood, IN	2017	M11	November	838.79
SMU18269003000000030	Indiana	Indianapolis-Carmel-Greenwood, IN	2017	M10	October	841.78
SMU18269003000000030	Indiana	Indianapolis-Carmel-Greenwood, IN	2017	M09	September	839.78
SMU18269003000000030	Indiana	Indianapolis-Carmel-Greenwood, IN	2017	M08	August	824.30
SMU18269003000000030	Indiana	Indianapolis-Carmel-Greenwood, IN	2017	M07	July	795.88
SMU18269003000000030	Indiana	Indianapolis-Carmel-Greenwood, IN	2017	M06	June	788.32
SMU18269003000000030	Indiana	Indianapolis-Carmel-Greenwood, IN	2017	M05	May	771.04
SMU18269003000000030	Indiana	Indianapolis-Carmel-Greenwood, IN	2017	M04	April	795.62
SMU18269003000000030	Indiana	Indianapolis-Carmel-Greenwood, IN	2017	M03	March	849.32
SMU18269003000000030	Indiana	Indianapolis-Carmel-Greenwood, IN	2017	M02	February	843.40
SMU18269003000000030	Indiana	Indianapolis-Carmel-Greenwood, IN	2017	M01	January	850.30
SMU18269003000000030	Indiana	Indianapolis-Carmel-Greenwood, IN	2016	M12	December	841.64
SMU18269003000000030	Indiana	Indianapolis-Carmel-Greenwood, IN	2016	M11	November	832.08
SMU18269003000000030	Indiana	Indianapolis-Carmel-Greenwood, IN	2016	M10	October	905.66
SMU18269003000000030	Indiana	Indianapolis-Carmel-Greenwood, IN	2016	M09	September	858.27
SMU18269003000000030	Indiana	Indianapolis-Carmel-Greenwood, IN	2016	M08	August	842.20
SMU18269003000000030	Indiana	Indianapolis-Carmel-Greenwood, IN	2016	M07	July	790.08
SMU18269003000000030	Indiana	Indianapolis-Carmel-Greenwood, IN	2016	M06	June	784.97
SMU18269003000000030	Indiana	Indianapolis-Carmel-Greenwood, IN	2016	M05	May	784.57
SMU18269003000000030	Indiana	Indianapolis-Carmel-Greenwood, IN	2016	M04	April	804.30
SMU18269003000000030	Indiana	Indianapolis-Carmel-Greenwood, IN	2016	M03	March	776.13
SMU18269003000000030	Indiana	Indianapolis-Carmel-Greenwood, IN	2016	M02	February	754.82
SMU18269003000000030	Indiana	Indianapolis-Carmel-Greenwood, IN	2016	M01	January	735.74
SMU18269003000000030	Indiana	Indianapolis-Carmel-Greenwood, IN	2015	M12	December	764.49
SMU18269003000000030	Indiana	Indianapolis-Carmel-Greenwood, IN	2015	M11	November	768.54
SMU18269003000000030	Indiana	Indianapolis-Carmel-Greenwood, IN	2015	M10	October	771.67
SMU18269003000000030	Indiana	Indianapolis-Carmel-Greenwood, IN	2015	M09	September	750.24
SMU18269003000000030	Indiana	Indianapolis-Carmel-Greenwood, IN	2015	M08	August	742.27
SMU18269003000000030	Indiana	Indianapolis-Carmel-Greenwood, IN	2015	M07	July	703.45
SMU18269003000000030	Indiana	Indianapolis-Carmel-Greenwood, IN	2015	M06	June	717.74
SMU18269003000000030	Indiana	Indianapolis-Carmel-Greenwood, IN	2015	M05	May	719.83
SMU18269003000000030	Indiana	Indianapolis-Carmel-Greenwood, IN	2015	M04	April	726.09
SMU18269003000000030	Indiana	Indianapolis-Carmel-Greenwood, IN	2015	M03	March	738.82
SMU18269003000000030	Indiana	Indianapolis-Carmel-Greenwood, IN	2015	M02	February	749.07
SMU18269003000000030	Indiana	Indianapolis-Carmel-Greenwood, IN	2015	M01	January	770.62
SMU18269003000000030	Indiana	Indianapolis-Carmel-Greenwood, IN	2014	M12	December	790.56
SMU18269003000000030	Indiana	Indianapolis-Carmel-Greenwood, IN	2014	M11	November	835.91
SMU18269003000000030	Indiana	Indianapolis-Carmel-Greenwood, IN	2014	M10	October	820.05
SMU18269003000000030	Indiana	Indianapolis-Carmel-Greenwood, IN	2014	M09	September	814.45
SMU18269003000000030	Indiana	Indianapolis-Carmel-Greenwood, IN	2014	M08	August	828.97
SMU18269003000000030	Indiana	Indianapolis-Carmel-Greenwood, IN	2014	M07	July	802.62
SMU18269003000000030	Indiana	Indianapolis-Carmel-Greenwood, IN	2014	M06	June	823.18
SMU18269003000000030	Indiana	Indianapolis-Carmel-Greenwood, IN	2014	M05	May	790.99
SMU18269003000000030	Indiana	Indianapolis-Carmel-Greenwood, IN	2014	M04	April	789.36
SMU18269003000000030	Indiana	Indianapolis-Carmel-Greenwood, IN	2014	M03	March	769.67
SMU18269003000000030	Indiana	Indianapolis-Carmel-Greenwood, IN	2014	M02	February	761.67
SMU18269003000000030	Indiana	Indianapolis-Carmel-Greenwood, IN	2014	M01	January	781.43
SMU18269003000000030	Indiana	Indianapolis-Carmel-Greenwood, IN	2013	M12	December	820.88
SMU18269003000000030	Indiana	Indianapolis-Carmel-Greenwood, IN	2013	M11	November	809.62
SMU18269003000000030	Indiana	Indianapolis-Carmel-Greenwood, IN	2013	M10	October	848.64
SMU18269003000000030	Indiana	Indianapolis-Carmel-Greenwood, IN	2013	M09	September	878.06
SMU18269003000000030	Indiana	Indianapolis-Carmel-Greenwood, IN	2013	M08	August	851.18
SMU18269003000000030	Indiana	Indianapolis-Carmel-Greenwood, IN	2013	M07	July	844.11
SMU18269003000000030	Indiana	Indianapolis-Carmel-Greenwood, IN	2013	M06	June	828.07
SMU18269003000000030	Indiana	Indianapolis-Carmel-Greenwood, IN	2013	M05	May	826.86
SMU18269003000000030	Indiana	Indianapolis-Carmel-Greenwood, IN	2013	M04	April	837.14
SMU18269003000000030	Indiana	Indianapolis-Carmel-Greenwood, IN	2013	M03	March	814.46
SMU18269003000000030	Indiana	Indianapolis-Carmel-Greenwood, IN	2013	M02	February	794.00
SMU18269003000000030	Indiana	Indianapolis-Carmel-Greenwood, IN	2013	M01	January	830.80
SMU18269003000000030	Indiana	Indianapolis-Carmel-Greenwood, IN	2012	M12	December	822.17
SMU18269003000000030	Indiana	Indianapolis-Carmel-Greenwood, IN	2012	M11	November	813.05
SMU18269003000000030	Indiana	Indianapolis-Carmel-Greenwood, IN	2012	M10	October	836.99
SMU18269003000000030	Indiana	Indianapolis-Carmel-Greenwood, IN	2012	M09	September	854.46
SMU18269003000000030	Indiana	Indianapolis-Carmel-Greenwood, IN	2012	M08	August	862.78
SMU18269003000000030	Indiana	Indianapolis-Carmel-Greenwood, IN	2012	M07	July	951.79
SMU18269003000000030	Indiana	Indianapolis-Carmel-Greenwood, IN	2012	M06	June	819.71
SMU18269003000000030	Indiana	Indianapolis-Carmel-Greenwood, IN	2012	M05	May	808.40
SMU18269003000000030	Indiana	Indianapolis-Carmel-Greenwood, IN	2012	M04	April	845.02
SMU18269003000000030	Indiana	Indianapolis-Carmel-Greenwood, IN	2012	M03	March	798.76
SMU18269003000000030	Indiana	Indianapolis-Carmel-Greenwood, IN	2012	M02	February	826.18
SMU18269003000000030	Indiana	Indianapolis-Carmel-Greenwood, IN	2012	M01	January	815.58
SMU18269003000000030	Indiana	Indianapolis-Carmel-Greenwood, IN	2011	M12	December	820.46
SMU18269003000000030	Indiana	Indianapolis-Carmel-Greenwood, IN	2011	M11	November	814.28
SMU18269003000000030	Indiana	Indianapolis-Carmel-Greenwood, IN	2011	M10	October	778.18
SMU18269003000000030	Indiana	Indianapolis-Carmel-Greenwood, IN	2011	M09	September	750.73
SMU18269003000000030	Indiana	Indianapolis-Carmel-Greenwood, IN	2011	M08	August	754.00
SMU18269003000000030	Indiana	Indianapolis-Carmel-Greenwood, IN	2011	M07	July	760.30
SMU18269003000000030	Indiana	Indianapolis-Carmel-Greenwood, IN	2011	M06	June	773.30
SMU18269003000000030	Indiana	Indianapolis-Carmel-Greenwood, IN	2011	M05	May	771.60
SMU18269003000000030	Indiana	Indianapolis-Carmel-Greenwood, IN	2011	M04	April	778.89
SMU18269003000000030	Indiana	Indianapolis-Carmel-Greenwood, IN	2011	M03	March	826.38
SMU18269003000000030	Indiana	Indianapolis-Carmel-Greenwood, IN	2011	M02	February	830.98
SMU18269003000000030	Indiana	Indianapolis-Carmel-Greenwood, IN	2011	M01	January	843.87
SMU18269003000000030	Indiana	Indianapolis-Carmel-Greenwood, IN	2010	M12	December	849.85
SMU18269003000000030	Indiana	Indianapolis-Carmel-Greenwood, IN	2010	M11	November	871.53
SMU18269003000000030	Indiana	Indianapolis-Carmel-Greenwood, IN	2010	M10	October	868.90
SMU18269003000000030	Indiana	Indianapolis-Carmel-Greenwood, IN	2010	M09	September	891.55
SMU18269003000000030	Indiana	Indianapolis-Carmel-Greenwood, IN	2010	M08	August	868.12
SMU18269003000000030	Indiana	Indianapolis-Carmel-Greenwood, IN	2010	M07	July	818.96
SMU18269003000000030	Indiana	Indianapolis-Carmel-Greenwood, IN	2010	M06	June	853.14
SMU18269003000000030	Indiana	Indianapolis-Carmel-Greenwood, IN	2010	M05	May	830.27
SMU18269003000000030	Indiana	Indianapolis-Carmel-Greenwood, IN	2010	M04	April	801.16
SMU18269003000000030	Indiana	Indianapolis-Carmel-Greenwood, IN	2010	M03	March	798.80
SMU18269003000000030	Indiana	Indianapolis-Carmel-Greenwood, IN	2010	M02	February	810.50
SMU18269003000000030	Indiana	Indianapolis-Carmel-Greenwood, IN	2010	M01	January	802.16
SMU18269003000000030	Indiana	Indianapolis-Carmel-Greenwood, IN	2009	M12	December	813.70
SMU18269003000000030	Indiana	Indianapolis-Carmel-Greenwood, IN	2009	M11	November	782.73
SMU18269003000000030	Indiana	Indianapolis-Carmel-Greenwood, IN	2009	M10	October	762.06
SMU18269003000000030	Indiana	Indianapolis-Carmel-Greenwood, IN	2009	M09	September	771.77
SMU18269003000000030	Indiana	Indianapolis-Carmel-Greenwood, IN	2009	M08	August	831.67
SMU18269003000000030	Indiana	Indianapolis-Carmel-Greenwood, IN	2009	M07	July	827.58
SMU18269003000000030	Indiana	Indianapolis-Carmel-Greenwood, IN	2009	M06	June	789.46
SMU18269003000000030	Indiana	Indianapolis-Carmel-Greenwood, IN	2009	M05	May	800.86
SMU18269003000000030	Indiana	Indianapolis-Carmel-Greenwood, IN	2009	M04	April	775.66
SMU18269003000000030	Indiana	Indianapolis-Carmel-Greenwood, IN	2009	M03	March	795.72
SMU18269003000000030	Indiana	Indianapolis-Carmel-Greenwood, IN	2009	M02	February	796.80
SMU18269003000000030	Indiana	Indianapolis-Carmel-Greenwood, IN	2009	M01	January	827.79
SMU18269003000000030	Indiana	Indianapolis-Carmel-Greenwood, IN	2008	M12	December	857.47
SMU18269003000000030	Indiana	Indianapolis-Carmel-Greenwood, IN	2008	M11	November	860.16
SMU18269003000000030	Indiana	Indianapolis-Carmel-Greenwood, IN	2008	M10	October	842.77
SMU18269003000000030	Indiana	Indianapolis-Carmel-Greenwood, IN	2008	M09	September	873.45
SMU18269003000000030	Indiana	Indianapolis-Carmel-Greenwood, IN	2008	M08	August	887.60
SMU18269003000000030	Indiana	Indianapolis-Carmel-Greenwood, IN	2008	M07	July	867.11
SMU18269003000000030	Indiana	Indianapolis-Carmel-Greenwood, IN	2008	M06	June	863.87
SMU18269003000000030	Indiana	Indianapolis-Carmel-Greenwood, IN	2008	M05	May	868.24
SMU18269003000000030	Indiana	Indianapolis-Carmel-Greenwood, IN	2008	M04	April	853.20
SMU18269003000000030	Indiana	Indianapolis-Carmel-Greenwood, IN	2008	M03	March	856.36
SMU18269003000000030	Indiana	Indianapolis-Carmel-Greenwood, IN	2008	M02	February	852.53
SMU18269003000000030	Indiana	Indianapolis-Carmel-Greenwood, IN	2008	M01	January	859.05
SMU18269003000000030	Indiana	Indianapolis-Carmel-Greenwood, IN	2007	M12	December	850.00
SMU18269003000000030	Indiana	Indianapolis-Carmel-Greenwood, IN	2007	M11	November	851.47
SMU18269003000000030	Indiana	Indianapolis-Carmel-Greenwood, IN	2007	M10	October	856.39
SMU18269003000000030	Indiana	Indianapolis-Carmel-Greenwood, IN	2007	M09	September	878.62
SMU18269003000000030	Indiana	Indianapolis-Carmel-Greenwood, IN	2007	M08	August	878.80
SMU18269003000000030	Indiana	Indianapolis-Carmel-Greenwood, IN	2007	M07	July	870.14
SMU18269003000000030	Indiana	Indianapolis-Carmel-Greenwood, IN	2007	M06	June	859.50
SMU18269003000000030	Indiana	Indianapolis-Carmel-Greenwood, IN	2007	M05	May	854.86
SMU18269003000000030	Indiana	Indianapolis-Carmel-Greenwood, IN	2007	M04	April	840.10
SMU18269003000000030	Indiana	Indianapolis-Carmel-Greenwood, IN	2007	M03	March	840.80
SMU18269003000000030	Indiana	Indianapolis-Carmel-Greenwood, IN	2007	M02	February	840.72
SMU18269003000000030	Indiana	Indianapolis-Carmel-Greenwood, IN	2007	M01	January	845.31
SMU40461403000000030	Oklahoma	Tulsa, OK	2025	M12	December	1134.77
SMU40461403000000030	Oklahoma	Tulsa, OK	2025	M11	November	1182.78
SMU40461403000000030	Oklahoma	Tulsa, OK	2025	M10	October	1151.33
SMU40461403000000030	Oklahoma	Tulsa, OK	2025	M09	September	1148.48
SMU40461403000000030	Oklahoma	Tulsa, OK	2025	M08	August	1199.84
SMU40461403000000030	Oklahoma	Tulsa, OK	2025	M07	July	1175.62
SMU40461403000000030	Oklahoma	Tulsa, OK	2025	M06	June	1195.10
SMU40461403000000030	Oklahoma	Tulsa, OK	2025	M05	May	1211.33
SMU40461403000000030	Oklahoma	Tulsa, OK	2025	M04	April	1218.62
SMU40461403000000030	Oklahoma	Tulsa, OK	2025	M03	March	1224.90
SMU40461403000000030	Oklahoma	Tulsa, OK	2025	M02	February	1175.62
SMU40461403000000030	Oklahoma	Tulsa, OK	2025	M01	January	1230.80
SMU40461403000000030	Oklahoma	Tulsa, OK	2024	M12	December	1281.36
SMU40461403000000030	Oklahoma	Tulsa, OK	2024	M11	November	1260.33
SMU40461403000000030	Oklahoma	Tulsa, OK	2024	M10	October	1185.28
SMU40461403000000030	Oklahoma	Tulsa, OK	2024	M09	September	1205.98
SMU40461403000000030	Oklahoma	Tulsa, OK	2024	M08	August	1230.97
SMU40461403000000030	Oklahoma	Tulsa, OK	2024	M07	July	1280.97
SMU40461403000000030	Oklahoma	Tulsa, OK	2024	M06	June	1268.38
SMU40461403000000030	Oklahoma	Tulsa, OK	2024	M05	May	1255.19
SMU40461403000000030	Oklahoma	Tulsa, OK	2024	M04	April	1171.53
SMU40461403000000030	Oklahoma	Tulsa, OK	2024	M03	March	1175.17
SMU40461403000000030	Oklahoma	Tulsa, OK	2024	M02	February	1152.54
SMU40461403000000030	Oklahoma	Tulsa, OK	2024	M01	January	1137.02
SMU40461403000000030	Oklahoma	Tulsa, OK	2023	M12	December	1134.75
SMU40461403000000030	Oklahoma	Tulsa, OK	2023	M11	November	1101.69
SMU40461403000000030	Oklahoma	Tulsa, OK	2023	M10	October	1172.54
SMU40461403000000030	Oklahoma	Tulsa, OK	2023	M09	September	1097.27
SMU40461403000000030	Oklahoma	Tulsa, OK	2023	M08	August	1059.46
SMU40461403000000030	Oklahoma	Tulsa, OK	2023	M07	July	1202.88
SMU40461403000000030	Oklahoma	Tulsa, OK	2023	M06	June	1209.30
SMU40461403000000030	Oklahoma	Tulsa, OK	2023	M05	May	1166.06
SMU40461403000000030	Oklahoma	Tulsa, OK	2023	M04	April	1154.42
SMU40461403000000030	Oklahoma	Tulsa, OK	2023	M03	March	1121.62
SMU40461403000000030	Oklahoma	Tulsa, OK	2023	M02	February	1061.10
SMU40461403000000030	Oklahoma	Tulsa, OK	2023	M01	January	1163.43
SMU40461403000000030	Oklahoma	Tulsa, OK	2022	M12	December	1156.97
SMU40461403000000030	Oklahoma	Tulsa, OK	2022	M11	November	1110.82
SMU40461403000000030	Oklahoma	Tulsa, OK	2022	M10	October	1085.45
SMU40461403000000030	Oklahoma	Tulsa, OK	2022	M09	September	1029.38
SMU40461403000000030	Oklahoma	Tulsa, OK	2022	M08	August	974.16
SMU40461403000000030	Oklahoma	Tulsa, OK	2022	M07	July	970.37
SMU40461403000000030	Oklahoma	Tulsa, OK	2022	M06	June	942.88
SMU40461403000000030	Oklahoma	Tulsa, OK	2022	M05	May	910.03
SMU40461403000000030	Oklahoma	Tulsa, OK	2022	M04	April	877.49
SMU40461403000000030	Oklahoma	Tulsa, OK	2022	M03	March	813.69
SMU40461403000000030	Oklahoma	Tulsa, OK	2022	M02	February	809.23
SMU40461403000000030	Oklahoma	Tulsa, OK	2022	M01	January	864.43
SMU40461403000000030	Oklahoma	Tulsa, OK	2021	M12	December	928.93
SMU40461403000000030	Oklahoma	Tulsa, OK	2021	M11	November	902.54
SMU40461403000000030	Oklahoma	Tulsa, OK	2021	M10	October	940.98
SMU40461403000000030	Oklahoma	Tulsa, OK	2021	M09	September	940.28
SMU40461403000000030	Oklahoma	Tulsa, OK	2021	M08	August	952.61
SMU40461403000000030	Oklahoma	Tulsa, OK	2021	M07	July	959.40
SMU40461403000000030	Oklahoma	Tulsa, OK	2021	M06	June	950.80
SMU40461403000000030	Oklahoma	Tulsa, OK	2021	M05	May	1003.25
SMU40461403000000030	Oklahoma	Tulsa, OK	2021	M04	April	996.51
SMU40461403000000030	Oklahoma	Tulsa, OK	2021	M03	March	1004.78
SMU40461403000000030	Oklahoma	Tulsa, OK	2021	M02	February	967.14
SMU40461403000000030	Oklahoma	Tulsa, OK	2021	M01	January	993.98
SMU40461403000000030	Oklahoma	Tulsa, OK	2020	M12	December	985.37
SMU40461403000000030	Oklahoma	Tulsa, OK	2020	M11	November	977.21
SMU40461403000000030	Oklahoma	Tulsa, OK	2020	M10	October	977.85
SMU40461403000000030	Oklahoma	Tulsa, OK	2020	M09	September	1025.04
SMU40461403000000030	Oklahoma	Tulsa, OK	2020	M08	August	938.48
SMU40461403000000030	Oklahoma	Tulsa, OK	2020	M07	July	893.88
SMU40461403000000030	Oklahoma	Tulsa, OK	2020	M06	June	912.06
SMU40461403000000030	Oklahoma	Tulsa, OK	2020	M05	May	894.56
SMU40461403000000030	Oklahoma	Tulsa, OK	2020	M04	April	936.67
SMU40461403000000030	Oklahoma	Tulsa, OK	2020	M03	March	907.94
SMU40461403000000030	Oklahoma	Tulsa, OK	2020	M02	February	927.41
SMU40461403000000030	Oklahoma	Tulsa, OK	2020	M01	January	964.01
SMU40461403000000030	Oklahoma	Tulsa, OK	2019	M12	December	955.72
SMU40461403000000030	Oklahoma	Tulsa, OK	2019	M11	November	963.38
SMU40461403000000030	Oklahoma	Tulsa, OK	2019	M10	October	940.78
SMU40461403000000030	Oklahoma	Tulsa, OK	2019	M09	September	906.00
SMU40461403000000030	Oklahoma	Tulsa, OK	2019	M08	August	930.70
SMU40461403000000030	Oklahoma	Tulsa, OK	2019	M07	July	892.65
SMU40461403000000030	Oklahoma	Tulsa, OK	2019	M06	June	943.46
SMU40461403000000030	Oklahoma	Tulsa, OK	2019	M05	May	886.20
SMU40461403000000030	Oklahoma	Tulsa, OK	2019	M04	April	892.30
SMU40461403000000030	Oklahoma	Tulsa, OK	2019	M03	March	881.36
SMU40461403000000030	Oklahoma	Tulsa, OK	2019	M02	February	911.98
SMU40461403000000030	Oklahoma	Tulsa, OK	2019	M01	January	880.44
SMU40461403000000030	Oklahoma	Tulsa, OK	2018	M12	December	932.61
SMU40461403000000030	Oklahoma	Tulsa, OK	2018	M11	November	919.80
SMU40461403000000030	Oklahoma	Tulsa, OK	2018	M10	October	884.88
SMU40461403000000030	Oklahoma	Tulsa, OK	2018	M09	September	887.12
SMU40461403000000030	Oklahoma	Tulsa, OK	2018	M08	August	858.39
SMU40461403000000030	Oklahoma	Tulsa, OK	2018	M07	July	864.07
SMU40461403000000030	Oklahoma	Tulsa, OK	2018	M06	June	876.93
SMU40461403000000030	Oklahoma	Tulsa, OK	2018	M05	May	877.71
SMU40461403000000030	Oklahoma	Tulsa, OK	2018	M04	April	905.94
SMU40461403000000030	Oklahoma	Tulsa, OK	2018	M03	March	909.06
SMU40461403000000030	Oklahoma	Tulsa, OK	2018	M02	February	886.01
SMU40461403000000030	Oklahoma	Tulsa, OK	2018	M01	January	901.78
SMU40461403000000030	Oklahoma	Tulsa, OK	2017	M12	December	879.95
SMU40461403000000030	Oklahoma	Tulsa, OK	2017	M11	November	846.71
SMU40461403000000030	Oklahoma	Tulsa, OK	2017	M10	October	843.39
SMU40461403000000030	Oklahoma	Tulsa, OK	2017	M09	September	860.48
SMU40461403000000030	Oklahoma	Tulsa, OK	2017	M08	August	832.09
SMU40461403000000030	Oklahoma	Tulsa, OK	2017	M07	July	820.82
SMU40461403000000030	Oklahoma	Tulsa, OK	2017	M06	June	798.38
SMU40461403000000030	Oklahoma	Tulsa, OK	2017	M05	May	830.47
SMU40461403000000030	Oklahoma	Tulsa, OK	2017	M04	April	837.24
SMU40461403000000030	Oklahoma	Tulsa, OK	2017	M03	March	821.54
SMU40461403000000030	Oklahoma	Tulsa, OK	2017	M02	February	814.63
SMU40461403000000030	Oklahoma	Tulsa, OK	2017	M01	January	793.59
SMU40461403000000030	Oklahoma	Tulsa, OK	2016	M12	December	778.32
SMU40461403000000030	Oklahoma	Tulsa, OK	2016	M11	November	793.96
SMU40461403000000030	Oklahoma	Tulsa, OK	2016	M10	October	814.28
SMU40461403000000030	Oklahoma	Tulsa, OK	2016	M09	September	806.22
SMU40461403000000030	Oklahoma	Tulsa, OK	2016	M08	August	798.89
SMU40461403000000030	Oklahoma	Tulsa, OK	2016	M07	July	821.98
SMU40461403000000030	Oklahoma	Tulsa, OK	2016	M06	June	805.64
SMU40461403000000030	Oklahoma	Tulsa, OK	2016	M05	May	813.31
SMU40461403000000030	Oklahoma	Tulsa, OK	2016	M04	April	812.70
SMU40461403000000030	Oklahoma	Tulsa, OK	2016	M03	March	824.31
SMU40461403000000030	Oklahoma	Tulsa, OK	2016	M02	February	877.07
SMU40461403000000030	Oklahoma	Tulsa, OK	2016	M01	January	875.15
SMU40461403000000030	Oklahoma	Tulsa, OK	2015	M12	December	865.10
SMU40461403000000030	Oklahoma	Tulsa, OK	2015	M11	November	874.71
SMU40461403000000030	Oklahoma	Tulsa, OK	2015	M10	October	887.44
SMU40461403000000030	Oklahoma	Tulsa, OK	2015	M09	September	907.55
SMU40461403000000030	Oklahoma	Tulsa, OK	2015	M08	August	896.31
SMU40461403000000030	Oklahoma	Tulsa, OK	2015	M07	July	898.88
SMU40461403000000030	Oklahoma	Tulsa, OK	2015	M06	June	907.38
SMU40461403000000030	Oklahoma	Tulsa, OK	2015	M05	May	885.78
SMU40461403000000030	Oklahoma	Tulsa, OK	2015	M04	April	875.28
SMU40461403000000030	Oklahoma	Tulsa, OK	2015	M03	March	894.89
SMU40461403000000030	Oklahoma	Tulsa, OK	2015	M02	February	898.48
SMU40461403000000030	Oklahoma	Tulsa, OK	2015	M01	January	920.76
SMU40461403000000030	Oklahoma	Tulsa, OK	2014	M12	December	989.32
SMU40461403000000030	Oklahoma	Tulsa, OK	2014	M11	November	973.43
SMU40461403000000030	Oklahoma	Tulsa, OK	2014	M10	October	934.48
SMU40461403000000030	Oklahoma	Tulsa, OK	2014	M09	September	943.85
SMU40461403000000030	Oklahoma	Tulsa, OK	2014	M08	August	877.68
SMU40461403000000030	Oklahoma	Tulsa, OK	2014	M07	July	901.85
SMU40461403000000030	Oklahoma	Tulsa, OK	2014	M06	June	906.51
SMU40461403000000030	Oklahoma	Tulsa, OK	2014	M05	May	889.13
SMU40461403000000030	Oklahoma	Tulsa, OK	2014	M04	April	899.07
SMU40461403000000030	Oklahoma	Tulsa, OK	2014	M03	March	878.59
SMU40461403000000030	Oklahoma	Tulsa, OK	2014	M02	February	885.78
SMU40461403000000030	Oklahoma	Tulsa, OK	2014	M01	January	866.10
SMU40461403000000030	Oklahoma	Tulsa, OK	2013	M12	December	877.68
SMU40461403000000030	Oklahoma	Tulsa, OK	2013	M11	November	870.40
SMU40461403000000030	Oklahoma	Tulsa, OK	2013	M10	October	884.04
SMU40461403000000030	Oklahoma	Tulsa, OK	2013	M09	September	892.53
SMU40461403000000030	Oklahoma	Tulsa, OK	2013	M08	August	881.14
SMU40461403000000030	Oklahoma	Tulsa, OK	2013	M07	July	835.99
SMU40461403000000030	Oklahoma	Tulsa, OK	2013	M06	June	876.35
SMU40461403000000030	Oklahoma	Tulsa, OK	2013	M05	May	844.48
SMU40461403000000030	Oklahoma	Tulsa, OK	2013	M04	April	815.25
SMU40461403000000030	Oklahoma	Tulsa, OK	2013	M03	March	824.10
SMU40461403000000030	Oklahoma	Tulsa, OK	2013	M02	February	806.41
SMU40461403000000030	Oklahoma	Tulsa, OK	2013	M01	January	773.76
SMU40461403000000030	Oklahoma	Tulsa, OK	2012	M12	December	773.36
SMU40461403000000030	Oklahoma	Tulsa, OK	2012	M11	November	818.55
SMU40461403000000030	Oklahoma	Tulsa, OK	2012	M10	October	792.02
SMU40461403000000030	Oklahoma	Tulsa, OK	2012	M09	September	781.27
SMU40461403000000030	Oklahoma	Tulsa, OK	2012	M08	August	768.71
SMU40461403000000030	Oklahoma	Tulsa, OK	2012	M07	July	718.41
SMU40461403000000030	Oklahoma	Tulsa, OK	2012	M06	June	727.68
SMU40461403000000030	Oklahoma	Tulsa, OK	2012	M05	May	761.17
SMU40461403000000030	Oklahoma	Tulsa, OK	2012	M04	April	751.55
SMU40461403000000030	Oklahoma	Tulsa, OK	2012	M03	March	782.75
SMU40461403000000030	Oklahoma	Tulsa, OK	2012	M02	February	734.56
SMU40461403000000030	Oklahoma	Tulsa, OK	2012	M01	January	702.63
SMU40461403000000030	Oklahoma	Tulsa, OK	2011	M12	December	706.49
SMU40461403000000030	Oklahoma	Tulsa, OK	2011	M11	November	741.47
SMU40461403000000030	Oklahoma	Tulsa, OK	2011	M10	October	745.35
SMU40461403000000030	Oklahoma	Tulsa, OK	2011	M09	September	788.83
SMU40461403000000030	Oklahoma	Tulsa, OK	2011	M08	August	798.30
SMU40461403000000030	Oklahoma	Tulsa, OK	2011	M07	July	696.00
SMU40461403000000030	Oklahoma	Tulsa, OK	2011	M06	June	722.58
SMU40461403000000030	Oklahoma	Tulsa, OK	2011	M05	May	712.56
SMU40461403000000030	Oklahoma	Tulsa, OK	2011	M04	April	734.40
SMU40461403000000030	Oklahoma	Tulsa, OK	2011	M03	March	796.80
SMU40461403000000030	Oklahoma	Tulsa, OK	2011	M02	February	772.62
SMU40461403000000030	Oklahoma	Tulsa, OK	2011	M01	January	736.72
SMU40461403000000030	Oklahoma	Tulsa, OK	2010	M12	December	756.48
SMU40461403000000030	Oklahoma	Tulsa, OK	2010	M11	November	768.51
SMU40461403000000030	Oklahoma	Tulsa, OK	2010	M10	October	741.34
SMU40461403000000030	Oklahoma	Tulsa, OK	2010	M09	September	751.71
SMU40461403000000030	Oklahoma	Tulsa, OK	2010	M08	August	755.88
SMU40461403000000030	Oklahoma	Tulsa, OK	2010	M07	July	763.42
SMU40461403000000030	Oklahoma	Tulsa, OK	2010	M06	June	796.49
SMU40461403000000030	Oklahoma	Tulsa, OK	2010	M05	May	810.14
SMU40461403000000030	Oklahoma	Tulsa, OK	2010	M04	April	789.28
SMU40461403000000030	Oklahoma	Tulsa, OK	2010	M03	March	773.80
SMU40461403000000030	Oklahoma	Tulsa, OK	2010	M02	February	751.51
SMU40461403000000030	Oklahoma	Tulsa, OK	2010	M01	January	767.28
SMU40461403000000030	Oklahoma	Tulsa, OK	2009	M12	December	815.79
SMU40461403000000030	Oklahoma	Tulsa, OK	2009	M11	November	809.81
SMU40461403000000030	Oklahoma	Tulsa, OK	2009	M10	October	759.12
SMU40461403000000030	Oklahoma	Tulsa, OK	2009	M09	September	796.47
SMU40461403000000030	Oklahoma	Tulsa, OK	2009	M08	August	792.02
SMU40461403000000030	Oklahoma	Tulsa, OK	2009	M07	July	775.06
SMU40461403000000030	Oklahoma	Tulsa, OK	2009	M06	June	777.60
SMU40461403000000030	Oklahoma	Tulsa, OK	2009	M05	May	753.86
SMU40461403000000030	Oklahoma	Tulsa, OK	2009	M04	April	733.32
SMU40461403000000030	Oklahoma	Tulsa, OK	2009	M03	March	733.65
SMU40461403000000030	Oklahoma	Tulsa, OK	2009	M02	February	739.35
SMU40461403000000030	Oklahoma	Tulsa, OK	2009	M01	January	749.48
SMU40461403000000030	Oklahoma	Tulsa, OK	2008	M12	December	769.00
SMU40461403000000030	Oklahoma	Tulsa, OK	2008	M11	November	742.00
SMU40461403000000030	Oklahoma	Tulsa, OK	2008	M10	October	771.80
SMU40461403000000030	Oklahoma	Tulsa, OK	2008	M09	September	756.86
SMU40461403000000030	Oklahoma	Tulsa, OK	2008	M08	August	752.85
SMU40461403000000030	Oklahoma	Tulsa, OK	2008	M07	July	702.03
SMU40461403000000030	Oklahoma	Tulsa, OK	2008	M06	June	710.84
SMU40461403000000030	Oklahoma	Tulsa, OK	2008	M05	May	718.17
SMU40461403000000030	Oklahoma	Tulsa, OK	2008	M04	April	692.38
SMU40461403000000030	Oklahoma	Tulsa, OK	2008	M03	March	690.74
SMU40461403000000030	Oklahoma	Tulsa, OK	2008	M02	February	695.54
SMU40461403000000030	Oklahoma	Tulsa, OK	2008	M01	January	701.42
SMU40461403000000030	Oklahoma	Tulsa, OK	2007	M12	December	767.50
SMU40461403000000030	Oklahoma	Tulsa, OK	2007	M11	November	747.31
SMU40461403000000030	Oklahoma	Tulsa, OK	2007	M10	October	754.84
SMU40461403000000030	Oklahoma	Tulsa, OK	2007	M09	September	760.65
SMU40461403000000030	Oklahoma	Tulsa, OK	2007	M08	August	773.21
SMU40461403000000030	Oklahoma	Tulsa, OK	2007	M07	July	830.50
SMU40461403000000030	Oklahoma	Tulsa, OK	2007	M06	June	783.50
SMU40461403000000030	Oklahoma	Tulsa, OK	2007	M05	May	704.14
SMU40461403000000030	Oklahoma	Tulsa, OK	2007	M04	April	653.58
SMU40461403000000030	Oklahoma	Tulsa, OK	2007	M03	March	659.34
SMU40461403000000030	Oklahoma	Tulsa, OK	2007	M02	February	661.69
SMU40461403000000030	Oklahoma	Tulsa, OK	2007	M01	January	688.86
SMU48417003000000030	Texas	San Antonio-New Braunfels, TX	2025	M12	December	1407.68
SMU48417003000000030	Texas	San Antonio-New Braunfels, TX	2025	M11	November	1398.68
SMU48417003000000030	Texas	San Antonio-New Braunfels, TX	2025	M10	October	1377.35
SMU48417003000000030	Texas	San Antonio-New Braunfels, TX	2025	M09	September	1424.39
SMU48417003000000030	Texas	San Antonio-New Braunfels, TX	2025	M08	August	1457.90
SMU48417003000000030	Texas	San Antonio-New Braunfels, TX	2025	M07	July	1518.33
SMU48417003000000030	Texas	San Antonio-New Braunfels, TX	2025	M06	June	1496.49
SMU48417003000000030	Texas	San Antonio-New Braunfels, TX	2025	M05	May	1498.70
SMU48417003000000030	Texas	San Antonio-New Braunfels, TX	2025	M04	April	1548.72
SMU48417003000000030	Texas	San Antonio-New Braunfels, TX	2025	M03	March	1514.34
SMU48417003000000030	Texas	San Antonio-New Braunfels, TX	2025	M02	February	1487.02
SMU48417003000000030	Texas	San Antonio-New Braunfels, TX	2025	M01	January	1465.56
SMU48417003000000030	Texas	San Antonio-New Braunfels, TX	2024	M12	December	1374.02
SMU48417003000000030	Texas	San Antonio-New Braunfels, TX	2024	M11	November	1338.57
SMU48417003000000030	Texas	San Antonio-New Braunfels, TX	2024	M10	October	1406.10
SMU48417003000000030	Texas	San Antonio-New Braunfels, TX	2024	M09	September	1404.36
SMU48417003000000030	Texas	San Antonio-New Braunfels, TX	2024	M08	August	1377.79
SMU48417003000000030	Texas	San Antonio-New Braunfels, TX	2024	M07	July	1420.87
SMU48417003000000030	Texas	San Antonio-New Braunfels, TX	2024	M06	June	1368.95
SMU48417003000000030	Texas	San Antonio-New Braunfels, TX	2024	M05	May	1363.12
SMU48417003000000030	Texas	San Antonio-New Braunfels, TX	2024	M04	April	1248.42
SMU48417003000000030	Texas	San Antonio-New Braunfels, TX	2024	M03	March	1251.49
SMU48417003000000030	Texas	San Antonio-New Braunfels, TX	2024	M02	February	1133.12
SMU48417003000000030	Texas	San Antonio-New Braunfels, TX	2024	M01	January	1164.55
SMU48417003000000030	Texas	San Antonio-New Braunfels, TX	2023	M12	December	1195.03
SMU48417003000000030	Texas	San Antonio-New Braunfels, TX	2023	M11	November	1174.91
SMU48417003000000030	Texas	San Antonio-New Braunfels, TX	2023	M10	October	1162.98
SMU48417003000000030	Texas	San Antonio-New Braunfels, TX	2023	M09	September	1212.72
SMU48417003000000030	Texas	San Antonio-New Braunfels, TX	2023	M08	August	1295.55
SMU48417003000000030	Texas	San Antonio-New Braunfels, TX	2023	M07	July	1281.83
SMU48417003000000030	Texas	San Antonio-New Braunfels, TX	2023	M06	June	1252.63
SMU48417003000000030	Texas	San Antonio-New Braunfels, TX	2023	M05	May	1189.88
SMU48417003000000030	Texas	San Antonio-New Braunfels, TX	2023	M04	April	1203.98
SMU48417003000000030	Texas	San Antonio-New Braunfels, TX	2023	M03	March	1099.17
SMU48417003000000030	Texas	San Antonio-New Braunfels, TX	2023	M02	February	1079.77
SMU48417003000000030	Texas	San Antonio-New Braunfels, TX	2023	M01	January	1005.88
SMU48417003000000030	Texas	San Antonio-New Braunfels, TX	2022	M12	December	945.31
SMU48417003000000030	Texas	San Antonio-New Braunfels, TX	2022	M11	November	864.47
SMU48417003000000030	Texas	San Antonio-New Braunfels, TX	2022	M10	October	937.20
SMU48417003000000030	Texas	San Antonio-New Braunfels, TX	2022	M09	September	889.20
SMU48417003000000030	Texas	San Antonio-New Braunfels, TX	2022	M08	August	873.85
SMU48417003000000030	Texas	San Antonio-New Braunfels, TX	2022	M07	July	881.17
SMU48417003000000030	Texas	San Antonio-New Braunfels, TX	2022	M06	June	884.24
SMU48417003000000030	Texas	San Antonio-New Braunfels, TX	2022	M05	May	899.34
SMU48417003000000030	Texas	San Antonio-New Braunfels, TX	2022	M04	April	850.58
SMU48417003000000030	Texas	San Antonio-New Braunfels, TX	2022	M03	March	789.36
SMU48417003000000030	Texas	San Antonio-New Braunfels, TX	2022	M02	February	764.93
SMU48417003000000030	Texas	San Antonio-New Braunfels, TX	2022	M01	January	839.12
SMU48417003000000030	Texas	San Antonio-New Braunfels, TX	2021	M12	December	789.61
SMU48417003000000030	Texas	San Antonio-New Braunfels, TX	2021	M11	November	778.10
SMU48417003000000030	Texas	San Antonio-New Braunfels, TX	2021	M10	October	708.79
SMU48417003000000030	Texas	San Antonio-New Braunfels, TX	2021	M09	September	651.99
SMU48417003000000030	Texas	San Antonio-New Braunfels, TX	2021	M08	August	709.93
SMU48417003000000030	Texas	San Antonio-New Braunfels, TX	2021	M07	July	777.48
SMU48417003000000030	Texas	San Antonio-New Braunfels, TX	2021	M06	June	814.00
SMU48417003000000030	Texas	San Antonio-New Braunfels, TX	2021	M05	May	702.29
SMU48417003000000030	Texas	San Antonio-New Braunfels, TX	2021	M04	April	683.28
SMU48417003000000030	Texas	San Antonio-New Braunfels, TX	2021	M03	March	696.34
SMU48417003000000030	Texas	San Antonio-New Braunfels, TX	2021	M02	February	669.32
SMU48417003000000030	Texas	San Antonio-New Braunfels, TX	2021	M01	January	685.03
SMU48417003000000030	Texas	San Antonio-New Braunfels, TX	2020	M12	December	706.44
SMU48417003000000030	Texas	San Antonio-New Braunfels, TX	2020	M11	November	706.66
SMU48417003000000030	Texas	San Antonio-New Braunfels, TX	2020	M10	October	687.87
SMU48417003000000030	Texas	San Antonio-New Braunfels, TX	2020	M09	September	684.16
SMU48417003000000030	Texas	San Antonio-New Braunfels, TX	2020	M08	August	716.29
SMU48417003000000030	Texas	San Antonio-New Braunfels, TX	2020	M07	July	708.97
SMU48417003000000030	Texas	San Antonio-New Braunfels, TX	2020	M06	June	688.80
SMU48417003000000030	Texas	San Antonio-New Braunfels, TX	2020	M05	May	656.08
SMU48417003000000030	Texas	San Antonio-New Braunfels, TX	2020	M04	April	648.66
SMU48417003000000030	Texas	San Antonio-New Braunfels, TX	2020	M03	March	656.76
SMU48417003000000030	Texas	San Antonio-New Braunfels, TX	2020	M02	February	669.34
SMU48417003000000030	Texas	San Antonio-New Braunfels, TX	2020	M01	January	658.07
SMU48417003000000030	Texas	San Antonio-New Braunfels, TX	2019	M12	December	718.32
SMU48417003000000030	Texas	San Antonio-New Braunfels, TX	2019	M11	November	725.05
SMU48417003000000030	Texas	San Antonio-New Braunfels, TX	2019	M10	October	761.95
SMU48417003000000030	Texas	San Antonio-New Braunfels, TX	2019	M09	September	751.69
SMU48417003000000030	Texas	San Antonio-New Braunfels, TX	2019	M08	August	769.49
SMU48417003000000030	Texas	San Antonio-New Braunfels, TX	2019	M07	July	756.80
SMU48417003000000030	Texas	San Antonio-New Braunfels, TX	2019	M06	June	786.84
SMU48417003000000030	Texas	San Antonio-New Braunfels, TX	2019	M05	May	753.36
SMU48417003000000030	Texas	San Antonio-New Braunfels, TX	2019	M04	April	710.62
SMU48417003000000030	Texas	San Antonio-New Braunfels, TX	2019	M03	March	699.11
SMU48417003000000030	Texas	San Antonio-New Braunfels, TX	2019	M02	February	698.51
SMU48417003000000030	Texas	San Antonio-New Braunfels, TX	2019	M01	January	727.43
SMU48417003000000030	Texas	San Antonio-New Braunfels, TX	2018	M12	December	774.81
SMU48417003000000030	Texas	San Antonio-New Braunfels, TX	2018	M11	November	764.54
SMU48417003000000030	Texas	San Antonio-New Braunfels, TX	2018	M10	October	711.80
SMU48417003000000030	Texas	San Antonio-New Braunfels, TX	2018	M09	September	760.70
SMU48417003000000030	Texas	San Antonio-New Braunfels, TX	2018	M08	August	824.98
SMU48417003000000030	Texas	San Antonio-New Braunfels, TX	2018	M07	July	774.00
SMU48417003000000030	Texas	San Antonio-New Braunfels, TX	2018	M06	June	790.63
SMU48417003000000030	Texas	San Antonio-New Braunfels, TX	2018	M05	May	773.84
SMU48417003000000030	Texas	San Antonio-New Braunfels, TX	2018	M04	April	762.06
SMU48417003000000030	Texas	San Antonio-New Braunfels, TX	2018	M03	March	836.73
SMU48417003000000030	Texas	San Antonio-New Braunfels, TX	2018	M02	February	805.52
SMU48417003000000030	Texas	San Antonio-New Braunfels, TX	2018	M01	January	802.46
SMU48417003000000030	Texas	San Antonio-New Braunfels, TX	2017	M12	December	769.08
SMU48417003000000030	Texas	San Antonio-New Braunfels, TX	2017	M11	November	775.38
SMU48417003000000030	Texas	San Antonio-New Braunfels, TX	2017	M10	October	784.79
SMU48417003000000030	Texas	San Antonio-New Braunfels, TX	2017	M09	September	830.72
SMU48417003000000030	Texas	San Antonio-New Braunfels, TX	2017	M08	August	779.88
SMU48417003000000030	Texas	San Antonio-New Braunfels, TX	2017	M07	July	780.86
SMU48417003000000030	Texas	San Antonio-New Braunfels, TX	2017	M06	June	819.28
SMU48417003000000030	Texas	San Antonio-New Braunfels, TX	2017	M05	May	798.00
SMU48417003000000030	Texas	San Antonio-New Braunfels, TX	2017	M04	April	799.50
SMU48417003000000030	Texas	San Antonio-New Braunfels, TX	2017	M03	March	767.20
SMU48417003000000030	Texas	San Antonio-New Braunfels, TX	2017	M02	February	780.57
SMU48417003000000030	Texas	San Antonio-New Braunfels, TX	2017	M01	January	752.30
SMU48417003000000030	Texas	San Antonio-New Braunfels, TX	2016	M12	December	709.69
SMU48417003000000030	Texas	San Antonio-New Braunfels, TX	2016	M11	November	712.37
SMU48417003000000030	Texas	San Antonio-New Braunfels, TX	2016	M10	October	769.05
SMU48417003000000030	Texas	San Antonio-New Braunfels, TX	2016	M09	September	662.13
SMU48417003000000030	Texas	San Antonio-New Braunfels, TX	2016	M08	August	648.84
SMU48417003000000030	Texas	San Antonio-New Braunfels, TX	2016	M07	July	622.50
SMU48417003000000030	Texas	San Antonio-New Braunfels, TX	2016	M06	June	588.97
SMU48417003000000030	Texas	San Antonio-New Braunfels, TX	2016	M05	May	558.54
SMU48417003000000030	Texas	San Antonio-New Braunfels, TX	2016	M04	April	609.79
SMU48417003000000030	Texas	San Antonio-New Braunfels, TX	2016	M03	March	538.43
SMU48417003000000030	Texas	San Antonio-New Braunfels, TX	2016	M02	February	508.35
SMU48417003000000030	Texas	San Antonio-New Braunfels, TX	2016	M01	January	553.39
SMU48417003000000030	Texas	San Antonio-New Braunfels, TX	2015	M12	December	556.16
SMU48417003000000030	Texas	San Antonio-New Braunfels, TX	2015	M11	November	567.01
SMU48417003000000030	Texas	San Antonio-New Braunfels, TX	2015	M10	October	546.78
SMU48417003000000030	Texas	San Antonio-New Braunfels, TX	2015	M09	September	510.42
SMU48417003000000030	Texas	San Antonio-New Braunfels, TX	2015	M08	August	486.82
SMU48417003000000030	Texas	San Antonio-New Braunfels, TX	2015	M07	July	524.11
SMU48417003000000030	Texas	San Antonio-New Braunfels, TX	2015	M06	June	537.89
SMU48417003000000030	Texas	San Antonio-New Braunfels, TX	2015	M05	May	536.19
SMU48417003000000030	Texas	San Antonio-New Braunfels, TX	2015	M04	April	544.26
SMU48417003000000030	Texas	San Antonio-New Braunfels, TX	2015	M03	March	558.48
SMU48417003000000030	Texas	San Antonio-New Braunfels, TX	2015	M02	February	528.16
SMU48417003000000030	Texas	San Antonio-New Braunfels, TX	2015	M01	January	586.00
SMU48417003000000030	Texas	San Antonio-New Braunfels, TX	2014	M12	December	665.52
SMU48417003000000030	Texas	San Antonio-New Braunfels, TX	2014	M11	November	615.78
SMU48417003000000030	Texas	San Antonio-New Braunfels, TX	2014	M10	October	599.37
SMU48417003000000030	Texas	San Antonio-New Braunfels, TX	2014	M09	September	590.83
SMU48417003000000030	Texas	San Antonio-New Braunfels, TX	2014	M08	August	630.37
SMU48417003000000030	Texas	San Antonio-New Braunfels, TX	2014	M07	July	673.16
SMU48417003000000030	Texas	San Antonio-New Braunfels, TX	2014	M06	June	656.49
SMU48417003000000030	Texas	San Antonio-New Braunfels, TX	2014	M05	May	642.47
SMU48417003000000030	Texas	San Antonio-New Braunfels, TX	2014	M04	April	603.06
SMU48417003000000030	Texas	San Antonio-New Braunfels, TX	2014	M03	March	658.83
SMU48417003000000030	Texas	San Antonio-New Braunfels, TX	2014	M02	February	640.21
SMU48417003000000030	Texas	San Antonio-New Braunfels, TX	2014	M01	January	635.40
SMU48417003000000030	Texas	San Antonio-New Braunfels, TX	2013	M12	December	694.14
SMU48417003000000030	Texas	San Antonio-New Braunfels, TX	2013	M11	November	677.03
SMU48417003000000030	Texas	San Antonio-New Braunfels, TX	2013	M10	October	657.32
SMU48417003000000030	Texas	San Antonio-New Braunfels, TX	2013	M09	September	682.13
SMU48417003000000030	Texas	San Antonio-New Braunfels, TX	2013	M08	August	678.88
SMU48417003000000030	Texas	San Antonio-New Braunfels, TX	2013	M07	July	680.14
SMU48417003000000030	Texas	San Antonio-New Braunfels, TX	2013	M06	June	723.98
SMU48417003000000030	Texas	San Antonio-New Braunfels, TX	2013	M05	May	659.34
SMU48417003000000030	Texas	San Antonio-New Braunfels, TX	2013	M04	April	723.41
SMU48417003000000030	Texas	San Antonio-New Braunfels, TX	2013	M03	March	727.38
SMU48417003000000030	Texas	San Antonio-New Braunfels, TX	2013	M02	February	763.38
SMU48417003000000030	Texas	San Antonio-New Braunfels, TX	2013	M01	January	721.46
SMU48417003000000030	Texas	San Antonio-New Braunfels, TX	2012	M12	December	780.02
SMU48417003000000030	Texas	San Antonio-New Braunfels, TX	2012	M11	November	747.50
SMU48417003000000030	Texas	San Antonio-New Braunfels, TX	2012	M10	October	761.17
SMU48417003000000030	Texas	San Antonio-New Braunfels, TX	2012	M09	September	750.36
SMU48417003000000030	Texas	San Antonio-New Braunfels, TX	2012	M08	August	859.36
SMU48417003000000030	Texas	San Antonio-New Braunfels, TX	2012	M07	July	808.68
SMU48417003000000030	Texas	San Antonio-New Braunfels, TX	2012	M06	June	773.65
SMU48417003000000030	Texas	San Antonio-New Braunfels, TX	2012	M05	May	799.14
SMU48417003000000030	Texas	San Antonio-New Braunfels, TX	2012	M04	April	816.90
SMU48417003000000030	Texas	San Antonio-New Braunfels, TX	2012	M03	March	758.01
SMU48417003000000030	Texas	San Antonio-New Braunfels, TX	2012	M02	February	726.08
SMU48417003000000030	Texas	San Antonio-New Braunfels, TX	2012	M01	January	787.46
SMU48417003000000030	Texas	San Antonio-New Braunfels, TX	2011	M12	December	711.85
SMU48417003000000030	Texas	San Antonio-New Braunfels, TX	2011	M11	November	658.16
SMU48417003000000030	Texas	San Antonio-New Braunfels, TX	2011	M10	October	662.85
SMU48417003000000030	Texas	San Antonio-New Braunfels, TX	2011	M09	September	596.90
SMU48417003000000030	Texas	San Antonio-New Braunfels, TX	2011	M08	August	646.49
SMU48417003000000030	Texas	San Antonio-New Braunfels, TX	2011	M07	July	609.00
SMU48417003000000030	Texas	San Antonio-New Braunfels, TX	2011	M06	June	547.40
SMU48417003000000030	Texas	San Antonio-New Braunfels, TX	2011	M05	May	535.35
SMU48417003000000030	Texas	San Antonio-New Braunfels, TX	2011	M04	April	497.76
SMU48417003000000030	Texas	San Antonio-New Braunfels, TX	2011	M03	March	476.78
SMU48417003000000030	Texas	San Antonio-New Braunfels, TX	2011	M02	February	482.63
SMU48417003000000030	Texas	San Antonio-New Braunfels, TX	2011	M01	January	483.31
SMU48417003000000030	Texas	San Antonio-New Braunfels, TX	2010	M12	December	474.67
SMU48417003000000030	Texas	San Antonio-New Braunfels, TX	2010	M11	November	474.88
SMU48417003000000030	Texas	San Antonio-New Braunfels, TX	2010	M10	October	475.08
SMU48417003000000030	Texas	San Antonio-New Braunfels, TX	2010	M09	September	477.85
SMU48417003000000030	Texas	San Antonio-New Braunfels, TX	2010	M08	August	482.03
SMU48417003000000030	Texas	San Antonio-New Braunfels, TX	2010	M07	July	475.42
SMU48417003000000030	Texas	San Antonio-New Braunfels, TX	2010	M06	June	475.45
SMU48417003000000030	Texas	San Antonio-New Braunfels, TX	2010	M05	May	472.69
SMU48417003000000030	Texas	San Antonio-New Braunfels, TX	2010	M04	April	465.56
SMU48417003000000030	Texas	San Antonio-New Braunfels, TX	2010	M03	March	461.46
SMU48417003000000030	Texas	San Antonio-New Braunfels, TX	2010	M02	February	468.07
SMU48417003000000030	Texas	San Antonio-New Braunfels, TX	2010	M01	January	485.27
SMU48417003000000030	Texas	San Antonio-New Braunfels, TX	2009	M12	December	494.76
SMU48417003000000030	Texas	San Antonio-New Braunfels, TX	2009	M11	November	500.64
SMU48417003000000030	Texas	San Antonio-New Braunfels, TX	2009	M10	October	498.28
SMU48417003000000030	Texas	San Antonio-New Braunfels, TX	2009	M09	September	517.59
SMU48417003000000030	Texas	San Antonio-New Braunfels, TX	2009	M08	August	515.26
SMU48417003000000030	Texas	San Antonio-New Braunfels, TX	2009	M07	July	513.09
SMU48417003000000030	Texas	San Antonio-New Braunfels, TX	2009	M06	June	519.79
SMU48417003000000030	Texas	San Antonio-New Braunfels, TX	2009	M05	May	515.73
SMU48417003000000030	Texas	San Antonio-New Braunfels, TX	2009	M04	April	506.87
SMU48417003000000030	Texas	San Antonio-New Braunfels, TX	2009	M03	March	522.06
SMU48417003000000030	Texas	San Antonio-New Braunfels, TX	2009	M02	February	532.36
SMU48417003000000030	Texas	San Antonio-New Braunfels, TX	2009	M01	January	545.40
SMU48417003000000030	Texas	San Antonio-New Braunfels, TX	2008	M12	December	542.74
SMU48417003000000030	Texas	San Antonio-New Braunfels, TX	2008	M11	November	578.99
SMU48417003000000030	Texas	San Antonio-New Braunfels, TX	2008	M10	October	563.55
SMU48417003000000030	Texas	San Antonio-New Braunfels, TX	2008	M09	September	594.97
SMU48417003000000030	Texas	San Antonio-New Braunfels, TX	2008	M08	August	591.85
SMU48417003000000030	Texas	San Antonio-New Braunfels, TX	2008	M07	July	569.78
SMU48417003000000030	Texas	San Antonio-New Braunfels, TX	2008	M06	June	572.40
SMU48417003000000030	Texas	San Antonio-New Braunfels, TX	2008	M05	May	566.71
SMU48417003000000030	Texas	San Antonio-New Braunfels, TX	2008	M04	April	556.75
SMU48417003000000030	Texas	San Antonio-New Braunfels, TX	2008	M03	March	579.44
SMU48417003000000030	Texas	San Antonio-New Braunfels, TX	2008	M02	February	578.31
SMU48417003000000030	Texas	San Antonio-New Braunfels, TX	2008	M01	January	575.93
SMU48417003000000030	Texas	San Antonio-New Braunfels, TX	2007	M12	December	557.64
SMU48417003000000030	Texas	San Antonio-New Braunfels, TX	2007	M11	November	570.38
SMU48417003000000030	Texas	San Antonio-New Braunfels, TX	2007	M10	October	560.88
SMU48417003000000030	Texas	San Antonio-New Braunfels, TX	2007	M09	September	565.62
SMU48417003000000030	Texas	San Antonio-New Braunfels, TX	2007	M08	August	558.44
SMU48417003000000030	Texas	San Antonio-New Braunfels, TX	2007	M07	July	547.51
SMU48417003000000030	Texas	San Antonio-New Braunfels, TX	2007	M06	June	542.10
SMU48417003000000030	Texas	San Antonio-New Braunfels, TX	2007	M05	May	537.68
SMU48417003000000030	Texas	San Antonio-New Braunfels, TX	2007	M04	April	532.61
SMU48417003000000030	Texas	San Antonio-New Braunfels, TX	2007	M03	March	530.84
SMU48417003000000030	Texas	San Antonio-New Braunfels, TX	2007	M02	February	521.53
SMU48417003000000030	Texas	San Antonio-New Braunfels, TX	2007	M01	January	511.49
SMU26198203000000030	Michigan	Detroit-Warren-Dearborn, MI	2025	M12	December	1405.72
SMU26198203000000030	Michigan	Detroit-Warren-Dearborn, MI	2025	M11	November	1371.38
SMU26198203000000030	Michigan	Detroit-Warren-Dearborn, MI	2025	M10	October	1380.15
SMU26198203000000030	Michigan	Detroit-Warren-Dearborn, MI	2025	M09	September	1403.91
SMU26198203000000030	Michigan	Detroit-Warren-Dearborn, MI	2025	M08	August	1380.78
SMU26198203000000030	Michigan	Detroit-Warren-Dearborn, MI	2025	M07	July	1342.90
SMU26198203000000030	Michigan	Detroit-Warren-Dearborn, MI	2025	M06	June	1349.92
SMU26198203000000030	Michigan	Detroit-Warren-Dearborn, MI	2025	M05	May	1325.69
SMU26198203000000030	Michigan	Detroit-Warren-Dearborn, MI	2025	M04	April	1350.86
SMU26198203000000030	Michigan	Detroit-Warren-Dearborn, MI	2025	M03	March	1333.65
SMU26198203000000030	Michigan	Detroit-Warren-Dearborn, MI	2025	M02	February	1273.38
SMU26198203000000030	Michigan	Detroit-Warren-Dearborn, MI	2025	M01	January	1247.22
SMU26198203000000030	Michigan	Detroit-Warren-Dearborn, MI	2024	M12	December	1310.26
SMU26198203000000030	Michigan	Detroit-Warren-Dearborn, MI	2024	M11	November	1325.18
SMU26198203000000030	Michigan	Detroit-Warren-Dearborn, MI	2024	M10	October	1313.72
SMU26198203000000030	Michigan	Detroit-Warren-Dearborn, MI	2024	M09	September	1335.02
SMU26198203000000030	Michigan	Detroit-Warren-Dearborn, MI	2024	M08	August	1283.57
SMU26198203000000030	Michigan	Detroit-Warren-Dearborn, MI	2024	M07	July	1243.63
SMU26198203000000030	Michigan	Detroit-Warren-Dearborn, MI	2024	M06	June	1236.75
SMU26198203000000030	Michigan	Detroit-Warren-Dearborn, MI	2024	M05	May	1227.08
SMU26198203000000030	Michigan	Detroit-Warren-Dearborn, MI	2024	M04	April	1226.77
SMU26198203000000030	Michigan	Detroit-Warren-Dearborn, MI	2024	M03	March	1225.22
SMU26198203000000030	Michigan	Detroit-Warren-Dearborn, MI	2024	M02	February	1177.42
SMU26198203000000030	Michigan	Detroit-Warren-Dearborn, MI	2024	M01	January	1122.40
SMU26198203000000030	Michigan	Detroit-Warren-Dearborn, MI	2023	M12	December	1197.62
SMU26198203000000030	Michigan	Detroit-Warren-Dearborn, MI	2023	M11	November	1159.11
SMU26198203000000030	Michigan	Detroit-Warren-Dearborn, MI	2023	M10	October	1141.11
SMU26198203000000030	Michigan	Detroit-Warren-Dearborn, MI	2023	M09	September	1115.61
SMU26198203000000030	Michigan	Detroit-Warren-Dearborn, MI	2023	M08	August	1098.23
SMU26198203000000030	Michigan	Detroit-Warren-Dearborn, MI	2023	M07	July	1093.36
SMU26198203000000030	Michigan	Detroit-Warren-Dearborn, MI	2023	M06	June	1138.21
SMU26198203000000030	Michigan	Detroit-Warren-Dearborn, MI	2023	M05	May	1103.34
SMU26198203000000030	Michigan	Detroit-Warren-Dearborn, MI	2023	M04	April	1087.51
SMU26198203000000030	Michigan	Detroit-Warren-Dearborn, MI	2023	M03	March	1113.30
SMU26198203000000030	Michigan	Detroit-Warren-Dearborn, MI	2023	M02	February	1112.42
SMU26198203000000030	Michigan	Detroit-Warren-Dearborn, MI	2023	M01	January	1100.12
SMU26198203000000030	Michigan	Detroit-Warren-Dearborn, MI	2022	M12	December	1201.47
SMU26198203000000030	Michigan	Detroit-Warren-Dearborn, MI	2022	M11	November	1231.70
SMU26198203000000030	Michigan	Detroit-Warren-Dearborn, MI	2022	M10	October	1207.66
SMU26198203000000030	Michigan	Detroit-Warren-Dearborn, MI	2022	M09	September	1165.54
SMU26198203000000030	Michigan	Detroit-Warren-Dearborn, MI	2022	M08	August	1169.73
SMU26198203000000030	Michigan	Detroit-Warren-Dearborn, MI	2022	M07	July	1138.84
SMU26198203000000030	Michigan	Detroit-Warren-Dearborn, MI	2022	M06	June	1107.98
SMU26198203000000030	Michigan	Detroit-Warren-Dearborn, MI	2022	M05	May	1108.05
SMU26198203000000030	Michigan	Detroit-Warren-Dearborn, MI	2022	M04	April	1100.68
SMU26198203000000030	Michigan	Detroit-Warren-Dearborn, MI	2022	M03	March	1158.28
SMU26198203000000030	Michigan	Detroit-Warren-Dearborn, MI	2022	M02	February	1089.33
SMU26198203000000030	Michigan	Detroit-Warren-Dearborn, MI	2022	M01	January	1190.59
SMU26198203000000030	Michigan	Detroit-Warren-Dearborn, MI	2021	M12	December	1229.89
SMU26198203000000030	Michigan	Detroit-Warren-Dearborn, MI	2021	M11	November	1205.54
SMU26198203000000030	Michigan	Detroit-Warren-Dearborn, MI	2021	M10	October	1170.86
SMU26198203000000030	Michigan	Detroit-Warren-Dearborn, MI	2021	M09	September	1123.01
SMU26198203000000030	Michigan	Detroit-Warren-Dearborn, MI	2021	M08	August	1124.50
SMU26198203000000030	Michigan	Detroit-Warren-Dearborn, MI	2021	M07	July	1120.88
SMU26198203000000030	Michigan	Detroit-Warren-Dearborn, MI	2021	M06	June	1100.92
SMU26198203000000030	Michigan	Detroit-Warren-Dearborn, MI	2021	M05	May	1082.34
SMU26198203000000030	Michigan	Detroit-Warren-Dearborn, MI	2021	M04	April	1068.02
SMU26198203000000030	Michigan	Detroit-Warren-Dearborn, MI	2021	M03	March	1130.48
SMU26198203000000030	Michigan	Detroit-Warren-Dearborn, MI	2021	M02	February	1071.88
SMU26198203000000030	Michigan	Detroit-Warren-Dearborn, MI	2021	M01	January	1118.57
SMU26198203000000030	Michigan	Detroit-Warren-Dearborn, MI	2020	M12	December	1151.89
SMU26198203000000030	Michigan	Detroit-Warren-Dearborn, MI	2020	M11	November	1129.26
SMU26198203000000030	Michigan	Detroit-Warren-Dearborn, MI	2020	M10	October	1090.29
SMU26198203000000030	Michigan	Detroit-Warren-Dearborn, MI	2020	M09	September	1110.26
SMU26198203000000030	Michigan	Detroit-Warren-Dearborn, MI	2020	M08	August	1121.72
SMU26198203000000030	Michigan	Detroit-Warren-Dearborn, MI	2020	M07	July	1085.86
SMU26198203000000030	Michigan	Detroit-Warren-Dearborn, MI	2020	M06	June	1063.39
SMU26198203000000030	Michigan	Detroit-Warren-Dearborn, MI	2020	M05	May	1107.18
SMU26198203000000030	Michigan	Detroit-Warren-Dearborn, MI	2020	M04	April	1087.01
SMU26198203000000030	Michigan	Detroit-Warren-Dearborn, MI	2020	M03	March	1153.80
SMU26198203000000030	Michigan	Detroit-Warren-Dearborn, MI	2020	M02	February	1110.11
SMU26198203000000030	Michigan	Detroit-Warren-Dearborn, MI	2020	M01	January	1074.91
SMU26198203000000030	Michigan	Detroit-Warren-Dearborn, MI	2019	M12	December	1124.27
SMU26198203000000030	Michigan	Detroit-Warren-Dearborn, MI	2019	M11	November	1087.96
SMU26198203000000030	Michigan	Detroit-Warren-Dearborn, MI	2019	M10	October	1086.01
SMU26198203000000030	Michigan	Detroit-Warren-Dearborn, MI	2019	M09	September	1098.96
SMU26198203000000030	Michigan	Detroit-Warren-Dearborn, MI	2019	M08	August	1076.08
SMU26198203000000030	Michigan	Detroit-Warren-Dearborn, MI	2019	M07	July	1044.43
SMU26198203000000030	Michigan	Detroit-Warren-Dearborn, MI	2019	M06	June	1086.02
SMU26198203000000030	Michigan	Detroit-Warren-Dearborn, MI	2019	M05	May	1074.46
SMU26198203000000030	Michigan	Detroit-Warren-Dearborn, MI	2019	M04	April	1066.54
SMU26198203000000030	Michigan	Detroit-Warren-Dearborn, MI	2019	M03	March	1050.96
SMU26198203000000030	Michigan	Detroit-Warren-Dearborn, MI	2019	M02	February	1048.19
SMU26198203000000030	Michigan	Detroit-Warren-Dearborn, MI	2019	M01	January	1066.05
SMU26198203000000030	Michigan	Detroit-Warren-Dearborn, MI	2018	M12	December	1045.02
SMU26198203000000030	Michigan	Detroit-Warren-Dearborn, MI	2018	M11	November	1019.20
SMU26198203000000030	Michigan	Detroit-Warren-Dearborn, MI	2018	M10	October	1005.17
SMU26198203000000030	Michigan	Detroit-Warren-Dearborn, MI	2018	M09	September	1017.33
SMU26198203000000030	Michigan	Detroit-Warren-Dearborn, MI	2018	M08	August	975.38
SMU26198203000000030	Michigan	Detroit-Warren-Dearborn, MI	2018	M07	July	953.58
SMU26198203000000030	Michigan	Detroit-Warren-Dearborn, MI	2018	M06	June	994.58
SMU26198203000000030	Michigan	Detroit-Warren-Dearborn, MI	2018	M05	May	987.00
SMU26198203000000030	Michigan	Detroit-Warren-Dearborn, MI	2018	M04	April	1031.18
SMU26198203000000030	Michigan	Detroit-Warren-Dearborn, MI	2018	M03	March	1008.67
SMU26198203000000030	Michigan	Detroit-Warren-Dearborn, MI	2018	M02	February	985.19
SMU26198203000000030	Michigan	Detroit-Warren-Dearborn, MI	2018	M01	January	959.20
SMU26198203000000030	Michigan	Detroit-Warren-Dearborn, MI	2017	M12	December	987.42
SMU26198203000000030	Michigan	Detroit-Warren-Dearborn, MI	2017	M11	November	1006.63
SMU26198203000000030	Michigan	Detroit-Warren-Dearborn, MI	2017	M10	October	980.78
SMU26198203000000030	Michigan	Detroit-Warren-Dearborn, MI	2017	M09	September	988.31
SMU26198203000000030	Michigan	Detroit-Warren-Dearborn, MI	2017	M08	August	975.93
SMU26198203000000030	Michigan	Detroit-Warren-Dearborn, MI	2017	M07	July	933.95
SMU26198203000000030	Michigan	Detroit-Warren-Dearborn, MI	2017	M06	June	943.85
SMU26198203000000030	Michigan	Detroit-Warren-Dearborn, MI	2017	M05	May	959.10
SMU26198203000000030	Michigan	Detroit-Warren-Dearborn, MI	2017	M04	April	916.64
SMU26198203000000030	Michigan	Detroit-Warren-Dearborn, MI	2017	M03	March	962.29
SMU26198203000000030	Michigan	Detroit-Warren-Dearborn, MI	2017	M02	February	959.22
SMU26198203000000030	Michigan	Detroit-Warren-Dearborn, MI	2017	M01	January	970.17
SMU26198203000000030	Michigan	Detroit-Warren-Dearborn, MI	2016	M12	December	982.56
SMU26198203000000030	Michigan	Detroit-Warren-Dearborn, MI	2016	M11	November	953.71
SMU26198203000000030	Michigan	Detroit-Warren-Dearborn, MI	2016	M10	October	992.36
SMU26198203000000030	Michigan	Detroit-Warren-Dearborn, MI	2016	M09	September	993.98
SMU26198203000000030	Michigan	Detroit-Warren-Dearborn, MI	2016	M08	August	962.02
SMU26198203000000030	Michigan	Detroit-Warren-Dearborn, MI	2016	M07	July	952.22
SMU26198203000000030	Michigan	Detroit-Warren-Dearborn, MI	2016	M06	June	1015.00
SMU26198203000000030	Michigan	Detroit-Warren-Dearborn, MI	2016	M05	May	988.74
SMU26198203000000030	Michigan	Detroit-Warren-Dearborn, MI	2016	M04	April	986.53
SMU26198203000000030	Michigan	Detroit-Warren-Dearborn, MI	2016	M03	March	1003.02
SMU26198203000000030	Michigan	Detroit-Warren-Dearborn, MI	2016	M02	February	1005.73
SMU26198203000000030	Michigan	Detroit-Warren-Dearborn, MI	2016	M01	January	1022.74
SMU26198203000000030	Michigan	Detroit-Warren-Dearborn, MI	2015	M12	December	1112.50
SMU26198203000000030	Michigan	Detroit-Warren-Dearborn, MI	2015	M11	November	1113.92
SMU26198203000000030	Michigan	Detroit-Warren-Dearborn, MI	2015	M10	October	1096.93
SMU26198203000000030	Michigan	Detroit-Warren-Dearborn, MI	2015	M09	September	1117.22
SMU26198203000000030	Michigan	Detroit-Warren-Dearborn, MI	2015	M08	August	1076.94
SMU26198203000000030	Michigan	Detroit-Warren-Dearborn, MI	2015	M07	July	1057.04
SMU26198203000000030	Michigan	Detroit-Warren-Dearborn, MI	2015	M06	June	1108.07
SMU26198203000000030	Michigan	Detroit-Warren-Dearborn, MI	2015	M05	May	1077.76
SMU26198203000000030	Michigan	Detroit-Warren-Dearborn, MI	2015	M04	April	1073.63
SMU26198203000000030	Michigan	Detroit-Warren-Dearborn, MI	2015	M03	March	1076.02
SMU26198203000000030	Michigan	Detroit-Warren-Dearborn, MI	2015	M02	February	1085.74
SMU26198203000000030	Michigan	Detroit-Warren-Dearborn, MI	2015	M01	January	1100.72
SMU26198203000000030	Michigan	Detroit-Warren-Dearborn, MI	2014	M12	December	1124.64
SMU26198203000000030	Michigan	Detroit-Warren-Dearborn, MI	2014	M11	November	1129.07
SMU26198203000000030	Michigan	Detroit-Warren-Dearborn, MI	2014	M10	October	1106.37
SMU26198203000000030	Michigan	Detroit-Warren-Dearborn, MI	2014	M09	September	1076.01
SMU26198203000000030	Michigan	Detroit-Warren-Dearborn, MI	2014	M08	August	1088.11
SMU26198203000000030	Michigan	Detroit-Warren-Dearborn, MI	2014	M07	July	1065.37
SMU26198203000000030	Michigan	Detroit-Warren-Dearborn, MI	2014	M06	June	1079.68
SMU26198203000000030	Michigan	Detroit-Warren-Dearborn, MI	2014	M05	May	1088.61
SMU26198203000000030	Michigan	Detroit-Warren-Dearborn, MI	2014	M04	April	1039.60
SMU26198203000000030	Michigan	Detroit-Warren-Dearborn, MI	2014	M03	March	1062.99
SMU26198203000000030	Michigan	Detroit-Warren-Dearborn, MI	2014	M02	February	1074.62
SMU26198203000000030	Michigan	Detroit-Warren-Dearborn, MI	2014	M01	January	1027.97
SMU26198203000000030	Michigan	Detroit-Warren-Dearborn, MI	2013	M12	December	1089.38
SMU26198203000000030	Michigan	Detroit-Warren-Dearborn, MI	2013	M11	November	1106.32
SMU26198203000000030	Michigan	Detroit-Warren-Dearborn, MI	2013	M10	October	1053.68
SMU26198203000000030	Michigan	Detroit-Warren-Dearborn, MI	2013	M09	September	1084.62
SMU26198203000000030	Michigan	Detroit-Warren-Dearborn, MI	2013	M08	August	1086.58
SMU26198203000000030	Michigan	Detroit-Warren-Dearborn, MI	2013	M07	July	1048.05
SMU26198203000000030	Michigan	Detroit-Warren-Dearborn, MI	2013	M06	June	1053.68
SMU26198203000000030	Michigan	Detroit-Warren-Dearborn, MI	2013	M05	May	1045.35
SMU26198203000000030	Michigan	Detroit-Warren-Dearborn, MI	2013	M04	April	1072.80
SMU26198203000000030	Michigan	Detroit-Warren-Dearborn, MI	2013	M03	March	1091.33
SMU26198203000000030	Michigan	Detroit-Warren-Dearborn, MI	2013	M02	February	1088.93
SMU26198203000000030	Michigan	Detroit-Warren-Dearborn, MI	2013	M01	January	1087.83
SMU26198203000000030	Michigan	Detroit-Warren-Dearborn, MI	2012	M12	December	1119.03
SMU26198203000000030	Michigan	Detroit-Warren-Dearborn, MI	2012	M11	November	1098.83
SMU26198203000000030	Michigan	Detroit-Warren-Dearborn, MI	2012	M10	October	1065.82
SMU26198203000000030	Michigan	Detroit-Warren-Dearborn, MI	2012	M09	September	1073.50
SMU26198203000000030	Michigan	Detroit-Warren-Dearborn, MI	2012	M08	August	1080.88
SMU26198203000000030	Michigan	Detroit-Warren-Dearborn, MI	2012	M07	July	1074.01
SMU26198203000000030	Michigan	Detroit-Warren-Dearborn, MI	2012	M06	June	1106.56
SMU26198203000000030	Michigan	Detroit-Warren-Dearborn, MI	2012	M05	May	1043.30
SMU26198203000000030	Michigan	Detroit-Warren-Dearborn, MI	2012	M04	April	1073.61
SMU26198203000000030	Michigan	Detroit-Warren-Dearborn, MI	2012	M03	March	1032.24
SMU26198203000000030	Michigan	Detroit-Warren-Dearborn, MI	2012	M02	February	1057.32
SMU26198203000000030	Michigan	Detroit-Warren-Dearborn, MI	2012	M01	January	1028.96
SMU26198203000000030	Michigan	Detroit-Warren-Dearborn, MI	2011	M12	December	1103.79
SMU26198203000000030	Michigan	Detroit-Warren-Dearborn, MI	2011	M11	November	1095.99
SMU26198203000000030	Michigan	Detroit-Warren-Dearborn, MI	2011	M10	October	1084.72
SMU26198203000000030	Michigan	Detroit-Warren-Dearborn, MI	2011	M09	September	1120.19
SMU26198203000000030	Michigan	Detroit-Warren-Dearborn, MI	2011	M08	August	1093.88
SMU26198203000000030	Michigan	Detroit-Warren-Dearborn, MI	2011	M07	July	1082.70
SMU26198203000000030	Michigan	Detroit-Warren-Dearborn, MI	2011	M06	June	1105.03
SMU26198203000000030	Michigan	Detroit-Warren-Dearborn, MI	2011	M05	May	1119.65
SMU26198203000000030	Michigan	Detroit-Warren-Dearborn, MI	2011	M04	April	1081.02
SMU26198203000000030	Michigan	Detroit-Warren-Dearborn, MI	2011	M03	March	1116.23
SMU26198203000000030	Michigan	Detroit-Warren-Dearborn, MI	2011	M02	February	1084.67
SMU26198203000000030	Michigan	Detroit-Warren-Dearborn, MI	2011	M01	January	1087.94
SMU26198203000000030	Michigan	Detroit-Warren-Dearborn, MI	2010	M12	December	1123.01
SMU26198203000000030	Michigan	Detroit-Warren-Dearborn, MI	2010	M11	November	1116.93
SMU26198203000000030	Michigan	Detroit-Warren-Dearborn, MI	2010	M10	October	1119.91
SMU26198203000000030	Michigan	Detroit-Warren-Dearborn, MI	2010	M09	September	1134.08
SMU26198203000000030	Michigan	Detroit-Warren-Dearborn, MI	2010	M08	August	1106.00
SMU26198203000000030	Michigan	Detroit-Warren-Dearborn, MI	2010	M07	July	1077.93
SMU26198203000000030	Michigan	Detroit-Warren-Dearborn, MI	2010	M06	June	1106.61
SMU26198203000000030	Michigan	Detroit-Warren-Dearborn, MI	2010	M05	May	1102.63
SMU26198203000000030	Michigan	Detroit-Warren-Dearborn, MI	2010	M04	April	1065.43
SMU26198203000000030	Michigan	Detroit-Warren-Dearborn, MI	2010	M03	March	1040.16
SMU26198203000000030	Michigan	Detroit-Warren-Dearborn, MI	2010	M02	February	1020.76
SMU26198203000000030	Michigan	Detroit-Warren-Dearborn, MI	2010	M01	January	1030.43
SMU26198203000000030	Michigan	Detroit-Warren-Dearborn, MI	2009	M12	December	1095.55
SMU26198203000000030	Michigan	Detroit-Warren-Dearborn, MI	2009	M11	November	1083.32
SMU26198203000000030	Michigan	Detroit-Warren-Dearborn, MI	2009	M10	October	1102.64
SMU26198203000000030	Michigan	Detroit-Warren-Dearborn, MI	2009	M09	September	1068.88
SMU26198203000000030	Michigan	Detroit-Warren-Dearborn, MI	2009	M08	August	1055.00
SMU26198203000000030	Michigan	Detroit-Warren-Dearborn, MI	2009	M07	July	1027.13
SMU26198203000000030	Michigan	Detroit-Warren-Dearborn, MI	2009	M06	June	1025.06
SMU26198203000000030	Michigan	Detroit-Warren-Dearborn, MI	2009	M05	May	973.98
SMU26198203000000030	Michigan	Detroit-Warren-Dearborn, MI	2009	M04	April	997.25
SMU26198203000000030	Michigan	Detroit-Warren-Dearborn, MI	2009	M03	March	1007.42
SMU26198203000000030	Michigan	Detroit-Warren-Dearborn, MI	2009	M02	February	993.50
SMU26198203000000030	Michigan	Detroit-Warren-Dearborn, MI	2009	M01	January	988.40
SMU26198203000000030	Michigan	Detroit-Warren-Dearborn, MI	2008	M12	December	1067.80
SMU26198203000000030	Michigan	Detroit-Warren-Dearborn, MI	2008	M11	November	1026.56
SMU26198203000000030	Michigan	Detroit-Warren-Dearborn, MI	2008	M10	October	1035.31
SMU26198203000000030	Michigan	Detroit-Warren-Dearborn, MI	2008	M09	September	1052.90
SMU26198203000000030	Michigan	Detroit-Warren-Dearborn, MI	2008	M08	August	1040.82
SMU26198203000000030	Michigan	Detroit-Warren-Dearborn, MI	2008	M07	July	957.81
SMU26198203000000030	Michigan	Detroit-Warren-Dearborn, MI	2008	M06	June	1063.00
SMU26198203000000030	Michigan	Detroit-Warren-Dearborn, MI	2008	M05	May	1047.28
SMU26198203000000030	Michigan	Detroit-Warren-Dearborn, MI	2008	M04	April	1044.96
SMU26198203000000030	Michigan	Detroit-Warren-Dearborn, MI	2008	M03	March	1059.95
SMU26198203000000030	Michigan	Detroit-Warren-Dearborn, MI	2008	M02	February	1049.09
SMU26198203000000030	Michigan	Detroit-Warren-Dearborn, MI	2008	M01	January	1049.94
SMU26198203000000030	Michigan	Detroit-Warren-Dearborn, MI	2007	M12	December	1142.72
SMU26198203000000030	Michigan	Detroit-Warren-Dearborn, MI	2007	M11	November	1086.88
SMU26198203000000030	Michigan	Detroit-Warren-Dearborn, MI	2007	M10	October	1100.49
SMU26198203000000030	Michigan	Detroit-Warren-Dearborn, MI	2007	M09	September	1107.86
SMU26198203000000030	Michigan	Detroit-Warren-Dearborn, MI	2007	M08	August	1106.00
SMU26198203000000030	Michigan	Detroit-Warren-Dearborn, MI	2007	M07	July	997.66
SMU26198203000000030	Michigan	Detroit-Warren-Dearborn, MI	2007	M06	June	1106.33
SMU26198203000000030	Michigan	Detroit-Warren-Dearborn, MI	2007	M05	May	1085.79
SMU26198203000000030	Michigan	Detroit-Warren-Dearborn, MI	2007	M04	April	1082.67
SMU26198203000000030	Michigan	Detroit-Warren-Dearborn, MI	2007	M03	March	1063.15
SMU26198203000000030	Michigan	Detroit-Warren-Dearborn, MI	2007	M02	February	1033.90
SMU26198203000000030	Michigan	Detroit-Warren-Dearborn, MI	2007	M01	January	1033.74
SMU20486203000000030	Kansas	Wichita, KS	2025	M12	December	873.98
SMU20486203000000030	Kansas	Wichita, KS	2025	M11	November	907.39
SMU20486203000000030	Kansas	Wichita, KS	2025	M10	October	984.26
SMU20486203000000030	Kansas	Wichita, KS	2025	M09	September	979.11
SMU20486203000000030	Kansas	Wichita, KS	2025	M08	August	1011.36
SMU20486203000000030	Kansas	Wichita, KS	2025	M07	July	960.50
SMU20486203000000030	Kansas	Wichita, KS	2025	M06	June	943.12
SMU20486203000000030	Kansas	Wichita, KS	2025	M05	May	902.46
SMU20486203000000030	Kansas	Wichita, KS	2025	M04	April	893.77
SMU20486203000000030	Kansas	Wichita, KS	2025	M03	March	867.51
SMU20486203000000030	Kansas	Wichita, KS	2025	M02	February	867.31
SMU20486203000000030	Kansas	Wichita, KS	2025	M01	January	847.50
SMU20486203000000030	Kansas	Wichita, KS	2024	M12	December	848.11
SMU20486203000000030	Kansas	Wichita, KS	2024	M11	November	792.39
SMU20486203000000030	Kansas	Wichita, KS	2024	M10	October	961.14
SMU20486203000000030	Kansas	Wichita, KS	2024	M09	September	991.30
SMU20486203000000030	Kansas	Wichita, KS	2024	M08	August	873.79
SMU20486203000000030	Kansas	Wichita, KS	2024	M07	July	879.00
SMU20486203000000030	Kansas	Wichita, KS	2024	M06	June	841.45
SMU20486203000000030	Kansas	Wichita, KS	2024	M05	May	901.20
SMU20486203000000030	Kansas	Wichita, KS	2024	M04	April	896.25
SMU20486203000000030	Kansas	Wichita, KS	2024	M03	March	948.75
SMU20486203000000030	Kansas	Wichita, KS	2024	M02	February	977.51
SMU20486203000000030	Kansas	Wichita, KS	2024	M01	January	982.80
SMU20486203000000030	Kansas	Wichita, KS	2023	M12	December	1054.44
SMU20486203000000030	Kansas	Wichita, KS	2023	M11	November	1029.42
SMU20486203000000030	Kansas	Wichita, KS	2023	M10	October	996.43
SMU20486203000000030	Kansas	Wichita, KS	2023	M09	September	1023.78
SMU20486203000000030	Kansas	Wichita, KS	2023	M08	August	956.40
SMU20486203000000030	Kansas	Wichita, KS	2023	M07	July	988.60
SMU20486203000000030	Kansas	Wichita, KS	2023	M06	June	1007.14
SMU20486203000000030	Kansas	Wichita, KS	2023	M05	May	960.73
SMU20486203000000030	Kansas	Wichita, KS	2023	M04	April	974.59
SMU20486203000000030	Kansas	Wichita, KS	2023	M03	March	912.99
SMU20486203000000030	Kansas	Wichita, KS	2023	M02	February	910.84
SMU20486203000000030	Kansas	Wichita, KS	2023	M01	January	983.84
SMU20486203000000030	Kansas	Wichita, KS	2022	M12	December	988.08
SMU20486203000000030	Kansas	Wichita, KS	2022	M11	November	987.28
SMU20486203000000030	Kansas	Wichita, KS	2022	M10	October	969.72
SMU20486203000000030	Kansas	Wichita, KS	2022	M09	September	956.58
SMU20486203000000030	Kansas	Wichita, KS	2022	M08	August	966.95
SMU20486203000000030	Kansas	Wichita, KS	2022	M07	July	986.52
SMU20486203000000030	Kansas	Wichita, KS	2022	M06	June	989.88
SMU20486203000000030	Kansas	Wichita, KS	2022	M05	May	998.00
SMU20486203000000030	Kansas	Wichita, KS	2022	M04	April	991.03
SMU20486203000000030	Kansas	Wichita, KS	2022	M03	March	976.64
SMU20486203000000030	Kansas	Wichita, KS	2022	M02	February	957.87
SMU20486203000000030	Kansas	Wichita, KS	2022	M01	January	903.30
SMU20486203000000030	Kansas	Wichita, KS	2021	M12	December	937.87
SMU20486203000000030	Kansas	Wichita, KS	2021	M11	November	926.98
SMU20486203000000030	Kansas	Wichita, KS	2021	M10	October	949.38
SMU20486203000000030	Kansas	Wichita, KS	2021	M09	September	926.71
SMU20486203000000030	Kansas	Wichita, KS	2021	M08	August	935.28
SMU20486203000000030	Kansas	Wichita, KS	2021	M07	July	932.80
SMU20486203000000030	Kansas	Wichita, KS	2021	M06	June	910.60
SMU20486203000000030	Kansas	Wichita, KS	2021	M05	May	897.47
SMU20486203000000030	Kansas	Wichita, KS	2021	M04	April	868.48
SMU20486203000000030	Kansas	Wichita, KS	2021	M03	March	894.57
SMU20486203000000030	Kansas	Wichita, KS	2021	M02	February	880.69
SMU20486203000000030	Kansas	Wichita, KS	2021	M01	January	902.02
SMU20486203000000030	Kansas	Wichita, KS	2020	M12	December	888.21
SMU20486203000000030	Kansas	Wichita, KS	2020	M11	November	858.90
SMU20486203000000030	Kansas	Wichita, KS	2020	M10	October	887.95
SMU20486203000000030	Kansas	Wichita, KS	2020	M09	September	861.05
SMU20486203000000030	Kansas	Wichita, KS	2020	M08	August	875.71
SMU20486203000000030	Kansas	Wichita, KS	2020	M07	July	788.50
SMU20486203000000030	Kansas	Wichita, KS	2020	M06	June	819.72
SMU20486203000000030	Kansas	Wichita, KS	2020	M05	May	784.06
SMU20486203000000030	Kansas	Wichita, KS	2020	M04	April	724.52
SMU20486203000000030	Kansas	Wichita, KS	2020	M03	March	816.63
SMU20486203000000030	Kansas	Wichita, KS	2020	M02	February	777.94
SMU20486203000000030	Kansas	Wichita, KS	2020	M01	January	758.10
SMU20486203000000030	Kansas	Wichita, KS	2019	M12	December	762.70
SMU20486203000000030	Kansas	Wichita, KS	2019	M11	November	778.68
SMU20486203000000030	Kansas	Wichita, KS	2019	M10	October	758.98
SMU20486203000000030	Kansas	Wichita, KS	2019	M09	September	770.13
SMU20486203000000030	Kansas	Wichita, KS	2019	M08	August	772.50
SMU20486203000000030	Kansas	Wichita, KS	2019	M07	July	739.23
SMU20486203000000030	Kansas	Wichita, KS	2019	M06	June	764.18
SMU20486203000000030	Kansas	Wichita, KS	2019	M05	May	754.27
SMU20486203000000030	Kansas	Wichita, KS	2019	M04	April	752.32
SMU20486203000000030	Kansas	Wichita, KS	2019	M03	March	759.66
SMU20486203000000030	Kansas	Wichita, KS	2019	M02	February	750.69
SMU20486203000000030	Kansas	Wichita, KS	2019	M01	January	757.88
SMU20486203000000030	Kansas	Wichita, KS	2018	M12	December	769.83
SMU20486203000000030	Kansas	Wichita, KS	2018	M11	November	757.86
SMU20486203000000030	Kansas	Wichita, KS	2018	M10	October	783.72
SMU20486203000000030	Kansas	Wichita, KS	2018	M09	September	798.64
SMU20486203000000030	Kansas	Wichita, KS	2018	M08	August	779.28
SMU20486203000000030	Kansas	Wichita, KS	2018	M07	July	763.83
SMU20486203000000030	Kansas	Wichita, KS	2018	M06	June	751.19
SMU20486203000000030	Kansas	Wichita, KS	2018	M05	May	757.17
SMU20486203000000030	Kansas	Wichita, KS	2018	M04	April	792.78
SMU20486203000000030	Kansas	Wichita, KS	2018	M03	March	776.55
SMU20486203000000030	Kansas	Wichita, KS	2018	M02	February	792.00
SMU20486203000000030	Kansas	Wichita, KS	2018	M01	January	799.59
SMU20486203000000030	Kansas	Wichita, KS	2017	M12	December	790.20
SMU20486203000000030	Kansas	Wichita, KS	2017	M11	November	763.62
SMU20486203000000030	Kansas	Wichita, KS	2017	M10	October	785.38
SMU20486203000000030	Kansas	Wichita, KS	2017	M09	September	767.61
SMU20486203000000030	Kansas	Wichita, KS	2017	M08	August	738.31
SMU20486203000000030	Kansas	Wichita, KS	2017	M07	July	726.90
SMU20486203000000030	Kansas	Wichita, KS	2017	M06	June	742.13
SMU20486203000000030	Kansas	Wichita, KS	2017	M05	May	760.38
SMU20486203000000030	Kansas	Wichita, KS	2017	M04	April	750.28
SMU20486203000000030	Kansas	Wichita, KS	2017	M03	March	774.94
SMU20486203000000030	Kansas	Wichita, KS	2017	M02	February	785.03
SMU20486203000000030	Kansas	Wichita, KS	2017	M01	January	785.46
SMU20486203000000030	Kansas	Wichita, KS	2016	M12	December	815.78
SMU20486203000000030	Kansas	Wichita, KS	2016	M11	November	815.01
SMU20486203000000030	Kansas	Wichita, KS	2016	M10	October	792.66
SMU20486203000000030	Kansas	Wichita, KS	2016	M09	September	782.29
SMU20486203000000030	Kansas	Wichita, KS	2016	M08	August	791.63
SMU20486203000000030	Kansas	Wichita, KS	2016	M07	July	746.60
SMU20486203000000030	Kansas	Wichita, KS	2016	M06	June	762.69
SMU20486203000000030	Kansas	Wichita, KS	2016	M05	May	759.33
SMU20486203000000030	Kansas	Wichita, KS	2016	M04	April	762.48
SMU20486203000000030	Kansas	Wichita, KS	2016	M03	March	739.54
SMU20486203000000030	Kansas	Wichita, KS	2016	M02	February	768.25
SMU20486203000000030	Kansas	Wichita, KS	2016	M01	January	759.51
SMU20486203000000030	Kansas	Wichita, KS	2015	M12	December	769.08
SMU20486203000000030	Kansas	Wichita, KS	2015	M11	November	770.69
SMU20486203000000030	Kansas	Wichita, KS	2015	M10	October	761.57
SMU20486203000000030	Kansas	Wichita, KS	2015	M09	September	755.82
SMU20486203000000030	Kansas	Wichita, KS	2015	M08	August	779.12
SMU20486203000000030	Kansas	Wichita, KS	2015	M07	July	753.02
SMU20486203000000030	Kansas	Wichita, KS	2015	M06	June	768.50
SMU20486203000000030	Kansas	Wichita, KS	2015	M05	May	787.84
SMU20486203000000030	Kansas	Wichita, KS	2015	M04	April	783.90
SMU20486203000000030	Kansas	Wichita, KS	2015	M03	March	776.60
SMU20486203000000030	Kansas	Wichita, KS	2015	M02	February	780.95
SMU20486203000000030	Kansas	Wichita, KS	2015	M01	January	766.04
SMU20486203000000030	Kansas	Wichita, KS	2014	M12	December	797.85
SMU20486203000000030	Kansas	Wichita, KS	2014	M11	November	798.34
SMU20486203000000030	Kansas	Wichita, KS	2014	M10	October	790.24
SMU20486203000000030	Kansas	Wichita, KS	2014	M09	September	783.66
SMU20486203000000030	Kansas	Wichita, KS	2014	M08	August	797.69
SMU20486203000000030	Kansas	Wichita, KS	2014	M07	July	821.32
SMU20486203000000030	Kansas	Wichita, KS	2014	M06	June	840.88
SMU20486203000000030	Kansas	Wichita, KS	2014	M05	May	820.88
SMU20486203000000030	Kansas	Wichita, KS	2014	M04	April	828.95
SMU20486203000000030	Kansas	Wichita, KS	2014	M03	March	832.46
SMU20486203000000030	Kansas	Wichita, KS	2014	M02	February	822.50
SMU20486203000000030	Kansas	Wichita, KS	2014	M01	January	844.02
SMU20486203000000030	Kansas	Wichita, KS	2013	M12	December	877.34
SMU20486203000000030	Kansas	Wichita, KS	2013	M11	November	861.52
SMU20486203000000030	Kansas	Wichita, KS	2013	M10	October	856.92
SMU20486203000000030	Kansas	Wichita, KS	2013	M09	September	860.48
SMU20486203000000030	Kansas	Wichita, KS	2013	M08	August	858.36
SMU20486203000000030	Kansas	Wichita, KS	2013	M07	July	842.19
SMU20486203000000030	Kansas	Wichita, KS	2013	M06	June	859.32
SMU20486203000000030	Kansas	Wichita, KS	2013	M05	May	837.42
SMU20486203000000030	Kansas	Wichita, KS	2013	M04	April	869.08
SMU20486203000000030	Kansas	Wichita, KS	2013	M03	March	885.31
SMU20486203000000030	Kansas	Wichita, KS	2013	M02	February	853.22
SMU20486203000000030	Kansas	Wichita, KS	2013	M01	January	821.11
SMU20486203000000030	Kansas	Wichita, KS	2012	M12	December	878.03
SMU20486203000000030	Kansas	Wichita, KS	2012	M11	November	847.88
SMU20486203000000030	Kansas	Wichita, KS	2012	M10	October	853.47
SMU20486203000000030	Kansas	Wichita, KS	2012	M09	September	858.69
SMU20486203000000030	Kansas	Wichita, KS	2012	M08	August	847.96
SMU20486203000000030	Kansas	Wichita, KS	2012	M07	July	844.27
SMU20486203000000030	Kansas	Wichita, KS	2012	M06	June	863.28
SMU20486203000000030	Kansas	Wichita, KS	2012	M05	May	872.07
SMU20486203000000030	Kansas	Wichita, KS	2012	M04	April	873.62
SMU20486203000000030	Kansas	Wichita, KS	2012	M03	March	838.53
SMU20486203000000030	Kansas	Wichita, KS	2012	M02	February	825.20
SMU20486203000000030	Kansas	Wichita, KS	2012	M01	January	870.74
SMU20486203000000030	Kansas	Wichita, KS	2011	M12	December	883.18
SMU20486203000000030	Kansas	Wichita, KS	2011	M11	November	893.09
SMU20486203000000030	Kansas	Wichita, KS	2011	M10	October	888.66
SMU20486203000000030	Kansas	Wichita, KS	2011	M09	September	834.28
SMU20486203000000030	Kansas	Wichita, KS	2011	M08	August	845.87
SMU20486203000000030	Kansas	Wichita, KS	2011	M07	July	807.58
SMU20486203000000030	Kansas	Wichita, KS	2011	M06	June	835.12
SMU20486203000000030	Kansas	Wichita, KS	2011	M05	May	831.76
SMU20486203000000030	Kansas	Wichita, KS	2011	M04	April	816.20
SMU20486203000000030	Kansas	Wichita, KS	2011	M03	March	805.29
SMU20486203000000030	Kansas	Wichita, KS	2011	M02	February	783.65
SMU20486203000000030	Kansas	Wichita, KS	2011	M01	January	774.68
